ts,open,high,low,close,vol,quoteVol,extra,dt_utc,dt_et
1789123500000,326.2832,326.3288,326.0132,326.2888,260.0,84802.4487,84802.4487,2026-09-11 10:45:00+00:00,2026-09-11 06:45:00-04:00
1789123800000,326.15,326.3217,326.0012,326.3044,316.0,103074.5664,103074.5664,2026-09-11 10:50:00+00:00,2026-09-11 06:50:00-04:00
1789124100000,326.15,326.3288,326.0212,326.18,1577.7957540000002,514703.3353698801,514703.335369880065244,2026-09-11 10:55:00+00:00,2026-09-11 06:55:00-04:00
1789124400000,326.13,326.57,326.1,326.2042,8391.0,2737140.4076,2737140.4076,2026-09-11 11:00:00+00:00,2026-09-11 07:00:00-04:00
1789124700000,326.22,326.46,326.1,326.39,3641.042914,1187841.0744021903,1187841.0744021902,2026-09-11 11:05:00+00:00,2026-09-11 07:05:00-04:00
1789125000000,326.39,326.4988,326.2503,326.42,12663.027716,4133083.6063587214,4133083.6063587216,2026-09-11 11:10:00+00:00,2026-09-11 07:10:00-04:00
1789125300000,326.4092,326.42,326.26,326.35,4036.30566,1317302.122231184,1317302.122231184,2026-09-11 11:15:00+00:00,2026-09-11 07:15:00-04:00
1789125600000,326.38,326.5,326.32,326.3304,5382.271334999999,1756787.1844308712,1756787.1844308711735971,2026-09-11 11:20:00+00:00,2026-09-11 07:20:00-04:00
1789125900000,326.3357,326.57,326.3303,326.5688,2759.0,900796.738,900796.738,2026-09-11 11:25:00+00:00,2026-09-11 07:25:00-04:00
1789126200000,326.55,326.65,326.47,326.48,1315.0,429408.2004,429408.2004,2026-09-11 11:30:00+00:00,2026-09-11 07:30:00-04:00
1789126500000,326.4869,326.5,326.4,326.45,1270.797084,414870.5972046116,414870.5972046116,2026-09-11 11:35:00+00:00,2026-09-11 07:35:00-04:00
1789126800000,326.44,326.75,326.44,326.7207,5419.030519,1769466.2472563507,1769466.2472563508,2026-09-11 11:40:00+00:00,2026-09-11 07:40:00-04:00
1789127100000,326.7352,326.8,326.5612,326.79,4440.047267999999,1450787.0705993553,1450787.0705993552732483,2026-09-11 11:45:00+00:00,2026-09-11 07:45:00-04:00
1789127400000,326.79,326.79,326.6612,326.6612,3703.758854,1210281.6290080901,1210281.6290080902,2026-09-11 11:50:00+00:00,2026-09-11 07:50:00-04:00
1789127700000,326.77,326.77,326.6001,326.6542,679.0,221836.5585,221836.5585,2026-09-11 11:55:00+00:00,2026-09-11 07:55:00-04:00
1789128000000,326.689,326.77,326.0,326.07,6276.0,2048951.6575,2048951.6575,2026-09-11 12:00:00+00:00,2026-09-11 08:00:00-04:00
1789128300000,326.05,326.25,326.05,326.1495,3831.559553,1249731.6485847572,1249731.6485847571,2026-09-11 12:05:00+00:00,2026-09-11 08:05:00-04:00
1789128600000,326.15,326.5,326.05,326.5,6725.5963600000005,2194095.189407268,2194095.1894072681631007,2026-09-11 12:10:00+00:00,2026-09-11 08:10:00-04:00
1789128900000,326.4988,326.57,326.29,326.41,8184.845619,2671661.0257507805,2671661.0257507804,2026-09-11 12:15:00+00:00,2026-09-11 08:15:00-04:00
1789129200000,326.4,326.5689,326.19,326.19,13368.478731,4363162.795326953,4363162.7953269525,2026-09-11 12:20:00+00:00,2026-09-11 08:20:00-04:00
1789129500000,326.3457,326.56,325.8,326.36,12605.0,4109354.6589,4109354.6589,2026-09-11 12:25:00+00:00,2026-09-11 08:25:00-04:00
1789129800000,326.5,326.57,325.3,325.66,7464.0,2432809.2501,2432809.2501,2026-09-11 12:30:00+00:00,2026-09-11 08:30:00-04:00
1789130100000,325.6845,325.75,325.0263,325.2692,21811.823735,7098322.543633064,7098322.5436330635,2026-09-11 12:35:00+00:00,2026-09-11 08:35:00-04:00
1789130400000,325.257,325.625,324.4997,325.31,33929.835797,11029573.153960155,11029573.1539601566,2026-09-11 12:40:00+00:00,2026-09-11 08:40:00-04:00
1789130700000,325.35,326.18,325.31,326.0,24181.758007,7876124.590676704,7876124.5906767038,2026-09-11 12:45:00+00:00,2026-09-11 08:45:00-04:00
1789131000000,325.9585,326.0,325.5503,325.99,12553.242186,4090789.7917908807,4090789.7917908807258714,2026-09-11 12:50:00+00:00,2026-09-11 08:50:00-04:00
1789131300000,325.98,326.29,325.75,326.1038,4631.0,1509793.1918,1509793.1918,2026-09-11 12:55:00+00:00,2026-09-11 08:55:00-04:00
1789131600000,326.0603,326.8,326.06,326.7,10428.0,3404327.1838,3404327.1838,2026-09-11 13:00:00+00:00,2026-09-11 09:00:00-04:00
1789131900000,326.5612,326.75,326.3278,326.4248,15442.898624,5042294.650566048,5042294.650566048,2026-09-11 13:05:00+00:00,2026-09-11 09:05:00-04:00
1789132200000,326.4857,326.5588,326.28,326.3,8912.490005,2908988.2859009905,2908988.2859009905,2026-09-11 13:10:00+00:00,2026-09-11 09:10:00-04:00
1789132500000,326.3308,326.4,325.87,326.01,8371.656158999998,2730985.4808058552,2730985.4808058550737594,2026-09-11 13:15:00+00:00,2026-09-11 09:15:00-04:00
1789132800000,325.89,326.1051,325.8,325.9519,16411.309542,5349021.418347953,5349021.4183479532,2026-09-11 13:20:00+00:00,2026-09-11 09:20:00-04:00
1789133100000,325.95,327.77,325.77,327.35,27097.0,8862312.0165,8862312.0165,2026-09-11 13:25:00+00:00,2026-09-11 09:25:00-04:00
1789133400000,327.66,332.28,326.3,331.98,2816137.0,927320781.8351,927320781.8351,2026-09-11 13:30:00+00:00,2026-09-11 09:30:00-04:00
1789133700000,331.96,334.27,331.41,334.12,2737865.0,911990998.1322,911990998.1322,2026-09-11 13:35:00+00:00,2026-09-11 09:35:00-04:00
1789134000000,334.12,334.16,332.7,333.35,1274704.0,424959297.1824,424959297.1824,2026-09-11 13:40:00+00:00,2026-09-11 09:40:00-04:00
1789134300000,333.39,333.75,331.01,331.7077,1378891.0,457968176.7838,457968176.7838,2026-09-11 13:45:00+00:00,2026-09-11 09:45:00-04:00
1789134600000,331.6575,332.78,331.31,331.805,864673.0,287182428.4049,287182428.4049,2026-09-11 13:50:00+00:00,2026-09-11 09:50:00-04:00
1789134900000,331.82,332.96,331.45,332.47,541530.0,180010570.573,180010570.573,2026-09-11 13:55:00+00:00,2026-09-11 09:55:00-04:00
1789135200000,332.405,332.93,331.77,332.765,612452.0,203552151.1667,203552151.1667,2026-09-11 14:00:00+00:00,2026-09-11 10:00:00-04:00
1789135500000,332.78,332.83,332.21,332.495,376292.0,125133107.1244,125133107.1244,2026-09-11 14:05:00+00:00,2026-09-11 10:05:00-04:00
1789135800000,332.51,332.9,331.6601,331.7,353165.0,117402032.4113,117402032.4113,2026-09-11 14:10:00+00:00,2026-09-11 10:10:00-04:00
1789136100000,331.74,332.35,331.6601,332.18,392433.0,130308550.9951,130308550.9951,2026-09-11 14:15:00+00:00,2026-09-11 10:15:00-04:00
1789136400000,332.17,333.65,332.04,333.595,670878.771691,223386696.4839773,223386696.483977282,2026-09-11 14:20:00+00:00,2026-09-11 10:20:00-04:00
1789136700000,333.595,334.59,333.35,334.0851,1335680.0,446224452.8827,446224452.8827,2026-09-11 14:25:00+00:00,2026-09-11 10:25:00-04:00
1789137000000,334.09,334.32,332.42,333.723,1493012.0,498041295.942,498041295.942,2026-09-11 14:30:00+00:00,2026-09-11 10:30:00-04:00
1789137300000,333.76,334.35,333.585,334.155,515667.0,172293911.0809,172293911.0809,2026-09-11 14:35:00+00:00,2026-09-11 10:35:00-04:00
1789137600000,334.1699,334.9099,334.1699,334.7,926321.0,309982293.4724,309982293.4724,2026-09-11 14:40:00+00:00,2026-09-11 10:40:00-04:00
1789137900000,334.71,334.85,334.21,334.69,804485.0,269088282.6948,269088282.6948,2026-09-11 14:45:00+00:00,2026-09-11 10:45:00-04:00
1789138200000,334.675,335.4,334.56,335.36,1468670.0,492095199.0152,492095199.0152,2026-09-11 14:50:00+00:00,2026-09-11 10:50:00-04:00
1789138500000,335.38,335.43,334.75,334.96,674028.0,225824295.8953,225824295.8953,2026-09-11 14:55:00+00:00,2026-09-11 10:55:00-04:00
1789138800000,335.02,335.64,334.94,335.6,480499.0,161128289.5555,161128289.5555,2026-09-11 15:00:00+00:00,2026-09-11 11:00:00-04:00
1789139100000,335.6,335.75,335.31,335.625,795346.0,266876918.3342,266876918.3342,2026-09-11 15:05:00+00:00,2026-09-11 11:05:00-04:00
1789139400000,335.625,336.22,335.44,335.54,713711.0,239649627.0236,239649627.0236,2026-09-11 15:10:00+00:00,2026-09-11 11:10:00-04:00
1789139700000,335.515,336.16,335.48,335.6167,627201.0,210602735.7718,210602735.7718,2026-09-11 15:15:00+00:00,2026-09-11 11:15:00-04:00
1789140000000,335.6,335.83,335.12,335.49,581269.0,194962168.2773,194962168.2773,2026-09-11 15:20:00+00:00,2026-09-11 11:20:00-04:00
1789140300000,335.49,335.66,335.0835,335.57,343688.0,115267444.067,115267444.067,2026-09-11 15:25:00+00:00,2026-09-11 11:25:00-04:00
1789140600000,335.54,335.54,335.05,335.14,374344.0,125495656.6763,125495656.6763,2026-09-11 15:30:00+00:00,2026-09-11 11:30:00-04:00
1789140900000,335.13,335.17,334.62,334.94,621926.0,208265156.8521,208265156.8521,2026-09-11 15:35:00+00:00,2026-09-11 11:35:00-04:00
1789141200000,334.93,335.18,334.74,334.78,550695.0,184457050.9743,184457050.9743,2026-09-11 15:40:00+00:00,2026-09-11 11:40:00-04:00
1789141500000,334.79,334.85,334.4,334.51,332189.0,111139261.1754,111139261.1754,2026-09-11 15:45:00+00:00,2026-09-11 11:45:00-04:00
1789141800000,334.51,334.68,334.25,334.2768,307590.0,102885347.2794,102885347.2794,2026-09-11 15:50:00+00:00,2026-09-11 11:50:00-04:00
1789142100000,334.2999,334.36,333.69,333.9175,882808.0,294828471.4018,294828471.4018,2026-09-11 15:55:00+00:00,2026-09-11 11:55:00-04:00
1789142400000,333.94,334.15,333.7,333.8566,329134.0,109896528.6331,109896528.6331,2026-09-11 16:00:00+00:00,2026-09-11 12:00:00-04:00
1789142700000,333.87,334.5,333.63,334.499,379962.0,126899634.4687,126899634.4687,2026-09-11 16:05:00+00:00,2026-09-11 12:05:00-04:00
1789143000000,334.4661,334.77,334.33,334.71,433363.0,144970293.9698,144970293.9698,2026-09-11 16:10:00+00:00,2026-09-11 12:10:00-04:00
1789143300000,334.67,334.84,334.37,334.4,385020.0,128828532.178,128828532.178,2026-09-11 16:15:00+00:00,2026-09-11 12:15:00-04:00
1789143600000,334.43,334.44,333.9604,334.17,360561.0,120489712.1044,120489712.1044,2026-09-11 16:20:00+00:00,2026-09-11 12:20:00-04:00
1789143900000,334.17,334.5699,334.07,334.17,336622.0,112548055.7076,112548055.7076,2026-09-11 16:25:00+00:00,2026-09-11 12:25:00-04:00
1789144200000,334.19,334.4408,334.0804,334.275,200370.0,66975944.6878,66975944.6878,2026-09-11 16:30:00+00:00,2026-09-11 12:30:00-04:00
1789144500000,334.3,334.38,333.93,334.2,204946.0,68490385.2713,68490385.2713,2026-09-11 16:35:00+00:00,2026-09-11 12:35:00-04:00
1789144800000,334.2,334.36,333.94,334.13,154504.943296,51628225.52682462,51628225.5268246208,2026-09-11 16:40:00+00:00,2026-09-11 12:40:00-04:00
1789145100000,334.15,334.435,333.93,334.41,288393.0,96387246.2956,96387246.2956,2026-09-11 16:45:00+00:00,2026-09-11 12:45:00-04:00
1789145400000,334.43,334.52,334.32,334.44,194848.0,65161861.4029,65161861.4029,2026-09-11 16:50:00+00:00,2026-09-11 12:50:00-04:00
1789145700000,334.44,334.83,334.3,334.745,252841.0,84590063.2065,84590063.2065,2026-09-11 16:55:00+00:00,2026-09-11 12:55:00-04:00
1789146000000,334.745,334.85,334.211,334.31,235747.0,78860345.1116,78860345.1116,2026-09-11 17:00:00+00:00,2026-09-11 13:00:00-04:00
1789146300000,334.29,334.59,334.26,334.39,151669.0,50717240.6894,50717240.6894,2026-09-11 17:05:00+00:00,2026-09-11 13:05:00-04:00
1789146600000,334.39,334.44,334.125,334.34,175547.0,58684683.4894,58684683.4894,2026-09-11 17:10:00+00:00,2026-09-11 13:10:00-04:00
1789146900000,334.36,334.47,333.9,333.94,155412.0,51942401.892,51942401.892,2026-09-11 17:15:00+00:00,2026-09-11 13:15:00-04:00
1789147200000,333.935,334.25,333.89,334.19,217728.0,72737634.2975,72737634.2975,2026-09-11 17:20:00+00:00,2026-09-11 13:20:00-04:00
1789147500000,334.1985,334.365,333.83,333.95,177481.0,59306668.6631,59306668.6631,2026-09-11 17:25:00+00:00,2026-09-11 13:25:00-04:00
1789147800000,333.96,334.3,333.75,333.82,288449.0,96339750.4524,96339750.4524,2026-09-11 17:30:00+00:00,2026-09-11 13:30:00-04:00
1789148100000,333.8,333.82,333.38,333.48,368913.0,123051923.3123,123051923.3123,2026-09-11 17:35:00+00:00,2026-09-11 13:35:00-04:00
1789148400000,333.495,333.67,333.13,333.2195,292911.0,97626654.031,97626654.031,2026-09-11 17:40:00+00:00,2026-09-11 13:40:00-04:00
1789148700000,333.22,333.35,332.92,333.1,300642.0,100164138.958,100164138.958,2026-09-11 17:45:00+00:00,2026-09-11 13:45:00-04:00
1789149000000,333.11,333.11,332.74,332.98,489117.0,162815199.7484,162815199.7484,2026-09-11 17:50:00+00:00,2026-09-11 13:50:00-04:00
1789149300000,332.98,333.47,332.94,333.38,310010.0,103291888.1041,103291888.1041,2026-09-11 17:55:00+00:00,2026-09-11 13:55:00-04:00
1789149600000,333.375,333.8299,333.2589,333.345,441512.226441,147296358.6973077,147296358.6973077196,2026-09-11 18:00:00+00:00,2026-09-11 14:00:00-04:00
1789149900000,333.35,333.38,332.6,332.6601,339131.0,112874682.111,112874682.111,2026-09-11 18:05:00+00:00,2026-09-11 14:05:00-04:00
1789150200000,332.68,332.87,332.58,332.795,223607.518591,74401033.26641728,74401033.2664172851,2026-09-11 18:10:00+00:00,2026-09-11 14:10:00-04:00
1789150500000,332.82,332.9246,332.7,332.78,154343.0,51362296.0929,51362296.0929,2026-09-11 18:15:00+00:00,2026-09-11 14:15:00-04:00
1789150800000,332.7801,333.06,332.55,332.825,259695.764121,86433032.1007057,86433032.100705702086904,2026-09-11 18:20:00+00:00,2026-09-11 14:20:00-04:00
1789151100000,332.84,332.962,332.66,332.855,204723.0,68132469.1845,68132469.1845,2026-09-11 18:25:00+00:00,2026-09-11 14:25:00-04:00
1789151400000,332.86,333.03,332.74,332.815,223828.0,74517647.9129,74517647.9129,2026-09-11 18:30:00+00:00,2026-09-11 14:30:00-04:00
1789151700000,332.85,333.13,332.82,333.0,231904.0,77216952.5207,77216952.5207,2026-09-11 18:35:00+00:00,2026-09-11 14:35:00-04:00
1789152000000,333.02,333.179,332.73,332.905,238894.0,79539500.7907,79539500.7907,2026-09-11 18:40:00+00:00,2026-09-11 14:40:00-04:00
1789152300000,332.9,332.905,332.39,332.56,244216.0,81233103.9476,81233103.9476,2026-09-11 18:45:00+00:00,2026-09-11 14:45:00-04:00
1789152600000,332.5531,333.05,332.5001,332.89,383084.0,127510771.0958,127510771.0958,2026-09-11 18:50:00+00:00,2026-09-11 14:50:00-04:00
1789152900000,332.91,333.0,332.4207,332.52,315356.0,104927085.5042,104927085.5042,2026-09-11 18:55:00+00:00,2026-09-11 14:55:00-04:00
1789153200000,332.5114,332.9,332.4,332.9,281678.0,93691429.5115,93691429.5115,2026-09-11 19:00:00+00:00,2026-09-11 15:00:00-04:00
1789153500000,332.9,333.0,332.5,332.63,236252.65821,78610366.43618524,78610366.436185242017764,2026-09-11 19:05:00+00:00,2026-09-11 15:05:00-04:00
1789153800000,332.635,332.64,332.48,332.56,131183.0,43624050.2575,43624050.2575,2026-09-11 19:10:00+00:00,2026-09-11 15:10:00-04:00
1789154100000,332.555,332.82,332.5505,332.82,204337.0,67982880.9785,67982880.9785,2026-09-11 19:15:00+00:00,2026-09-11 15:15:00-04:00
1789154400000,332.815,332.92,332.51,332.5602,262196.0,87228381.037,87228381.037,2026-09-11 19:20:00+00:00,2026-09-11 15:20:00-04:00
1789154700000,332.565,332.74,332.48,332.6401,166078.0,55242751.4178,55242751.4178,2026-09-11 19:25:00+00:00,2026-09-11 15:25:00-04:00
1789155000000,332.68,333.07,332.62,332.94,389705.0,129702476.9556,129702476.9556,2026-09-11 19:30:00+00:00,2026-09-11 15:30:00-04:00
1789155300000,332.93,333.01,332.54,332.615,303717.0,101049441.1099,101049441.1099,2026-09-11 19:35:00+00:00,2026-09-11 15:35:00-04:00
1789155600000,332.67,332.74,332.46,332.645,321775.0,107012865.1641,107012865.1641,2026-09-11 19:40:00+00:00,2026-09-11 15:40:00-04:00
1789155900000,332.65,332.7992,332.41,332.71,481987.0,160330221.6175,160330221.6175,2026-09-11 19:45:00+00:00,2026-09-11 15:45:00-04:00
1789156200000,332.7,332.89,332.25,332.425,706539.0,234893028.0724,234893028.0724,2026-09-11 19:50:00+00:00,2026-09-11 15:50:00-04:00
1789156500000,332.42,332.89,332.07,332.27,1935110.0,643355712.7236,643355712.7236,2026-09-11 19:55:00+00:00,2026-09-11 15:55:00-04:00
1789156800000,332.24,332.6374,332.24,332.48,7796961.200447001,2590644319.882382,2590644319.8823820273633,2026-09-11 20:00:00+00:00,2026-09-11 16:00:00-04:00
1789157100000,332.4518,332.5,332.45,332.47,16587.0,5511759.6083,5511759.6083,2026-09-11 20:05:00+00:00,2026-09-11 16:05:00-04:00
1789157400000,332.27,332.55,332.27,332.55,38905.29267,12931876.679847268,12931876.679847268338095,2026-09-11 20:10:00+00:00,2026-09-11 16:10:00-04:00
1789157700000,332.5,332.55,332.27,332.43,30791.674124,10235596.562768757,10235596.5627687582027526,2026-09-11 20:15:00+00:00,2026-09-11 16:15:00-04:00
1789158000000,332.5372,332.68,332.39,332.5217,18294.434402,6081743.296367354,6081743.2963673534,2026-09-11 20:20:00+00:00,2026-09-11 16:20:00-04:00
1789158300000,332.51,332.64,332.5,332.5077,728.0,241911.9052,241911.9052,2026-09-11 20:25:00+00:00,2026-09-11 16:25:00-04:00
1789158600000,332.5487,332.59,332.27,332.5021,3061.0,1017356.5228,1017356.5228,2026-09-11 20:30:00+00:00,2026-09-11 16:30:00-04:00
1789158900000,332.52,332.6,332.42,332.54,2127.0,707332.9231,707332.9231,2026-09-11 20:35:00+00:00,2026-09-11 16:35:00-04:00
1789159200000,332.58,332.6,332.27,332.46,95142.0,31613210.1405,31613210.1405,2026-09-11 20:40:00+00:00,2026-09-11 16:40:00-04:00
1789159500000,332.46,332.6,332.43,332.5115,1532.893591,509585.6006049803,509585.6006049803,2026-09-11 20:45:00+00:00,2026-09-11 16:45:00-04:00
1789159800000,332.5016,332.63,332.45,332.62,30125.835961,10018237.925337493,10018237.9253374943,2026-09-11 20:50:00+00:00,2026-09-11 16:50:00-04:00
1789160100000,332.636,332.82,332.5048,332.67,14196.0,4717168.0398,4717168.0398,2026-09-11 20:55:00+00:00,2026-09-11 16:55:00-04:00
1789160400000,332.6785,332.7,332.45,332.46,558.0,185583.7266,185583.7266,2026-09-11 21:00:00+00:00,2026-09-11 17:00:00-04:00
1789160700000,332.5965,332.5988,332.4635,332.4987,1080.0,359121.3387,359121.3387,2026-09-11 21:05:00+00:00,2026-09-11 17:05:00-04:00
1789161000000,332.49,332.6,332.4577,332.524,1598.127234,531356.5609406608,531356.5609406608,2026-09-11 21:10:00+00:00,2026-09-11 17:10:00-04:00
1789161300000,332.5012,332.6552,332.5,332.55,1521.018375,505751.12647782493,505751.1264778250332516,2026-09-11 21:15:00+00:00,2026-09-11 17:15:00-04:00
1789161600000,332.55,332.55,332.4615,332.51,7743.6944,2575436.057024,2575436.057024,2026-09-11 21:20:00+00:00,2026-09-11 17:20:00-04:00
1789161900000,332.51,332.5299,332.48,332.481,198653.0,66006684.8429,66006684.8429,2026-09-11 21:25:00+00:00,2026-09-11 17:25:00-04:00
1789162200000,332.48,332.52,332.48,332.5195,3591.0,1197899.3998,1197899.3998,2026-09-11 21:30:00+00:00,2026-09-11 17:30:00-04:00
1789162500000,332.5021,332.52,332.45,332.45,293.005272,97418.4895718,97418.4895718,2026-09-11 21:35:00+00:00,2026-09-11 17:35:00-04:00
1789162800000,332.5182,332.5199,332.45,332.4576,244.656705,81345.664342079,81345.664342079,2026-09-11 21:40:00+00:00,2026-09-11 17:40:00-04:00
1789163100000,332.48,332.5,332.45,332.4987,216.885381,72108.4662594369,72108.4662594369,2026-09-11 21:45:00+00:00,2026-09-11 17:45:00-04:00
1789163400000,332.46,332.52,332.45,332.481,1214.800116,403889.8696068448,403889.8696068448,2026-09-11 21:50:00+00:00,2026-09-11 17:50:00-04:00
1789163700000,332.5,332.52,332.48,332.519,204.0,67828.8574,67828.8574,2026-09-11 21:55:00+00:00,2026-09-11 17:55:00-04:00
1789164000000,332.48,332.6,332.48,332.6,2742.0,911768.1333,911768.1333,2026-09-11 22:00:00+00:00,2026-09-11 18:00:00-04:00
1789164300000,332.5,332.71,332.5,332.71,2964.0,985594.2961,985594.2961,2026-09-11 22:05:00+00:00,2026-09-11 18:05:00-04:00
1789164600000,332.55,332.75,332.5,332.5025,255.027499,84823.9019413864,84823.9019413864,2026-09-11 22:10:00+00:00,2026-09-11 18:10:00-04:00
1789164900000,332.5988,332.6768,332.52,332.5512,765.0425640000001,254454.51016296443,254454.5101629644332597,2026-09-11 22:15:00+00:00,2026-09-11 18:15:00-04:00
1789165200000,332.55,332.726,332.55,332.59,1932.0,642681.7619,642681.7619,2026-09-11 22:20:00+00:00,2026-09-11 18:20:00-04:00
1789165500000,332.726,332.726,332.5,332.51,73.0,24277.613,24277.613,2026-09-11 22:25:00+00:00,2026-09-11 18:25:00-04:00
1789165800000,332.6855,332.69,332.51,332.55,3529.0,1173825.1666,1173825.1666,2026-09-11 22:30:00+00:00,2026-09-11 18:30:00-04:00
1789166100000,332.6,332.6999,332.51,332.65,5736.721707,1907821.1010068215,1907821.1010068219,2026-09-11 22:35:00+00:00,2026-09-11 18:35:00-04:00
1789166400000,332.5,332.7,332.5,332.62,1148.050753,381870.820916625,381870.820916625,2026-09-11 22:40:00+00:00,2026-09-11 18:40:00-04:00
1789166700000,332.6,332.6988,332.5333,332.6,268.0,89140.6308,89140.6308,2026-09-11 22:45:00+00:00,2026-09-11 18:45:00-04:00
1789167000000,332.6075,332.65,332.51,332.58,327.10881,108790.75708575,108790.75708575,2026-09-11 22:50:00+00:00,2026-09-11 18:50:00-04:00
1789167300000,332.65,332.65,332.55,332.55,1989.444485,661596.353021811,661596.353021811,2026-09-11 22:55:00+00:00,2026-09-11 18:55:00-04:00
1789167600000,332.55,332.6,332.5,332.5,581.01873,193223.47394245,193223.47394245,2026-09-11 23:00:00+00:00,2026-09-11 19:00:00-04:00
1789167900000,332.51,332.55,332.5,332.54,187.10522,62217.253280499994,62217.2532804999900243,2026-09-11 23:05:00+00:00,2026-09-11 19:05:00-04:00
1789168200000,332.5,332.55,332.5,332.54,553.519149,184057.92481186308,184057.9248118630900243,2026-09-11 23:10:00+00:00,2026-09-11 19:10:00-04:00
1789168500000,332.54,332.55,332.52,332.53,238.0,79144.2781,79144.2781,2026-09-11 23:15:00+00:00,2026-09-11 19:15:00-04:00
1789168800000,332.55,332.5988,332.5212,332.58,1531.0,509133.7112,509133.7112,2026-09-11 23:20:00+00:00,2026-09-11 19:20:00-04:00
1789169100000,332.5761,332.58,332.5162,332.52,2355.0,783306.7373,783306.7373,2026-09-11 23:25:00+00:00,2026-09-11 19:25:00-04:00
1789169400000,332.52,332.55,332.51,332.52,163.0,54202.5034,54202.5034,2026-09-11 23:30:00+00:00,2026-09-11 19:30:00-04:00
1789169700000,332.5146,332.54,332.5105,332.5278,2263.0,752534.4485,752534.4485,2026-09-11 23:35:00+00:00,2026-09-11 19:35:00-04:00
1789170000000,332.53,332.55,332.51,332.54,5207.0,1731572.4146,1731572.4146,2026-09-11 23:40:00+00:00,2026-09-11 19:40:00-04:00
1789170300000,332.5212,332.5488,332.51,332.53,2254.11077,749565.62458041,749565.6245804100665066,2026-09-11 23:45:00+00:00,2026-09-11 19:45:00-04:00
1789170600000,332.5388,332.55,332.52,332.5402,4008.723251,1333000.834238775,1333000.834238775,2026-09-11 23:50:00+00:00,2026-09-11 19:50:00-04:00
1789170900000,332.5497,332.6,332.54,332.55,3407.0,1133025.03,1133025.03,2026-09-11 23:55:00+00:00,2026-09-11 19:55:00-04:00
1789172100000,332.76,332.76,332.57,332.57,0.6032,200.663528,200.663528,2026-09-12 00:15:00+00:00,2026-09-11 20:15:00-04:00
1789175700000,332.57,332.57,332.57,332.57,0.1,33.257,33.257,2026-09-12 01:15:00+00:00,2026-09-11 21:15:00-04:00
1789176900000,332.57,332.57,332.51,332.51,0.5936,197.379754,197.379754,2026-09-12 01:35:00+00:00,2026-09-11 21:35:00-04:00
1789184400000,332.82,332.82,332.48,332.48,0.15,49.8975,49.8975,2026-09-12 03:40:00+00:00,2026-09-11 23:40:00-04:00
1789184700000,332.76,332.76,332.47,332.47,0.062,20.62213,20.62213,2026-09-12 03:45:00+00:00,2026-09-11 23:45:00-04:00
1789187700000,332.76,332.76,332.48,332.48,0.0868,28.871416,28.871416,2026-09-12 04:35:00+00:00,2026-09-12 00:35:00-04:00
1789189200000,332.48,332.48,332.48,332.48,0.0319,10.606112,10.606112,2026-09-12 05:00:00+00:00,2026-09-12 01:00:00-04:00
1789191300000,332.76,332.76,332.76,332.76,0.09,29.9484,29.9484,2026-09-12 05:35:00+00:00,2026-09-12 01:35:00-04:00
1789191600000,332.76,332.76,332.48,332.48,0.087,28.93794,28.93794,2026-09-12 05:40:00+00:00,2026-09-12 01:40:00-04:00
1789192200000,332.76,332.76,332.76,332.76,0.0749,24.923724,24.923724,2026-09-12 05:50:00+00:00,2026-09-12 01:50:00-04:00
1789192500000,332.48,332.76,332.47,332.47,0.1223,40.662439,40.662439,2026-09-12 05:55:00+00:00,2026-09-12 01:55:00-04:00
1789195200000,332.5,332.5,332.5,332.5,0.1107,36.80775,36.80775,2026-09-12 06:40:00+00:00,2026-09-12 02:40:00-04:00
1789195500000,332.47,332.47,332.43,332.43,0.9917,329.706419,329.706419,2026-09-12 06:45:00+00:00,2026-09-12 02:45:00-04:00
1789197300000,332.39,332.39,332.39,332.39,1.5708,522.118212,522.118212,2026-09-12 07:15:00+00:00,2026-09-12 03:15:00-04:00
1789197600000,332.38,332.82,332.38,332.82,1.7831,593.121312,593.121312,2026-09-12 07:20:00+00:00,2026-09-12 03:20:00-04:00
1789197900000,332.35,332.35,332.33,332.33,1.1282,374.953858,374.953858,2026-09-12 07:25:00+00:00,2026-09-12 03:25:00-04:00
1789198800000,332.82,332.82,332.82,332.82,0.1408,46.861056,46.861056,2026-09-12 07:40:00+00:00,2026-09-12 03:40:00-04:00
1789200000000,332.83,332.83,332.83,332.83,0.6804,226.457532,226.457532,2026-09-12 08:00:00+00:00,2026-09-12 04:00:00-04:00
1789200300000,332.84,332.84,332.29,332.29,3.6676,1220.143864,1220.143864,2026-09-12 08:05:00+00:00,2026-09-12 04:05:00-04:00
1789202400000,332.84,332.84,332.29,332.29,0.0624,20.752056,20.752056,2026-09-12 08:40:00+00:00,2026-09-12 04:40:00-04:00
1789204800000,332.29,332.29,332.29,332.29,0.0319,10.600051,10.600051,2026-09-12 09:20:00+00:00,2026-09-12 05:20:00-04:00
1789207500000,332.84,332.87,332.29,332.29,0.1694,56.33868,56.33868,2026-09-12 10:05:00+00:00,2026-09-12 06:05:00-04:00
1789209300000,332.87,332.88,332.87,332.88,1.7758,591.113398,591.113398,2026-09-12 10:35:00+00:00,2026-09-12 06:35:00-04:00
1789210800000,332.77,332.77,332.29,332.29,0.3004,99.892012,99.892012,2026-09-12 11:00:00+00:00,2026-09-12 07:00:00-04:00
1789211700000,332.77,332.77,332.28,332.28,1.0698,355.735245,355.735245,2026-09-12 11:15:00+00:00,2026-09-12 07:15:00-04:00
1789212900000,332.77,332.77,332.77,332.77,0.1549,51.546073,51.546073,2026-09-12 11:35:00+00:00,2026-09-12 07:35:00-04:00
1789214400000,332.77,332.77,332.77,332.77,0.0681,22.661637,22.661637,2026-09-12 12:00:00+00:00,2026-09-12 08:00:00-04:00
1789217100000,332.88,332.88,332.77,332.77,0.12,39.939,39.939,2026-09-12 12:45:00+00:00,2026-09-12 08:45:00-04:00
1789219800000,332.88,332.88,332.88,332.88,0.06,19.9728,19.9728,2026-09-12 13:30:00+00:00,2026-09-12 09:30:00-04:00
1789221600000,332.88,332.88,332.77,332.77,0.096,31.9512,31.9512,2026-09-12 14:00:00+00:00,2026-09-12 10:00:00-04:00
1789222500000,332.88,332.88,332.88,332.88,0.5256,174.961728,174.961728,2026-09-12 14:15:00+00:00,2026-09-12 10:15:00-04:00
1789223400000,332.88,332.88,332.88,332.88,0.072,23.96736,23.96736,2026-09-12 14:30:00+00:00,2026-09-12 10:30:00-04:00
1789224300000,332.88,332.91,331.86,331.86,13.7644,4575.949701,4575.949701,2026-09-12 14:45:00+00:00,2026-09-12 10:45:00-04:00
1789224900000,332.91,332.91,331.76,331.76,2.1032,698.993382,698.993382,2026-09-12 14:55:00+00:00,2026-09-12 10:55:00-04:00
1789225500000,331.77,331.77,331.77,331.77,0.3096,102.715992,102.715992,2026-09-12 15:05:00+00:00,2026-09-12 11:05:00-04:00
1789225800000,331.77,331.77,331.53,331.53,0.3445,114.261693,114.261693,2026-09-12 15:10:00+00:00,2026-09-12 11:10:00-04:00
1789226100000,331.53,331.64,331.53,331.64,0.3445,114.242401,114.242401,2026-09-12 15:15:00+00:00,2026-09-12 11:15:00-04:00
1789226400000,331.64,331.64,331.53,331.53,0.3445,114.223459,114.223459,2026-09-12 15:20:00+00:00,2026-09-12 11:20:00-04:00
1789226700000,331.53,331.53,331.45,331.45,0.3445,114.206573,114.206573,2026-09-12 15:25:00+00:00,2026-09-12 11:25:00-04:00
1789227000000,331.45,331.45,331.45,331.45,0.0345,11.435025,11.435025,2026-09-12 15:30:00+00:00,2026-09-12 11:30:00-04:00
1789228800000,332.85,333.67,332.45,332.56,18.6247,6202.549786,6202.549786,2026-09-12 16:00:00+00:00,2026-09-12 12:00:00-04:00
1789229100000,332.56,332.58,332.32,332.32,4.9421,1642.915414,1642.915414,2026-09-12 16:05:00+00:00,2026-09-12 12:05:00-04:00
1789231800000,332.34,332.34,332.34,332.34,0.0338,11.233092,11.233092,2026-09-12 16:50:00+00:00,2026-09-12 12:50:00-04:00
1789232400000,332.71,332.81,331.49,331.49,4.4828,1490.030804,1490.030804,2026-09-12 17:00:00+00:00,2026-09-12 13:00:00-04:00
1789233000000,332.81,332.81,331.45,331.45,0.1252,41.582676,41.582676,2026-09-12 17:10:00+00:00,2026-09-12 13:10:00-04:00
1789233300000,332.81,332.81,331.39,331.39,0.0822,27.29862,27.29862,2026-09-12 17:15:00+00:00,2026-09-12 13:15:00-04:00
1789233600000,332.81,332.81,332.81,332.81,0.4507,149.997467,149.997467,2026-09-12 17:20:00+00:00,2026-09-12 13:20:00-04:00
1789237500000,332.81,332.81,332.81,332.81,0.3384,112.622904,112.622904,2026-09-12 18:25:00+00:00,2026-09-12 14:25:00-04:00
1789238700000,332.84,332.84,331.98,331.98,1.7734,589.547848,589.547848,2026-09-12 18:45:00+00:00,2026-09-12 14:45:00-04:00
1789250400000,332.04,332.04,332.04,332.04,0.3384,112.362336,112.362336,2026-09-12 22:00:00+00:00,2026-09-12 18:00:00-04:00
1789254300000,332.84,332.84,331.98,331.98,0.09,29.917532,29.917532,2026-09-12 23:05:00+00:00,2026-09-12 19:05:00-04:00
1789254900000,332.84,332.84,331.98,331.98,0.0652,21.673132,21.673132,2026-09-12 23:15:00+00:00,2026-09-12 19:15:00-04:00
1789256400000,332.84,332.84,332.81,332.81,0.6501,216.377484,216.377484,2026-09-12 23:40:00+00:00,2026-09-12 19:40:00-04:00
1789256700000,332.81,332.81,331.98,332.81,0.2793,92.87656,92.87656,2026-09-12 23:45:00+00:00,2026-09-12 19:45:00-04:00
1789261500000,332.81,332.81,332.81,332.81,0.06,19.9686,19.9686,2026-09-13 01:05:00+00:00,2026-09-12 21:05:00-04:00
1789261800000,331.95,331.95,331.95,331.95,0.06,19.917,19.917,2026-09-13 01:10:00+00:00,2026-09-12 21:10:00-04:00
1789263000000,331.95,331.95,331.95,331.95,0.5232,173.67624,173.67624,2026-09-13 01:30:00+00:00,2026-09-12 21:30:00-04:00
1789264800000,332.81,332.81,331.9,331.9,0.1512,50.252076,50.252076,2026-09-13 02:00:00+00:00,2026-09-12 22:00:00-04:00
1789266000000,332.81,332.81,332.81,332.81,0.06,19.9686,19.9686,2026-09-13 02:20:00+00:00,2026-09-12 22:20:00-04:00
1789267200000,331.89,331.89,331.89,331.89,0.0742,24.626238,24.626238,2026-09-13 02:40:00+00:00,2026-09-12 22:40:00-04:00
1789279200000,331.88,331.88,331.88,331.88,0.0444,14.735472,14.735472,2026-09-13 06:00:00+00:00,2026-09-13 02:00:00-04:00
1789287900000,331.88,331.88,331.88,331.88,0.1571,52.138348,52.138348,2026-09-13 08:25:00+00:00,2026-09-13 04:25:00-04:00
1789289100000,332.81,332.81,332.81,332.81,0.033,10.98273,10.98273,2026-09-13 08:45:00+00:00,2026-09-13 04:45:00-04:00
1789289400000,331.88,331.88,331.88,331.88,0.0309,10.255092,10.255092,2026-09-13 08:50:00+00:00,2026-09-13 04:50:00-04:00
1789290000000,331.88,332.78,331.88,332.78,0.0411,13.675368,13.675368,2026-09-13 09:00:00+00:00,2026-09-13 05:00:00-04:00
1789290900000,331.86,331.86,331.08,331.08,15.5794,5162.053956,5162.053956,2026-09-13 09:15:00+00:00,2026-09-13 05:15:00-04:00
1789293300000,332.78,332.78,331.12,331.12,0.096,31.8672,31.8672,2026-09-13 09:55:00+00:00,2026-09-13 05:55:00-04:00
1789294200000,331.12,331.12,331.12,331.12,0.0309,10.231608,10.231608,2026-09-13 10:10:00+00:00,2026-09-13 06:10:00-04:00
1789294500000,331.12,331.12,330.74,330.74,1.6414,543.236652,543.236652,2026-09-13 10:15:00+00:00,2026-09-13 06:15:00-04:00
1789294800000,330.72,330.72,330.72,330.72,0.1869,61.811568,61.811568,2026-09-13 10:20:00+00:00,2026-09-13 06:20:00-04:00
1789295100000,332.78,332.78,331.4,331.4,0.066,21.91725,21.91725,2026-09-13 10:25:00+00:00,2026-09-13 06:25:00-04:00
1789296000000,332.78,332.78,332.78,332.78,0.0503,16.738834,16.738834,2026-09-13 10:40:00+00:00,2026-09-13 06:40:00-04:00
1789296300000,332.78,332.78,332.78,332.78,0.045,14.9751,14.9751,2026-09-13 10:45:00+00:00,2026-09-13 06:45:00-04:00
1789296600000,331.02,331.02,331.02,331.02,0.045,14.8959,14.8959,2026-09-13 10:50:00+00:00,2026-09-13 06:50:00-04:00
1789296900000,332.78,332.78,332.78,332.78,0.2732,90.915496,90.915496,2026-09-13 10:55:00+00:00,2026-09-13 06:55:00-04:00
1789297500000,332.78,332.78,331.02,331.02,0.0638,21.17522,21.17522,2026-09-13 11:05:00+00:00,2026-09-13 07:05:00-04:00
1789299000000,331.02,332.78,331.02,332.78,0.4732,156.990664,156.990664,2026-09-13 11:30:00+00:00,2026-09-13 07:30:00-04:00
1789300200000,332.78,332.78,332.78,332.78,0.1031,34.309618,34.309618,2026-09-13 11:50:00+00:00,2026-09-13 07:50:00-04:00
1789305900000,332.81,332.81,330.98,330.98,0.137,45.461746,45.461746,2026-09-13 13:25:00+00:00,2026-09-13 09:25:00-04:00
1789306200000,332.81,332.81,332.81,332.81,0.06,19.9686,19.9686,2026-09-13 13:30:00+00:00,2026-09-13 09:30:00-04:00
1789307400000,331.03,331.03,331.03,331.03,0.0495,16.385985,16.385985,2026-09-13 13:50:00+00:00,2026-09-13 09:50:00-04:00
1789307700000,332.81,332.86,332.81,332.86,0.7848,261.211643,261.211643,2026-09-13 13:55:00+00:00,2026-09-13 09:55:00-04:00
1789308000000,332.79,332.81,332.79,332.81,0.9014,299.977294,299.977294,2026-09-13 14:00:00+00:00,2026-09-13 10:00:00-04:00
1789308600000,332.81,332.81,332.81,332.81,0.036,11.98116,11.98116,2026-09-13 14:10:00+00:00,2026-09-13 10:10:00-04:00
1789309800000,332.81,332.81,332.81,332.81,0.0721,23.995601,23.995601,2026-09-13 14:30:00+00:00,2026-09-13 10:30:00-04:00
1789310700000,332.04,332.04,332.04,332.04,0.1502,49.872408,49.872408,2026-09-13 14:45:00+00:00,2026-09-13 10:45:00-04:00
1789312500000,332.81,332.81,332.81,332.81,0.0624,20.767344,20.767344,2026-09-13 15:15:00+00:00,2026-09-13 11:15:00-04:00
1789312800000,332.81,332.81,332.73,332.73,0.312,103.82424,103.82424,2026-09-13 15:20:00+00:00,2026-09-13 11:20:00-04:00
1789313100000,332.73,332.73,332.73,332.73,0.3122,103.878306,103.878306,2026-09-13 15:25:00+00:00,2026-09-13 11:25:00-04:00
1789313400000,332.73,332.73,332.73,332.73,0.1213,40.360149,40.360149,2026-09-13 15:30:00+00:00,2026-09-13 11:30:00-04:00
1789314000000,332.73,332.73,331.03,331.03,0.0678,22.501464,22.501464,2026-09-13 15:40:00+00:00,2026-09-13 11:40:00-04:00
1789315200000,332.73,332.73,332.73,332.73,0.1803,59.991219,59.991219,2026-09-13 16:00:00+00:00,2026-09-13 12:00:00-04:00
1789321200000,332.73,332.73,331.03,331.03,0.0812,26.948656,26.948656,2026-09-13 17:40:00+00:00,2026-09-13 13:40:00-04:00
1789324200000,332.73,332.73,332.73,332.73,0.032,10.64736,10.64736,2026-09-13 18:30:00+00:00,2026-09-13 14:30:00-04:00
1789326000000,332.73,332.73,332.73,332.73,0.0644,21.427812,21.427812,2026-09-13 19:00:00+00:00,2026-09-13 15:00:00-04:00
1789333500000,331.03,331.03,331.02,331.02,1.054,348.900308,348.900308,2026-09-13 21:05:00+00:00,2026-09-13 17:05:00-04:00
1789336200000,332.73,332.73,330.96,330.96,0.258,85.61601,85.61601,2026-09-13 21:50:00+00:00,2026-09-13 17:50:00-04:00
1789342200000,332.73,332.73,332.73,332.73,0.0601,19.997073,19.997073,2026-09-13 23:30:00+00:00,2026-09-13 19:30:00-04:00
1789344000000,331.42,331.85,331.18,331.2,1992.0,660587.46,660587.46,2026-09-14 00:00:00+00:00,2026-09-13 20:00:00-04:00
1789344300000,331.24,331.49,330.47,330.51,5222.0,1728078.73,1728078.73,2026-09-14 00:05:00+00:00,2026-09-13 20:05:00-04:00
1789344600000,330.5,330.55,330.2,330.25,4072.0,1345137.48,1345137.48,2026-09-14 00:10:00+00:00,2026-09-13 20:10:00-04:00
1789344900000,330.25,330.6,330.25,330.3,2394.0,791005.48,791005.48,2026-09-14 00:15:00+00:00,2026-09-13 20:15:00-04:00
1789345200000,330.35,330.81,330.27,330.5,2859.0,944849.08,944849.08,2026-09-14 00:20:00+00:00,2026-09-13 20:20:00-04:00
1789345500000,330.5,330.5,330.11,330.19,1153.0,380890.2,380890.2,2026-09-14 00:25:00+00:00,2026-09-13 20:25:00-04:00
1789345800000,330.11,330.19,329.99,330.11,1958.0,646254.16,646254.16,2026-09-14 00:30:00+00:00,2026-09-13 20:30:00-04:00
1789346100000,330.14,330.14,330.08,330.12,102.0,33672.05,33672.05,2026-09-14 00:35:00+00:00,2026-09-13 20:35:00-04:00
1789346400000,330.11,330.33,330.07,330.33,793.0,261832.2,261832.2,2026-09-14 00:40:00+00:00,2026-09-13 20:40:00-04:00
1789346700000,330.27,330.36,330.2,330.26,2039.0,673373.26,673373.26,2026-09-14 00:45:00+00:00,2026-09-13 20:45:00-04:00
1789347000000,330.35,330.5,330.28,330.28,1419.0,468897.0,468897,2026-09-14 00:50:00+00:00,2026-09-13 20:50:00-04:00
1789347300000,330.33,330.33,329.85,329.91,1591.0,525022.48,525022.48,2026-09-14 00:55:00+00:00,2026-09-13 20:55:00-04:00
1789347600000,329.91,330.63,329.91,330.14,7057.0,2331395.66,2331395.66,2026-09-14 01:00:00+00:00,2026-09-13 21:00:00-04:00
1789347900000,330.11,330.44,329.95,329.98,2487.0,820988.11,820988.11,2026-09-14 01:05:00+00:00,2026-09-13 21:05:00-04:00
1789348200000,330.03,330.45,330.0,330.45,1502.0,496217.82,496217.82,2026-09-14 01:10:00+00:00,2026-09-13 21:10:00-04:00
1789348500000,330.48,330.53,330.36,330.45,934.0,308629.71,308629.71,2026-09-14 01:15:00+00:00,2026-09-13 21:15:00-04:00
1789348800000,330.51,330.98,330.4,330.94,4837.0,1598971.11,1598971.11,2026-09-14 01:20:00+00:00,2026-09-13 21:20:00-04:00
1789349100000,330.94,331.01,330.74,330.88,2905.0,961331.75,961331.75,2026-09-14 01:25:00+00:00,2026-09-13 21:25:00-04:00
1789349400000,330.96,331.12,330.62,330.91,2260.0,747826.41,747826.41,2026-09-14 01:30:00+00:00,2026-09-13 21:30:00-04:00
1789349700000,330.88,331.02,330.73,330.93,1605.0,531072.8,531072.8,2026-09-14 01:35:00+00:00,2026-09-13 21:35:00-04:00
1789350000000,330.93,330.93,330.61,330.61,3672.0,1214456.78,1214456.78,2026-09-14 01:40:00+00:00,2026-09-13 21:40:00-04:00
1789350300000,330.6,330.69,330.29,330.45,3899.0,1288712.02,1288712.02,2026-09-14 01:45:00+00:00,2026-09-13 21:45:00-04:00
1789350600000,330.45,330.53,330.4,330.44,585.0,193328.8,193328.8,2026-09-14 01:50:00+00:00,2026-09-13 21:50:00-04:00
1789350900000,330.48,330.8,330.48,330.76,1293.0,427611.72,427611.72,2026-09-14 01:55:00+00:00,2026-09-13 21:55:00-04:00
1789351200000,330.74,330.74,330.29,330.29,1204.0,397901.01,397901.01,2026-09-14 02:00:00+00:00,2026-09-13 22:00:00-04:00
1789351500000,330.37,330.66,330.34,330.66,589.0,194683.59,194683.59,2026-09-14 02:05:00+00:00,2026-09-13 22:05:00-04:00
1789351800000,330.4,330.45,330.11,330.14,3593.0,1186704.17,1186704.17,2026-09-14 02:10:00+00:00,2026-09-13 22:10:00-04:00
1789352100000,330.12,330.4,330.06,330.34,1237.0,408466.9,408466.9,2026-09-14 02:15:00+00:00,2026-09-13 22:15:00-04:00
1789352400000,330.41,330.41,329.61,329.75,2350.0,775336.42,775336.42,2026-09-14 02:20:00+00:00,2026-09-13 22:20:00-04:00
1789352700000,329.75,329.99,329.64,329.69,2625.0,865816.75,865816.75,2026-09-14 02:25:00+00:00,2026-09-13 22:25:00-04:00
1789353000000,329.71,329.93,329.0,329.27,7106.0,2340173.67,2340173.67,2026-09-14 02:30:00+00:00,2026-09-13 22:30:00-04:00
1789353300000,329.31,329.4,328.74,329.25,9109.0,2996682.32,2996682.32,2026-09-14 02:35:00+00:00,2026-09-13 22:35:00-04:00
1789353600000,329.01,329.01,328.73,328.85,3391.0,1115273.45,1115273.45,2026-09-14 02:40:00+00:00,2026-09-13 22:40:00-04:00
1789353900000,328.82,329.1,328.82,329.1,535.0,175987.38,175987.38,2026-09-14 02:45:00+00:00,2026-09-13 22:45:00-04:00
1789354200000,329.0,329.21,328.86,328.88,901.0,296413.03,296413.03,2026-09-14 02:50:00+00:00,2026-09-13 22:50:00-04:00
1789354500000,328.9,328.99,328.73,328.91,1790.0,588580.78,588580.78,2026-09-14 02:55:00+00:00,2026-09-13 22:55:00-04:00
1789354800000,328.8,329.22,328.8,329.22,177.0,58233.09,58233.09,2026-09-14 03:00:00+00:00,2026-09-13 23:00:00-04:00
1789355100000,329.22,329.3,329.1,329.1,218.0,71769.12,71769.12,2026-09-14 03:05:00+00:00,2026-09-13 23:05:00-04:00
1789355400000,329.05,329.1,328.8,328.8,301.0,99015.23,99015.23,2026-09-14 03:10:00+00:00,2026-09-13 23:10:00-04:00
1789355700000,328.83,328.99,328.71,328.74,875.0,287701.51,287701.51,2026-09-14 03:15:00+00:00,2026-09-13 23:15:00-04:00
1789356000000,328.74,328.86,328.41,328.47,2018.0,663038.7,663038.7,2026-09-14 03:20:00+00:00,2026-09-13 23:20:00-04:00
1789356300000,328.54,328.6,328.54,328.59,215.0,70643.35,70643.35,2026-09-14 03:25:00+00:00,2026-09-13 23:25:00-04:00
1789356600000,328.57,328.68,328.55,328.57,651.0,213923.49,213923.49,2026-09-14 03:30:00+00:00,2026-09-13 23:30:00-04:00
1789356900000,328.6,328.65,328.54,328.64,60.0,19717.11,19717.11,2026-09-14 03:35:00+00:00,2026-09-13 23:35:00-04:00
1789357200000,328.63,328.63,328.53,328.53,79.0,25958.93,25958.93,2026-09-14 03:40:00+00:00,2026-09-13 23:40:00-04:00
1789357500000,328.55,328.99,328.52,328.8,881.0,289645.01,289645.01,2026-09-14 03:45:00+00:00,2026-09-13 23:45:00-04:00
1789357800000,328.78,328.8,328.76,328.8,261.0,85809.04,85809.04,2026-09-14 03:50:00+00:00,2026-09-13 23:50:00-04:00
1789358100000,328.83,328.83,328.77,328.77,129.0,42414.22,42414.22,2026-09-14 03:55:00+00:00,2026-09-13 23:55:00-04:00
1789358400000,328.79,328.87,328.75,328.75,324.0,106523.09,106523.09,2026-09-14 04:00:00+00:00,2026-09-14 00:00:00-04:00
1789358700000,328.75,329.0,328.75,328.82,1240.0,407908.58,407908.58,2026-09-14 04:05:00+00:00,2026-09-14 00:05:00-04:00
1789359000000,328.83,329.1,328.82,328.99,505.0,166161.92,166161.92,2026-09-14 04:10:00+00:00,2026-09-14 00:10:00-04:00
1789359300000,328.97,329.0,328.84,328.91,293.0,96368.05,96368.05,2026-09-14 04:15:00+00:00,2026-09-14 00:15:00-04:00
1789359600000,328.94,329.25,328.85,329.24,1244.0,409234.59,409234.59,2026-09-14 04:20:00+00:00,2026-09-14 00:20:00-04:00
1789359900000,329.25,329.31,329.25,329.29,709.0,233452.73,233452.73,2026-09-14 04:25:00+00:00,2026-09-14 00:25:00-04:00
1789360200000,329.3,329.49,329.3,329.4,1573.0,518202.69,518202.69,2026-09-14 04:30:00+00:00,2026-09-14 00:30:00-04:00
1789360500000,329.41,329.5,329.25,329.42,672.0,221404.66,221404.66,2026-09-14 04:35:00+00:00,2026-09-14 00:35:00-04:00
1789360800000,329.28,329.49,329.28,329.42,82.0,27013.74,27013.74,2026-09-14 04:40:00+00:00,2026-09-14 00:40:00-04:00
1789361100000,329.43,329.59,329.39,329.58,575.0,189458.35,189458.35,2026-09-14 04:45:00+00:00,2026-09-14 00:45:00-04:00
1789361400000,329.6,329.6,329.43,329.5,1347.0,443872.95,443872.95,2026-09-14 04:50:00+00:00,2026-09-14 00:50:00-04:00
1789361700000,329.49,329.72,329.49,329.69,470.0,154929.73,154929.73,2026-09-14 04:55:00+00:00,2026-09-14 00:55:00-04:00
1789362000000,329.69,329.74,329.6,329.61,312.0,102859.82,102859.82,2026-09-14 05:00:00+00:00,2026-09-14 01:00:00-04:00
1789362300000,329.62,329.93,329.62,329.75,570.0,187984.13,187984.13,2026-09-14 05:05:00+00:00,2026-09-14 01:05:00-04:00
1789362600000,329.81,329.81,329.56,329.75,442.0,145740.1,145740.1,2026-09-14 05:10:00+00:00,2026-09-14 01:10:00-04:00
1789362900000,329.58,329.58,329.34,329.34,1450.0,477749.26,477749.26,2026-09-14 05:15:00+00:00,2026-09-14 01:15:00-04:00
1789363200000,329.4,329.47,329.37,329.41,850.0,279998.28,279998.28,2026-09-14 05:20:00+00:00,2026-09-14 01:20:00-04:00
1789363500000,329.41,329.77,329.35,329.48,2270.0,748111.65,748111.65,2026-09-14 05:25:00+00:00,2026-09-14 01:25:00-04:00
1789363800000,329.56,329.78,329.56,329.68,1942.0,640267.18,640267.18,2026-09-14 05:30:00+00:00,2026-09-14 01:30:00-04:00
1789364100000,329.67,329.73,329.63,329.63,448.0,147704.94,147704.94,2026-09-14 05:35:00+00:00,2026-09-14 01:35:00-04:00
1789364400000,329.58,329.58,329.39,329.45,436.0,143621.61,143621.61,2026-09-14 05:40:00+00:00,2026-09-14 01:40:00-04:00
1789364700000,329.45,329.56,329.45,329.55,431.0,142039.74,142039.74,2026-09-14 05:45:00+00:00,2026-09-14 01:45:00-04:00
1789365000000,329.49,329.56,329.41,329.47,1598.0,526627.76,526627.76,2026-09-14 05:50:00+00:00,2026-09-14 01:50:00-04:00
1789365300000,329.5,329.52,329.46,329.52,130.0,42833.91,42833.91,2026-09-14 05:55:00+00:00,2026-09-14 01:55:00-04:00
1789365600000,329.61,329.62,329.41,329.6,2273.0,748967.99,748967.99,2026-09-14 06:00:00+00:00,2026-09-14 02:00:00-04:00
1789365900000,329.53,329.59,329.45,329.55,803.0,264609.75,264609.75,2026-09-14 06:05:00+00:00,2026-09-14 02:05:00-04:00
1789366200000,329.45,329.64,329.45,329.53,344.0,113369.66,113369.66,2026-09-14 06:10:00+00:00,2026-09-14 02:10:00-04:00
1789366500000,329.53,329.6,329.46,329.54,1541.0,507771.69,507771.69,2026-09-14 06:15:00+00:00,2026-09-14 02:15:00-04:00
1789366800000,329.54,329.61,329.53,329.61,206.0,67883.35,67883.35,2026-09-14 06:20:00+00:00,2026-09-14 02:20:00-04:00
1789367100000,329.54,329.59,329.54,329.59,283.0,93272.92,93272.92,2026-09-14 06:25:00+00:00,2026-09-14 02:25:00-04:00
1789367400000,329.59,329.59,329.4,329.5,2004.0,660313.18,660313.18,2026-09-14 06:30:00+00:00,2026-09-14 02:30:00-04:00
1789367700000,329.5,329.5,329.4,329.4,311.0,102447.35,102447.35,2026-09-14 06:35:00+00:00,2026-09-14 02:35:00-04:00
1789368000000,329.4,329.72,329.34,329.72,2194.0,722913.31,722913.31,2026-09-14 06:40:00+00:00,2026-09-14 02:40:00-04:00
1789368300000,329.79,329.96,329.76,329.76,821.0,270795.99,270795.99,2026-09-14 06:45:00+00:00,2026-09-14 02:45:00-04:00
1789368600000,329.7,329.73,329.7,329.72,93.0,30662.59,30662.59,2026-09-14 06:50:00+00:00,2026-09-14 02:50:00-04:00
1789368900000,329.7,329.78,329.7,329.7,1164.0,383793.52,383793.52,2026-09-14 06:55:00+00:00,2026-09-14 02:55:00-04:00
1789369200000,329.71,329.71,329.37,329.41,2965.0,977195.95,977195.95,2026-09-14 07:00:00+00:00,2026-09-14 03:00:00-04:00
1789369500000,329.5,329.61,329.2,329.2,1059.0,348826.97,348826.97,2026-09-14 07:05:00+00:00,2026-09-14 03:05:00-04:00
1789369800000,329.26,329.4,329.18,329.32,1705.0,561491.76,561491.76,2026-09-14 07:10:00+00:00,2026-09-14 03:10:00-04:00
1789370100000,329.33,329.39,329.15,329.15,1549.0,509980.49,509980.49,2026-09-14 07:15:00+00:00,2026-09-14 03:15:00-04:00
1789370400000,329.25,329.38,329.15,329.34,1760.0,579547.12,579547.12,2026-09-14 07:20:00+00:00,2026-09-14 03:20:00-04:00
1789370700000,329.38,330.0,329.38,329.99,1503.0,495714.25,495714.25,2026-09-14 07:25:00+00:00,2026-09-14 03:25:00-04:00
1789371000000,329.85,330.0,329.75,329.81,842.0,277800.95,277800.95,2026-09-14 07:30:00+00:00,2026-09-14 03:30:00-04:00
1789371300000,329.83,330.12,329.83,329.91,2779.0,917081.85,917081.85,2026-09-14 07:35:00+00:00,2026-09-14 03:35:00-04:00
1789371600000,329.91,330.09,329.91,329.91,1272.0,419772.03,419772.03,2026-09-14 07:40:00+00:00,2026-09-14 03:40:00-04:00
1789371900000,329.91,330.03,329.69,330.0,6710.0,2213054.2,2213054.2,2026-09-14 07:45:00+00:00,2026-09-14 03:45:00-04:00
1789372200000,329.93,329.98,329.81,329.82,389.0,128319.31,128319.31,2026-09-14 07:50:00+00:00,2026-09-14 03:50:00-04:00
1789372500000,329.95,330.12,329.82,330.12,814.0,268605.99,268605.99,2026-09-14 07:55:00+00:00,2026-09-14 03:55:00-04:00
1789372800000,330.36,331.4,328.66,331.3,18892.0,6228651.5397,6228651.5397,2026-09-14 08:00:00+00:00,2026-09-14 04:00:00-04:00
1789373100000,331.3104,332.0,329.3,331.6632,15349.923487000002,5087492.909759753,5087492.9097597534628688,2026-09-14 08:05:00+00:00,2026-09-14 04:05:00-04:00
1789373400000,331.66,331.9803,331.37,331.8,2191.0,726733.2679,726733.2679,2026-09-14 08:10:00+00:00,2026-09-14 04:10:00-04:00
1789373700000,331.7112,331.97,331.23,331.2851,3057.0,1014077.8917,1014077.8917,2026-09-14 08:15:00+00:00,2026-09-14 04:15:00-04:00
1789374000000,331.29,331.635,331.23,331.39,472.150828,156438.27564124,156438.27564124,2026-09-14 08:20:00+00:00,2026-09-14 04:20:00-04:00
1789374300000,331.344,331.5988,331.008,331.17,769.063251,254734.2209107559,254734.2209107559,2026-09-14 08:25:00+00:00,2026-09-14 04:25:00-04:00
1789374600000,331.05,331.13,330.6298,330.71,6585.122626,2179267.0687748645,2179267.0687748644,2026-09-14 08:30:00+00:00,2026-09-14 04:30:00-04:00
1789374900000,330.6865,330.91,330.47,330.53,4419.936495,1461284.887275292,1461284.887275292,2026-09-14 08:35:00+00:00,2026-09-14 04:35:00-04:00
1789375200000,330.67,330.69,330.2793,330.405,1780.0,588417.7064,588417.7064,2026-09-14 08:40:00+00:00,2026-09-14 04:40:00-04:00
1789375500000,330.45,330.505,330.061,330.061,709.0,234230.2104,234230.2104,2026-09-14 08:45:00+00:00,2026-09-14 04:45:00-04:00
1789375800000,330.25,330.3196,330.06,330.28,1104.354924,364615.47676012,364615.47676012,2026-09-14 08:50:00+00:00,2026-09-14 04:50:00-04:00
1789376100000,330.2772,331.0,330.17,330.99,4446.111744,1469759.220110464,1469759.220110464,2026-09-14 08:55:00+00:00,2026-09-14 04:55:00-04:00
1789376400000,331.2288,331.26,330.93,331.1842,4200.439964,1390789.982120184,1390789.982120184,2026-09-14 09:00:00+00:00,2026-09-14 05:00:00-04:00
1789376700000,331.03,331.03,330.55,330.55,2109.025075,697436.6577993925,697436.6577993925,2026-09-14 09:05:00+00:00,2026-09-14 05:05:00-04:00
1789377000000,330.61,330.61,330.21,330.26,1726.659804,570523.957504838,570523.957504838,2026-09-14 09:10:00+00:00,2026-09-14 05:10:00-04:00
1789377300000,330.2191,330.6288,330.1,330.25,729.0,240687.7667,240687.7667,2026-09-14 09:15:00+00:00,2026-09-14 05:15:00-04:00
1789377600000,330.1737,330.8415,330.1628,330.6,1602.116636,529571.5423298,529571.5423298,2026-09-14 09:20:00+00:00,2026-09-14 05:20:00-04:00
1789377900000,330.63,330.998,330.63,330.8673,2053.536714,679378.9234406928,679378.9234406929338351,2026-09-14 09:25:00+00:00,2026-09-14 05:25:00-04:00
1789378200000,330.6958,331.1988,330.6958,331.0037,3645.952268000001,1206651.247151167,1206651.2471511669654776,2026-09-14 09:30:00+00:00,2026-09-14 05:30:00-04:00
1789378500000,331.0,331.39,331.0,331.39,4330.201057,1433924.74800287,1433924.7480028699,2026-09-14 09:35:00+00:00,2026-09-14 05:35:00-04:00
1789378800000,331.39,331.39,331.0146,331.16,1576.0,522039.1142,522039.1142,2026-09-14 09:40:00+00:00,2026-09-14 05:40:00-04:00
1789379100000,331.24,331.45,331.023,331.1782,648.0,214664.7072,214664.7072,2026-09-14 09:45:00+00:00,2026-09-14 05:45:00-04:00
1789379400000,331.1788,331.6032,331.09,331.36,2226.460136,737424.2112885632,737424.2112885632,2026-09-14 09:50:00+00:00,2026-09-14 05:50:00-04:00
1789379700000,331.41,331.43,331.11,331.17,1663.083588,551101.8483096856,551101.8483096856,2026-09-14 09:55:00+00:00,2026-09-14 05:55:00-04:00
1789380000000,331.29,331.3788,331.11,331.29,3805.313627,1260808.4909261947,1260808.4909261949,2026-09-14 10:00:00+00:00,2026-09-14 06:00:00-04:00
1789380300000,331.29,331.65,331.13,331.6467,3439.399491,1139538.0499387817,1139538.0499387817,2026-09-14 10:05:00+00:00,2026-09-14 06:05:00-04:00
1789380600000,331.643,331.65,331.2307,331.2572,190.0,63002.5635,63002.5635,2026-09-14 10:10:00+00:00,2026-09-14 06:10:00-04:00
1789380900000,331.41,331.75,331.35,331.7117,880.0,291800.7049,291800.7049,2026-09-14 10:15:00+00:00,2026-09-14 06:15:00-04:00
1789381200000,331.59,331.8902,331.59,331.8902,1773.042837,588166.88579246,588166.88579246,2026-09-14 10:20:00+00:00,2026-09-14 06:20:00-04:00
1789381500000,331.75,331.9,331.61,331.76,1494.016808,495779.8730877376,495779.8730877375668153,2026-09-14 10:25:00+00:00,2026-09-14 06:25:00-04:00
1789381800000,331.736,331.81,331.3512,331.45,2804.102879,930094.4087692528,930094.4087692527,2026-09-14 10:30:00+00:00,2026-09-14 06:30:00-04:00
1789382100000,331.45,331.6988,331.3587,331.51,453.81573,150484.516975865,150484.516975865009948,2026-09-14 10:35:00+00:00,2026-09-14 06:35:00-04:00
1789382400000,331.5,331.7,331.35,331.3532,945.0,313253.3922,313253.3922,2026-09-14 10:40:00+00:00,2026-09-14 06:40:00-04:00
1789382700000,331.42,332.49,331.2,332.446,3022.0,1003553.0826,1003553.0826,2026-09-14 10:45:00+00:00,2026-09-14 06:45:00-04:00
1789383000000,332.46,332.8853,332.46,332.71,8366.512586,2782675.9605164127,2782675.9605164126,2026-09-14 10:50:00+00:00,2026-09-14 06:50:00-04:00
1789383300000,332.57,332.89,332.5,332.51,1890.505964,628922.5766949753,628922.5766949752,2026-09-14 10:55:00+00:00,2026-09-14 06:55:00-04:00
1789383600000,332.5,333.99,332.27,333.84,42290.323954,14082623.784372972,14082623.7843729714,2026-09-14 11:00:00+00:00,2026-09-14 07:00:00-04:00
1789383900000,333.83,333.96,333.3,333.7913,26076.830039,8697993.326610425,8697993.3266104266,2026-09-14 11:05:00+00:00,2026-09-14 07:05:00-04:00
1789384200000,333.8,334.0,333.25,333.39,4539.0,1514732.3443,1514732.3443,2026-09-14 11:10:00+00:00,2026-09-14 07:10:00-04:00
1789384500000,333.3,333.8,333.01,333.72,11009.0,3670570.1702,3670570.1702,2026-09-14 11:15:00+00:00,2026-09-14 07:15:00-04:00
1789384800000,333.62,334.3,333.5,334.09,9473.831,3163754.330878,3163754.330878,2026-09-14 11:20:00+00:00,2026-09-14 07:20:00-04:00
1789385100000,334.12,334.1988,333.42,333.42,10404.711891,3475224.8027722575,3475224.8027722577,2026-09-14 11:25:00+00:00,2026-09-14 07:25:00-04:00
1789385400000,333.55,333.89,333.5,333.85,10803.972467,3605019.07497226,3605019.0749722596,2026-09-14 11:30:00+00:00,2026-09-14 07:30:00-04:00
1789385700000,333.89,333.89,333.3057,333.89,14023.051527,4679038.335663895,4679038.3356638945,2026-09-14 11:35:00+00:00,2026-09-14 07:35:00-04:00
1789386000000,333.71,333.89,333.53,333.84,4825.0,1610680.0623,1610680.0623,2026-09-14 11:40:00+00:00,2026-09-14 07:40:00-04:00
1789386300000,333.67,333.89,333.5,333.5,2483.0,828624.1949,828624.1949,2026-09-14 11:45:00+00:00,2026-09-14 07:45:00-04:00
1789386600000,333.5256,333.64,333.28,333.37,4134.757215,1378994.9105216556,1378994.9105216555,2026-09-14 11:50:00+00:00,2026-09-14 07:50:00-04:00
1789386900000,333.4727,333.65,333.23,333.26,4173.562245,1391472.456420765,1391472.456420765,2026-09-14 11:55:00+00:00,2026-09-14 07:55:00-04:00
1789387200000,333.3092,333.32,332.4015,332.5239,19039.071466,6339322.025923342,6339322.0259233424,2026-09-14 12:00:00+00:00,2026-09-14 08:00:00-04:00
1789387500000,332.48,332.85,332.1465,332.56,7120.0,2367155.8325,2367155.8325,2026-09-14 12:05:00+00:00,2026-09-14 08:05:00-04:00
1789387800000,332.55,332.8457,332.3,332.54,11914.621428,3962432.9789213664,3962432.9789213664,2026-09-14 12:10:00+00:00,2026-09-14 08:10:00-04:00
1789388100000,332.5487,333.27,332.5,332.56,18862.974286,6275229.370954761,6275229.3709547614,2026-09-14 12:15:00+00:00,2026-09-14 08:15:00-04:00
1789388400000,332.68,332.98,332.5,332.8,7500.309192,2495386.343187592,2495386.343187592,2026-09-14 12:20:00+00:00,2026-09-14 08:20:00-04:00
1789388700000,332.79,332.83,332.33,332.33,4225.0,1405109.5489,1405109.5489,2026-09-14 12:25:00+00:00,2026-09-14 08:25:00-04:00
1789389000000,332.41,332.59,332.25,332.3651,4242.0,1410090.5497,1410090.5497,2026-09-14 12:30:00+00:00,2026-09-14 08:30:00-04:00
1789389300000,332.3146,332.32,331.8,331.99,9471.012595,3145150.423731291,3145150.423731291,2026-09-14 12:35:00+00:00,2026-09-14 08:35:00-04:00
1789389600000,331.97,332.5,331.87,332.44,12413.996753,4123860.329034933,4123860.3290349332678888,2026-09-14 12:40:00+00:00,2026-09-14 08:40:00-04:00
1789389900000,332.42,333.69,332.3512,333.44,26865.343681,8944756.024025967,8944756.0240259683658234,2026-09-14 12:45:00+00:00,2026-09-14 08:45:00-04:00
1789390200000,333.52,333.6,333.14,333.3757,12336.268084,4112935.7212698474,4112935.7212698468,2026-09-14 12:50:00+00:00,2026-09-14 08:50:00-04:00
1789390500000,333.32,333.7,333.14,333.67,10408.0,3468537.6882,3468537.6882,2026-09-14 12:55:00+00:00,2026-09-14 08:55:00-04:00
1789390800000,333.69,333.69,333.2,333.2068,8139.0,2714081.4267,2714081.4267,2026-09-14 13:00:00+00:00,2026-09-14 09:00:00-04:00
1789391100000,333.26,333.89,333.2,333.87,10624.303869,3544197.9255394526,3544197.9255394531,2026-09-14 13:05:00+00:00,2026-09-14 09:05:00-04:00
1789391400000,333.7827,334.0,333.58,333.85,15633.37147,5218944.483051318,5218944.483051318,2026-09-14 13:10:00+00:00,2026-09-14 09:10:00-04:00
1789391700000,333.84,334.12,333.5,334.1,17509.912272,5843907.340942054,5843907.3409420544,2026-09-14 13:15:00+00:00,2026-09-14 09:15:00-04:00
1789392000000,334.1075,335.04,334.0,334.41,61458.68192,20558879.959805727,20558879.959805728,2026-09-14 13:20:00+00:00,2026-09-14 09:20:00-04:00
1789392300000,334.4,335.35,334.0,334.94,19711.0,6599073.8051,6599073.8051,2026-09-14 13:25:00+00:00,2026-09-14 09:25:00-04:00
1789392600000,334.83,334.83,331.7451,332.7567,1507040.0,501653861.5893,501653861.5893,2026-09-14 13:30:00+00:00,2026-09-14 09:30:00-04:00
1789392900000,332.765,332.7762,331.34,331.94,996824.0,330748414.9386,330748414.9386,2026-09-14 13:35:00+00:00,2026-09-14 09:35:00-04:00
1789393200000,331.8009,334.2,331.435,332.5,1096567.0,365197092.1509,365197092.1509,2026-09-14 13:40:00+00:00,2026-09-14 09:40:00-04:00
1789393500000,332.46,333.36,332.03,332.7301,610882.0,203250605.3909,203250605.3909,2026-09-14 13:45:00+00:00,2026-09-14 09:45:00-04:00
1789393800000,332.765,334.1413,332.25,334.11,979815.0,326431394.2625,326431394.2625,2026-09-14 13:50:00+00:00,2026-09-14 09:50:00-04:00
1789394100000,334.11,335.08,333.8458,333.935,1360066.0,455066274.6595,455066274.6595,2026-09-14 13:55:00+00:00,2026-09-14 09:55:00-04:00
1789394400000,334.01,334.49,333.665,334.155,411584.0,137508968.6598,137508968.6598,2026-09-14 14:00:00+00:00,2026-09-14 10:00:00-04:00
1789394700000,334.1901,334.63,334.04,334.24,433102.0,144796948.7761,144796948.7761,2026-09-14 14:05:00+00:00,2026-09-14 10:05:00-04:00
1789395000000,334.22,334.2399,333.41,333.51,444299.0,148286319.1515,148286319.1515,2026-09-14 14:10:00+00:00,2026-09-14 10:10:00-04:00
1789395300000,333.52,333.56,332.48,332.71,448792.0,149494747.4293,149494747.4293,2026-09-14 14:15:00+00:00,2026-09-14 10:15:00-04:00
1789395600000,332.71,333.42,332.69,333.01,499270.0,166294952.865,166294952.865,2026-09-14 14:20:00+00:00,2026-09-14 10:20:00-04:00
1789395900000,333.0199,333.28,332.68,333.195,337712.0,112453575.0163,112453575.0163,2026-09-14 14:25:00+00:00,2026-09-14 10:25:00-04:00
1789396200000,333.18,333.467,332.785,333.245,456615.0,152109201.3847,152109201.3847,2026-09-14 14:30:00+00:00,2026-09-14 10:30:00-04:00
1789396500000,333.2,333.29,332.46,333.2,516244.0,171850513.7935,171850513.7935,2026-09-14 14:35:00+00:00,2026-09-14 10:35:00-04:00
1789396800000,333.19,333.1981,332.4201,332.97,367923.0,122450136.5086,122450136.5086,2026-09-14 14:40:00+00:00,2026-09-14 10:40:00-04:00
1789397100000,332.98,333.19,332.81,333.115,320215.0,106629123.6369,106629123.6369,2026-09-14 14:45:00+00:00,2026-09-14 10:45:00-04:00
1789397400000,333.14,333.2,332.46,332.5,871877.0,290106959.6953,290106959.6953,2026-09-14 14:50:00+00:00,2026-09-14 10:50:00-04:00
1789397700000,332.505,332.99,332.118,332.933,556459.0,184990114.2864,184990114.2864,2026-09-14 14:55:00+00:00,2026-09-14 10:55:00-04:00
1789398000000,332.98,333.0,332.42,332.445,278605.0,92699744.682,92699744.682,2026-09-14 15:00:00+00:00,2026-09-14 11:00:00-04:00
1789398300000,332.44,333.46,332.436,333.1,451383.0,150281564.5237,150281564.5237,2026-09-14 15:05:00+00:00,2026-09-14 11:05:00-04:00
1789398600000,333.09,333.0943,332.48,332.715,192770.0,64146747.2712,64146747.2712,2026-09-14 15:10:00+00:00,2026-09-14 11:10:00-04:00
1789398900000,332.7151,333.13,332.545,332.85,260295.0,86632557.0565,86632557.0565,2026-09-14 15:15:00+00:00,2026-09-14 11:15:00-04:00
1789399200000,332.85,332.9,332.43,332.6,353884.0,117686632.3212,117686632.3212,2026-09-14 15:20:00+00:00,2026-09-14 11:20:00-04:00
1789399500000,332.61,332.7899,332.33,332.66,178127.0,59244055.0294,59244055.0294,2026-09-14 15:25:00+00:00,2026-09-14 11:25:00-04:00
1789399800000,332.655,334.37,332.65,334.215,540749.0,180353398.5074,180353398.5074,2026-09-14 15:30:00+00:00,2026-09-14 11:30:00-04:00
1789400100000,334.16,334.65,333.97,334.105,458899.0,153416974.4792,153416974.4792,2026-09-14 15:35:00+00:00,2026-09-14 11:35:00-04:00
1789400400000,334.11,334.59,333.95,334.39,326381.0,109103889.7481,109103889.7481,2026-09-14 15:40:00+00:00,2026-09-14 11:40:00-04:00
1789400700000,334.405,334.95,334.4,334.88,491199.0,164410160.7021,164410160.7021,2026-09-14 15:45:00+00:00,2026-09-14 11:45:00-04:00
1789401000000,334.8806,335.16,334.53,334.715,499923.0,167419692.0782,167419692.0782,2026-09-14 15:50:00+00:00,2026-09-14 11:50:00-04:00
1789401300000,334.71,335.5,334.5001,335.04,598914.0,200734668.601,200734668.601,2026-09-14 15:55:00+00:00,2026-09-14 11:55:00-04:00
1789401600000,335.06,335.49,334.61,334.62,355274.0,119023016.1191,119023016.1191,2026-09-14 16:00:00+00:00,2026-09-14 12:00:00-04:00
1789401900000,334.63,334.9501,334.45,334.9,400227.0,133937026.0601,133937026.0601,2026-09-14 16:05:00+00:00,2026-09-14 12:05:00-04:00
1789402200000,334.91,335.13,334.745,334.901,236996.0,79384065.0394,79384065.0394,2026-09-14 16:10:00+00:00,2026-09-14 12:10:00-04:00
1789402500000,334.91,335.04,334.5,334.79,243924.0,81674849.0324,81674849.0324,2026-09-14 16:15:00+00:00,2026-09-14 12:15:00-04:00
1789402800000,334.8,334.87,334.57,334.73,152838.0,51161888.2276,51161888.2276,2026-09-14 16:20:00+00:00,2026-09-14 12:20:00-04:00
1789403100000,334.715,334.73,334.31,334.585,395348.0,132250346.9085,132250346.9085,2026-09-14 16:25:00+00:00,2026-09-14 12:25:00-04:00
1789403400000,334.59,334.7725,334.1,334.745,332568.0,111215572.4565,111215572.4565,2026-09-14 16:30:00+00:00,2026-09-14 12:30:00-04:00
1789403700000,334.76,334.86,334.6411,334.795,198169.0,66338705.3451,66338705.3451,2026-09-14 16:35:00+00:00,2026-09-14 12:35:00-04:00
1789404000000,334.79,334.988,334.66,334.89,170886.0,57218485.7547,57218485.7547,2026-09-14 16:40:00+00:00,2026-09-14 12:40:00-04:00
1789404300000,334.885,335.02,334.57,334.87,210618.0,70512383.7475,70512383.7475,2026-09-14 16:45:00+00:00,2026-09-14 12:45:00-04:00
1789404600000,334.88,335.26,334.69,335.1242,305059.0,102177586.7488,102177586.7488,2026-09-14 16:50:00+00:00,2026-09-14 12:50:00-04:00
1789404900000,335.15,335.21,334.54,334.86,271282.0,90845888.5972,90845888.5972,2026-09-14 16:55:00+00:00,2026-09-14 12:55:00-04:00
1789405200000,334.855,334.9,334.21,334.43,312593.0,104585233.5599,104585233.5599,2026-09-14 17:00:00+00:00,2026-09-14 13:00:00-04:00
1789405500000,334.3905,334.44,334.19,334.3886,126098.0,42158541.8685,42158541.8685,2026-09-14 17:05:00+00:00,2026-09-14 13:05:00-04:00
1789405800000,334.385,335.18,334.37,334.795,430960.0,144252960.6964,144252960.6964,2026-09-14 17:10:00+00:00,2026-09-14 13:10:00-04:00
1789406100000,334.78,334.8099,334.0,334.24,242911.0,81206059.6342,81206059.6342,2026-09-14 17:15:00+00:00,2026-09-14 13:15:00-04:00
1789406400000,334.26,334.65,334.18,334.6,184331.0,61647387.5619,61647387.5619,2026-09-14 17:20:00+00:00,2026-09-14 13:20:00-04:00
1789406700000,334.59,334.675,334.41,334.62,167932.0,56178507.0274,56178507.0274,2026-09-14 17:25:00+00:00,2026-09-14 13:25:00-04:00
1789407000000,334.62,334.63,334.265,334.37,149979.0,50154959.5714,50154959.5714,2026-09-14 17:30:00+00:00,2026-09-14 13:30:00-04:00
1789407300000,334.36,334.7099,334.29,334.6499,144339.0,48283414.7662,48283414.7662,2026-09-14 17:35:00+00:00,2026-09-14 13:35:00-04:00
1789407600000,334.6664,334.715,334.45,334.56,98202.0,32858269.4392,32858269.4392,2026-09-14 17:40:00+00:00,2026-09-14 13:40:00-04:00
1789407900000,334.555,334.66,334.34,334.34,141225.0,47244082.0084,47244082.0084,2026-09-14 17:45:00+00:00,2026-09-14 13:45:00-04:00
1789408200000,334.36,334.405,334.01,334.17,261950.0,87548696.089,87548696.089,2026-09-14 17:50:00+00:00,2026-09-14 13:50:00-04:00
1789408500000,334.175,334.23,333.8101,333.875,238167.0,79561756.3585,79561756.3585,2026-09-14 17:55:00+00:00,2026-09-14 13:55:00-04:00
1789408800000,333.87,333.94,333.57,333.815,156054.0,52084703.0002,52084703.0002,2026-09-14 18:00:00+00:00,2026-09-14 14:00:00-04:00
1789409100000,333.815,333.97,333.6401,333.79,165857.0,55366782.6012,55366782.6012,2026-09-14 18:05:00+00:00,2026-09-14 14:05:00-04:00
1789409400000,333.795,334.158,333.7601,334.1415,194693.0,65024480.5834,65024480.5834,2026-09-14 18:10:00+00:00,2026-09-14 14:10:00-04:00
1789409700000,334.15,334.32,334.04,334.19,148086.0,49486190.2774,49486190.2774,2026-09-14 18:15:00+00:00,2026-09-14 14:15:00-04:00
1789410000000,334.1701,334.36,334.06,334.2999,171568.0,57338323.3116,57338323.3116,2026-09-14 18:20:00+00:00,2026-09-14 14:20:00-04:00
1789410300000,334.29,334.54,334.1501,334.49,118358.0,39567834.9113,39567834.9113,2026-09-14 18:25:00+00:00,2026-09-14 14:25:00-04:00
1789410600000,334.49,334.61,333.48,334.24,577343.0,192958991.4027,192958991.4027,2026-09-14 18:30:00+00:00,2026-09-14 14:30:00-04:00
1789410900000,334.2,334.44,333.815,334.35,256022.0,85555465.278,85555465.278,2026-09-14 18:35:00+00:00,2026-09-14 14:35:00-04:00
1789411200000,334.335,334.54,334.18,334.5334,250610.0,83800376.3295,83800376.3295,2026-09-14 18:40:00+00:00,2026-09-14 14:40:00-04:00
1789411500000,334.54,334.75,334.405,334.63,194216.572744,64976367.080582,64976367.080581996,2026-09-14 18:45:00+00:00,2026-09-14 14:45:00-04:00
1789411800000,334.63,334.72,334.27,334.4346,201683.872099,67476018.15648337,67476018.1564833686,2026-09-14 18:50:00+00:00,2026-09-14 14:50:00-04:00
1789412100000,334.44,334.48,334.12,334.14,177594.0,59374981.9364,59374981.9364,2026-09-14 18:55:00+00:00,2026-09-14 14:55:00-04:00
1789412400000,334.17,334.53,333.8427,334.35,258203.0,86283082.2527,86283082.2527,2026-09-14 19:00:00+00:00,2026-09-14 15:00:00-04:00
1789412700000,334.34,334.63,334.2844,334.6,245697.565721,82172664.25655238,82172664.256552381488776,2026-09-14 19:05:00+00:00,2026-09-14 15:05:00-04:00
1789413000000,334.6,335.38,334.59,335.25,619455.0,207493824.2169,207493824.2169,2026-09-14 19:10:00+00:00,2026-09-14 15:10:00-04:00
1789413300000,335.24,335.42,335.12,335.1424,454730.0,152459011.9422,152459011.9422,2026-09-14 19:15:00+00:00,2026-09-14 15:15:00-04:00
1789413600000,335.135,335.2399,334.47,334.64,418178.0,140017737.885,140017737.885,2026-09-14 19:20:00+00:00,2026-09-14 15:20:00-04:00
1789413900000,334.64,334.7299,334.29,334.4,256964.0,85944625.7098,85944625.7098,2026-09-14 19:25:00+00:00,2026-09-14 15:25:00-04:00
1789414200000,334.3999,334.59,334.1735,334.47,319493.33749,106820978.14515439,106820978.145154386,2026-09-14 19:30:00+00:00,2026-09-14 15:30:00-04:00
1789414500000,334.48,334.58,334.29,334.535,209324.708752,70009416.83895977,70009416.8389597712,2026-09-14 19:35:00+00:00,2026-09-14 15:35:00-04:00
1789414800000,334.54,334.57,333.93,333.932,284884.0,95235883.6283,95235883.6283,2026-09-14 19:40:00+00:00,2026-09-14 15:40:00-04:00
1789415100000,333.935,334.14,333.782,333.87,477479.0,159457152.9599,159457152.9599,2026-09-14 19:45:00+00:00,2026-09-14 15:45:00-04:00
1789415400000,334.06,334.41,333.82,334.03,488969.0,163429856.3764,163429856.3764,2026-09-14 19:50:00+00:00,2026-09-14 15:50:00-04:00
1789415700000,334.04,334.11,333.0,333.08,2846020.0,948468498.5507,948468498.5507,2026-09-14 19:55:00+00:00,2026-09-14 15:55:00-04:00
1789416000000,333.08,333.3,332.97,333.24,281552.0,93779537.2417,93779537.2417,2026-09-14 20:00:00+00:00,2026-09-14 16:00:00-04:00
1789416300000,333.2,333.2437,333.0,333.1,46648.95557,15537898.15720016,15537898.15720016,2026-09-14 20:05:00+00:00,2026-09-14 16:05:00-04:00
1789416600000,333.06,333.1477,332.88,333.03,372527.0,124081183.3171,124081183.3171,2026-09-14 20:10:00+00:00,2026-09-14 16:10:00-04:00
1789416900000,333.03,333.08,332.93,332.999,869.0,289374.4379,289374.4379,2026-09-14 20:15:00+00:00,2026-09-14 16:15:00-04:00
1789417200000,333.0,333.0,332.8537,332.9305,134767.413297,44888098.209539376,44888098.2095393761,2026-09-14 20:20:00+00:00,2026-09-14 16:20:00-04:00
1789417500000,332.94,332.95,332.82,332.91,2644.936048,880478.2163804,880478.2163804,2026-09-14 20:25:00+00:00,2026-09-14 16:25:00-04:00
1789417800000,332.91,333.0,332.91,332.92,3522.817093,1172936.068254687,1172936.0682546870001136,2026-09-14 20:30:00+00:00,2026-09-14 16:30:00-04:00
1789418100000,332.9955,333.0,332.82,332.9975,3820.305743,1271807.7224071983,1271807.7224071982,2026-09-14 20:35:00+00:00,2026-09-14 16:35:00-04:00
1789418400000,333.0,333.08,332.82,333.08,19857.576279,6612423.222684538,6612423.2226845383670547,2026-09-14 20:40:00+00:00,2026-09-14 16:40:00-04:00
1789418700000,332.88,333.0,332.82,332.91,1309.0,435837.2491,435837.2491,2026-09-14 20:45:00+00:00,2026-09-14 16:45:00-04:00
1789419000000,332.9,333.0,332.9,332.9078,408.0,135841.2507,135841.2507,2026-09-14 20:50:00+00:00,2026-09-14 16:50:00-04:00
1789419300000,332.94,332.99,332.85,332.9,868898.1816880001,289299625.3621196,289299625.362119633295,2026-09-14 20:55:00+00:00,2026-09-14 16:55:00-04:00
1789419600000,332.8912,332.95,332.71,332.75,1201.397803,399929.9311314499,399929.9311314499,2026-09-14 21:00:00+00:00,2026-09-14 17:00:00-04:00
1789419900000,332.76,332.83,332.711,332.8,2183.628179,709299.8773930698,709299.8773930697667154,2026-09-14 21:05:00+00:00,2026-09-14 17:05:00-04:00
1789420200000,332.8,333.0,332.78,332.93,28469.420405,9459804.616189407,9459804.6161894065,2026-09-14 21:10:00+00:00,2026-09-14 17:10:00-04:00
1789420500000,332.9007,332.98,332.9,332.9355,206.0,68584.432,68584.432,2026-09-14 21:15:00+00:00,2026-09-14 17:15:00-04:00
1789420800000,332.9124,332.9592,332.85,332.8577,419.0,139491.6912,139491.6912,2026-09-14 21:20:00+00:00,2026-09-14 17:20:00-04:00
1789421100000,332.83,332.95,332.81,332.81,479.905986,159735.0184401,159735.0184401,2026-09-14 21:25:00+00:00,2026-09-14 17:25:00-04:00
1789421400000,332.8135,332.95,332.8112,332.86,233.226571,77632.00384654339,77632.0038465433933427,2026-09-14 21:30:00+00:00,2026-09-14 17:30:00-04:00
1789421700000,332.83,332.89,332.81,332.89,1661.730003,553075.4633634915,553075.4633634915,2026-09-14 21:35:00+00:00,2026-09-14 17:35:00-04:00
1789422000000,332.84,332.9499,332.76,332.78,34948.0,11640443.5014,11640443.5014,2026-09-14 21:40:00+00:00,2026-09-14 17:40:00-04:00
1789422300000,332.761,332.8,332.7512,332.8,217.0,72216.1877,72216.1877,2026-09-14 21:45:00+00:00,2026-09-14 17:45:00-04:00
1789422600000,332.75,332.8,332.75,332.7562,439168.18862,146177122.246567,146177122.246567,2026-09-14 21:50:00+00:00,2026-09-14 17:50:00-04:00
1789422900000,332.79,332.94,332.75,332.8012,338.07279900000003,112508.533970406,112508.5339704060099838,2026-09-14 21:55:00+00:00,2026-09-14 17:55:00-04:00
1789423200000,332.89,332.94,332.76,332.88,1172.2488939999998,390174.2123767479,390174.2123767479334316,2026-09-14 22:00:00+00:00,2026-09-14 18:00:00-04:00
1789423500000,332.84,332.9,332.6,332.7182,1489.6022380000002,495768.07620914583,495768.0762091458665638,2026-09-14 22:05:00+00:00,2026-09-14 18:05:00-04:00
1789423800000,332.603,332.72,332.603,332.7,749.092219,249232.1965373798,249232.1965373798,2026-09-14 22:10:00+00:00,2026-09-14 18:10:00-04:00
1789424100000,332.6805,332.6805,332.4,332.5399,1606.0,534105.9966,534105.9966,2026-09-14 22:15:00+00:00,2026-09-14 18:15:00-04:00
1789424400000,332.5462,332.597,332.4037,332.5071,224.634,74685.4428854,74685.4428854,2026-09-14 22:20:00+00:00,2026-09-14 18:20:00-04:00
1789424700000,332.501,332.6,332.38,332.53,419.0,139323.8066,139323.8066,2026-09-14 22:25:00+00:00,2026-09-14 18:25:00-04:00
1789425000000,332.53,332.6,332.4394,332.53,148.06674600000002,49240.976510069406,49240.9765100694066513,2026-09-14 22:30:00+00:00,2026-09-14 18:30:00-04:00
1789425300000,332.6,332.6,332.3757,332.5,446.791486,148537.698895158,148537.698895158,2026-09-14 22:35:00+00:00,2026-09-14 18:35:00-04:00
1789425600000,332.54,332.5833,332.37,332.37,1175.0,390677.3102,390677.3102,2026-09-14 22:40:00+00:00,2026-09-14 18:40:00-04:00
1789425900000,332.38,332.5,332.37,332.42,159.0,52852.68,52852.68,2026-09-14 22:45:00+00:00,2026-09-14 18:45:00-04:00
1789426200000,332.495,332.5,332.37,332.47,527.273007,175280.5411394157,175280.5411394157,2026-09-14 22:50:00+00:00,2026-09-14 18:50:00-04:00
1789426500000,332.4987,332.5,332.4415,332.4415,2574.020543,855859.289450215,855859.289450215,2026-09-14 22:55:00+00:00,2026-09-14 18:55:00-04:00
1789426800000,332.47,332.5,332.37,332.39,1514.020425,503373.757891745,503373.757891745,2026-09-14 23:00:00+00:00,2026-09-14 19:00:00-04:00
1789427100000,332.4285,332.4967,332.3712,332.49,473.524893,157430.0158730067,157430.0158730067,2026-09-14 23:05:00+00:00,2026-09-14 19:05:00-04:00
1789427400000,332.42,332.5,332.37,332.5,1542.010566,512703.4597107746,512703.4597107746,2026-09-14 23:10:00+00:00,2026-09-14 19:10:00-04:00
1789427700000,332.373,332.49,332.08,332.2945,535.0,177809.4579,177809.4579,2026-09-14 23:15:00+00:00,2026-09-14 19:15:00-04:00
1789428000000,332.0852,332.2945,332.0827,332.26,700.624884,232705.4098727808,232705.4098727808,2026-09-14 23:20:00+00:00,2026-09-14 19:20:00-04:00
1789428300000,332.25,332.2892,332.2201,332.28,465.0,154506.1313,154506.1313,2026-09-14 23:25:00+00:00,2026-09-14 19:25:00-04:00
1789428600000,332.2193,332.33,332.2,332.33,2756.824081,916009.743373465,916009.743373465,2026-09-14 23:30:00+00:00,2026-09-14 19:30:00-04:00
1789428900000,332.2267,332.4888,332.2267,332.3,431.969685,143563.8720976635,143563.8720976635,2026-09-14 23:35:00+00:00,2026-09-14 19:35:00-04:00
1789429200000,332.324,332.48,332.11,332.2301,409.0,135900.6809,135900.6809,2026-09-14 23:40:00+00:00,2026-09-14 19:40:00-04:00
1789429500000,332.2,332.32,332.11,332.305,618.0,205273.9584,205273.9584,2026-09-14 23:45:00+00:00,2026-09-14 19:45:00-04:00
1789429800000,332.115,332.39,332.11,332.1365,962.485482,319724.85466709,319724.85466709,2026-09-14 23:50:00+00:00,2026-09-14 19:50:00-04:00
1789430100000,332.3835,332.39,332.11,332.23,1097.320024,364570.6912058824,364570.6912058824,2026-09-14 23:55:00+00:00,2026-09-14 19:55:00-04:00
1789430400000,332.1,332.5,331.83,332.0,776.0,257718.6,257718.6,2026-09-15 00:00:00+00:00,2026-09-14 20:00:00-04:00
1789430700000,332.01,332.2,331.81,332.15,412.0,136780.39,136780.39,2026-09-15 00:05:00+00:00,2026-09-14 20:05:00-04:00
1789431000000,332.12,332.19,332.06,332.16,597.0,198277.26,198277.26,2026-09-15 00:10:00+00:00,2026-09-14 20:10:00-04:00
1789431300000,332.16,332.17,332.01,332.13,74.0,24574.36,24574.36,2026-09-15 00:15:00+00:00,2026-09-14 20:15:00-04:00
1789431600000,332.08,332.08,332.04,332.04,182.0,60434.52,60434.52,2026-09-15 00:20:00+00:00,2026-09-14 20:20:00-04:00
1789431900000,332.04,332.04,331.9,331.9,725.0,240687.83,240687.83,2026-09-15 00:25:00+00:00,2026-09-14 20:25:00-04:00
1789432200000,331.89,331.93,331.89,331.9,285.0,94590.55,94590.55,2026-09-15 00:30:00+00:00,2026-09-14 20:30:00-04:00
1789432500000,331.82,332.0,331.81,332.0,346.0,114846.94,114846.94,2026-09-15 00:35:00+00:00,2026-09-14 20:35:00-04:00
1789432800000,332.0,332.07,332.0,332.05,237.0,78691.43,78691.43,2026-09-15 00:40:00+00:00,2026-09-14 20:40:00-04:00
1789433100000,332.0,332.04,331.8,332.01,1331.0,441768.2,441768.2,2026-09-15 00:45:00+00:00,2026-09-14 20:45:00-04:00
1789433400000,332.04,332.07,332.0,332.0,34.0,11289.03,11289.03,2026-09-15 00:50:00+00:00,2026-09-14 20:50:00-04:00
1789433700000,332.04,332.1,332.01,332.02,396.0,131490.53,131490.53,2026-09-15 00:55:00+00:00,2026-09-14 20:55:00-04:00
1789434000000,332.02,332.08,331.97,332.05,27.0,8964.37,8964.37,2026-09-15 01:00:00+00:00,2026-09-14 21:00:00-04:00
1789434300000,332.05,332.08,332.0,332.08,72.0,23908.08,23908.08,2026-09-15 01:05:00+00:00,2026-09-14 21:05:00-04:00
1789434600000,332.06,332.14,332.06,332.08,141.0,46828.75,46828.75,2026-09-15 01:10:00+00:00,2026-09-14 21:10:00-04:00
1789434900000,332.08,332.18,332.08,332.18,196.0,65100.97,65100.97,2026-09-15 01:15:00+00:00,2026-09-14 21:15:00-04:00
1789435200000,332.16,332.16,332.03,332.03,25.0,8301.61,8301.61,2026-09-15 01:20:00+00:00,2026-09-14 21:20:00-04:00
1789435500000,332.08,332.15,332.02,332.02,38.0,12620.72,12620.72,2026-09-15 01:25:00+00:00,2026-09-14 21:25:00-04:00
1789435800000,332.03,332.04,331.87,331.89,443.0,147057.94,147057.94,2026-09-15 01:30:00+00:00,2026-09-14 21:30:00-04:00
1789436100000,331.87,332.0,331.82,332.0,521.0,172943.53,172943.53,2026-09-15 01:35:00+00:00,2026-09-14 21:35:00-04:00
1789436400000,331.96,331.96,331.81,331.85,593.0,196828.75,196828.75,2026-09-15 01:40:00+00:00,2026-09-14 21:40:00-04:00
1789436700000,331.85,331.91,331.81,331.83,122.0,40482.49,40482.49,2026-09-15 01:45:00+00:00,2026-09-14 21:45:00-04:00
1789437000000,331.82,331.89,331.74,331.87,670.0,222307.24,222307.24,2026-09-15 01:50:00+00:00,2026-09-14 21:50:00-04:00
1789437300000,331.82,331.89,331.79,331.85,503.0,166920.79,166920.79,2026-09-15 01:55:00+00:00,2026-09-14 21:55:00-04:00
1789437600000,331.85,331.87,331.8,331.83,253.0,83958.08,83958.08,2026-09-15 02:00:00+00:00,2026-09-14 22:00:00-04:00
1789437900000,331.84,331.85,331.75,331.76,360.0,119455.28,119455.28,2026-09-15 02:05:00+00:00,2026-09-14 22:05:00-04:00
1789438200000,331.76,331.77,331.74,331.74,282.0,93554.97,93554.97,2026-09-15 02:10:00+00:00,2026-09-14 22:10:00-04:00
1789438500000,331.75,331.76,331.74,331.74,101.0,33506.67,33506.67,2026-09-15 02:15:00+00:00,2026-09-14 22:15:00-04:00
1789438800000,331.74,331.75,331.69,331.74,197.0,65348.73,65348.73,2026-09-15 02:20:00+00:00,2026-09-14 22:20:00-04:00
1789439100000,331.71,331.76,331.71,331.71,39.0,12937.52,12937.52,2026-09-15 02:25:00+00:00,2026-09-14 22:25:00-04:00
1789439400000,331.76,331.77,331.68,331.75,560.0,185760.69,185760.69,2026-09-15 02:30:00+00:00,2026-09-14 22:30:00-04:00
1789439700000,331.75,331.75,331.69,331.69,129.0,42794.62,42794.62,2026-09-15 02:35:00+00:00,2026-09-14 22:35:00-04:00
1789440000000,331.71,331.72,331.66,331.66,170.0,56390.09,56390.09,2026-09-15 02:40:00+00:00,2026-09-14 22:40:00-04:00
1789440300000,331.66,331.71,331.63,331.66,150.0,49752.05,49752.05,2026-09-15 02:45:00+00:00,2026-09-14 22:45:00-04:00
1789440600000,331.67,331.67,331.65,331.67,9.0,2985.0,2985,2026-09-15 02:50:00+00:00,2026-09-14 22:50:00-04:00
1789440900000,331.68,331.73,331.64,331.7,395.0,131019.36,131019.36,2026-09-15 02:55:00+00:00,2026-09-14 22:55:00-04:00
1789441200000,331.69,331.74,331.65,331.7,123.0,40799.11,40799.11,2026-09-15 03:00:00+00:00,2026-09-14 23:00:00-04:00
1789441500000,331.62,331.68,331.62,331.68,18.0,5970.06,5970.06,2026-09-15 03:05:00+00:00,2026-09-14 23:05:00-04:00
1789441800000,331.67,331.69,331.65,331.65,356.0,118073.16,118073.16,2026-09-15 03:10:00+00:00,2026-09-14 23:10:00-04:00
1789442100000,331.69,331.69,331.63,331.63,153.0,50741.8,50741.8,2026-09-15 03:15:00+00:00,2026-09-14 23:15:00-04:00
1789442400000,331.63,331.66,331.63,331.66,84.0,27857.92,27857.92,2026-09-15 03:20:00+00:00,2026-09-14 23:20:00-04:00
1789442700000,331.65,331.65,331.65,331.65,1.0,331.65,331.65,2026-09-15 03:25:00+00:00,2026-09-14 23:25:00-04:00
1789443000000,331.63,331.66,331.54,331.56,1930.0,639936.47,639936.47,2026-09-15 03:30:00+00:00,2026-09-14 23:30:00-04:00
1789443300000,331.56,331.57,331.53,331.53,126.0,41775.53,41775.53,2026-09-15 03:35:00+00:00,2026-09-14 23:35:00-04:00
1789443600000,331.54,331.58,331.53,331.56,53.0,17571.6,17571.6,2026-09-15 03:40:00+00:00,2026-09-14 23:40:00-04:00
1789443900000,331.57,331.6,331.54,331.58,248.0,82230.34,82230.34,2026-09-15 03:45:00+00:00,2026-09-14 23:45:00-04:00
1789444200000,331.59,331.64,331.5,331.5,823.0,272863.64,272863.64,2026-09-15 03:50:00+00:00,2026-09-14 23:50:00-04:00
1789444500000,331.51,331.52,331.46,331.49,429.0,142213.63,142213.63,2026-09-15 03:55:00+00:00,2026-09-14 23:55:00-04:00
1789444800000,331.51,331.67,331.5,331.58,946.0,313710.62,313710.62,2026-09-15 04:00:00+00:00,2026-09-15 00:00:00-04:00
1789445100000,331.57,331.63,331.57,331.63,89.0,29513.07,29513.07,2026-09-15 04:05:00+00:00,2026-09-15 00:05:00-04:00
1789445400000,331.58,331.65,331.55,331.65,575.0,190671.23,190671.23,2026-09-15 04:10:00+00:00,2026-09-15 00:10:00-04:00
1789445700000,331.65,331.66,331.65,331.66,46.0,15255.91,15255.91,2026-09-15 04:15:00+00:00,2026-09-15 00:15:00-04:00
1789446000000,331.65,331.65,331.6,331.6,716.0,237444.54,237444.54,2026-09-15 04:20:00+00:00,2026-09-15 00:20:00-04:00
1789446300000,331.6,331.6,331.55,331.56,295.0,97814.84,97814.84,2026-09-15 04:25:00+00:00,2026-09-15 00:25:00-04:00
1789446600000,331.56,331.59,331.4,331.4,414.0,137251.48,137251.48,2026-09-15 04:30:00+00:00,2026-09-15 00:30:00-04:00
1789446900000,331.41,331.43,331.18,331.21,628.0,208057.03,208057.03,2026-09-15 04:35:00+00:00,2026-09-15 00:35:00-04:00
1789447200000,331.25,331.34,331.24,331.28,421.0,139472.83,139472.83,2026-09-15 04:40:00+00:00,2026-09-15 00:40:00-04:00
1789447500000,331.26,331.26,330.5,330.6,4626.0,1530491.67,1530491.67,2026-09-15 04:45:00+00:00,2026-09-15 00:45:00-04:00
1789447800000,330.66,330.89,330.65,330.89,370.0,122392.52,122392.52,2026-09-15 04:50:00+00:00,2026-09-15 00:50:00-04:00
1789448100000,330.85,330.85,330.72,330.81,169.0,55910.38,55910.38,2026-09-15 04:55:00+00:00,2026-09-15 00:55:00-04:00
1789448400000,330.82,330.82,330.51,330.57,597.0,197402.46,197402.46,2026-09-15 05:00:00+00:00,2026-09-15 01:00:00-04:00
1789448700000,330.67,330.67,330.51,330.51,110.0,36364.82,36364.82,2026-09-15 05:05:00+00:00,2026-09-15 01:05:00-04:00
1789449000000,330.52,330.58,330.42,330.45,1118.0,369477.19,369477.19,2026-09-15 05:10:00+00:00,2026-09-15 01:10:00-04:00
1789449300000,330.45,330.49,330.36,330.47,1951.0,644671.67,644671.67,2026-09-15 05:15:00+00:00,2026-09-15 01:15:00-04:00
1789449600000,330.42,330.54,330.42,330.52,222.0,73370.67,73370.67,2026-09-15 05:20:00+00:00,2026-09-15 01:20:00-04:00
1789449900000,330.52,330.73,330.52,330.66,2694.0,890659.99,890659.99,2026-09-15 05:25:00+00:00,2026-09-15 01:25:00-04:00
1789450200000,330.72,330.84,330.66,330.69,967.0,319866.09,319866.09,2026-09-15 05:30:00+00:00,2026-09-15 01:30:00-04:00
1789450500000,330.7,330.7,330.56,330.63,287.0,94885.81,94885.81,2026-09-15 05:35:00+00:00,2026-09-15 01:35:00-04:00
1789450800000,330.63,330.72,330.63,330.72,228.0,75399.28,75399.28,2026-09-15 05:40:00+00:00,2026-09-15 01:40:00-04:00
1789451100000,330.73,330.93,330.73,330.88,552.0,182608.43,182608.43,2026-09-15 05:45:00+00:00,2026-09-15 01:45:00-04:00
1789451400000,330.88,330.93,330.83,330.93,196.0,64857.77,64857.77,2026-09-15 05:50:00+00:00,2026-09-15 01:50:00-04:00
1789451700000,330.94,330.98,330.79,330.89,445.0,147234.01,147234.01,2026-09-15 05:55:00+00:00,2026-09-15 01:55:00-04:00
1789452000000,330.86,331.06,330.86,330.97,1170.0,387269.36,387269.36,2026-09-15 06:00:00+00:00,2026-09-15 02:00:00-04:00
1789452300000,330.97,330.98,330.85,330.91,1400.0,463265.69,463265.69,2026-09-15 06:05:00+00:00,2026-09-15 02:05:00-04:00
1789452600000,330.82,330.86,330.75,330.77,365.0,120744.1,120744.1,2026-09-15 06:10:00+00:00,2026-09-15 02:10:00-04:00
1789452900000,330.77,330.88,330.73,330.88,240.0,79391.56,79391.56,2026-09-15 06:15:00+00:00,2026-09-15 02:15:00-04:00
1789453200000,330.89,330.9,330.79,330.8,1074.0,355322.76,355322.76,2026-09-15 06:20:00+00:00,2026-09-15 02:20:00-04:00
1789453500000,330.75,330.8,330.66,330.68,557.0,184238.58,184238.58,2026-09-15 06:25:00+00:00,2026-09-15 02:25:00-04:00
1789453800000,330.68,330.68,330.52,330.52,1288.0,425819.58,425819.58,2026-09-15 06:30:00+00:00,2026-09-15 02:30:00-04:00
1789454100000,330.52,330.64,330.4,330.44,776.0,256443.61,256443.61,2026-09-15 06:35:00+00:00,2026-09-15 02:35:00-04:00
1789454400000,330.6,330.61,330.6,330.61,328.0,108439.19,108439.19,2026-09-15 06:40:00+00:00,2026-09-15 02:40:00-04:00
1789454700000,330.61,330.74,330.61,330.63,544.0,179874.78,179874.78,2026-09-15 06:45:00+00:00,2026-09-15 02:45:00-04:00
1789455000000,330.7,330.7,330.47,330.47,409.0,135220.23,135220.23,2026-09-15 06:50:00+00:00,2026-09-15 02:50:00-04:00
1789455300000,330.47,330.63,330.47,330.53,320.0,105773.51,105773.51,2026-09-15 06:55:00+00:00,2026-09-15 02:55:00-04:00
1789455600000,330.51,330.57,330.45,330.57,546.0,180449.56,180449.56,2026-09-15 07:00:00+00:00,2026-09-15 03:00:00-04:00
1789455900000,330.56,330.64,330.45,330.52,901.0,297813.06,297813.06,2026-09-15 07:05:00+00:00,2026-09-15 03:05:00-04:00
1789456200000,330.51,330.52,330.45,330.45,881.0,291134.93,291134.93,2026-09-15 07:10:00+00:00,2026-09-15 03:10:00-04:00
1789456500000,330.45,330.6,330.45,330.58,788.0,260469.86,260469.86,2026-09-15 07:15:00+00:00,2026-09-15 03:15:00-04:00
1789456800000,330.6,330.85,330.6,330.85,853.0,282117.94,282117.94,2026-09-15 07:20:00+00:00,2026-09-15 03:20:00-04:00
1789457100000,330.84,330.88,330.64,330.64,591.0,195478.38,195478.38,2026-09-15 07:25:00+00:00,2026-09-15 03:25:00-04:00
1789457400000,330.75,330.83,330.75,330.75,1126.0,372462.64,372462.64,2026-09-15 07:30:00+00:00,2026-09-15 03:30:00-04:00
1789457700000,330.74,330.74,330.44,330.44,548.0,181115.75,181115.75,2026-09-15 07:35:00+00:00,2026-09-15 03:35:00-04:00
1789458000000,330.44,330.47,330.3,330.34,646.0,213421.03,213421.03,2026-09-15 07:40:00+00:00,2026-09-15 03:40:00-04:00
1789458300000,330.34,330.34,330.09,330.09,2750.0,908067.55,908067.55,2026-09-15 07:45:00+00:00,2026-09-15 03:45:00-04:00
1789458600000,330.18,330.27,330.12,330.22,1275.0,421018.65,421018.65,2026-09-15 07:50:00+00:00,2026-09-15 03:50:00-04:00
1789458900000,330.22,330.29,330.13,330.29,1023.0,337803.34,337803.34,2026-09-15 07:55:00+00:00,2026-09-15 03:55:00-04:00
1789459200000,330.23,333.08,330.09,330.4788,16499.0,5459756.451,5459756.451,2026-09-15 08:00:00+00:00,2026-09-15 04:00:00-04:00
1789459500000,330.47,331.41,330.3,330.5235,4962.431583,1639970.809225616,1639970.8092256161,2026-09-15 08:05:00+00:00,2026-09-15 04:05:00-04:00
1789459800000,330.57,331.35,330.4612,331.31,1296.0,428809.3999,428809.3999,2026-09-15 08:10:00+00:00,2026-09-15 04:10:00-04:00
1789460100000,331.2202,331.38,330.656,330.7703,1128.0,373487.0482,373487.0482,2026-09-15 08:15:00+00:00,2026-09-15 04:15:00-04:00
1789460400000,330.7712,330.9988,330.64,330.85,1296.0,428701.9714,428701.9714,2026-09-15 08:20:00+00:00,2026-09-15 04:20:00-04:00
1789460700000,330.9,331.1688,330.81,330.96,1016.154566,336265.6807325104,336265.6807325103669126,2026-09-15 08:25:00+00:00,2026-09-15 04:25:00-04:00
1789461000000,331.1988,331.1988,330.9512,330.9545,125.0,41374.9982,41374.9982,2026-09-15 08:30:00+00:00,2026-09-15 04:30:00-04:00
1789461300000,330.95,331.1988,330.95,330.9512,112.0,37069.3372,37069.3372,2026-09-15 08:35:00+00:00,2026-09-15 04:35:00-04:00
1789461600000,330.963,331.189,330.95,330.99,723.166112,239333.7243664,239333.7243664,2026-09-15 08:40:00+00:00,2026-09-15 04:40:00-04:00
1789461900000,330.8,331.0635,330.8,330.8162,115.0,38059.85,38059.85,2026-09-15 08:45:00+00:00,2026-09-15 04:45:00-04:00
1789462200000,331.0635,331.083,330.81,330.81,442.0,146243.8212,146243.8212,2026-09-15 08:50:00+00:00,2026-09-15 04:50:00-04:00
1789462500000,330.8025,330.878,330.7522,330.8377,441.111452,145922.94569338,145922.94569338,2026-09-15 08:55:00+00:00,2026-09-15 04:55:00-04:00
1789462800000,330.8377,330.8377,330.7415,330.77,188.0,62184.5831,62184.5831,2026-09-15 09:00:00+00:00,2026-09-15 05:00:00-04:00
1789463100000,330.8377,330.8388,330.7035,330.75,1949.503269,644864.8541708164,644864.8541708164,2026-09-15 09:05:00+00:00,2026-09-15 05:05:00-04:00
1789463400000,330.8365,330.8365,330.46,330.57,1959.217961,647895.8353706131,647895.8353706131,2026-09-15 09:10:00+00:00,2026-09-15 05:10:00-04:00
1789463700000,330.4682,330.7888,330.4682,330.58,1334.212438,441172.3079972906,441172.3079972906,2026-09-15 09:15:00+00:00,2026-09-15 05:15:00-04:00
1789464000000,330.51,330.7888,330.51,330.7788,2447.502354,809146.2362342831,809146.2362342831008198,2026-09-15 09:20:00+00:00,2026-09-15 05:20:00-04:00
1789464300000,330.6099,330.7888,330.6099,330.7865,264.0,87309.8395,87309.8395,2026-09-15 09:25:00+00:00,2026-09-15 05:25:00-04:00
1789464600000,330.6535,330.855,330.6427,330.855,907.117237,299969.77428312495,299969.7742831249669375,2026-09-15 09:30:00+00:00,2026-09-15 05:30:00-04:00
1789464900000,330.83,331.0688,330.7112,331.0688,3021.167947,999503.1100154186,999503.1100154186,2026-09-15 09:35:00+00:00,2026-09-15 05:35:00-04:00
1789465200000,331.0,331.0588,330.76,330.7961,451.0,149232.9467,149232.9467,2026-09-15 09:40:00+00:00,2026-09-15 05:40:00-04:00
1789465500000,330.67,330.82,330.64,330.6489,1683.0,556566.8568,556566.8568,2026-09-15 09:45:00+00:00,2026-09-15 05:45:00-04:00
1789465800000,330.8088,330.8188,330.6,330.7007,713.787342,236007.30745888,236007.30745888,2026-09-15 09:50:00+00:00,2026-09-15 05:50:00-04:00
1789466100000,330.7002,330.8188,330.7,330.8188,829.134589,274211.0388337033,274211.0388337033,2026-09-15 09:55:00+00:00,2026-09-15 05:55:00-04:00
1789466400000,330.7171,330.8188,330.7,330.7131,676.0,223585.7102,223585.7102,2026-09-15 10:00:00+00:00,2026-09-15 06:00:00-04:00
1789466700000,330.7,330.79,330.7,330.79,216.0,71435.891,71435.891,2026-09-15 10:05:00+00:00,2026-09-15 06:05:00-04:00
1789467000000,330.7,330.7,330.3712,330.53,1975.20315,653174.674503265,653174.674503265,2026-09-15 10:10:00+00:00,2026-09-15 06:10:00-04:00
1789467300000,330.45,330.66,330.1,330.17,1977.951528,653551.5068513096,653551.5068513096,2026-09-15 10:15:00+00:00,2026-09-15 06:15:00-04:00
1789467600000,330.1332,330.4899,330.01,330.37,12655.089,4179526.6410405,4179526.6410405,2026-09-15 10:20:00+00:00,2026-09-15 06:20:00-04:00
1789467900000,330.3242,330.6945,330.32,330.57,3045.281327,1006422.84793369,1006422.84793369,2026-09-15 10:25:00+00:00,2026-09-15 06:25:00-04:00
1789468200000,330.5838,330.5988,330.1612,330.5988,153.0,50548.8635,50548.8635,2026-09-15 10:30:00+00:00,2026-09-15 06:30:00-04:00
1789468500000,330.278,330.5988,330.257,330.49,290.07207,95830.452018306,95830.452018306,2026-09-15 10:35:00+00:00,2026-09-15 06:35:00-04:00
1789468800000,330.2812,330.6527,330.2812,330.6188,887.024701,293046.5339086573,293046.5339086573,2026-09-15 10:40:00+00:00,2026-09-15 06:40:00-04:00
1789469100000,330.47,330.6388,330.4212,330.4694,706.800248,233541.57813672,233541.57813672,2026-09-15 10:45:00+00:00,2026-09-15 06:45:00-04:00
1789469400000,330.6388,330.97,330.4645,330.87,1038.0,343333.245,343333.245,2026-09-15 10:50:00+00:00,2026-09-15 06:50:00-04:00
1789469700000,330.82,331.1,330.7512,331.1,746.006043,246854.2494287,246854.2494287,2026-09-15 10:55:00+00:00,2026-09-15 06:55:00-04:00
1789470000000,331.0,333.08,330.51,330.65,3256.0,1077395.8505,1077395.8505,2026-09-15 11:00:00+00:00,2026-09-15 07:00:00-04:00
1789470300000,330.73,330.9994,330.71,330.94,1383.994673,457779.4266689107,457779.4266689107,2026-09-15 11:05:00+00:00,2026-09-15 07:05:00-04:00
1789470600000,330.9988,331.25,330.88,331.09,1699.2184,562413.23520736,562413.23520736,2026-09-15 11:10:00+00:00,2026-09-15 07:10:00-04:00
1789470900000,330.9765,331.23,330.7912,330.9,2800.432545,927051.6221702344,927051.6221702345,2026-09-15 11:15:00+00:00,2026-09-15 07:15:00-04:00
1789471200000,330.985,331.0014,330.79,331.0014,3467.267504,1146901.674439368,1146901.674439368,2026-09-15 11:20:00+00:00,2026-09-15 07:20:00-04:00
1789471500000,330.965,331.1,330.84,331.06,1424.0,471248.725,471248.725,2026-09-15 11:25:00+00:00,2026-09-15 07:25:00-04:00
1789471800000,330.9793,331.14,330.8,330.8052,328.0,108558.6664,108558.6664,2026-09-15 11:30:00+00:00,2026-09-15 07:30:00-04:00
1789472100000,330.85,330.8999,330.8,330.878,1019.859897,337402.21762451,337402.21762451,2026-09-15 11:35:00+00:00,2026-09-15 07:35:00-04:00
1789472400000,330.8215,331.19,330.82,331.06,1196.085547,395791.6927863183,395791.6927863183,2026-09-15 11:40:00+00:00,2026-09-15 07:40:00-04:00
1789472700000,331.1175,331.1175,330.9001,331.0252,2679.7149480000003,887078.4439111801,887078.4439111800993105,2026-09-15 11:45:00+00:00,2026-09-15 07:45:00-04:00
1789473000000,331.09,331.4588,331.0012,331.3232,6222.881603,2060317.148708125,2060317.1487081254,2026-09-15 11:50:00+00:00,2026-09-15 07:50:00-04:00
1789473300000,331.36,331.47,331.0,331.33,805.0,266716.5886,266716.5886,2026-09-15 11:55:00+00:00,2026-09-15 07:55:00-04:00
1789473600000,331.3,331.7588,331.1212,331.7,923.0,305805.1669,305805.1669,2026-09-15 12:00:00+00:00,2026-09-15 08:00:00-04:00
1789473900000,331.65,331.78,331.5,331.6288,1961.227957,650422.5887052866,650422.5887052866,2026-09-15 12:05:00+00:00,2026-09-15 08:05:00-04:00
1789474200000,331.6267,331.7997,331.53,331.6485,4165.800397,1381422.519234481,1381422.519234481,2026-09-15 12:10:00+00:00,2026-09-15 08:10:00-04:00
1789474500000,331.6482,331.65,331.32,331.6335,5526.49082,1832028.698492914,1832028.698492914,2026-09-15 12:15:00+00:00,2026-09-15 08:15:00-04:00
1789474800000,331.3865,331.64,331.3,331.323,2683.894586,889605.5236225664,889605.5236225664,2026-09-15 12:20:00+00:00,2026-09-15 08:20:00-04:00
1789475100000,331.3322,331.4662,331.2001,331.38,1401.0,464185.8738,464185.8738,2026-09-15 12:25:00+00:00,2026-09-15 08:25:00-04:00
1789475400000,331.28,331.35,331.2312,331.31,467.0,154708.1665,154708.1665,2026-09-15 12:30:00+00:00,2026-09-15 08:30:00-04:00
1789475700000,331.39,331.3988,331.192,331.2,2726.110323,903176.2229865694,903176.2229865694,2026-09-15 12:35:00+00:00,2026-09-15 08:35:00-04:00
1789476000000,331.24,331.2877,331.0412,331.2012,2255.458636,746894.4679137204,746894.4679137204,2026-09-15 12:40:00+00:00,2026-09-15 08:40:00-04:00
1789476300000,331.2195,331.55,331.0365,331.4103,3303.0,1094502.5742,1094502.5742,2026-09-15 12:45:00+00:00,2026-09-15 08:45:00-04:00
1789476600000,331.45,331.492,331.28,331.431,1938.810129,642305.1092769069,642305.1092769069,2026-09-15 12:50:00+00:00,2026-09-15 08:50:00-04:00
1789476900000,331.42,331.4788,331.079,331.402,1204.0,398958.4868,398958.4868,2026-09-15 12:55:00+00:00,2026-09-15 08:55:00-04:00
1789477200000,331.44,331.47,331.18,331.28,843.0,279316.3466,279316.3466,2026-09-15 13:00:00+00:00,2026-09-15 09:00:00-04:00
1789477500000,331.28,331.6491,331.1,331.478,5062.0,1677545.3984,1677545.3984,2026-09-15 13:05:00+00:00,2026-09-15 09:05:00-04:00
1789477800000,331.43,331.51,331.2109,331.355,7266.601012,2408302.9926986326,2408302.9926986332,2026-09-15 13:10:00+00:00,2026-09-15 09:10:00-04:00
1789478100000,331.39,331.4832,331.2512,331.4299,2432.662045,806118.960719241,806118.960719241,2026-09-15 13:15:00+00:00,2026-09-15 09:15:00-04:00
1789478400000,331.4192,331.81,331.36,331.6,8911.063993,2954357.5870536403,2954357.5870536403,2026-09-15 13:20:00+00:00,2026-09-15 09:20:00-04:00
1789478700000,331.35,331.55,329.76,330.0,23284.0,7702494.739,7702494.739,2026-09-15 13:25:00+00:00,2026-09-15 09:25:00-04:00
1789479000000,330.26,331.5,328.35,330.17,778217.0,256991240.8307,256991240.8307,2026-09-15 13:30:00+00:00,2026-09-15 09:30:00-04:00
1789479300000,330.12,331.4,330.045,331.2851,449395.915202,148613435.52382803,148613435.523828055666195,2026-09-15 13:35:00+00:00,2026-09-15 09:35:00-04:00
1789479600000,331.25,331.34,330.17,330.305,280268.0,92624867.1917,92624867.1917,2026-09-15 13:40:00+00:00,2026-09-15 09:40:00-04:00
1789479900000,330.33,330.87,330.022,330.46,547854.0,181035503.321,181035503.321,2026-09-15 13:45:00+00:00,2026-09-15 09:45:00-04:00
1789480200000,330.47,330.98,330.1,330.735,315070.39904,104143281.9683806,104143281.968380608,2026-09-15 13:50:00+00:00,2026-09-15 09:50:00-04:00
1789480500000,330.71,331.59,330.4401,330.71,561221.0,185863617.7174,185863617.7174,2026-09-15 13:55:00+00:00,2026-09-15 09:55:00-04:00
1789480800000,330.7,330.735,330.02,330.22,468239.0,154683037.1864,154683037.1864,2026-09-15 14:00:00+00:00,2026-09-15 10:00:00-04:00
1789481100000,330.22,330.22,329.46,329.72,616782.0,203413661.7896,203413661.7896,2026-09-15 14:05:00+00:00,2026-09-15 10:05:00-04:00
1789481400000,329.73,330.31,329.41,329.7556,361657.0,119265142.7476,119265142.7476,2026-09-15 14:10:00+00:00,2026-09-15 10:10:00-04:00
1789481700000,329.73,329.99,329.42,329.6,204707.0,67480157.4036,67480157.4036,2026-09-15 14:15:00+00:00,2026-09-15 10:15:00-04:00
1789482000000,329.615,330.27,329.29,329.39,280495.0,92498097.6101,92498097.6101,2026-09-15 14:20:00+00:00,2026-09-15 10:20:00-04:00
1789482300000,329.395,329.79,329.32,329.54,199899.0,65863762.4711,65863762.4711,2026-09-15 14:25:00+00:00,2026-09-15 10:25:00-04:00
1789482600000,329.5301,329.56,328.88,329.15,484919.525624,159680226.92815992,159680226.9281599256,2026-09-15 14:30:00+00:00,2026-09-15 10:30:00-04:00
1789482900000,329.145,329.66,329.075,329.36,218333.951137,71906528.02426186,71906528.024261854,2026-09-15 14:35:00+00:00,2026-09-15 10:35:00-04:00
1789483200000,329.34,329.98,329.255,329.53,238191.0,78524002.089,78524002.089,2026-09-15 14:40:00+00:00,2026-09-15 10:40:00-04:00
1789483500000,329.525,329.93,329.42,329.61,183426.0,60473257.6768,60473257.6768,2026-09-15 14:45:00+00:00,2026-09-15 10:45:00-04:00
1789483800000,329.6083,329.88,329.43,329.685,149589.0,49310233.807,49310233.807,2026-09-15 14:50:00+00:00,2026-09-15 10:50:00-04:00
1789484100000,329.6899,330.3,329.54,329.76,643900.0,212554659.3085,212554659.3085,2026-09-15 14:55:00+00:00,2026-09-15 10:55:00-04:00
1789484400000,329.79,330.085,329.54,329.5701,182697.888838,60259201.53283689,60259201.532836892203148,2026-09-15 15:00:00+00:00,2026-09-15 11:00:00-04:00
1789484700000,329.565,329.7,329.26,329.29,103635.0,34143962.3219,34143962.3219,2026-09-15 15:05:00+00:00,2026-09-15 11:05:00-04:00
1789485000000,329.28,329.82,329.05,329.52,175830.930618,57916790.244701385,57916790.2447013876,2026-09-15 15:10:00+00:00,2026-09-15 11:10:00-04:00
1789485300000,329.51,330.2638,329.26,330.19,1517025.978017,499936876.2655685,499936876.2655685255,2026-09-15 15:15:00+00:00,2026-09-15 11:15:00-04:00
1789485600000,330.17,330.33,329.89,329.915,230735.179434,76177048.91039817,76177048.9103981762,2026-09-15 15:20:00+00:00,2026-09-15 11:20:00-04:00
1789485900000,329.93,330.11,329.7,329.91,131700.0,43447097.0022,43447097.0022,2026-09-15 15:25:00+00:00,2026-09-15 11:25:00-04:00
1789486200000,329.92,330.01,329.34,329.5399,138203.0,45556083.2426,45556083.2426,2026-09-15 15:30:00+00:00,2026-09-15 11:30:00-04:00
1789486500000,329.54,329.75,329.46,329.59,98835.0,32576981.1833,32576981.1833,2026-09-15 15:35:00+00:00,2026-09-15 11:35:00-04:00
1789486800000,329.58,329.97,329.54,329.905,155405.0,51246504.5353,51246504.5353,2026-09-15 15:40:00+00:00,2026-09-15 11:40:00-04:00
1789487100000,329.9,330.04,329.38,329.5,132162.842704,43594602.70621954,43594602.7062195408,2026-09-15 15:45:00+00:00,2026-09-15 11:45:00-04:00
1789487400000,329.5,329.81,329.285,329.32,177944.606967,58638449.122662395,58638449.1226623932,2026-09-15 15:50:00+00:00,2026-09-15 11:50:00-04:00
1789487700000,329.315,329.78,329.2901,329.6,124439.0,41013342.7847,41013342.7847,2026-09-15 15:55:00+00:00,2026-09-15 11:55:00-04:00
1789488000000,329.605,329.825,329.5,329.73,118436.0,39042378.1129,39042378.1129,2026-09-15 16:00:00+00:00,2026-09-15 12:00:00-04:00
1789488300000,329.76,330.29,329.56,330.115,186114.0,61392032.0769,61392032.0769,2026-09-15 16:05:00+00:00,2026-09-15 12:05:00-04:00
1789488600000,330.105,330.43,330.0632,330.115,175687.0,58023721.5116,58023721.5116,2026-09-15 16:10:00+00:00,2026-09-15 12:10:00-04:00
1789488900000,330.1,330.3354,330.0,330.285,119779.0,39548364.279,39548364.279,2026-09-15 16:15:00+00:00,2026-09-15 12:15:00-04:00
1789489200000,330.28,330.87,330.275,330.6296,177634.0,58719905.1,58719905.1,2026-09-15 16:20:00+00:00,2026-09-15 12:20:00-04:00
1789489500000,330.6301,330.74,330.39,330.4191,137246.0,45370896.3643,45370896.3643,2026-09-15 16:25:00+00:00,2026-09-15 12:25:00-04:00
1789489800000,330.4002,330.6292,330.255,330.52,145043.0,47929418.8301,47929418.8301,2026-09-15 16:30:00+00:00,2026-09-15 12:30:00-04:00
1789490100000,330.51,330.53,330.0,330.092,176685.873431,58347420.5425116,58347420.542511595497652,2026-09-15 16:35:00+00:00,2026-09-15 12:35:00-04:00
1789490400000,330.09,330.18,329.77,329.9225,109693.0,36191876.1411,36191876.1411,2026-09-15 16:40:00+00:00,2026-09-15 12:40:00-04:00
1789490700000,329.93,330.19,329.8426,330.06,117870.0,38903036.9628,38903036.9628,2026-09-15 16:45:00+00:00,2026-09-15 12:45:00-04:00
1789491000000,330.04,330.13,329.7703,329.969,88717.0,29272546.5847,29272546.5847,2026-09-15 16:50:00+00:00,2026-09-15 12:50:00-04:00
1789491300000,329.95,330.01,329.42,329.53,130858.0,43131896.8524,43131896.8524,2026-09-15 16:55:00+00:00,2026-09-15 12:55:00-04:00
1789491600000,329.52,329.76,329.475,329.62,116868.953456,38523968.98370156,38523968.9837015584,2026-09-15 17:00:00+00:00,2026-09-15 13:00:00-04:00
1789491900000,329.615,329.92,329.54,329.75,121234.0,39972472.9708,39972472.9708,2026-09-15 17:05:00+00:00,2026-09-15 13:05:00-04:00
1789492200000,329.76,329.96,329.74,329.84,95417.920529,31472263.131437007,31472263.1314370101,2026-09-15 17:10:00+00:00,2026-09-15 13:10:00-04:00
1789492500000,329.815,329.91,329.65,329.65,79309.437145,26155759.514516454,26155759.514516456,2026-09-15 17:15:00+00:00,2026-09-15 13:15:00-04:00
1789492800000,329.66,329.855,329.66,329.775,92405.004594,30472940.97118176,30472940.971181756,2026-09-15 17:20:00+00:00,2026-09-15 13:20:00-04:00
1789493100000,329.78,330.055,329.73,330.03,101652.0,33532841.0271,33532841.0271,2026-09-15 17:25:00+00:00,2026-09-15 13:25:00-04:00
1789493400000,330.04,330.56,330.04,330.3301,170133.0,56198469.7749,56198469.7749,2026-09-15 17:30:00+00:00,2026-09-15 13:30:00-04:00
1789493700000,330.32,330.485,330.1801,330.47,102668.792612,33920450.53891847,33920450.5389184704,2026-09-15 17:35:00+00:00,2026-09-15 13:35:00-04:00
1789494000000,330.45,330.575,330.182,330.52,87089.642315,28774973.12331329,28774973.1233132881519855,2026-09-15 17:40:00+00:00,2026-09-15 13:40:00-04:00
1789494300000,330.52,330.78,330.2345,330.28,158977.473458,52551245.36798022,52551245.36798022,2026-09-15 17:45:00+00:00,2026-09-15 13:45:00-04:00
1789494600000,330.29,330.56,330.25,330.56,104298.912562,34456749.99323589,34456749.993235893503571,2026-09-15 17:50:00+00:00,2026-09-15 13:50:00-04:00
1789494900000,330.5699,330.5699,330.32,330.42,85590.0,28284012.5647,28284012.5647,2026-09-15 17:55:00+00:00,2026-09-15 13:55:00-04:00
1789495200000,330.42,330.7,330.325,330.62,139710.0,46175190.3786,46175190.3786,2026-09-15 18:00:00+00:00,2026-09-15 14:00:00-04:00
1789495500000,330.6,330.83,330.54,330.63,126646.251444,41879031.32519903,41879031.325199032,2026-09-15 18:05:00+00:00,2026-09-15 14:05:00-04:00
1789495800000,330.63,330.81,330.62,330.675,94474.0,31243649.8692,31243649.8692,2026-09-15 18:10:00+00:00,2026-09-15 14:10:00-04:00
1789496100000,330.675,330.74,330.51,330.535,93547.0,30929151.6134,30929151.6134,2026-09-15 18:15:00+00:00,2026-09-15 14:15:00-04:00
1789496400000,330.53,330.59,330.24,330.28,83522.0,27596009.9893,27596009.9893,2026-09-15 18:20:00+00:00,2026-09-15 14:20:00-04:00
1789496700000,330.28,330.48,330.15,330.41,116229.653941,38390006.04990245,38390006.0499024452,2026-09-15 18:25:00+00:00,2026-09-15 14:25:00-04:00
1789497000000,330.4,330.41,330.09,330.175,147310.195514,48642157.09258216,48642157.092582160097419,2026-09-15 18:30:00+00:00,2026-09-15 14:30:00-04:00
1789497300000,330.18,330.5,330.13,330.315,138676.466726,45798387.81240809,45798387.812408086902486,2026-09-15 18:35:00+00:00,2026-09-15 14:35:00-04:00
1789497600000,330.34,330.42,330.13,330.28,104092.0,34375184.448,34375184.448,2026-09-15 18:40:00+00:00,2026-09-15 14:40:00-04:00
1789497900000,330.3,330.47,330.2,330.26,85696.0,28305817.4231,28305817.4231,2026-09-15 18:45:00+00:00,2026-09-15 14:45:00-04:00
1789498200000,330.27,330.39,330.05,330.2243,79140.0,26135000.5823,26135000.5823,2026-09-15 18:50:00+00:00,2026-09-15 14:50:00-04:00
1789498500000,330.235,330.55,330.12,330.52,128740.994057,42525005.26461026,42525005.2646102659,2026-09-15 18:55:00+00:00,2026-09-15 14:55:00-04:00
1789498800000,330.51,330.59,330.37,330.39,105497.0,34866632.2414,34866632.2414,2026-09-15 19:00:00+00:00,2026-09-15 15:00:00-04:00
1789499100000,330.38,330.42,330.21,330.2699,109654.0,36219660.7859,36219660.7859,2026-09-15 19:05:00+00:00,2026-09-15 15:05:00-04:00
1789499400000,330.265,330.3,330.11,330.18,119501.809783,39459675.96521672,39459675.9652167211,2026-09-15 19:10:00+00:00,2026-09-15 15:10:00-04:00
1789499700000,330.2,330.22,329.83,329.915,197604.786241,65214644.79801896,65214644.7980189564,2026-09-15 19:15:00+00:00,2026-09-15 15:15:00-04:00
1789500000000,329.915,330.28,329.855,330.28,186429.054355,61529708.10508497,61529708.105084972,2026-09-15 19:20:00+00:00,2026-09-15 15:20:00-04:00
1789500300000,330.28,330.29,330.0,330.24,167848.0,55415617.2868,55415617.2868,2026-09-15 19:25:00+00:00,2026-09-15 15:25:00-04:00
1789500600000,330.24,330.24,329.8501,330.17,221280.0,73034782.4435,73034782.4435,2026-09-15 19:30:00+00:00,2026-09-15 15:30:00-04:00
1789500900000,330.175,330.21,329.85,329.89,179393.0,59198146.3162,59198146.3162,2026-09-15 19:35:00+00:00,2026-09-15 15:35:00-04:00
1789501200000,329.9,330.37,329.85,330.256,291544.060195,96225400.0189224,96225400.0189224035,2026-09-15 19:40:00+00:00,2026-09-15 15:40:00-04:00
1789501500000,330.27,330.41,330.07,330.265,330420.75803200004,109139195.63021567,109139195.630215694812852,2026-09-15 19:45:00+00:00,2026-09-15 15:45:00-04:00
1789501800000,330.3,331.76,330.25,331.565,927755.105308,306936252.46861655,306936252.4686165696,2026-09-15 19:50:00+00:00,2026-09-15 15:50:00-04:00
1789502100000,331.57,331.76,331.11,331.34,2098184.0,695208865.6976,695208865.6976,2026-09-15 19:55:00+00:00,2026-09-15 15:55:00-04:00
1789502400000,331.32,331.57,331.05,331.5,919246.0,304583295.6822,304583295.6822,2026-09-15 20:00:00+00:00,2026-09-15 16:00:00-04:00
1789502700000,331.5,331.6,331.34,331.5512,52403.488483,17371515.376067474,17371515.3760674762110276,2026-09-15 20:05:00+00:00,2026-09-15 16:05:00-04:00
1789503000000,331.55,331.78,331.34,331.69,24267.0,8041350.2212,8041350.2212,2026-09-15 20:10:00+00:00,2026-09-15 16:10:00-04:00
1789503300000,331.6,331.74,331.34,331.55,3375.0,1119021.7958,1119021.7958,2026-09-15 20:15:00+00:00,2026-09-15 16:15:00-04:00
1789503600000,331.5575,331.6965,331.4,331.5889,1221.463931,405060.2278612885,405060.2278612885,2026-09-15 20:20:00+00:00,2026-09-15 16:20:00-04:00
1789503900000,331.406,331.65,331.406,331.55,1592.0,527611.8264,527611.8264,2026-09-15 20:25:00+00:00,2026-09-15 16:25:00-04:00
1789504200000,331.59,331.65,331.34,331.5535,9889.041463,3278622.797380337,3278622.7973803367,2026-09-15 20:30:00+00:00,2026-09-15 16:30:00-04:00
1789504500000,331.62,331.7088,331.55,331.6,2044.238917,677889.0926602111,677889.0926602111331608,2026-09-15 20:35:00+00:00,2026-09-15 16:35:00-04:00
1789504800000,331.5501,331.71,331.55,331.64,214.0,70963.0752,70963.0752,2026-09-15 20:40:00+00:00,2026-09-15 16:40:00-04:00
1789505100000,331.6895,331.74,331.55,331.74,510.0,169159.797,169159.797,2026-09-15 20:45:00+00:00,2026-09-15 16:45:00-04:00
1789505400000,331.74,331.78,331.66,331.7788,604.0,200374.4194,200374.4194,2026-09-15 20:50:00+00:00,2026-09-15 16:50:00-04:00
1789505700000,331.67,331.78,331.67,331.72,1800.009136,597105.4703396,597105.4703396,2026-09-15 20:55:00+00:00,2026-09-15 16:55:00-04:00
1789506000000,331.7277,331.77,331.66,331.7,2587.05945,858176.408354,858176.408354,2026-09-15 21:00:00+00:00,2026-09-15 17:00:00-04:00
1789506300000,331.7,331.7588,331.66,331.7,2338.393054,775691.60387288,775691.60387288,2026-09-15 21:05:00+00:00,2026-09-15 17:05:00-04:00
1789506600000,331.6755,331.76,331.66,331.694,1021.250678,338751.09430616,338751.09430616,2026-09-15 21:10:00+00:00,2026-09-15 17:10:00-04:00
1789506900000,331.74,331.76,331.64,331.67,5600.0,1855959.6737,1855959.6737,2026-09-15 21:15:00+00:00,2026-09-15 17:15:00-04:00
1789507200000,331.66,331.7088,331.55,331.7,1222.009897,405345.9920269421,405345.9920269421,2026-09-15 21:20:00+00:00,2026-09-15 17:20:00-04:00
1789507500000,331.5537,331.706,331.5512,331.6012,227.0,75289.2857,75289.2857,2026-09-15 21:25:00+00:00,2026-09-15 17:25:00-04:00
1789507800000,331.6012,331.65,331.6,331.65,220392.592604,73025014.7197015,73025014.7197015,2026-09-15 21:30:00+00:00,2026-09-15 17:30:00-04:00
1789508100000,331.63,331.65,331.6,331.64,989.3896,328110.48153632006,328110.4815363200331629,2026-09-15 21:35:00+00:00,2026-09-15 17:35:00-04:00
1789508400000,331.6423,331.65,331.55,331.5512,124.0,41120.1527,41120.1527,2026-09-15 21:40:00+00:00,2026-09-15 17:40:00-04:00
1789508700000,331.6475,331.6499,331.55,331.62,15270.0,5059631.4882,5059631.4882,2026-09-15 21:45:00+00:00,2026-09-15 17:45:00-04:00
1789509000000,331.63,331.65,331.5525,331.6304,228.087806,75636.9050730134,75636.9050730134,2026-09-15 21:50:00+00:00,2026-09-15 17:50:00-04:00
1789509300000,331.63,331.7,331.5501,331.5732,517.753891,171700.640402875,171700.640402875,2026-09-15 21:55:00+00:00,2026-09-15 17:55:00-04:00
1789509600000,331.7,331.8988,331.5501,331.7,9437.954483,3130330.6442135726,3130330.6442135732,2026-09-15 22:00:00+00:00,2026-09-15 18:00:00-04:00
1789509900000,331.7,331.8488,331.7,331.7221,1169.161242,387887.3939488752,387887.3939488752331766,2026-09-15 22:05:00+00:00,2026-09-15 18:05:00-04:00
1789510200000,331.73,331.85,331.56,331.7,1573.664953,522066.49420728,522066.49420728,2026-09-15 22:10:00+00:00,2026-09-15 18:10:00-04:00
1789510500000,331.7452,331.7988,331.56,331.566,350.0,116094.412,116094.412,2026-09-15 22:15:00+00:00,2026-09-15 18:15:00-04:00
1789510800000,331.6165,331.85,331.5612,331.76,982.0,325698.1544,325698.1544,2026-09-15 22:20:00+00:00,2026-09-15 18:20:00-04:00
1789511100000,331.69,331.85,331.605,331.7955,160.0,53085.6303,53085.6303,2026-09-15 22:25:00+00:00,2026-09-15 18:25:00-04:00
1789511400000,331.79,331.85,331.6245,331.74,5855.136998,1942151.7649503,1942151.7649502998,2026-09-15 22:30:00+00:00,2026-09-15 18:30:00-04:00
1789511700000,331.75,331.88,331.72,331.78,2509.473013,832590.1980328257,832590.1980328257,2026-09-15 22:35:00+00:00,2026-09-15 18:35:00-04:00
1789512000000,331.7824,331.8488,331.66,331.82,885.021331,293654.920559075,293654.920559075,2026-09-15 22:40:00+00:00,2026-09-15 18:40:00-04:00
1789512300000,331.73,331.9,331.73,331.7537,1579.0,524045.0459,524045.0459,2026-09-15 22:45:00+00:00,2026-09-15 18:45:00-04:00
1789512600000,331.79,331.9,331.7525,331.7988,2532.0,840088.6768,840088.6768,2026-09-15 22:50:00+00:00,2026-09-15 18:50:00-04:00
1789512900000,331.8,331.88,331.7,331.7,933.093668,309613.6706160224,309613.6706160224,2026-09-15 22:55:00+00:00,2026-09-15 18:55:00-04:00
1789513200000,331.8788,331.88,331.7,331.7975,8209.0,2720042.9092,2720042.9092,2026-09-15 23:00:00+00:00,2026-09-15 19:00:00-04:00
1789513500000,331.7,331.85,331.7,331.8,583.0,193420.2858,193420.2858,2026-09-15 23:05:00+00:00,2026-09-15 19:05:00-04:00
1789513800000,331.8,331.88,331.75,331.8099,1921.0,637516.5225,637516.5225,2026-09-15 23:10:00+00:00,2026-09-15 19:10:00-04:00
1789514100000,331.77,331.8085,331.7501,331.7585,175.0,58062.7419,58062.7419,2026-09-15 23:15:00+00:00,2026-09-15 19:15:00-04:00
1789514400000,331.81,331.85,331.78,331.85,382.0,126745.0119,126745.0119,2026-09-15 23:20:00+00:00,2026-09-15 19:20:00-04:00
1789514700000,331.7812,331.88,331.77,331.8775,839.005571,278364.732518525,278364.732518525,2026-09-15 23:25:00+00:00,2026-09-15 19:25:00-04:00
1789515000000,331.88,331.88,331.78,331.82,1743.225612,578361.6546213,578361.6546213,2026-09-15 23:30:00+00:00,2026-09-15 19:30:00-04:00
1789515300000,331.82,331.88,331.77,331.87,479.564081,159135.860677825,159135.860677825,2026-09-15 23:35:00+00:00,2026-09-15 19:35:00-04:00
1789515600000,331.88,332.1,331.8122,332.02,3527.0,1170856.8135,1170856.8135,2026-09-15 23:40:00+00:00,2026-09-15 19:40:00-04:00
1789515900000,331.9895,332.0988,331.95,332.0177,450.0,149402.0554,149402.0554,2026-09-15 23:45:00+00:00,2026-09-15 19:45:00-04:00
1789516200000,331.95,332.06,331.9,331.98,1055.0,350246.9026,350246.9026,2026-09-15 23:50:00+00:00,2026-09-15 19:50:00-04:00
1789516500000,331.98,332.08,331.9,332.08,635.016438,210827.360309153,210827.360309153,2026-09-15 23:55:00+00:00,2026-09-15 19:55:00-04:00
1789516800000,332.14,332.14,331.98,332.03,62.0,20586.02,20586.02,2026-09-16 00:00:00+00:00,2026-09-15 20:00:00-04:00
1789517100000,331.98,331.98,331.86,331.86,741.0,245979.7,245979.7,2026-09-16 00:05:00+00:00,2026-09-15 20:05:00-04:00
1789517400000,331.81,331.86,331.7,331.71,771.0,255797.06,255797.06,2026-09-16 00:10:00+00:00,2026-09-15 20:10:00-04:00
1789517700000,331.81,331.87,331.73,331.78,123.0,40810.54,40810.54,2026-09-16 00:15:00+00:00,2026-09-15 20:15:00-04:00
1789518000000,331.85,331.85,331.85,331.85,3.0,995.55,995.55,2026-09-16 00:20:00+00:00,2026-09-15 20:20:00-04:00
1789518300000,331.81,331.84,331.8,331.82,127.0,42139.53,42139.53,2026-09-16 00:25:00+00:00,2026-09-15 20:25:00-04:00
1789518600000,331.83,331.85,331.8,331.8,15.0,4977.49,4977.49,2026-09-16 00:30:00+00:00,2026-09-15 20:30:00-04:00
1789518900000,331.8,331.81,331.72,331.8,146.0,48440.85,48440.85,2026-09-16 00:35:00+00:00,2026-09-15 20:35:00-04:00
1789519200000,331.8,331.89,331.78,331.89,556.0,184502.54,184502.54,2026-09-16 00:40:00+00:00,2026-09-15 20:40:00-04:00
1789519500000,331.88,331.93,331.85,331.92,319.0,105872.43,105872.43,2026-09-16 00:45:00+00:00,2026-09-15 20:45:00-04:00
1789519800000,331.86,331.93,331.85,331.92,336.0,111514.11,111514.11,2026-09-16 00:50:00+00:00,2026-09-15 20:50:00-04:00
1789520100000,331.92,331.92,331.8,331.83,158.0,52435.47,52435.47,2026-09-16 00:55:00+00:00,2026-09-15 20:55:00-04:00
1789520400000,331.83,331.96,331.81,331.81,424.0,140714.15,140714.15,2026-09-16 01:00:00+00:00,2026-09-15 21:00:00-04:00
1789520700000,331.76,331.76,331.56,331.56,335.0,111099.37,111099.37,2026-09-16 01:05:00+00:00,2026-09-15 21:05:00-04:00
1789521000000,331.61,331.92,331.6,331.92,398.0,132053.75,132053.75,2026-09-16 01:10:00+00:00,2026-09-15 21:10:00-04:00
1789521300000,331.86,331.86,331.71,331.78,15.0,4977.17,4977.17,2026-09-16 01:15:00+00:00,2026-09-15 21:15:00-04:00
1789521600000,331.68,331.92,331.68,331.91,257.0,85259.03,85259.03,2026-09-16 01:20:00+00:00,2026-09-15 21:20:00-04:00
1789521900000,331.9,331.9,331.76,331.86,158.0,52430.9,52430.9,2026-09-16 01:25:00+00:00,2026-09-15 21:25:00-04:00
1789522200000,331.77,331.78,331.71,331.76,46.0,15260.72,15260.72,2026-09-16 01:30:00+00:00,2026-09-15 21:30:00-04:00
1789522500000,331.72,331.72,331.6,331.6,171.0,56719.0,56719,2026-09-16 01:35:00+00:00,2026-09-15 21:35:00-04:00
1789522800000,331.59,331.71,331.58,331.71,536.0,177758.78,177758.78,2026-09-16 01:40:00+00:00,2026-09-15 21:40:00-04:00
1789523100000,331.71,331.79,331.61,331.61,142.0,47109.44,47109.44,2026-09-16 01:45:00+00:00,2026-09-15 21:45:00-04:00
1789523400000,331.6,331.63,331.59,331.59,159.0,52725.84,52725.84,2026-09-16 01:50:00+00:00,2026-09-15 21:50:00-04:00
1789523700000,331.59,331.59,331.51,331.54,340.0,112725.97,112725.97,2026-09-16 01:55:00+00:00,2026-09-15 21:55:00-04:00
1789524000000,331.72,331.84,331.7,331.84,230.0,76303.29,76303.29,2026-09-16 02:00:00+00:00,2026-09-15 22:00:00-04:00
1789524300000,331.79,331.79,331.51,331.66,292.0,96823.23,96823.23,2026-09-16 02:05:00+00:00,2026-09-15 22:05:00-04:00
1789524600000,331.61,331.61,331.56,331.6,42.0,13926.63,13926.63,2026-09-16 02:10:00+00:00,2026-09-15 22:10:00-04:00
1789524900000,331.59,331.6,331.59,331.6,9.0,2984.34,2984.34,2026-09-16 02:15:00+00:00,2026-09-15 22:15:00-04:00
1789525200000,331.56,331.64,331.54,331.62,313.0,103789.25,103789.25,2026-09-16 02:20:00+00:00,2026-09-15 22:20:00-04:00
1789525500000,331.62,331.66,331.58,331.65,240.0,79585.95,79585.95,2026-09-16 02:25:00+00:00,2026-09-15 22:25:00-04:00
1789525800000,331.67,331.74,331.59,331.61,149.0,49418.8,49418.8,2026-09-16 02:30:00+00:00,2026-09-15 22:30:00-04:00
1789526100000,331.61,331.62,331.55,331.58,184.0,61014.59,61014.59,2026-09-16 02:35:00+00:00,2026-09-15 22:35:00-04:00
1789526400000,331.59,331.59,331.5,331.59,582.0,192954.81,192954.81,2026-09-16 02:40:00+00:00,2026-09-15 22:40:00-04:00
1789526700000,331.61,331.61,331.6,331.6,35.0,11606.11,11606.11,2026-09-16 02:45:00+00:00,2026-09-15 22:45:00-04:00
1789527000000,331.6,331.64,331.6,331.64,69.0,22882.56,22882.56,2026-09-16 02:50:00+00:00,2026-09-15 22:50:00-04:00
1789527300000,331.62,331.62,331.58,331.59,75.0,24870.47,24870.47,2026-09-16 02:55:00+00:00,2026-09-15 22:55:00-04:00
1789527600000,331.63,331.63,331.6,331.63,46.0,15254.06,15254.06,2026-09-16 03:00:00+00:00,2026-09-15 23:00:00-04:00
1789527900000,331.6,331.6,331.6,331.6,10.0,3316.0,3316,2026-09-16 03:05:00+00:00,2026-09-15 23:05:00-04:00
1789528200000,331.61,331.72,331.6,331.72,281.0,93191.1,93191.1,2026-09-16 03:10:00+00:00,2026-09-15 23:10:00-04:00
1789528500000,331.67,331.72,331.67,331.72,52.0,17248.7,17248.7,2026-09-16 03:15:00+00:00,2026-09-15 23:15:00-04:00
1789528800000,331.72,331.89,331.69,331.73,958.0,317872.68,317872.68,2026-09-16 03:20:00+00:00,2026-09-15 23:20:00-04:00
1789529100000,331.86,331.87,331.75,331.82,133.0,44131.22,44131.22,2026-09-16 03:25:00+00:00,2026-09-15 23:25:00-04:00
1789529400000,331.74,331.84,331.69,331.75,140.0,46445.2,46445.2,2026-09-16 03:30:00+00:00,2026-09-15 23:30:00-04:00
1789529700000,331.8,331.8,331.75,331.76,10.0,3317.56,3317.56,2026-09-16 03:35:00+00:00,2026-09-15 23:35:00-04:00
1789530000000,331.71,331.88,331.71,331.88,110.0,36499.46,36499.46,2026-09-16 03:40:00+00:00,2026-09-15 23:40:00-04:00
1789530300000,331.84,331.88,331.77,331.82,91.0,30197.23,30197.23,2026-09-16 03:45:00+00:00,2026-09-15 23:45:00-04:00
1789530600000,331.79,331.88,331.77,331.8,251.0,83282.34,83282.34,2026-09-16 03:50:00+00:00,2026-09-15 23:50:00-04:00
1789530900000,331.77,331.79,331.74,331.78,155.0,51425.28,51425.28,2026-09-16 03:55:00+00:00,2026-09-15 23:55:00-04:00
1789531200000,331.78,331.8,331.76,331.8,147.0,48770.75,48770.75,2026-09-16 04:00:00+00:00,2026-09-16 00:00:00-04:00
1789531500000,331.82,331.86,331.76,331.86,408.0,135380.67,135380.67,2026-09-16 04:05:00+00:00,2026-09-16 00:05:00-04:00
1789531800000,331.83,331.85,331.73,331.73,146.0,48437.95,48437.95,2026-09-16 04:10:00+00:00,2026-09-16 00:10:00-04:00
1789532100000,331.73,331.8,331.67,331.7,348.0,115436.1,115436.1,2026-09-16 04:15:00+00:00,2026-09-16 00:15:00-04:00
1789532400000,331.74,331.74,331.5,331.54,942.0,312363.09,312363.09,2026-09-16 04:20:00+00:00,2026-09-16 00:20:00-04:00
1789532700000,331.53,331.6,331.52,331.56,382.0,126659.52,126659.52,2026-09-16 04:25:00+00:00,2026-09-16 00:25:00-04:00
1789533000000,331.56,331.64,331.56,331.56,387.0,128327.19,128327.19,2026-09-16 04:30:00+00:00,2026-09-16 00:30:00-04:00
1789533300000,331.59,331.62,331.56,331.62,57.0,18899.35,18899.35,2026-09-16 04:35:00+00:00,2026-09-16 00:35:00-04:00
1789533600000,331.59,331.6,331.59,331.59,83.0,27522.02,27522.02,2026-09-16 04:40:00+00:00,2026-09-16 00:40:00-04:00
1789533900000,331.59,331.66,331.59,331.66,216.0,71633.65,71633.65,2026-09-16 04:45:00+00:00,2026-09-16 00:45:00-04:00
1789534200000,331.66,331.66,331.59,331.6,45.0,14923.06,14923.06,2026-09-16 04:50:00+00:00,2026-09-16 00:50:00-04:00
1789534500000,331.6,331.66,331.59,331.66,16.0,5305.71,5305.71,2026-09-16 04:55:00+00:00,2026-09-16 00:55:00-04:00
1789534800000,331.65,331.77,331.64,331.73,267.0,88565.05,88565.05,2026-09-16 05:00:00+00:00,2026-09-16 01:00:00-04:00
1789535100000,331.77,331.77,331.66,331.66,295.0,97848.36,97848.36,2026-09-16 05:05:00+00:00,2026-09-16 01:05:00-04:00
1789535400000,331.66,331.7,331.66,331.68,161.0,53402.28,53402.28,2026-09-16 05:10:00+00:00,2026-09-16 01:10:00-04:00
1789535700000,331.71,331.71,331.68,331.68,62.0,20565.18,20565.18,2026-09-16 05:15:00+00:00,2026-09-16 01:15:00-04:00
1789536000000,331.68,331.72,331.65,331.66,517.0,171470.12,171470.12,2026-09-16 05:20:00+00:00,2026-09-16 01:20:00-04:00
1789536300000,331.66,331.7,331.66,331.7,22.0,7296.8,7296.8,2026-09-16 05:25:00+00:00,2026-09-16 01:25:00-04:00
1789536600000,331.67,331.7,331.66,331.7,134.0,44445.64,44445.64,2026-09-16 05:30:00+00:00,2026-09-16 01:30:00-04:00
1789536900000,331.7,331.74,331.67,331.67,168.0,55727.76,55727.76,2026-09-16 05:35:00+00:00,2026-09-16 01:35:00-04:00
1789537200000,331.74,331.74,331.67,331.67,100.0,33167.41,33167.41,2026-09-16 05:40:00+00:00,2026-09-16 01:40:00-04:00
1789537500000,331.67,331.72,331.5,331.5,1947.0,645708.28,645708.28,2026-09-16 05:45:00+00:00,2026-09-16 01:45:00-04:00
1789537800000,331.51,331.57,331.51,331.53,154.0,51053.87,51053.87,2026-09-16 05:50:00+00:00,2026-09-16 01:50:00-04:00
1789538100000,331.53,331.68,331.53,331.68,266.0,88209.29,88209.29,2026-09-16 05:55:00+00:00,2026-09-16 01:55:00-04:00
1789538400000,331.61,331.65,331.54,331.57,133.0,44103.43,44103.43,2026-09-16 06:00:00+00:00,2026-09-16 02:00:00-04:00
1789538700000,331.52,331.64,331.52,331.58,436.0,144563.97,144563.97,2026-09-16 06:05:00+00:00,2026-09-16 02:05:00-04:00
1789539000000,331.59,331.69,331.59,331.66,81.0,26864.14,26864.14,2026-09-16 06:10:00+00:00,2026-09-16 02:10:00-04:00
1789539300000,331.66,331.66,331.61,331.61,652.0,216237.2,216237.2,2026-09-16 06:15:00+00:00,2026-09-16 02:15:00-04:00
1789539600000,331.61,331.66,331.6,331.65,275.0,91195.36,91195.36,2026-09-16 06:20:00+00:00,2026-09-16 02:20:00-04:00
1789539900000,331.63,331.64,331.55,331.58,201.0,66648.68,66648.68,2026-09-16 06:25:00+00:00,2026-09-16 02:25:00-04:00
1789540200000,331.58,331.58,331.54,331.55,79.0,26192.12,26192.12,2026-09-16 06:30:00+00:00,2026-09-16 02:30:00-04:00
1789540500000,331.59,331.59,331.51,331.51,25.0,8288.57,8288.57,2026-09-16 06:35:00+00:00,2026-09-16 02:35:00-04:00
1789540800000,331.51,331.63,331.5,331.57,278.0,92172.35,92172.35,2026-09-16 06:40:00+00:00,2026-09-16 02:40:00-04:00
1789541100000,331.51,331.54,331.5,331.53,235.0,77905.08,77905.08,2026-09-16 06:45:00+00:00,2026-09-16 02:45:00-04:00
1789541400000,331.51,331.55,331.47,331.5,439.0,145535.56,145535.56,2026-09-16 06:50:00+00:00,2026-09-16 02:50:00-04:00
1789541700000,331.5,331.5,331.48,331.49,209.0,69283.17,69283.17,2026-09-16 06:55:00+00:00,2026-09-16 02:55:00-04:00
1789542000000,331.48,331.5,331.47,331.5,438.0,145195.02,145195.02,2026-09-16 07:00:00+00:00,2026-09-16 03:00:00-04:00
1789542300000,331.49,331.5,331.12,331.14,2923.0,968564.01,968564.01,2026-09-16 07:05:00+00:00,2026-09-16 03:05:00-04:00
1789542600000,331.22,331.29,331.0,331.25,2920.0,966764.15,966764.15,2026-09-16 07:10:00+00:00,2026-09-16 03:10:00-04:00
1789542900000,331.28,331.36,331.21,331.25,1432.0,474396.03,474396.03,2026-09-16 07:15:00+00:00,2026-09-16 03:15:00-04:00
1789543200000,331.22,331.22,331.09,331.16,592.0,196053.6,196053.6,2026-09-16 07:20:00+00:00,2026-09-16 03:20:00-04:00
1789543500000,331.14,331.25,331.14,331.25,250.0,82799.47,82799.47,2026-09-16 07:25:00+00:00,2026-09-16 03:25:00-04:00
1789543800000,331.19,331.31,331.18,331.22,271.0,89772.2,89772.2,2026-09-16 07:30:00+00:00,2026-09-16 03:30:00-04:00
1789544100000,331.15,331.23,331.14,331.22,163.0,53982.22,53982.22,2026-09-16 07:35:00+00:00,2026-09-16 03:35:00-04:00
1789544400000,331.21,331.22,330.8,331.17,3050.0,1009663.09,1009663.09,2026-09-16 07:40:00+00:00,2026-09-16 03:40:00-04:00
1789544700000,331.17,331.19,330.96,330.96,495.0,163903.48,163903.48,2026-09-16 07:45:00+00:00,2026-09-16 03:45:00-04:00
1789545000000,331.15,331.16,331.13,331.13,253.0,83777.7,83777.7,2026-09-16 07:50:00+00:00,2026-09-16 03:50:00-04:00
1789545300000,331.02,331.23,331.02,331.11,185.0,61270.36,61270.36,2026-09-16 07:55:00+00:00,2026-09-16 03:55:00-04:00
1789545600000,331.3,331.8945,330.751,330.9977,9575.0,3173733.2132,3173733.2132,2026-09-16 08:00:00+00:00,2026-09-16 04:00:00-04:00
1789545900000,330.91,331.8,330.8047,331.02,2350.896933,777981.6167686101,777981.6167686101,2026-09-16 08:05:00+00:00,2026-09-16 04:05:00-04:00
1789546200000,330.98,331.323,330.8412,331.22,127.0,42048.457,42048.457,2026-09-16 08:10:00+00:00,2026-09-16 04:10:00-04:00
1789546500000,331.2997,331.37,331.1155,331.32,640.0,211997.6489,211997.6489,2026-09-16 08:15:00+00:00,2026-09-16 04:15:00-04:00
1789546800000,331.1951,331.87,331.1172,331.43,831.123903,275459.7018600779,275459.7018600779,2026-09-16 08:20:00+00:00,2026-09-16 04:20:00-04:00
1789547100000,331.36,331.59,331.3267,331.39,170.0,56341.2614,56341.2614,2026-09-16 08:25:00+00:00,2026-09-16 04:25:00-04:00
1789547400000,331.42,331.54,331.28,331.37,190.0,62969.9907,62969.9907,2026-09-16 08:30:00+00:00,2026-09-16 04:30:00-04:00
1789547700000,331.2962,331.5432,331.15,331.4912,2538.15,840920.8533,840920.8533,2026-09-16 08:35:00+00:00,2026-09-16 04:35:00-04:00
1789548000000,331.5586,331.5697,331.1512,331.4825,161.0,53332.024,53332.024,2026-09-16 08:40:00+00:00,2026-09-16 04:40:00-04:00
1789548300000,331.2326,331.5795,331.1562,331.1562,47.0,15568.2897,15568.2897,2026-09-16 08:45:00+00:00,2026-09-16 04:45:00-04:00
1789548600000,331.21,331.5207,331.1612,331.33,683.342294,226315.1459702884,226315.1459702884,2026-09-16 08:50:00+00:00,2026-09-16 04:50:00-04:00
1789548900000,331.3,331.5188,331.1687,331.4818,320.698196,106217.2045603,106217.2045603,2026-09-16 08:55:00+00:00,2026-09-16 04:55:00-04:00
1789549200000,331.38,331.5188,331.169,331.5,181.48852,60114.582311,60114.582311,2026-09-16 09:00:00+00:00,2026-09-16 05:00:00-04:00
1789549500000,331.514,331.514,331.1512,331.2,1700.8626319999998,563263.4890559631,563263.4890559631337675,2026-09-16 09:05:00+00:00,2026-09-16 05:05:00-04:00
1789549800000,331.23,331.511,331.1512,331.18,206.036581,68233.04606396,68233.04606396,2026-09-16 09:10:00+00:00,2026-09-16 05:10:00-04:00
1789550100000,331.1685,331.4817,331.15,331.1962,23.0,7618.3036,7618.3036,2026-09-16 09:15:00+00:00,2026-09-16 05:15:00-04:00
1789550400000,331.4588,331.4588,331.05,331.0535,436.087379,144399.5692908016,144399.5692908016,2026-09-16 09:20:00+00:00,2026-09-16 05:20:00-04:00
1789550700000,331.11,331.4188,331.07,331.1372,676.227249,223921.5913658419,223921.5913658419,2026-09-16 09:25:00+00:00,2026-09-16 05:25:00-04:00
1789551000000,331.1435,331.4888,331.1435,331.4588,509.26355699999993,168681.97034172757,168681.9703417275768141,2026-09-16 09:30:00+00:00,2026-09-16 05:30:00-04:00
1789551300000,331.16,331.3035,331.05,331.0562,394.823956,130758.78480796998,130758.7848079699834409,2026-09-16 09:35:00+00:00,2026-09-16 05:35:00-04:00
1789551600000,331.05,331.3388,331.05,331.206,176.232988,58357.9282762,58357.9282762,2026-09-16 09:40:00+00:00,2026-09-16 05:40:00-04:00
1789551900000,331.054,331.2088,331.054,331.0612,96.0,31786.3627,31786.3627,2026-09-16 09:45:00+00:00,2026-09-16 05:45:00-04:00
1789552200000,331.2022,331.2022,330.8,330.84,2713.193228,898120.93661676,898120.93661676,2026-09-16 09:50:00+00:00,2026-09-16 05:50:00-04:00
1789552500000,330.85,331.2088,330.85,331.2088,1824.991063,603894.7571529559,603894.7571529559,2026-09-16 09:55:00+00:00,2026-09-16 05:55:00-04:00
1789552800000,330.8767,331.1933,330.8767,331.03,669.091149,221468.2134187361,221468.2134187361,2026-09-16 10:00:00+00:00,2026-09-16 06:00:00-04:00
1789553100000,331.0888,331.2988,330.94,331.2415,1622.392008,537104.8193316568,537104.8193316568,2026-09-16 10:05:00+00:00,2026-09-16 06:05:00-04:00
1789553400000,331.3,331.4988,331.25,331.4655,920.383638,304958.5664659898,304958.5664659898,2026-09-16 10:10:00+00:00,2026-09-16 06:10:00-04:00
1789553700000,331.4937,331.4988,331.2367,331.3,78.0,25844.59,25844.59,2026-09-16 10:15:00+00:00,2026-09-16 06:15:00-04:00
1789554000000,331.36,331.4988,331.1587,331.19,509.0,168619.7021,168619.7021,2026-09-16 10:20:00+00:00,2026-09-16 06:20:00-04:00
1789554300000,331.1695,331.5,331.1512,331.2888,364.35937,120701.517087396,120701.517087396,2026-09-16 10:25:00+00:00,2026-09-16 06:25:00-04:00
1789554600000,331.2827,331.43,331.157,331.28,116.0,38420.5236,38420.5236,2026-09-16 10:30:00+00:00,2026-09-16 06:30:00-04:00
1789554900000,331.49,331.49,331.1512,331.22,87.0,28822.3578,28822.3578,2026-09-16 10:35:00+00:00,2026-09-16 06:35:00-04:00
1789555200000,331.2057,331.4288,331.2032,331.2032,173.999255,57640.6161996035,57640.6161996035,2026-09-16 10:40:00+00:00,2026-09-16 06:40:00-04:00
1789555500000,331.23,331.4988,331.2,331.2465,129.0,42739.7352,42739.7352,2026-09-16 10:45:00+00:00,2026-09-16 06:45:00-04:00
1789555800000,331.43,331.495,331.26,331.365,99.006351,32808.444245075,32808.444245075,2026-09-16 10:50:00+00:00,2026-09-16 06:50:00-04:00
1789556100000,331.5,331.71,331.3104,331.66,565.829621,187554.5967348396,187554.5967348396,2026-09-16 10:55:00+00:00,2026-09-16 06:55:00-04:00
1789556400000,331.73,331.87,331.4,331.74,6387.899078,2117938.3502513682,2117938.3502513684,2026-09-16 11:00:00+00:00,2026-09-16 07:00:00-04:00
1789556700000,331.7307,331.7307,331.3777,331.47,1166.79848,386816.370119632,386816.37011963196684866,2026-09-16 11:05:00+00:00,2026-09-16 07:05:00-04:00
1789557000000,331.5,331.69,331.4452,331.6051,3970.0,1316349.1331,1316349.1331,2026-09-16 11:10:00+00:00,2026-09-16 07:10:00-04:00
1789557300000,331.5945,331.6472,331.3752,331.6338,894.0,296433.1283,296433.1283,2026-09-16 11:15:00+00:00,2026-09-16 07:15:00-04:00
1789557600000,331.6062,331.7,331.6,331.6787,1452.761392,481736.86537328,481736.86537328,2026-09-16 11:20:00+00:00,2026-09-16 07:20:00-04:00
1789557900000,331.68,331.91,331.6,331.91,1569.704113,520565.7356437289,520565.7356437289,2026-09-16 11:25:00+00:00,2026-09-16 07:25:00-04:00
1789558200000,331.8982,331.971,331.6,331.69,4785.106401,1587724.855294784,1587724.8552947839,2026-09-16 11:30:00+00:00,2026-09-16 07:30:00-04:00
1789558500000,331.6975,331.83,331.4,331.72,10068.251684999996,3338675.2770779077,3338675.2770779075051877,2026-09-16 11:35:00+00:00,2026-09-16 07:35:00-04:00
1789558800000,331.64,331.82,331.49,331.6,732.0,242752.7801,242752.7801,2026-09-16 11:40:00+00:00,2026-09-16 07:40:00-04:00
1789559100000,331.787,331.8,331.35,331.4085,665.0,220476.9761,220476.9761,2026-09-16 11:45:00+00:00,2026-09-16 07:45:00-04:00
1789559400000,331.4,331.6988,331.4,331.61,1439.024804,477069.5073741684,477069.5073741684,2026-09-16 11:50:00+00:00,2026-09-16 07:50:00-04:00
1789559700000,331.61,331.6988,331.51,331.51,707.901073,234743.6775018009,234743.6775018009,2026-09-16 11:55:00+00:00,2026-09-16 07:55:00-04:00
1789560000000,331.5012,331.59,331.31,331.4052,2440.5166,809041.90869774,809041.90869774,2026-09-16 12:00:00+00:00,2026-09-16 08:00:00-04:00
1789560300000,331.43,331.61,331.31,331.54,785.0,260240.4073,260240.4073,2026-09-16 12:05:00+00:00,2026-09-16 08:05:00-04:00
1789560600000,331.5,331.6,331.36,331.4,1531.37247,507664.714295704,507664.714295704,2026-09-16 12:10:00+00:00,2026-09-16 08:10:00-04:00
1789560900000,331.43,331.6,331.37,331.42,1815.466413,601659.3642931671,601659.3642931671,2026-09-16 12:15:00+00:00,2026-09-16 08:15:00-04:00
1789561200000,331.43,331.5488,331.19,331.3,4964.089941,1644957.5974920108,1644957.5974920107,2026-09-16 12:20:00+00:00,2026-09-16 08:20:00-04:00
1789561500000,331.31,331.4988,331.2246,331.45,696.0,230639.4577,230639.4577,2026-09-16 12:25:00+00:00,2026-09-16 08:25:00-04:00
1789561800000,331.39,331.4888,331.3,331.3766,981.0,325075.4499,325075.4499,2026-09-16 12:30:00+00:00,2026-09-16 08:30:00-04:00
1789562100000,331.38,331.4888,331.3,331.417,971.0,321714.1203,321714.1203,2026-09-16 12:35:00+00:00,2026-09-16 08:35:00-04:00
1789562400000,331.3078,331.4806,331.3,331.3988,1672.4504849999998,554193.5012540619,554193.50125406193372616,2026-09-16 12:40:00+00:00,2026-09-16 08:40:00-04:00
1789562700000,331.34,331.3988,331.3,331.35,2133.01523,706738.154984319,706738.154984319,2026-09-16 12:45:00+00:00,2026-09-16 08:45:00-04:00
1789563000000,331.4,331.44,331.3,331.3682,1291.240782,427886.4667686576,427886.46676865756686232,2026-09-16 12:50:00+00:00,2026-09-16 08:50:00-04:00
1789563300000,331.3017,331.49,331.3,331.49,2034.0,674035.5004,674035.5004,2026-09-16 12:55:00+00:00,2026-09-16 08:55:00-04:00
1789563600000,331.49,333.38,330.95,333.38,27968.0,9294320.105,9294320.105,2026-09-16 13:00:00+00:00,2026-09-16 09:00:00-04:00
1789563900000,333.3466,333.84,332.5,333.1845,52215.866595,17409748.439952455,17409748.439952457,2026-09-16 13:05:00+00:00,2026-09-16 09:05:00-04:00
1789564200000,333.11,333.19,332.28,332.6572,20130.871319,6704575.60248278,6704575.6024827796337926,2026-09-16 13:10:00+00:00,2026-09-16 09:10:00-04:00
1789564500000,332.6,332.77,332.5003,332.6,13004.693885,4326173.543769856,4326173.5437698556673344,2026-09-16 13:15:00+00:00,2026-09-16 09:15:00-04:00
1789564800000,332.6,332.63,332.07,332.07,16742.509853,5565806.157716306,5565806.1577163061,2026-09-16 13:20:00+00:00,2026-09-16 09:20:00-04:00
1789565100000,332.1998,333.5,332.0512,332.45,10350.0,3444137.0775,3444137.0775,2026-09-16 13:25:00+00:00,2026-09-16 09:25:00-04:00
1789565400000,332.42,334.5795,331.87,334.225,1560926.0,520485428.4187,520485428.4187,2026-09-16 13:30:00+00:00,2026-09-16 09:30:00-04:00
1789565700000,334.26,335.48,333.1697,334.62,995332.0,332925891.0177,332925891.0177,2026-09-16 13:35:00+00:00,2026-09-16 09:35:00-04:00
1789566000000,334.55,335.28,333.07,333.69,907427.0,303337394.0915,303337394.0915,2026-09-16 13:40:00+00:00,2026-09-16 09:40:00-04:00
1789566300000,333.58,334.97,333.4,334.6,471935.0,157764427.1698,157764427.1698,2026-09-16 13:45:00+00:00,2026-09-16 09:45:00-04:00
1789566600000,334.6,334.81,332.8706,333.275,830803.0,277312793.0745,277312793.0745,2026-09-16 13:50:00+00:00,2026-09-16 09:50:00-04:00
1789566900000,333.28,334.145,332.25,334.1216,731155.0,243531526.2078,243531526.2078,2026-09-16 13:55:00+00:00,2026-09-16 09:55:00-04:00
1789567200000,334.16,334.26,333.25,333.51,453060.0,151179196.2293,151179196.2293,2026-09-16 14:00:00+00:00,2026-09-16 10:00:00-04:00
1789567500000,333.51,334.13,333.49,333.8972,353587.0,118037069.6881,118037069.6881,2026-09-16 14:05:00+00:00,2026-09-16 10:05:00-04:00
1789567800000,333.895,334.1499,333.5067,333.5067,284958.0,95135774.043,95135774.043,2026-09-16 14:10:00+00:00,2026-09-16 10:10:00-04:00
1789568100000,333.5699,333.83,333.296,333.48,264137.0,88091677.3413,88091677.3413,2026-09-16 14:15:00+00:00,2026-09-16 10:15:00-04:00
1789568400000,333.49,333.6767,332.9,333.265,363319.0,121077685.7222,121077685.7222,2026-09-16 14:20:00+00:00,2026-09-16 10:20:00-04:00
1789568700000,333.285,333.55,332.71,333.2656,311706.0,103833363.9464,103833363.9464,2026-09-16 14:25:00+00:00,2026-09-16 10:25:00-04:00
1789569000000,333.32,334.05,333.19,334.02,510606.0,170373848.8966,170373848.8966,2026-09-16 14:30:00+00:00,2026-09-16 10:30:00-04:00
1789569300000,334.045,334.28,333.54,333.72,237378.0,79256581.8844,79256581.8844,2026-09-16 14:35:00+00:00,2026-09-16 10:35:00-04:00
1789569600000,333.72,333.98,333.2275,333.92,182455.0,60857731.2979,60857731.2979,2026-09-16 14:40:00+00:00,2026-09-16 10:40:00-04:00
1789569900000,333.9001,333.9457,333.485,333.74,148733.312712,49634559.485502705,49634559.4855027024,2026-09-16 14:45:00+00:00,2026-09-16 10:45:00-04:00
1789570200000,333.76,334.13,333.62,334.03,130088.845386,43424541.52883584,43424541.5288358412,2026-09-16 14:50:00+00:00,2026-09-16 10:50:00-04:00
1789570500000,334.035,334.13,333.785,334.03,170056.0,56794396.0306,56794396.0306,2026-09-16 14:55:00+00:00,2026-09-16 10:55:00-04:00
1789570800000,334.03,334.07,333.55,333.805,211752.0,70692516.6861,70692516.6861,2026-09-16 15:00:00+00:00,2026-09-16 11:00:00-04:00
1789571100000,333.815,333.84,333.46,333.72,190085.0,63415194.3705,63415194.3705,2026-09-16 15:05:00+00:00,2026-09-16 11:05:00-04:00
1789571400000,333.73,333.79,333.47,333.67,139368.0,46494466.2131,46494466.2131,2026-09-16 15:10:00+00:00,2026-09-16 11:10:00-04:00
1789571700000,333.65,333.77,333.51,333.62,115719.0,38609026.6725,38609026.6725,2026-09-16 15:15:00+00:00,2026-09-16 11:15:00-04:00
1789572000000,333.62,333.66,333.04,333.1,277961.99045700004,92683583.5711172,92683583.571117200937872,2026-09-16 15:20:00+00:00,2026-09-16 11:20:00-04:00
1789572300000,333.12,333.18,333.1,333.17,2820.0,939463.74,939463.74,2026-09-16 15:25:00+00:00,2026-09-16 11:25:00-04:00
