ts,open,high,low,close,vol,quoteVol,extra,dt_utc,dt_et
1789227000000,219.02,219.04,218.53,218.7,7.1437,1563.144269,1563.144269,2026-09-12 15:30:00+00:00,2026-09-12 11:30:00-04:00
1789227300000,218.93,219.0,218.72,218.9,5.6138,1228.889243,1228.889243,2026-09-12 15:35:00+00:00,2026-09-12 11:35:00-04:00
1789227600000,219.01,219.04,218.9,219.01,6.8953,1509.804383,1509.804383,2026-09-12 15:40:00+00:00,2026-09-12 11:40:00-04:00
1789227900000,218.96,219.03,218.93,218.93,2.4783,542.678538,542.678538,2026-09-12 15:45:00+00:00,2026-09-12 11:45:00-04:00
1789228200000,218.93,219.01,218.75,219.01,8.174,1789.671199,1789.671199,2026-09-12 15:50:00+00:00,2026-09-12 11:50:00-04:00
1789228500000,218.9,219.03,218.89,219.01,4.0233,880.92018,880.92018,2026-09-12 15:55:00+00:00,2026-09-12 11:55:00-04:00
1789228800000,218.96,219.07,218.94,218.96,4.4667,978.13713,978.13713,2026-09-12 16:00:00+00:00,2026-09-12 12:00:00-04:00
1789229100000,219.01,219.07,218.94,219.02,6.2069,1359.298349,1359.298349,2026-09-12 16:05:00+00:00,2026-09-12 12:05:00-04:00
1789229400000,219.02,219.15,218.97,219.06,20.789,4553.981392,4553.981392,2026-09-12 16:10:00+00:00,2026-09-12 12:10:00-04:00
1789229700000,219.02,219.08,218.99,219.02,8.3287,1824.173837,1824.173837,2026-09-12 16:15:00+00:00,2026-09-12 12:15:00-04:00
1789230000000,219.0,219.02,218.93,218.93,8.0503,1762.846627,1762.846627,2026-09-12 16:20:00+00:00,2026-09-12 12:20:00-04:00
1789230300000,219.02,219.02,218.93,219.02,13.6097,2980.673941,2980.673941,2026-09-12 16:25:00+00:00,2026-09-12 12:25:00-04:00
1789230600000,218.93,219.02,218.9,218.92,6.6346,1452.765978,1452.765978,2026-09-12 16:30:00+00:00,2026-09-12 12:30:00-04:00
1789230900000,219.01,219.06,218.9,218.94,10.3139,2258.571738,2258.571738,2026-09-12 16:35:00+00:00,2026-09-12 12:35:00-04:00
1789231200000,219.05,219.08,218.93,219.02,12.6052,2760.867554,2760.867554,2026-09-12 16:40:00+00:00,2026-09-12 12:40:00-04:00
1789231500000,219.07,219.17,218.9,219.15,2.9172,639.036816,639.036816,2026-09-12 16:45:00+00:00,2026-09-12 12:45:00-04:00
1789231800000,218.93,219.16,218.93,218.95,2.7703,606.787981,606.787981,2026-09-12 16:50:00+00:00,2026-09-12 12:50:00-04:00
1789232100000,219.13,219.17,218.94,219.13,2.9284,641.480838,641.480838,2026-09-12 16:55:00+00:00,2026-09-12 12:55:00-04:00
1789232400000,218.97,219.17,218.91,218.91,0.9346,204.689526,204.689526,2026-09-12 17:00:00+00:00,2026-09-12 13:00:00-04:00
1789232700000,219.09,219.09,219.09,219.09,0.0917,20.090553,20.090553,2026-09-12 17:05:00+00:00,2026-09-12 13:05:00-04:00
1789233000000,218.91,218.91,218.91,218.91,0.3696,80.909136,80.909136,2026-09-12 17:10:00+00:00,2026-09-12 13:10:00-04:00
1789235100000,219.07,219.07,219.07,219.07,0.1392,30.494544,30.494544,2026-09-12 17:45:00+00:00,2026-09-12 13:45:00-04:00
1789235400000,219.06,219.07,218.89,219.05,2.8026,613.714101,613.714101,2026-09-12 17:50:00+00:00,2026-09-12 13:50:00-04:00
1789235700000,218.9,219.06,218.9,218.9,0.2664,58.331421,58.331421,2026-09-12 17:55:00+00:00,2026-09-12 13:55:00-04:00
1789236000000,219.02,219.03,218.62,218.66,21.5197,4711.417195,4711.417195,2026-09-12 18:00:00+00:00,2026-09-12 14:00:00-04:00
1789236600000,218.97,219.0,218.33,218.57,3.5528,776.987579,776.987579,2026-09-12 18:10:00+00:00,2026-09-12 14:10:00-04:00
1789236900000,218.98,218.99,218.65,218.66,2.0426,446.95725,446.95725,2026-09-12 18:15:00+00:00,2026-09-12 14:15:00-04:00
1789237200000,218.97,218.98,218.68,218.68,1.1492,251.470612,251.470612,2026-09-12 18:20:00+00:00,2026-09-12 14:20:00-04:00
1789238100000,218.97,219.1,218.52,218.73,1.2774,279.574721,279.574721,2026-09-12 18:35:00+00:00,2026-09-12 14:35:00-04:00
1789238700000,219.02,219.02,219.01,219.02,0.3197,70.019835,70.019835,2026-09-12 18:45:00+00:00,2026-09-12 14:45:00-04:00
1789239000000,219.02,219.02,218.44,218.44,0.9382,205.213878,205.213878,2026-09-12 18:50:00+00:00,2026-09-12 14:50:00-04:00
1789239300000,219.04,219.04,218.62,218.71,0.8876,194.254158,194.254158,2026-09-12 18:55:00+00:00,2026-09-12 14:55:00-04:00
1789239600000,219.0,219.06,218.49,218.71,2.9343,642.161426,642.161426,2026-09-12 19:00:00+00:00,2026-09-12 15:00:00-04:00
1789239900000,219.03,219.03,218.56,219.02,1.6208,354.726551,354.726551,2026-09-12 19:05:00+00:00,2026-09-12 15:05:00-04:00
1789240200000,218.71,219.03,218.32,218.7,3.2925,720.516568,720.516568,2026-09-12 19:10:00+00:00,2026-09-12 15:10:00-04:00
1789240500000,219.03,219.03,218.7,218.71,4.4892,982.597287,982.597287,2026-09-12 19:15:00+00:00,2026-09-12 15:15:00-04:00
1789240800000,219.01,219.02,218.7,218.73,8.8221,1930.898158,1930.898158,2026-09-12 19:20:00+00:00,2026-09-12 15:20:00-04:00
1789241100000,218.98,219.02,218.72,218.74,10.3247,2259.549547,2259.549547,2026-09-12 19:25:00+00:00,2026-09-12 15:25:00-04:00
1789241400000,218.84,219.02,218.75,219.01,5.5342,1211.264152,1211.264152,2026-09-12 19:30:00+00:00,2026-09-12 15:30:00-04:00
1789241700000,218.76,219.01,218.53,218.69,11.3304,2479.284338,2479.284338,2026-09-12 19:35:00+00:00,2026-09-12 15:35:00-04:00
1789242000000,218.69,218.96,218.54,218.94,7.3281,1603.23586,1603.23586,2026-09-12 19:40:00+00:00,2026-09-12 15:40:00-04:00
1789242300000,218.94,218.94,218.62,218.82,7.8383,1715.053538,1715.053538,2026-09-12 19:45:00+00:00,2026-09-12 15:45:00-04:00
1789242600000,218.82,218.82,218.52,218.77,8.6039,1881.06356,1881.06356,2026-09-12 19:50:00+00:00,2026-09-12 15:50:00-04:00
1789242900000,218.53,218.77,218.28,218.74,8.554,1869.721754,1869.721754,2026-09-12 19:55:00+00:00,2026-09-12 15:55:00-04:00
1789243200000,218.74,218.8,218.47,218.47,8.5059,1859.760243,1859.760243,2026-09-12 20:00:00+00:00,2026-09-12 16:00:00-04:00
1789243500000,218.48,218.78,218.3,218.43,13.1882,2882.756993,2882.756993,2026-09-12 20:05:00+00:00,2026-09-12 16:05:00-04:00
1789243800000,218.64,218.68,218.28,218.3,8.0723,1763.659823,1763.659823,2026-09-12 20:10:00+00:00,2026-09-12 16:10:00-04:00
1789244100000,218.3,218.74,218.3,218.57,10.214,2231.37685,2231.37685,2026-09-12 20:15:00+00:00,2026-09-12 16:15:00-04:00
1789244400000,218.3,218.58,218.3,218.57,8.0199,1751.840528,1751.840528,2026-09-12 20:20:00+00:00,2026-09-12 16:20:00-04:00
1789244700000,218.3,218.58,218.28,218.29,15.9295,3479.540853,3479.540853,2026-09-12 20:25:00+00:00,2026-09-12 16:25:00-04:00
1789245000000,218.29,218.57,218.29,218.29,5.4018,1179.861865,1179.861865,2026-09-12 20:30:00+00:00,2026-09-12 16:30:00-04:00
1789245300000,218.54,219.18,218.24,218.24,6.2541,1367.164638,1367.164638,2026-09-12 20:35:00+00:00,2026-09-12 16:35:00-04:00
1789245600000,219.17,219.18,218.24,218.25,2.495,545.720542,545.720542,2026-09-12 20:40:00+00:00,2026-09-12 16:40:00-04:00
1789245900000,219.17,219.17,219.17,219.17,0.0896,19.637632,19.637632,2026-09-12 20:45:00+00:00,2026-09-12 16:45:00-04:00
1789247100000,218.25,218.25,218.25,218.25,0.23,50.1975,50.1975,2026-09-12 21:05:00+00:00,2026-09-12 17:05:00-04:00
1789247700000,218.25,218.26,218.24,218.24,14.5651,3178.702513,3178.702513,2026-09-12 21:15:00+00:00,2026-09-12 17:15:00-04:00
1789248000000,218.25,218.25,218.24,218.24,2.1857,477.02007,477.02007,2026-09-12 21:20:00+00:00,2026-09-12 17:20:00-04:00
1789248300000,219.15,219.28,218.24,219.2,217.5717,47668.352572,47668.352572,2026-09-12 21:25:00+00:00,2026-09-12 17:25:00-04:00
1789248600000,219.23,219.23,219.22,219.22,0.9314,204.186165,204.186165,2026-09-12 21:30:00+00:00,2026-09-12 17:30:00-04:00
1789250100000,219.22,219.22,219.22,219.22,0.3016,66.116752,66.116752,2026-09-12 21:55:00+00:00,2026-09-12 17:55:00-04:00
1789250700000,219.25,219.25,219.2,219.2,1.0866,238.213375,238.213375,2026-09-12 22:05:00+00:00,2026-09-12 18:05:00-04:00
1789251000000,219.25,219.26,219.18,219.18,2.169,475.496364,475.496364,2026-09-12 22:10:00+00:00,2026-09-12 18:10:00-04:00
1789251300000,219.25,219.28,219.18,219.28,1.999,438.24191,438.24191,2026-09-12 22:15:00+00:00,2026-09-12 18:15:00-04:00
1789251600000,219.25,219.26,219.23,219.23,1.6106,353.108644,353.108644,2026-09-12 22:20:00+00:00,2026-09-12 18:20:00-04:00
1789254000000,219.26,219.27,219.24,219.24,3.8671,847.871875,847.871875,2026-09-12 23:00:00+00:00,2026-09-12 19:00:00-04:00
1789254300000,219.23,219.23,219.18,219.18,3.8671,847.640092,847.640092,2026-09-12 23:05:00+00:00,2026-09-12 19:05:00-04:00
1789254600000,219.18,219.18,219.18,219.18,0.5711,125.173698,125.173698,2026-09-12 23:10:00+00:00,2026-09-12 19:10:00-04:00
1789256400000,219.28,219.32,219.23,219.23,0.9476,207.775606,207.775606,2026-09-12 23:40:00+00:00,2026-09-12 19:40:00-04:00
1789256700000,219.25,219.29,219.23,219.23,1.3759,301.670875,301.670875,2026-09-12 23:45:00+00:00,2026-09-12 19:45:00-04:00
1789258500000,219.26,219.33,219.26,219.33,4.5653,1001.161577,1001.161577,2026-09-13 00:15:00+00:00,2026-09-12 20:15:00-04:00
1789258800000,219.23,219.23,219.19,219.19,4.5669,1001.091045,1001.091045,2026-09-13 00:20:00+00:00,2026-09-12 20:20:00-04:00
1789259100000,219.23,219.23,219.19,219.19,2.2185,486.313799,486.313799,2026-09-13 00:25:00+00:00,2026-09-12 20:25:00-04:00
1789259400000,219.19,219.27,219.19,219.19,4.5215,991.214394,991.214394,2026-09-13 00:30:00+00:00,2026-09-12 20:30:00-04:00
1789260000000,219.19,219.19,219.19,219.19,0.2,43.838,43.838,2026-09-13 00:40:00+00:00,2026-09-12 20:40:00-04:00
1789260300000,219.29,219.29,219.29,219.29,0.8127,178.216983,178.216983,2026-09-13 00:45:00+00:00,2026-09-12 20:45:00-04:00
1789260600000,219.23,219.28,219.21,219.23,4.0545,888.914892,888.914892,2026-09-13 00:50:00+00:00,2026-09-12 20:50:00-04:00
1789261800000,219.26,219.35,219.19,219.25,3.7324,818.309651,818.309651,2026-09-13 01:10:00+00:00,2026-09-12 21:10:00-04:00
1789262100000,219.24,219.24,219.24,219.24,0.9202,201.744648,201.744648,2026-09-13 01:15:00+00:00,2026-09-12 21:15:00-04:00
1789263000000,219.25,219.25,219.25,219.25,0.1085,23.788625,23.788625,2026-09-13 01:30:00+00:00,2026-09-12 21:30:00-04:00
1789263300000,219.26,219.26,219.23,219.23,0.1458,31.965921,31.965921,2026-09-13 01:35:00+00:00,2026-09-12 21:35:00-04:00
1789263900000,219.26,219.26,219.23,219.23,0.2638,57.836831,57.836831,2026-09-13 01:45:00+00:00,2026-09-12 21:45:00-04:00
1789264200000,219.26,219.28,219.23,219.23,2.0218,443.281167,443.281167,2026-09-13 01:50:00+00:00,2026-09-12 21:50:00-04:00
1789264800000,219.26,219.26,219.19,219.19,1.836,402.514916,402.514916,2026-09-13 02:00:00+00:00,2026-09-12 22:00:00-04:00
1789265100000,219.26,219.26,219.26,219.26,0.4922,107.919772,107.919772,2026-09-13 02:05:00+00:00,2026-09-12 22:05:00-04:00
1789265400000,219.2,219.2,219.2,219.2,0.4419,96.86448,96.86448,2026-09-13 02:10:00+00:00,2026-09-12 22:10:00-04:00
1789265700000,219.27,219.27,219.27,219.27,0.2209,48.436743,48.436743,2026-09-13 02:15:00+00:00,2026-09-12 22:15:00-04:00
1789266000000,219.19,219.27,219.19,219.27,2.469,541.195335,541.195335,2026-09-13 02:20:00+00:00,2026-09-12 22:20:00-04:00
1789266300000,219.19,219.19,219.19,219.19,0.9571,209.786749,209.786749,2026-09-13 02:25:00+00:00,2026-09-12 22:25:00-04:00
1789266600000,219.27,219.28,219.25,219.26,1.9004,416.693084,416.693084,2026-09-13 02:30:00+00:00,2026-09-12 22:30:00-04:00
1789267200000,219.27,219.37,219.27,219.37,1.1556,253.47967,253.47967,2026-09-13 02:40:00+00:00,2026-09-12 22:40:00-04:00
1789267500000,219.27,219.34,219.23,219.24,15.2816,3350.866325,3350.866325,2026-09-13 02:45:00+00:00,2026-09-12 22:45:00-04:00
1789267800000,219.25,219.27,219.19,219.19,2.6041,570.933416,570.933416,2026-09-13 02:50:00+00:00,2026-09-12 22:50:00-04:00
1789268100000,219.27,219.3,219.22,219.24,6.8873,1510.119342,1510.119342,2026-09-13 02:55:00+00:00,2026-09-12 22:55:00-04:00
1789268400000,219.26,219.27,219.24,219.24,3.3771,740.461603,740.461603,2026-09-13 03:00:00+00:00,2026-09-12 23:00:00-04:00
1789268700000,219.25,219.26,219.23,219.23,1.8378,402.923695,402.923695,2026-09-13 03:05:00+00:00,2026-09-12 23:05:00-04:00
1789269600000,219.26,219.27,219.22,219.22,1.8412,403.674401,403.674401,2026-09-13 03:20:00+00:00,2026-09-12 23:20:00-04:00
1789269900000,219.26,219.3,219.2,219.24,6.7887,1488.420469,1488.420469,2026-09-13 03:25:00+00:00,2026-09-12 23:25:00-04:00
1789270200000,219.26,219.29,219.19,219.19,10.079,2209.93361,2209.93361,2026-09-13 03:30:00+00:00,2026-09-12 23:30:00-04:00
1789270500000,219.25,219.25,219.2,219.2,0.9486,207.956835,207.956835,2026-09-13 03:35:00+00:00,2026-09-12 23:35:00-04:00
1789271700000,219.25,219.26,219.25,219.26,0.8599,188.538148,188.538148,2026-09-13 03:55:00+00:00,2026-09-12 23:55:00-04:00
1789272000000,219.28,219.28,219.2,219.2,0.4904,107.515296,107.515296,2026-09-13 04:00:00+00:00,2026-09-13 00:00:00-04:00
1789272300000,219.28,219.39,219.19,219.27,18.7513,4111.586624,4111.586624,2026-09-13 04:05:00+00:00,2026-09-13 00:05:00-04:00
1789272600000,219.33,219.36,219.23,219.23,6.9728,1529.041283,1529.041283,2026-09-13 04:10:00+00:00,2026-09-13 00:10:00-04:00
1789272900000,219.3,219.3,219.23,219.23,0.5171,113.382026,113.382026,2026-09-13 04:15:00+00:00,2026-09-13 00:15:00-04:00
1789273200000,219.3,219.31,219.21,219.24,4.111,901.388827,901.388827,2026-09-13 04:20:00+00:00,2026-09-13 00:20:00-04:00
1789273500000,219.27,219.4,219.23,219.3,23.8044,5220.393244,5220.393244,2026-09-13 04:25:00+00:00,2026-09-13 00:25:00-04:00
1789273800000,219.27,219.31,219.23,219.25,3.3246,728.987081,728.987081,2026-09-13 04:30:00+00:00,2026-09-13 00:30:00-04:00
1789274100000,219.27,219.31,219.21,219.26,7.695,1687.253825,1687.253825,2026-09-13 04:35:00+00:00,2026-09-13 00:35:00-04:00
1789274400000,219.27,219.33,219.2,219.29,14.2975,3135.13086,3135.13086,2026-09-13 04:40:00+00:00,2026-09-13 00:40:00-04:00
1789274700000,219.26,219.32,219.22,219.29,4.867,1067.178031,1067.178031,2026-09-13 04:45:00+00:00,2026-09-13 00:45:00-04:00
1789275000000,219.25,219.31,219.24,219.25,1.2271,269.041986,269.041986,2026-09-13 04:50:00+00:00,2026-09-13 00:50:00-04:00
1789275300000,219.3,219.32,219.24,219.26,3.003,658.514954,658.514954,2026-09-13 04:55:00+00:00,2026-09-13 00:55:00-04:00
1789275600000,219.3,219.35,219.21,219.26,23.5688,5168.088434,5168.088434,2026-09-13 05:00:00+00:00,2026-09-13 01:00:00-04:00
1789275900000,219.26,219.32,219.21,219.31,4.9597,1087.533338,1087.533338,2026-09-13 05:05:00+00:00,2026-09-13 01:05:00-04:00
1789276200000,219.3,219.31,219.24,219.3,4.5576,999.377328,999.377328,2026-09-13 05:10:00+00:00,2026-09-13 01:10:00-04:00
1789276500000,219.25,219.31,219.24,219.24,4.6714,1024.340742,1024.340742,2026-09-13 05:15:00+00:00,2026-09-13 01:15:00-04:00
1789276800000,219.3,219.37,219.21,219.27,9.9251,2176.479442,2176.479442,2026-09-13 05:20:00+00:00,2026-09-13 01:20:00-04:00
1789277100000,219.31,219.32,219.25,219.31,3.7167,815.024576,815.024576,2026-09-13 05:25:00+00:00,2026-09-13 01:25:00-04:00
1789277400000,219.26,219.34,219.25,219.33,3.7702,826.748809,826.748809,2026-09-13 05:30:00+00:00,2026-09-13 01:30:00-04:00
1789277700000,219.26,219.34,219.25,219.25,3.7186,815.444825,815.444825,2026-09-13 05:35:00+00:00,2026-09-13 01:35:00-04:00
1789278000000,219.3,219.31,219.21,219.21,0.9906,217.212386,217.212386,2026-09-13 05:40:00+00:00,2026-09-13 01:40:00-04:00
1789278300000,219.3,219.3,219.21,219.21,0.1458,31.967379,31.967379,2026-09-13 05:45:00+00:00,2026-09-13 01:45:00-04:00
1789279500000,219.21,219.21,219.21,219.21,0.0548,12.012708,12.012708,2026-09-13 06:05:00+00:00,2026-09-13 02:05:00-04:00
1789280100000,219.3,219.31,219.3,219.31,0.0547,11.996082,11.996082,2026-09-13 06:15:00+00:00,2026-09-13 02:15:00-04:00
1789280400000,219.21,219.34,219.21,219.21,1.8524,406.164915,406.164915,2026-09-13 06:20:00+00:00,2026-09-13 02:20:00-04:00
1789281000000,219.3,219.31,219.2,219.21,1.183,259.378612,259.378612,2026-09-13 06:30:00+00:00,2026-09-13 02:30:00-04:00
1789281900000,219.3,219.31,219.3,219.31,0.0911,19.978689,19.978689,2026-09-13 06:45:00+00:00,2026-09-13 02:45:00-04:00
1789283700000,219.22,219.3,219.22,219.3,0.3746,82.13338,82.13338,2026-09-13 07:15:00+00:00,2026-09-13 03:15:00-04:00
1789284000000,219.3,219.31,219.21,219.21,0.9014,197.63759,197.63759,2026-09-13 07:20:00+00:00,2026-09-13 03:20:00-04:00
1789284900000,219.3,219.3,219.3,219.3,0.0501,10.98693,10.98693,2026-09-13 07:35:00+00:00,2026-09-13 03:35:00-04:00
1789285200000,219.21,219.21,219.21,219.21,0.0501,10.982421,10.982421,2026-09-13 07:40:00+00:00,2026-09-13 03:40:00-04:00
1789285500000,219.21,219.21,219.21,219.21,0.09,19.7289,19.7289,2026-09-13 07:45:00+00:00,2026-09-13 03:45:00-04:00
1789285800000,219.3,219.3,219.21,219.21,0.1366,29.950233,29.950233,2026-09-13 07:50:00+00:00,2026-09-13 03:50:00-04:00
1789286100000,219.3,219.3,219.2,219.2,1.2969,284.293767,284.293767,2026-09-13 07:55:00+00:00,2026-09-13 03:55:00-04:00
1789287000000,219.3,219.31,219.21,219.21,0.9525,208.844368,208.844368,2026-09-13 08:10:00+00:00,2026-09-13 04:10:00-04:00
1789288500000,219.21,219.21,219.2,219.2,10.42,2284.0682,2284.0682,2026-09-13 08:35:00+00:00,2026-09-13 04:35:00-04:00
1789288800000,219.2,219.2,219.14,219.14,24.506,5371.042614,5371.042614,2026-09-13 08:40:00+00:00,2026-09-13 04:40:00-04:00
1789289100000,219.2,219.2,219.0,219.0,38.4864,8431.479233,8431.479233,2026-09-13 08:45:00+00:00,2026-09-13 04:45:00-04:00
1789289700000,219.2,219.2,218.1,218.13,41.3028,9015.101047,9015.101047,2026-09-13 08:55:00+00:00,2026-09-13 04:55:00-04:00
1789290000000,218.14,218.14,218.12,218.12,24.3335,5307.640048,5307.640048,2026-09-13 09:00:00+00:00,2026-09-13 05:00:00-04:00
1789290300000,218.17,218.33,218.04,218.04,7.5111,1638.738032,1638.738032,2026-09-13 09:05:00+00:00,2026-09-13 05:05:00-04:00
1789290600000,218.11,218.11,218.11,218.11,0.6923,150.997553,150.997553,2026-09-13 09:10:00+00:00,2026-09-13 05:10:00-04:00
1789290900000,218.12,218.13,218.07,218.13,1.8789,409.81533,409.81533,2026-09-13 09:15:00+00:00,2026-09-13 05:15:00-04:00
1789291200000,218.07,218.07,218.07,218.07,0.6856,149.508792,149.508792,2026-09-13 09:20:00+00:00,2026-09-13 05:20:00-04:00
1789291500000,218.13,218.33,218.03,218.07,8.6484,1886.757191,1886.757191,2026-09-13 09:25:00+00:00,2026-09-13 05:25:00-04:00
1789291800000,218.07,218.32,218.04,218.06,4.2182,920.175711,920.175711,2026-09-13 09:30:00+00:00,2026-09-13 05:30:00-04:00
1789292100000,218.06,218.33,218.02,218.06,6.6548,1451.683637,1451.683637,2026-09-13 09:35:00+00:00,2026-09-13 05:35:00-04:00
1789292400000,218.24,218.24,218.03,218.03,2.2932,500.190091,500.190091,2026-09-13 09:40:00+00:00,2026-09-13 05:40:00-04:00
1789292700000,218.32,218.32,218.02,218.03,1.217,265.44698,265.44698,2026-09-13 09:45:00+00:00,2026-09-13 05:45:00-04:00
1789293900000,218.24,218.24,218.02,218.06,0.9386,204.684815,204.684815,2026-09-13 10:05:00+00:00,2026-09-13 06:05:00-04:00
1789294500000,218.09,218.32,218.0,218.03,9.496,2070.841313,2070.841313,2026-09-13 10:15:00+00:00,2026-09-13 06:15:00-04:00
1789294800000,218.08,218.1,217.94,217.94,188.704,41130.398025,41130.398025,2026-09-13 10:20:00+00:00,2026-09-13 06:20:00-04:00
1789295100000,217.98,217.99,217.89,217.89,8.4839,1849.083518,1849.083518,2026-09-13 10:25:00+00:00,2026-09-13 06:25:00-04:00
1789295400000,217.98,217.99,217.82,217.92,12.2843,2677.175934,2677.175934,2026-09-13 10:30:00+00:00,2026-09-13 06:30:00-04:00
1789295700000,217.92,217.92,217.92,217.92,0.047,10.24224,10.24224,2026-09-13 10:35:00+00:00,2026-09-13 06:35:00-04:00
1789296900000,217.96,217.99,217.9,217.9,2.4963,544.106829,544.106829,2026-09-13 10:55:00+00:00,2026-09-13 06:55:00-04:00
1789297200000,217.98,217.98,217.9,217.9,0.7688,167.552272,167.552272,2026-09-13 11:00:00+00:00,2026-09-13 07:00:00-04:00
1789297500000,217.98,217.99,217.87,217.87,4.6256,1008.124653,1008.124653,2026-09-13 11:05:00+00:00,2026-09-13 07:05:00-04:00
1789297800000,217.98,217.99,217.87,217.9,6.5076,1418.214328,1418.214328,2026-09-13 11:10:00+00:00,2026-09-13 07:10:00-04:00
1789298100000,217.92,217.99,217.82,217.88,19.1047,4163.229128,4163.229128,2026-09-13 11:15:00+00:00,2026-09-13 07:15:00-04:00
1789298400000,217.89,217.98,217.81,217.81,11.2844,2458.065659,2458.065659,2026-09-13 11:20:00+00:00,2026-09-13 07:20:00-04:00
1789298700000,217.75,217.82,217.74,217.75,4.2969,935.773687,935.773687,2026-09-13 11:25:00+00:00,2026-09-13 07:25:00-04:00
1789299300000,217.76,217.76,217.76,217.76,0.0918,19.990368,19.990368,2026-09-13 11:35:00+00:00,2026-09-13 07:35:00-04:00
1789299600000,217.76,217.76,217.75,217.75,0.7958,173.287133,173.287133,2026-09-13 11:40:00+00:00,2026-09-13 07:40:00-04:00
1789301400000,217.82,217.84,217.69,217.7,4.7508,1034.488723,1034.488723,2026-09-13 12:10:00+00:00,2026-09-13 08:10:00-04:00
1789301700000,217.77,217.85,217.68,217.69,17.178,3740.344972,3740.344972,2026-09-13 12:15:00+00:00,2026-09-13 08:15:00-04:00
1789302000000,217.69,217.69,217.66,217.66,0.5951,129.535283,129.535283,2026-09-13 12:20:00+00:00,2026-09-13 08:20:00-04:00
1789302300000,217.7,217.7,217.7,217.7,0.0908,19.76716,19.76716,2026-09-13 12:25:00+00:00,2026-09-13 08:25:00-04:00
1789302600000,217.73,217.73,217.73,217.73,0.9611,209.260303,209.260303,2026-09-13 12:30:00+00:00,2026-09-13 08:30:00-04:00
1789302900000,217.73,217.75,217.69,217.69,1.2106,263.570043,263.570043,2026-09-13 12:35:00+00:00,2026-09-13 08:35:00-04:00
1789303200000,217.75,217.76,217.75,217.76,0.9401,204.709533,204.709533,2026-09-13 12:40:00+00:00,2026-09-13 08:40:00-04:00
1789303500000,217.76,217.88,217.63,217.64,12.793,2785.550722,2785.550722,2026-09-13 12:45:00+00:00,2026-09-13 08:45:00-04:00
1789303800000,217.71,217.73,217.6,217.6,252.5186,54953.648735,54953.648735,2026-09-13 12:50:00+00:00,2026-09-13 08:50:00-04:00
1789304100000,217.57,217.66,217.48,217.48,153.246,33339.558215,33339.558215,2026-09-13 12:55:00+00:00,2026-09-13 08:55:00-04:00
1789304700000,217.67,217.67,217.4,217.44,15.7593,3427.641639,3427.641639,2026-09-13 13:05:00+00:00,2026-09-13 09:05:00-04:00
1789305000000,217.48,217.48,217.45,217.45,0.1627,35.381497,35.381497,2026-09-13 13:10:00+00:00,2026-09-13 09:10:00-04:00
1789305300000,217.48,217.48,217.42,217.48,1.4297,310.921913,310.921913,2026-09-13 13:15:00+00:00,2026-09-13 09:15:00-04:00
1789305600000,217.48,217.52,217.34,217.38,32.9855,7171.640857,7171.640857,2026-09-13 13:20:00+00:00,2026-09-13 09:20:00-04:00
1789306200000,217.38,217.38,217.38,217.38,1.0,217.38,217.38,2026-09-13 13:30:00+00:00,2026-09-13 09:30:00-04:00
1789306500000,217.37,217.37,217.36,217.36,20.0003,4347.279351,4347.279351,2026-09-13 13:35:00+00:00,2026-09-13 09:35:00-04:00
1789307100000,217.38,217.38,217.36,217.36,0.3358,72.992864,72.992864,2026-09-13 13:45:00+00:00,2026-09-13 09:45:00-04:00
1789307400000,217.36,217.36,217.26,217.26,118.3099,25704.650574,25704.650574,2026-09-13 13:50:00+00:00,2026-09-13 09:50:00-04:00
1789308300000,217.26,217.26,217.24,217.26,0.3042,66.088942,66.088942,2026-09-13 14:05:00+00:00,2026-09-13 10:05:00-04:00
1789308600000,217.26,217.26,217.26,217.26,1.0,217.26,217.26,2026-09-13 14:10:00+00:00,2026-09-13 10:10:00-04:00
1789309200000,217.26,217.37,217.24,217.24,1.919,416.986261,416.986261,2026-09-13 14:20:00+00:00,2026-09-13 10:20:00-04:00
1789309500000,217.29,217.29,217.29,217.29,0.5512,119.770248,119.770248,2026-09-13 14:25:00+00:00,2026-09-13 10:25:00-04:00
1789309800000,217.29,217.29,217.29,217.29,0.1242,26.987418,26.987418,2026-09-13 14:30:00+00:00,2026-09-13 10:30:00-04:00
1789310100000,217.24,217.24,217.24,217.24,0.2,43.448,43.448,2026-09-13 14:35:00+00:00,2026-09-13 10:35:00-04:00
1789310700000,217.29,217.29,217.29,217.29,0.0796,17.296284,17.296284,2026-09-13 14:45:00+00:00,2026-09-13 10:45:00-04:00
1789311000000,217.24,217.3,217.24,217.24,1.6964,368.564432,368.564432,2026-09-13 14:50:00+00:00,2026-09-13 10:50:00-04:00
1789311600000,217.29,217.29,217.23,217.23,0.929,201.838283,201.838283,2026-09-13 15:00:00+00:00,2026-09-13 11:00:00-04:00
1789311900000,217.29,217.3,217.24,217.3,9.0109,1958.047411,1958.047411,2026-09-13 15:05:00+00:00,2026-09-13 11:05:00-04:00
1789312200000,217.3,217.3,217.3,217.3,9.8415,2138.55795,2138.55795,2026-09-13 15:10:00+00:00,2026-09-13 11:10:00-04:00
1789312500000,217.3,217.3,217.24,217.3,9.9315,2158.10865,2158.10865,2026-09-13 15:15:00+00:00,2026-09-13 11:15:00-04:00
1789312800000,217.3,217.3,217.3,217.3,9.8415,2138.55795,2138.55795,2026-09-13 15:20:00+00:00,2026-09-13 11:20:00-04:00
1789313100000,217.3,217.41,217.29,217.41,9.7819,2126.093975,2126.093975,2026-09-13 15:25:00+00:00,2026-09-13 11:25:00-04:00
1789313400000,217.41,217.41,217.41,217.41,0.9841,213.953181,213.953181,2026-09-13 15:30:00+00:00,2026-09-13 11:30:00-04:00
1789314600000,217.41,217.41,217.24,217.24,0.147,31.946775,31.946775,2026-09-13 15:50:00+00:00,2026-09-13 11:50:00-04:00
1789314900000,217.4,217.4,217.24,217.24,0.4971,108.009188,108.009188,2026-09-13 15:55:00+00:00,2026-09-13 11:55:00-04:00
1789315200000,217.41,217.41,217.19,217.22,11.9414,2594.675226,2594.675226,2026-09-13 16:00:00+00:00,2026-09-13 12:00:00-04:00
1789315500000,217.24,217.27,217.22,217.27,3.5457,770.2792,770.2792,2026-09-13 16:05:00+00:00,2026-09-13 12:05:00-04:00
1789315800000,217.23,217.29,217.21,217.23,5.8406,1268.893421,1268.893421,2026-09-13 16:10:00+00:00,2026-09-13 12:10:00-04:00
1789316100000,217.28,217.29,217.22,217.25,4.0661,883.466042,883.466042,2026-09-13 16:15:00+00:00,2026-09-13 12:15:00-04:00
1789316400000,217.28,217.34,217.2,217.21,11.3169,2458.767943,2458.767943,2026-09-13 16:20:00+00:00,2026-09-13 12:20:00-04:00
1789316700000,217.28,217.34,217.16,217.25,11.0386,2398.119278,2398.119278,2026-09-13 16:25:00+00:00,2026-09-13 12:25:00-04:00
1789317000000,217.31,217.32,217.16,217.16,10.9678,2382.994692,2382.994692,2026-09-13 16:30:00+00:00,2026-09-13 12:30:00-04:00
1789317300000,217.2,217.26,217.17,217.19,11.9373,2592.97873,2592.97873,2026-09-13 16:35:00+00:00,2026-09-13 12:35:00-04:00
1789317600000,217.19,217.34,217.15,217.23,17.3795,3775.086377,3775.086377,2026-09-13 16:40:00+00:00,2026-09-13 12:40:00-04:00
1789317900000,217.19,217.25,217.17,217.23,7.2441,1573.487267,1573.487267,2026-09-13 16:45:00+00:00,2026-09-13 12:45:00-04:00
1789318200000,217.2,217.25,217.18,217.2,6.1333,1332.232818,1332.232818,2026-09-13 16:50:00+00:00,2026-09-13 12:50:00-04:00
1789318500000,217.23,217.31,217.17,217.23,16.4089,3564.536416,3564.536416,2026-09-13 16:55:00+00:00,2026-09-13 12:55:00-04:00
1789318800000,217.2,217.31,217.18,217.18,4.9596,1077.405414,1077.405414,2026-09-13 17:00:00+00:00,2026-09-13 13:00:00-04:00
1789319100000,217.3,217.31,217.15,217.22,9.5707,2078.759692,2078.759692,2026-09-13 17:05:00+00:00,2026-09-13 13:05:00-04:00
1789319400000,217.19,217.24,217.17,217.22,8.4652,1838.678035,1838.678035,2026-09-13 17:10:00+00:00,2026-09-13 13:10:00-04:00
1789319700000,217.19,217.25,217.16,217.17,14.5863,3168.15951,3168.15951,2026-09-13 17:15:00+00:00,2026-09-13 13:15:00-04:00
1789320000000,217.22,217.25,217.16,217.24,24.4455,5309.843394,5309.843394,2026-09-13 17:20:00+00:00,2026-09-13 13:20:00-04:00
1789320300000,217.22,217.27,217.14,217.15,9.0592,1967.668786,1967.668786,2026-09-13 17:25:00+00:00,2026-09-13 13:25:00-04:00
1789320600000,217.27,217.28,217.14,217.17,6.6715,1448.948904,1448.948904,2026-09-13 17:30:00+00:00,2026-09-13 13:30:00-04:00
1789320900000,217.17,217.23,217.15,217.17,1.0825,235.104253,235.104253,2026-09-13 17:35:00+00:00,2026-09-13 13:35:00-04:00
1789322400000,217.23,217.28,217.17,217.17,4.2973,933.46686,933.46686,2026-09-13 18:00:00+00:00,2026-09-13 14:00:00-04:00
1789322700000,217.18,217.18,217.17,217.17,0.4571,99.272403,99.272403,2026-09-13 18:05:00+00:00,2026-09-13 14:05:00-04:00
1789323000000,217.27,217.27,217.18,217.18,0.1418,30.802505,30.802505,2026-09-13 18:10:00+00:00,2026-09-13 14:10:00-04:00
1789323600000,217.27,217.27,217.18,217.18,0.094,20.419123,20.419123,2026-09-13 18:20:00+00:00,2026-09-13 14:20:00-04:00
1789324200000,217.27,217.27,217.18,217.18,0.0983,21.353123,21.353123,2026-09-13 18:30:00+00:00,2026-09-13 14:30:00-04:00
1789324800000,217.27,217.27,217.17,217.17,0.1692,36.751648,36.751648,2026-09-13 18:40:00+00:00,2026-09-13 14:40:00-04:00
1789325100000,217.27,217.27,217.27,217.27,0.092,19.98884,19.98884,2026-09-13 18:45:00+00:00,2026-09-13 14:45:00-04:00
1789326000000,217.27,217.28,217.27,217.28,1.1282,245.130658,245.130658,2026-09-13 19:00:00+00:00,2026-09-13 15:00:00-04:00
1789326300000,217.24,217.24,217.24,217.24,0.0655,14.22922,14.22922,2026-09-13 19:05:00+00:00,2026-09-13 15:05:00-04:00
1789326900000,217.24,217.24,217.18,217.18,0.261,56.695224,56.695224,2026-09-13 19:15:00+00:00,2026-09-13 15:15:00-04:00
1789327200000,217.24,217.24,217.18,217.18,0.2944,63.946624,63.946624,2026-09-13 19:20:00+00:00,2026-09-13 15:20:00-04:00
1789328100000,217.17,217.17,217.17,217.17,0.7588,164.788596,164.788596,2026-09-13 19:35:00+00:00,2026-09-13 15:35:00-04:00
1789329300000,217.27,217.27,217.27,217.27,0.092,19.98884,19.98884,2026-09-13 19:55:00+00:00,2026-09-13 15:55:00-04:00
1789329600000,217.27,217.27,217.27,217.27,0.1012,21.987724,21.987724,2026-09-13 20:00:00+00:00,2026-09-13 16:00:00-04:00
1789330800000,217.18,217.18,217.16,217.16,0.96,208.484804,208.484804,2026-09-13 20:20:00+00:00,2026-09-13 16:20:00-04:00
1789331100000,217.27,217.27,217.27,217.27,0.6718,145.961986,145.961986,2026-09-13 20:25:00+00:00,2026-09-13 16:25:00-04:00
1789332600000,217.16,217.16,217.16,217.16,0.0341,7.405156,7.405156,2026-09-13 20:50:00+00:00,2026-09-13 16:50:00-04:00
1789335000000,217.27,217.27,217.16,217.16,0.0939,20.39645,20.39645,2026-09-13 21:30:00+00:00,2026-09-13 17:30:00-04:00
1789335300000,217.16,217.16,217.16,217.16,0.1138,24.712808,24.712808,2026-09-13 21:35:00+00:00,2026-09-13 17:35:00-04:00
1789335600000,217.27,217.27,217.16,217.16,0.1871,40.640888,40.640888,2026-09-13 21:40:00+00:00,2026-09-13 17:40:00-04:00
1789335900000,217.27,217.27,217.16,217.16,0.3962,86.060583,86.060583,2026-09-13 21:45:00+00:00,2026-09-13 17:45:00-04:00
1789336200000,217.27,217.27,217.15,217.15,0.3958,85.972143,85.972143,2026-09-13 21:50:00+00:00,2026-09-13 17:50:00-04:00
1789336800000,217.2,217.21,217.19,217.2,1.053,228.709797,228.709797,2026-09-13 22:00:00+00:00,2026-09-13 18:00:00-04:00
1789337100000,217.19,217.19,217.18,217.18,0.5858,127.228668,127.228668,2026-09-13 22:05:00+00:00,2026-09-13 18:05:00-04:00
1789337700000,217.2,217.21,217.18,217.19,1.1143,242.020349,242.020349,2026-09-13 22:15:00+00:00,2026-09-13 18:15:00-04:00
1789338000000,217.2,217.28,217.2,217.28,2.5857,561.763264,561.763264,2026-09-13 22:20:00+00:00,2026-09-13 18:20:00-04:00
1789338300000,217.19,217.19,217.15,217.16,3.9061,848.29124,848.29124,2026-09-13 22:25:00+00:00,2026-09-13 18:25:00-04:00
1789339200000,217.17,217.2,217.11,217.2,10.0529,2182.632077,2182.632077,2026-09-13 22:40:00+00:00,2026-09-13 18:40:00-04:00
1789339500000,217.11,217.11,217.11,217.11,0.0579,12.570669,12.570669,2026-09-13 22:45:00+00:00,2026-09-13 18:45:00-04:00
1789340100000,217.2,217.2,217.2,217.2,0.6837,148.49964,148.49964,2026-09-13 22:55:00+00:00,2026-09-13 18:55:00-04:00
1789340400000,217.2,217.2,217.2,217.2,0.3605,78.3006,78.3006,2026-09-13 23:00:00+00:00,2026-09-13 19:00:00-04:00
1789340700000,217.11,217.11,217.1,217.1,1.0442,226.697015,226.697015,2026-09-13 23:05:00+00:00,2026-09-13 19:05:00-04:00
1789341300000,217.08,217.08,217.08,217.08,0.09,19.5372,19.5372,2026-09-13 23:15:00+00:00,2026-09-13 19:15:00-04:00
1789341600000,217.19,217.19,217.08,217.08,0.1472,31.962272,31.962272,2026-09-13 23:20:00+00:00,2026-09-13 19:20:00-04:00
1789341900000,217.19,217.19,217.07,217.07,0.9498,206.233008,206.233008,2026-09-13 23:25:00+00:00,2026-09-13 19:25:00-04:00
1789342200000,217.19,217.19,217.19,217.19,0.092,19.98148,19.98148,2026-09-13 23:30:00+00:00,2026-09-13 19:30:00-04:00
1789343100000,217.19,217.2,217.06,217.07,1.2144,263.682786,263.682786,2026-09-13 23:45:00+00:00,2026-09-13 19:45:00-04:00
1789343400000,217.19,217.2,217.06,217.06,3.1464,683.177946,683.177946,2026-09-13 23:50:00+00:00,2026-09-13 19:50:00-04:00
1789343700000,217.19,217.19,216.96,216.96,1.7783,385.96906,385.96906,2026-09-13 23:55:00+00:00,2026-09-13 19:55:00-04:00
1789344000000,216.96,216.96,214.8,214.82,63741.6034,13718237.996004,13718237.996004,2026-09-14 00:00:00+00:00,2026-09-13 20:00:00-04:00
1789344300000,214.83,215.33,214.5,215.11,61240.0,13170164.95,13170164.95,2026-09-14 00:05:00+00:00,2026-09-13 20:05:00-04:00
1789344600000,215.12,215.17,215.01,215.02,34936.0,7514607.19,7514607.19,2026-09-14 00:10:00+00:00,2026-09-13 20:10:00-04:00
1789344900000,215.02,215.12,214.85,214.93,33830.0,7273086.26,7273086.26,2026-09-14 00:15:00+00:00,2026-09-13 20:15:00-04:00
1789345200000,214.93,214.93,214.55,214.57,25865.0,5552039.76,5552039.76,2026-09-14 00:20:00+00:00,2026-09-13 20:20:00-04:00
1789345500000,214.57,214.58,214.34,214.42,28860.0,6190073.44,6190073.44,2026-09-14 00:25:00+00:00,2026-09-13 20:25:00-04:00
1789345800000,214.43,214.57,214.4,214.51,8530.0,1829483.35,1829483.35,2026-09-14 00:30:00+00:00,2026-09-13 20:30:00-04:00
1789346100000,214.51,214.73,214.31,214.35,22281.0,4778199.82,4778199.82,2026-09-14 00:35:00+00:00,2026-09-13 20:35:00-04:00
1789346400000,214.35,214.36,214.28,214.3,10318.0,2211275.66,2211275.66,2026-09-14 00:40:00+00:00,2026-09-13 20:40:00-04:00
1789346700000,214.31,214.48,214.29,214.42,14327.0,3071342.61,3071342.61,2026-09-14 00:45:00+00:00,2026-09-13 20:45:00-04:00
1789347000000,214.43,214.54,214.33,214.38,7751.0,1661974.23,1661974.23,2026-09-14 00:50:00+00:00,2026-09-13 20:50:00-04:00
1789347300000,214.39,214.44,214.1,214.15,8181.0,1753135.93,1753135.93,2026-09-14 00:55:00+00:00,2026-09-13 20:55:00-04:00
1789347600000,214.14,214.33,214.04,214.27,20105.0,4305350.96,4305350.96,2026-09-14 01:00:00+00:00,2026-09-13 21:00:00-04:00
1789347900000,214.29,214.4,214.24,214.4,9257.0,1983919.24,1983919.24,2026-09-14 01:05:00+00:00,2026-09-13 21:05:00-04:00
1789348200000,214.4,214.52,214.01,214.3,15523.0,3326551.7,3326551.7,2026-09-14 01:10:00+00:00,2026-09-13 21:10:00-04:00
1789348500000,214.3,214.3,214.12,214.14,13399.0,2870440.49,2870440.49,2026-09-14 01:15:00+00:00,2026-09-13 21:15:00-04:00
1789348800000,214.14,214.2,214.02,214.09,10494.0,2246601.69,2246601.69,2026-09-14 01:20:00+00:00,2026-09-13 21:20:00-04:00
1789349100000,214.06,214.16,213.96,214.13,19846.0,4247686.13,4247686.13,2026-09-14 01:25:00+00:00,2026-09-13 21:25:00-04:00
1789349400000,214.14,214.15,214.0,214.03,7948.0,1701326.5,1701326.5,2026-09-14 01:30:00+00:00,2026-09-13 21:30:00-04:00
1789349700000,214.03,215.0,214.03,214.69,19276.0,4134770.79,4134770.79,2026-09-14 01:35:00+00:00,2026-09-13 21:35:00-04:00
1789350000000,214.66,214.68,214.29,214.38,10413.0,2233365.07,2233365.07,2026-09-14 01:40:00+00:00,2026-09-13 21:40:00-04:00
1789350300000,214.39,214.83,214.35,214.7,28825.0,6187600.65,6187600.65,2026-09-14 01:45:00+00:00,2026-09-13 21:45:00-04:00
1789350600000,214.67,215.03,214.62,215.0,15449.0,3318652.14,3318652.14,2026-09-14 01:50:00+00:00,2026-09-13 21:50:00-04:00
1789350900000,215.02,215.16,215.0,215.12,8416.0,1809970.76,1809970.76,2026-09-14 01:55:00+00:00,2026-09-13 21:55:00-04:00
1789351200000,215.12,215.12,214.9,215.03,10061.0,2163329.89,2163329.89,2026-09-14 02:00:00+00:00,2026-09-13 22:00:00-04:00
1789351500000,215.02,215.27,214.96,215.2,11244.0,2419033.58,2419033.58,2026-09-14 02:05:00+00:00,2026-09-13 22:05:00-04:00
1789351800000,215.19,215.23,215.11,215.23,6141.0,1321442.24,1321442.24,2026-09-14 02:10:00+00:00,2026-09-13 22:10:00-04:00
1789352100000,215.24,215.24,215.0,215.03,5655.0,1216164.35,1216164.35,2026-09-14 02:15:00+00:00,2026-09-13 22:15:00-04:00
1789352400000,215.04,215.08,214.9,214.99,16399.0,3525455.77,3525455.77,2026-09-14 02:20:00+00:00,2026-09-13 22:20:00-04:00
1789352700000,214.99,215.08,214.99,215.07,3178.0,683386.59,683386.59,2026-09-14 02:25:00+00:00,2026-09-13 22:25:00-04:00
1789353000000,215.07,215.15,215.06,215.07,3906.0,840124.61,840124.61,2026-09-14 02:30:00+00:00,2026-09-13 22:30:00-04:00
1789353300000,215.07,215.07,214.98,214.99,6203.0,1333848.82,1333848.82,2026-09-14 02:35:00+00:00,2026-09-13 22:35:00-04:00
1789353600000,214.99,215.02,214.91,214.94,3991.0,857977.9,857977.9,2026-09-14 02:40:00+00:00,2026-09-13 22:40:00-04:00
1789353900000,214.93,215.09,214.91,215.08,7884.0,1695302.86,1695302.86,2026-09-14 02:45:00+00:00,2026-09-13 22:45:00-04:00
1789354200000,215.08,215.12,215.03,215.06,1676.0,360485.9,360485.9,2026-09-14 02:50:00+00:00,2026-09-13 22:50:00-04:00
1789354500000,215.07,215.13,215.02,215.07,4235.0,910864.06,910864.06,2026-09-14 02:55:00+00:00,2026-09-13 22:55:00-04:00
1789354800000,215.08,215.11,215.0,215.04,1880.0,404267.51,404267.51,2026-09-14 03:00:00+00:00,2026-09-13 23:00:00-04:00
1789355100000,215.06,215.08,215.02,215.05,1963.0,422168.7,422168.7,2026-09-14 03:05:00+00:00,2026-09-13 23:05:00-04:00
1789355400000,215.03,215.05,214.89,214.94,4276.0,919209.7,919209.7,2026-09-14 03:10:00+00:00,2026-09-13 23:10:00-04:00
1789355700000,214.96,215.0,214.81,214.93,4662.0,1001861.78,1001861.78,2026-09-14 03:15:00+00:00,2026-09-13 23:15:00-04:00
1789356000000,214.93,215.01,214.9,214.94,1879.0,403929.79,403929.79,2026-09-14 03:20:00+00:00,2026-09-13 23:20:00-04:00
1789356300000,214.93,214.98,214.91,214.92,1661.0,357009.63,357009.63,2026-09-14 03:25:00+00:00,2026-09-13 23:25:00-04:00
1789356600000,214.92,214.92,214.71,214.72,5665.0,1216726.25,1216726.25,2026-09-14 03:30:00+00:00,2026-09-13 23:30:00-04:00
1789356900000,214.72,214.84,214.69,214.73,13192.0,2833487.08,2833487.08,2026-09-14 03:35:00+00:00,2026-09-13 23:35:00-04:00
1789357200000,214.73,214.8,214.72,214.78,2791.0,599390.21,599390.21,2026-09-14 03:40:00+00:00,2026-09-13 23:40:00-04:00
1789357500000,214.78,214.87,214.75,214.76,3527.0,757620.39,757620.39,2026-09-14 03:45:00+00:00,2026-09-13 23:45:00-04:00
1789357800000,214.77,214.77,214.63,214.75,3464.0,743736.23,743736.23,2026-09-14 03:50:00+00:00,2026-09-13 23:50:00-04:00
1789358100000,214.76,214.79,214.73,214.78,1989.0,427159.89,427159.89,2026-09-14 03:55:00+00:00,2026-09-13 23:55:00-04:00
1789358400000,214.79,214.9,214.76,214.86,3317.0,712667.32,712667.32,2026-09-14 04:00:00+00:00,2026-09-14 00:00:00-04:00
1789358700000,214.9,214.92,214.82,214.83,4253.0,913934.05,913934.05,2026-09-14 04:05:00+00:00,2026-09-14 00:05:00-04:00
1789359000000,214.82,214.85,214.71,214.85,5858.0,1258274.84,1258274.84,2026-09-14 04:10:00+00:00,2026-09-14 00:10:00-04:00
1789359300000,214.87,214.9,214.79,214.89,2228.0,478690.38,478690.38,2026-09-14 04:15:00+00:00,2026-09-14 00:15:00-04:00
1789359600000,214.89,214.92,214.84,214.92,3470.0,745662.54,745662.54,2026-09-14 04:20:00+00:00,2026-09-14 00:20:00-04:00
1789359900000,214.94,214.98,214.83,214.83,2137.0,459277.28,459277.28,2026-09-14 04:25:00+00:00,2026-09-14 00:25:00-04:00
1789360200000,214.86,214.86,214.72,214.81,3712.0,797304.77,797304.77,2026-09-14 04:30:00+00:00,2026-09-14 00:30:00-04:00
1789360500000,214.81,214.89,214.76,214.89,1613.0,346508.78,346508.78,2026-09-14 04:35:00+00:00,2026-09-14 00:35:00-04:00
1789360800000,214.9,214.93,214.8,214.82,1318.0,283182.72,283182.72,2026-09-14 04:40:00+00:00,2026-09-14 00:40:00-04:00
1789361100000,214.82,214.92,214.78,214.9,761.0,163508.52,163508.52,2026-09-14 04:45:00+00:00,2026-09-14 00:45:00-04:00
1789361400000,214.91,215.0,214.88,214.9,1971.0,423665.12,423665.12,2026-09-14 04:50:00+00:00,2026-09-14 00:50:00-04:00
1789361700000,214.93,214.97,214.87,214.9,773.0,166136.07,166136.07,2026-09-14 04:55:00+00:00,2026-09-14 00:55:00-04:00
1789362000000,214.9,214.91,214.83,214.89,1128.0,242387.46,242387.46,2026-09-14 05:00:00+00:00,2026-09-14 01:00:00-04:00
1789362300000,214.91,214.95,214.81,214.86,2048.0,440078.69,440078.69,2026-09-14 05:05:00+00:00,2026-09-14 01:05:00-04:00
1789362600000,214.86,214.9,214.82,214.89,1722.0,369969.48,369969.48,2026-09-14 05:10:00+00:00,2026-09-14 01:10:00-04:00
1789362900000,214.89,214.94,214.85,214.87,914.0,196397.63,196397.63,2026-09-14 05:15:00+00:00,2026-09-14 01:15:00-04:00
1789363200000,214.88,214.89,214.72,214.78,2937.0,630824.18,630824.18,2026-09-14 05:20:00+00:00,2026-09-14 01:20:00-04:00
1789363500000,214.78,214.88,214.74,214.83,4707.0,1011072.06,1011072.06,2026-09-14 05:25:00+00:00,2026-09-14 01:25:00-04:00
1789363800000,214.83,214.9,214.77,214.86,15435.0,3316105.9,3316105.9,2026-09-14 05:30:00+00:00,2026-09-14 01:30:00-04:00
1789364100000,214.87,214.93,214.84,214.91,5253.0,1128748.3,1128748.3,2026-09-14 05:35:00+00:00,2026-09-14 01:35:00-04:00
1789364400000,214.89,214.9,214.7,214.71,3998.0,858679.54,858679.54,2026-09-14 05:40:00+00:00,2026-09-14 01:40:00-04:00
1789364700000,214.76,214.82,214.74,214.76,2141.0,459851.16,459851.16,2026-09-14 05:45:00+00:00,2026-09-14 01:45:00-04:00
1789365000000,214.75,214.81,214.71,214.8,4104.0,881299.26,881299.26,2026-09-14 05:50:00+00:00,2026-09-14 01:50:00-04:00
1789365300000,214.81,214.84,214.75,214.82,3048.0,654687.44,654687.44,2026-09-14 05:55:00+00:00,2026-09-14 01:55:00-04:00
1789365600000,214.83,214.91,214.8,214.85,5679.0,1220066.8,1220066.8,2026-09-14 06:00:00+00:00,2026-09-14 02:00:00-04:00
1789365900000,214.85,214.87,214.72,214.77,7031.0,1510289.84,1510289.84,2026-09-14 06:05:00+00:00,2026-09-14 02:05:00-04:00
1789366200000,214.75,214.79,214.63,214.71,7833.0,1681633.05,1681633.05,2026-09-14 06:10:00+00:00,2026-09-14 02:10:00-04:00
1789366500000,214.71,214.71,214.6,214.62,6961.0,1494215.56,1494215.56,2026-09-14 06:15:00+00:00,2026-09-14 02:15:00-04:00
1789366800000,214.61,214.67,214.54,214.6,3129.0,671481.48,671481.48,2026-09-14 06:20:00+00:00,2026-09-14 02:20:00-04:00
1789367100000,214.6,214.67,214.58,214.6,3382.0,725868.73,725868.73,2026-09-14 06:25:00+00:00,2026-09-14 02:25:00-04:00
1789367400000,214.59,214.65,214.51,214.51,6986.0,1498993.07,1498993.07,2026-09-14 06:30:00+00:00,2026-09-14 02:30:00-04:00
1789367700000,214.51,214.63,214.5,214.59,4627.0,992645.5,992645.5,2026-09-14 06:35:00+00:00,2026-09-14 02:35:00-04:00
1789368000000,214.56,214.62,214.47,214.53,6116.0,1312242.7,1312242.7,2026-09-14 06:40:00+00:00,2026-09-14 02:40:00-04:00
1789368300000,214.55,214.6,214.43,214.5,2761.0,592228.1,592228.1,2026-09-14 06:45:00+00:00,2026-09-14 02:45:00-04:00
1789368600000,214.41,214.42,214.31,214.32,4478.0,959971.44,959971.44,2026-09-14 06:50:00+00:00,2026-09-14 02:50:00-04:00
1789368900000,214.32,214.32,214.06,214.08,11470.0,2456395.91,2456395.91,2026-09-14 06:55:00+00:00,2026-09-14 02:55:00-04:00
1789369200000,214.11,214.11,213.81,214.01,26961.0,5768372.02,5768372.02,2026-09-14 07:00:00+00:00,2026-09-14 03:00:00-04:00
1789369500000,214.03,214.03,213.4,213.52,31286.0,6686661.21,6686661.21,2026-09-14 07:05:00+00:00,2026-09-14 03:05:00-04:00
1789369800000,213.55,213.99,213.41,213.93,10810.0,2308980.74,2308980.74,2026-09-14 07:10:00+00:00,2026-09-14 03:10:00-04:00
1789370100000,213.94,214.02,213.79,213.83,13420.0,2870499.93,2870499.93,2026-09-14 07:15:00+00:00,2026-09-14 03:15:00-04:00
1789370400000,213.8,213.99,213.72,213.96,4946.0,1057696.99,1057696.99,2026-09-14 07:20:00+00:00,2026-09-14 03:20:00-04:00
1789370700000,213.99,214.0,213.68,213.77,8113.0,1734844.03,1734844.03,2026-09-14 07:25:00+00:00,2026-09-14 03:25:00-04:00
1789371000000,213.77,213.94,213.76,213.94,5176.0,1106949.82,1106949.82,2026-09-14 07:30:00+00:00,2026-09-14 03:30:00-04:00
1789371300000,213.94,213.98,213.71,213.75,6906.0,1476773.94,1476773.94,2026-09-14 07:35:00+00:00,2026-09-14 03:35:00-04:00
1789371600000,213.75,213.85,213.6,213.6,4300.0,919134.53,919134.53,2026-09-14 07:40:00+00:00,2026-09-14 03:40:00-04:00
1789371900000,213.63,213.81,213.5,213.78,10849.0,2317742.42,2317742.42,2026-09-14 07:45:00+00:00,2026-09-14 03:45:00-04:00
1789372200000,213.73,213.75,213.44,213.66,8775.0,1874356.38,1874356.38,2026-09-14 07:50:00+00:00,2026-09-14 03:50:00-04:00
1789372500000,213.65,213.7,213.49,213.55,5223.0,1115773.75,1115773.75,2026-09-14 07:55:00+00:00,2026-09-14 03:55:00-04:00
1789372800000,213.94,215.02,213.3917,213.747,140489.0,30086030.6783,30086030.6783,2026-09-14 08:00:00+00:00,2026-09-14 04:00:00-04:00
1789373100000,213.6303,214.96,213.46,213.73,81575.226249,17441620.65682494,17441620.656824939,2026-09-14 08:05:00+00:00,2026-09-14 04:05:00-04:00
1789373400000,213.7592,213.897,213.54,213.7382,13144.0,2809285.0316,2809285.0316,2026-09-14 08:10:00+00:00,2026-09-14 04:10:00-04:00
1789373700000,213.7357,213.74,213.25,213.2895,14379.0,3070559.4326,3070559.4326,2026-09-14 08:15:00+00:00,2026-09-14 04:15:00-04:00
1789374000000,213.2895,213.4377,213.01,213.049,35364.761397,7542207.727870982,7542207.7278709824,2026-09-14 08:20:00+00:00,2026-09-14 04:20:00-04:00
1789374300000,213.01,213.1695,212.831,212.878,36693.413478,7817772.136812457,7817772.136812457,2026-09-14 08:25:00+00:00,2026-09-14 04:25:00-04:00
1789374600000,212.878,213.1362,212.8,212.9572,31710.537191,6752254.50595154,6752254.50595154,2026-09-14 08:30:00+00:00,2026-09-14 04:30:00-04:00
1789374900000,212.9572,213.1562,212.93,213.0762,16685.86984,3554663.496530112,3554663.496530112,2026-09-14 08:35:00+00:00,2026-09-14 04:35:00-04:00
1789375200000,213.0762,213.1267,212.86,212.9185,4771.0,1016177.0264,1016177.0264,2026-09-14 08:40:00+00:00,2026-09-14 04:40:00-04:00
1789375500000,212.9185,212.9965,212.233,212.2977,23605.0,5015825.347,5015825.347,2026-09-14 08:45:00+00:00,2026-09-14 04:45:00-04:00
1789375800000,212.2977,212.5092,212.09,212.1387,22872.369676,4855725.049708848,4855725.0497088484,2026-09-14 08:50:00+00:00,2026-09-14 04:50:00-04:00
1789376100000,212.1387,212.2985,211.95,212.0967,61116.832568,12961799.082749415,12961799.082749416,2026-09-14 08:55:00+00:00,2026-09-14 04:55:00-04:00
1789376400000,212.01,212.1967,211.9,212.0675,32283.348648,6844755.684865447,6844755.6848654472,2026-09-14 09:00:00+00:00,2026-09-14 05:00:00-04:00
1789376700000,212.0675,212.25,211.8,212.2072,28568.03361,6059829.657279258,6059829.657279258,2026-09-14 09:05:00+00:00,2026-09-14 05:05:00-04:00
1789377000000,212.2072,212.2275,211.29,211.4995,36143.191468,7655105.742528672,7655105.742528672,2026-09-14 09:10:00+00:00,2026-09-14 05:10:00-04:00
1789377300000,211.4985,211.52,211.4277,211.4687,10403.0,2200004.6185,2200004.6185,2026-09-14 09:15:00+00:00,2026-09-14 05:15:00-04:00
1789377600000,211.46,211.6982,211.0,211.049,33163.684422,7006615.805677819,7006615.8056778194,2026-09-14 09:20:00+00:00,2026-09-14 05:20:00-04:00
1789377900000,211.049,211.5,211.0,211.4982,31561.364505,6662426.805318408,6662426.8053184075779168,2026-09-14 09:25:00+00:00,2026-09-14 05:25:00-04:00
1789378200000,211.4982,211.9492,211.44,211.8282,27170.995536,5750125.27670019,5750125.2767001904,2026-09-14 09:30:00+00:00,2026-09-14 05:30:00-04:00
1789378500000,211.8263,211.918,211.6415,211.7189,19560.291122,4143164.1482074647,4143164.1482074648,2026-09-14 09:35:00+00:00,2026-09-14 05:35:00-04:00
1789378800000,211.7685,211.99,211.75,211.8577,6680.0,1415107.3163,1415107.3163,2026-09-14 09:40:00+00:00,2026-09-14 05:40:00-04:00
1789379100000,211.8582,211.9892,211.8017,211.988,6462.0,1369385.554,1369385.554,2026-09-14 09:45:00+00:00,2026-09-14 05:45:00-04:00
1789379400000,211.988,212.0,211.75,211.9582,11818.41352,2504066.29246072,2504066.29246072,2026-09-14 09:50:00+00:00,2026-09-14 05:50:00-04:00
1789379700000,211.9582,211.98,211.75,211.928,15601.820781000002,3305999.7421762566,3305999.7421762571238214,2026-09-14 09:55:00+00:00,2026-09-14 05:55:00-04:00
1789380000000,211.928,211.96,211.75,211.8487,19183.9502,4064287.6228471,4064287.6228471,2026-09-14 10:00:00+00:00,2026-09-14 06:00:00-04:00
1789380300000,211.8487,211.96,211.69,211.7287,23647.481327,5009216.954345709,5009216.9543457085,2026-09-14 10:05:00+00:00,2026-09-14 06:05:00-04:00
1789380600000,211.729,211.8982,211.54,211.7292,21524.0,4555440.7631,4555440.7631,2026-09-14 10:10:00+00:00,2026-09-14 06:10:00-04:00
1789380900000,211.7292,211.8365,211.5322,211.698,4577.0,968787.3225,968787.3225,2026-09-14 10:15:00+00:00,2026-09-14 06:15:00-04:00
1789381200000,211.698,211.99,211.622,211.9787,8455.054344,1791294.9164106073,1791294.9164106072,2026-09-14 10:20:00+00:00,2026-09-14 06:20:00-04:00
1789381500000,211.9787,212.18,211.91,212.009,40625.902657,8614327.875268178,8614327.8752681785,2026-09-14 10:25:00+00:00,2026-09-14 06:25:00-04:00
1789381800000,212.009,212.095,211.86,212.0782,25704.522359,5449416.90463036,5449416.904630359424002,2026-09-14 10:30:00+00:00,2026-09-14 06:30:00-04:00
1789382100000,212.0782,212.2,211.99,212.1382,22075.588709,4682220.464549062,4682220.4645490619,2026-09-14 10:35:00+00:00,2026-09-14 06:35:00-04:00
1789382400000,212.1382,212.25,212.0017,212.1565,5952.0,1262784.6526,1262784.6526,2026-09-14 10:40:00+00:00,2026-09-14 06:40:00-04:00
1789382700000,212.1565,212.1567,211.9,211.9877,28662.0,6076311.2223,6076311.2223,2026-09-14 10:45:00+00:00,2026-09-14 06:45:00-04:00
1789383000000,211.9877,211.99,211.5112,211.6492,26421.778933,5596024.165836517,5596024.1658365164,2026-09-14 10:50:00+00:00,2026-09-14 06:50:00-04:00
1789383300000,211.611,212.35,211.61,212.3475,52860.34655,11206149.371039076,11206149.371039075423673,2026-09-14 10:55:00+00:00,2026-09-14 06:55:00-04:00
1789383600000,212.32,212.45,212.05,212.339,427359.017101,90713933.97022666,90713933.970226664,2026-09-14 11:00:00+00:00,2026-09-14 07:00:00-04:00
1789383900000,212.339,212.39,212.19,212.239,203192.919719,43138458.9005868,43138458.9005868008,2026-09-14 11:05:00+00:00,2026-09-14 07:05:00-04:00
1789384200000,212.239,212.365,212.15,212.189,69223.0,14691544.1255,14691544.1255,2026-09-14 11:10:00+00:00,2026-09-14 07:10:00-04:00
1789384500000,212.189,212.27,211.92,212.2597,46734.0,9913381.3361,9913381.3361,2026-09-14 11:15:00+00:00,2026-09-14 07:15:00-04:00
1789384800000,212.25,212.69,212.15,212.6687,61584.729223,13075421.513676647,13075421.5136766482,2026-09-14 11:20:00+00:00,2026-09-14 07:20:00-04:00
1789385100000,212.6687,213.289,212.65,213.289,153895.215477,32753976.867930815,32753976.8679308164,2026-09-14 11:25:00+00:00,2026-09-14 07:25:00-04:00
1789385400000,213.2987,213.389,213.0,213.1292,141742.899825,30216179.459323026,30216179.4593230275,2026-09-14 11:30:00+00:00,2026-09-14 07:30:00-04:00
1789385700000,213.1292,213.3272,213.0,213.3272,125200.144699,26681520.849484265,26681520.8494842629,2026-09-14 11:35:00+00:00,2026-09-14 07:35:00-04:00
1789386000000,213.26,213.34,213.0,213.1663,57238.0,12200270.425,12200270.425,2026-09-14 11:40:00+00:00,2026-09-14 07:40:00-04:00
1789386300000,213.1682,213.248,213.07,213.2195,35572.0,7581499.2746,7581499.2746,2026-09-14 11:45:00+00:00,2026-09-14 07:45:00-04:00
1789386600000,213.2192,213.3975,212.8,213.0979,68683.908334,14634450.38040206,14634450.3804020592,2026-09-14 11:50:00+00:00,2026-09-14 07:50:00-04:00
1789386900000,213.099,213.2777,212.8,212.89,37983.59098,8090277.217985752,8090277.217985752,2026-09-14 11:55:00+00:00,2026-09-14 07:55:00-04:00
1789387200000,212.889,213.06,212.57,213.0,126458.589319,26917869.47937788,26917869.4793778812,2026-09-14 12:00:00+00:00,2026-09-14 08:00:00-04:00
1789387500000,213.0195,213.0195,212.5225,212.7097,38903.0,8276950.0392,8276950.0392,2026-09-14 12:05:00+00:00,2026-09-14 08:05:00-04:00
1789387800000,212.7097,213.0,212.7,212.8182,33378.454931,7105258.467599298,7105258.4675992975,2026-09-14 12:10:00+00:00,2026-09-14 08:10:00-04:00
1789388100000,212.8182,213.15,212.7,213.11,541510.951395,117762853.46512178,117762853.465121785,2026-09-14 12:15:00+00:00,2026-09-14 08:15:00-04:00
1789388400000,213.138,213.15,212.82,212.9,84374.28956800001,17977162.489351064,17977162.489351064530693,2026-09-14 12:20:00+00:00,2026-09-14 08:20:00-04:00
1789388700000,212.89,212.9972,212.8,212.8195,42168.0,8975228.1155,8975228.1155,2026-09-14 12:25:00+00:00,2026-09-14 08:25:00-04:00
1789389000000,212.82,212.94,212.7,212.8582,42743.0,9094239.6525,9094239.6525,2026-09-14 12:30:00+00:00,2026-09-14 08:30:00-04:00
1789389300000,212.86,212.86,212.21,212.4,103176.821942,21932578.980653863,21932578.9806538666,2026-09-14 12:35:00+00:00,2026-09-14 08:35:00-04:00
1789389600000,212.36,212.81,212.18,212.7177,47601.521339,10113695.77837055,10113695.77837055,2026-09-14 12:40:00+00:00,2026-09-14 08:40:00-04:00
1789389900000,212.7177,212.8,212.32,212.5982,41239.453998,8765185.646160714,8765185.6461607146,2026-09-14 12:45:00+00:00,2026-09-14 08:45:00-04:00
1789390200000,212.5995,212.6,212.3512,212.3512,84508.25711800001,17957821.670743596,17957821.670743595924991,2026-09-14 12:50:00+00:00,2026-09-14 08:50:00-04:00
1789390500000,212.399,212.4677,212.03,212.0792,41958.0,8903742.8659,8903742.8659,2026-09-14 12:55:00+00:00,2026-09-14 08:55:00-04:00
1789390800000,212.08,212.2977,211.95,212.1182,53901.0,11428238.0372,11428238.0372,2026-09-14 13:00:00+00:00,2026-09-14 09:00:00-04:00
1789391100000,212.1182,212.3,211.88,211.9585,78226.865269,16584278.457009686,16584278.4570096865,2026-09-14 13:05:00+00:00,2026-09-14 09:05:00-04:00
1789391400000,211.93,212.2475,211.73,212.1987,118569.032855,25128891.14612767,25128891.146127672,2026-09-14 13:10:00+00:00,2026-09-14 09:10:00-04:00
1789391700000,212.19,212.4,212.08,212.3695,109984.938039,23341938.77340662,23341938.7734066212,2026-09-14 13:15:00+00:00,2026-09-14 09:15:00-04:00
1789392000000,212.3505,212.63,212.35,212.4682,102883.37356900002,21862316.268941224,21862316.268941224849948,2026-09-14 13:20:00+00:00,2026-09-14 09:20:00-04:00
1789392300000,212.35,212.47,211.1,211.33,88301.0,18701348.6126,18701348.6126,2026-09-14 13:25:00+00:00,2026-09-14 09:25:00-04:00
1789392600000,211.08,211.385,209.24,209.68,7423476.0,1559413511.6202,1559413511.6202,2026-09-14 13:30:00+00:00,2026-09-14 09:30:00-04:00
1789392900000,209.56,209.92,208.93,209.27,3742111.76219,783680155.5682943,783680155.56829432317118,2026-09-14 13:35:00+00:00,2026-09-14 09:35:00-04:00
1789393200000,209.27,209.87,209.07,209.86,2346769.0,491584796.5665,491584796.5665,2026-09-14 13:40:00+00:00,2026-09-14 09:40:00-04:00
1789393500000,209.86,211.56,209.8463,211.31,2957295.0,623007320.3612,623007320.3612,2026-09-14 13:45:00+00:00,2026-09-14 09:45:00-04:00
1789393800000,211.315,211.4399,210.51,210.675,2147223.211811,453019247.5637674,453019247.5637674148026,2026-09-14 13:50:00+00:00,2026-09-14 09:50:00-04:00
1789394100000,210.67,210.96,210.55,210.79,1244591.0,262258825.7039,262258825.7039,2026-09-14 13:55:00+00:00,2026-09-14 09:55:00-04:00
1789394400000,210.79,211.03,210.45,210.7466,1847802.0,389361872.6731,389361872.6731,2026-09-14 14:00:00+00:00,2026-09-14 10:00:00-04:00
1789394700000,210.77,211.63,210.55,211.22,1908813.028707,402997605.4431109,402997605.44311087392462,2026-09-14 14:05:00+00:00,2026-09-14 10:05:00-04:00
1789395000000,211.22,211.7,211.22,211.42,1416606.0,299630820.4368,299630820.4368,2026-09-14 14:10:00+00:00,2026-09-14 10:10:00-04:00
1789395300000,211.425,211.53,210.59,210.67,1455068.0,307063762.0931,307063762.0931,2026-09-14 14:15:00+00:00,2026-09-14 10:15:00-04:00
1789395600000,210.69,210.82,210.2171,210.23,1123426.0,236423100.9678,236423100.9678,2026-09-14 14:20:00+00:00,2026-09-14 10:20:00-04:00
1789395900000,210.235,210.49,210.07,210.455,1513236.0,318077733.7004,318077733.7004,2026-09-14 14:25:00+00:00,2026-09-14 10:25:00-04:00
1789396200000,210.45,211.02,210.42,210.9295,1136349.83273,239400468.479058,239400468.47905796394055,2026-09-14 14:30:00+00:00,2026-09-14 10:30:00-04:00
1789396500000,210.925,210.925,210.25,210.4299,1129873.8591699998,237930477.28925532,237930477.28925534488178,2026-09-14 14:35:00+00:00,2026-09-14 10:35:00-04:00
1789396800000,210.41,210.62,210.33,210.52,734108.0,154516800.3954,154516800.3954,2026-09-14 14:40:00+00:00,2026-09-14 10:40:00-04:00
1789397100000,210.53,210.86,210.47,210.8298,685170.0,144362065.0035,144362065.0035,2026-09-14 14:45:00+00:00,2026-09-14 10:45:00-04:00
1789397400000,210.82,210.84,210.46,210.63,857341.0,180586817.1418,180586817.1418,2026-09-14 14:50:00+00:00,2026-09-14 10:50:00-04:00
1789397700000,210.625,210.6762,210.3,210.48,730664.124783,153778774.5945858,153778774.5945858011,2026-09-14 14:55:00+00:00,2026-09-14 10:55:00-04:00
1789398000000,210.46,210.63,210.28,210.34,629069.130291,132393361.20422752,132393361.2042275239,2026-09-14 15:00:00+00:00,2026-09-14 11:00:00-04:00
1789398300000,210.3495,211.26,210.3401,210.86,847828.0,178799817.2253,178799817.2253,2026-09-14 15:05:00+00:00,2026-09-14 11:05:00-04:00
1789398600000,210.88,211.05,210.71,210.74,524412.0,110564360.6132,110564360.6132,2026-09-14 15:10:00+00:00,2026-09-14 11:10:00-04:00
1789398900000,210.73,211.2395,210.718,211.135,725312.366029,153030009.66506776,153030009.6650677754,2026-09-14 15:15:00+00:00,2026-09-14 11:15:00-04:00
1789399200000,211.14,211.35,210.95,211.26,734267.77828,155046369.40722337,155046369.407223356,2026-09-14 15:20:00+00:00,2026-09-14 11:20:00-04:00
1789399500000,211.26,211.6,211.16,211.46,684776.0,144757183.9257,144757183.9257,2026-09-14 15:25:00+00:00,2026-09-14 11:25:00-04:00
1789399800000,211.45,212.02,211.2,211.89,1068036.0,226054220.2266,226054220.2266,2026-09-14 15:30:00+00:00,2026-09-14 11:30:00-04:00
1789400100000,211.9,212.1,211.81,211.88,1134621.856381,240491116.88565984,240491116.8856598457,2026-09-14 15:35:00+00:00,2026-09-14 11:35:00-04:00
1789400400000,211.88,212.2,211.7,212.05,846950.0,179544311.9829,179544311.9829,2026-09-14 15:40:00+00:00,2026-09-14 11:40:00-04:00
1789400700000,212.0575,212.1298,211.7637,211.772,708765.0,150243549.9098,150243549.9098,2026-09-14 15:45:00+00:00,2026-09-14 11:45:00-04:00
1789401000000,211.77,211.94,211.68,211.9026,485890.0,102911271.6689,102911271.6689,2026-09-14 15:50:00+00:00,2026-09-14 11:50:00-04:00
1789401300000,211.905,212.33,211.86,212.1884,669562.391795,142011187.4359648,142011187.4359648145,2026-09-14 15:55:00+00:00,2026-09-14 11:55:00-04:00
1789401600000,212.17,212.285,212.0284,212.0301,560593.410364,118926687.028231,118926687.0282310024,2026-09-14 16:00:00+00:00,2026-09-14 12:00:00-04:00
1789401900000,212.0329,212.0329,211.76,211.8,582246.0,123374665.5969,123374665.5969,2026-09-14 16:05:00+00:00,2026-09-14 12:05:00-04:00
1789402200000,211.7855,211.9299,211.6515,211.6899,643196.885164,136223130.5986227,136223130.5986227172,2026-09-14 16:10:00+00:00,2026-09-14 12:10:00-04:00
1789402500000,211.7,212.23,211.7,212.15,685469.0366720001,145356282.3594429,145356282.35944288840376,2026-09-14 16:15:00+00:00,2026-09-14 12:15:00-04:00
1789402800000,212.14,212.165,211.92,211.96,574496.5289350001,121823427.79043125,121823427.79043123870505,2026-09-14 16:20:00+00:00,2026-09-14 12:20:00-04:00
1789403100000,211.94,211.99,211.68,211.79,426749.0,90382590.2797,90382590.2797,2026-09-14 16:25:00+00:00,2026-09-14 12:25:00-04:00
1789403400000,211.77,211.84,211.615,211.6799,326461.0,69129444.2324,69129444.2324,2026-09-14 16:30:00+00:00,2026-09-14 12:30:00-04:00
1789403700000,211.67,211.85,211.51,211.775,427028.0,90396630.5275,90396630.5275,2026-09-14 16:35:00+00:00,2026-09-14 12:35:00-04:00
1789404000000,211.775,211.86,211.62,211.86,311213.060954,65888254.37123874,65888254.3712387438,2026-09-14 16:40:00+00:00,2026-09-14 12:40:00-04:00
1789404300000,211.855,212.39,211.725,212.26,833954.0,176848751.9327,176848751.9327,2026-09-14 16:45:00+00:00,2026-09-14 12:45:00-04:00
1789404600000,212.2688,212.365,211.7,212.035,642755.349028,136427432.35772094,136427432.3577209472,2026-09-14 16:50:00+00:00,2026-09-14 12:50:00-04:00
1789404900000,212.03,212.2199,211.9099,212.105,443457.0,94042244.8233,94042244.8233,2026-09-14 16:55:00+00:00,2026-09-14 12:55:00-04:00
1789405200000,212.1099,212.21,212.0589,212.135,616498.0,130785189.1617,130785189.1617,2026-09-14 17:00:00+00:00,2026-09-14 13:00:00-04:00
1789405500000,212.1386,212.24,212.09,212.16,417981.856227,88682304.84426948,88682304.8442694949,2026-09-14 17:05:00+00:00,2026-09-14 13:05:00-04:00
1789405800000,212.175,212.38,212.07,212.071,360078.0,76425117.9539,76425117.9539,2026-09-14 17:10:00+00:00,2026-09-14 13:10:00-04:00
1789406100000,212.07,212.1962,211.96,212.045,345980.0,73370850.5334,73370850.5334,2026-09-14 17:15:00+00:00,2026-09-14 13:15:00-04:00
1789406400000,212.045,212.37,212.022,212.345,524773.0,111379048.0276,111379048.0276,2026-09-14 17:20:00+00:00,2026-09-14 13:20:00-04:00
1789406700000,212.35,212.59,212.305,212.58,622061.0,132140192.321,132140192.321,2026-09-14 17:25:00+00:00,2026-09-14 13:25:00-04:00
1789407000000,212.59,212.606,212.38,212.42,578925.0,123004491.2882,123004491.2882,2026-09-14 17:30:00+00:00,2026-09-14 13:30:00-04:00
1789407300000,212.42,212.48,212.1667,212.47,480809.80058,102084750.09183604,102084750.09183603849214,2026-09-14 17:35:00+00:00,2026-09-14 13:35:00-04:00
1789407600000,212.46,212.49,212.2801,212.3784,292455.0,62111447.9476,62111447.9476,2026-09-14 17:40:00+00:00,2026-09-14 13:40:00-04:00
1789407900000,212.37,212.6,212.37,212.575,381629.0,81104702.0081,81104702.0081,2026-09-14 17:45:00+00:00,2026-09-14 13:45:00-04:00
1789408200000,212.575,212.77,212.51,212.53,632682.0,134530580.0573,134530580.0573,2026-09-14 17:50:00+00:00,2026-09-14 13:50:00-04:00
1789408500000,212.53,212.58,212.39,212.4101,488428.0,103773762.1153,103773762.1153,2026-09-14 17:55:00+00:00,2026-09-14 13:55:00-04:00
1789408800000,212.42,212.63,212.23,212.28,533866.0,113402817.8008,113402817.8008,2026-09-14 18:00:00+00:00,2026-09-14 14:00:00-04:00
1789409100000,212.2864,212.55,212.2,212.5318,424889.0,90240626.6367,90240626.6367,2026-09-14 18:05:00+00:00,2026-09-14 14:05:00-04:00
1789409400000,212.54,212.58,212.35,212.46,503071.345706,106885712.47421968,106885712.4742196866,2026-09-14 18:10:00+00:00,2026-09-14 14:10:00-04:00
1789409700000,212.46,212.495,212.23,212.24,549582.9593400001,116725383.72441106,116725383.72441106274445,2026-09-14 18:15:00+00:00,2026-09-14 14:15:00-04:00
1789410000000,212.23,212.3,212.09,212.18,398223.117093,84494865.9035342,84494865.90353420198718,2026-09-14 18:20:00+00:00,2026-09-14 14:20:00-04:00
1789410300000,212.185,212.205,212.035,212.095,348008.0,73817569.3175,73817569.3175,2026-09-14 18:25:00+00:00,2026-09-14 14:25:00-04:00
1789410600000,212.11,212.34,212.07,212.2872,532516.0,112987955.0878,112987955.0878,2026-09-14 18:30:00+00:00,2026-09-14 14:30:00-04:00
1789410900000,212.28,212.44,212.25,212.415,424003.0,90035535.6502,90035535.6502,2026-09-14 18:35:00+00:00,2026-09-14 14:35:00-04:00
1789411200000,212.415,212.45,212.315,212.4,408198.0,86702664.3121,86702664.3121,2026-09-14 18:40:00+00:00,2026-09-14 14:40:00-04:00
1789411500000,212.4,212.49,212.27,212.34,459110.461803,97504345.4534753,97504345.4534753036,2026-09-14 18:45:00+00:00,2026-09-14 14:45:00-04:00
1789411800000,212.34,212.42,212.23,212.355,398313.938924,84561623.76143621,84561623.7614362128,2026-09-14 18:50:00+00:00,2026-09-14 14:50:00-04:00
1789412100000,212.34,212.58,212.31,212.555,370734.0,78752259.1206,78752259.1206,2026-09-14 18:55:00+00:00,2026-09-14 14:55:00-04:00
1789412400000,212.57,212.6,212.25,212.58,436549.0,92772608.4456,92772608.4456,2026-09-14 19:00:00+00:00,2026-09-14 15:00:00-04:00
1789412700000,212.59,212.62,212.23,212.405,597010.0,126799310.2962,126799310.2962,2026-09-14 19:05:00+00:00,2026-09-14 15:05:00-04:00
1789413000000,212.42,212.445,212.19,212.28,453326.0,96257492.7915,96257492.7915,2026-09-14 19:10:00+00:00,2026-09-14 15:10:00-04:00
1789413300000,212.27,212.295,212.1215,212.28,367882.0,78065188.9688,78065188.9688,2026-09-14 19:15:00+00:00,2026-09-14 15:15:00-04:00
1789413600000,212.27,212.32,212.1,212.24,400890.929041,85071491.25181638,85071491.2518163841,2026-09-14 19:20:00+00:00,2026-09-14 15:20:00-04:00
1789413900000,212.24,212.36,212.1,212.105,421090.466314,89386470.29598755,89386470.2959875618,2026-09-14 19:25:00+00:00,2026-09-14 15:25:00-04:00
1789414200000,212.1,212.2,211.72,211.8,970683.469133,205775759.10167855,205775759.10167859040524,2026-09-14 19:30:00+00:00,2026-09-14 15:30:00-04:00
1789414500000,211.7935,211.86,211.68,211.85,729470.416965,154481068.44847804,154481068.44847805,2026-09-14 19:35:00+00:00,2026-09-14 15:35:00-04:00
1789414800000,211.84,212.135,211.82,212.07,687229.0,145718666.7785,145718666.7785,2026-09-14 19:40:00+00:00,2026-09-14 15:40:00-04:00
1789415100000,212.075,212.1546,211.85,212.07,992404.0,210440073.9462,210440073.9462,2026-09-14 19:45:00+00:00,2026-09-14 15:45:00-04:00
1789415400000,212.13,212.4,211.39,211.72,1572209.0,332793934.8958,332793934.8958,2026-09-14 19:50:00+00:00,2026-09-14 15:50:00-04:00
1789415700000,211.71,211.71,210.79,210.96,5352475.421046,1130139473.3875303,1130139473.3875303356,2026-09-14 19:55:00+00:00,2026-09-14 15:55:00-04:00
1789416000000,210.93,211.2282,210.29,210.737,6320361.0,1333330798.9738,1333330798.9738,2026-09-14 20:00:00+00:00,2026-09-14 16:00:00-04:00
1789416300000,210.65,210.88,210.3862,210.8792,118204.988502,24895415.011352245,24895415.0113522446,2026-09-14 20:05:00+00:00,2026-09-14 16:05:00-04:00
1789416600000,210.8792,211.19,210.86,211.0987,20038.0,4228291.2771,4228291.2771,2026-09-14 20:10:00+00:00,2026-09-14 16:10:00-04:00
1789416900000,211.05,211.17,210.9394,211.1668,17460.0,3685035.9542,3685035.9542,2026-09-14 20:15:00+00:00,2026-09-14 16:15:00-04:00
1789417200000,211.1692,211.3482,211.15,211.3292,150328.034649,31718208.488863494,31718208.4888634969,2026-09-14 20:20:00+00:00,2026-09-14 16:20:00-04:00
1789417500000,211.3292,211.55,211.3,211.5292,31765.713912,6715736.715968929,6715736.7159689288,2026-09-14 20:25:00+00:00,2026-09-14 16:25:00-04:00
1789417800000,211.5487,211.749,211.48,211.749,32805.997393,6939403.52548222,6939403.5254822194769714,2026-09-14 20:30:00+00:00,2026-09-14 16:30:00-04:00
1789418100000,211.7392,212.1495,211.6507,212.13,267368.844742,56638179.35817365,56638179.358173657836616,2026-09-14 20:35:00+00:00,2026-09-14 16:35:00-04:00
1789418400000,212.1487,212.4,212.05,212.35,55416.800709,11758105.57870222,11758105.5787022199,2026-09-14 20:40:00+00:00,2026-09-14 16:40:00-04:00
1789418700000,212.36,212.75,212.2,212.5097,24785.0,5265013.464,5265013.464,2026-09-14 20:45:00+00:00,2026-09-14 16:45:00-04:00
1789419000000,212.5097,212.6787,212.46,212.619,322216.050959,68025111.3561423,68025111.356142295,2026-09-14 20:50:00+00:00,2026-09-14 16:50:00-04:00
1789419300000,212.619,212.6299,212.3012,212.398,33501.261959,7120395.029057205,7120395.0290572045375363,2026-09-14 20:55:00+00:00,2026-09-14 16:55:00-04:00
1789419600000,212.398,212.4,212.1205,212.315,11910.1505,2529555.9506927,2529555.9506927,2026-09-14 21:00:00+00:00,2026-09-14 17:00:00-04:00
1789419900000,212.315,212.32,212.12,212.1992,15193.082762,3224436.667011679,3224436.6670116792,2026-09-14 21:05:00+00:00,2026-09-14 17:05:00-04:00
1789420200000,212.1992,212.27,212.17,212.2095,16211.232727,3433894.2721235803,3433894.2721235804877959,2026-09-14 21:10:00+00:00,2026-09-14 17:10:00-04:00
1789420500000,212.2095,212.49,212.17,212.3975,8551.0,1815973.7134,1815973.7134,2026-09-14 21:15:00+00:00,2026-09-14 17:15:00-04:00
1789420800000,212.3877,212.39,212.261,212.36,6439.147851,1364836.3926926295,1364836.3926926294,2026-09-14 21:20:00+00:00,2026-09-14 17:20:00-04:00
1789421100000,212.3585,212.4,212.23,212.3975,2626.721785,557758.4363765065,557758.4363765065,2026-09-14 21:25:00+00:00,2026-09-14 17:25:00-04:00
1789421400000,212.3975,212.3975,212.22,212.3262,5698.256048,1209802.1954166049,1209802.1954166048,2026-09-14 21:30:00+00:00,2026-09-14 17:30:00-04:00
1789421700000,212.3262,212.33,212.17,212.2775,9013.354178,1913326.9957912848,1913326.9957912852122825,2026-09-14 21:35:00+00:00,2026-09-14 17:35:00-04:00
1789422000000,212.26,212.33,212.18,212.2487,83756.0,17675705.8249,17675705.8249,2026-09-14 21:40:00+00:00,2026-09-14 17:40:00-04:00
1789422300000,212.2487,212.26,212.2,212.2495,1907.0,404755.0456,404755.0456,2026-09-14 21:45:00+00:00,2026-09-14 17:45:00-04:00
1789422600000,212.2495,212.5,212.21,212.3987,5518.134355,1171720.4504917643,1171720.4504917645,2026-09-14 21:50:00+00:00,2026-09-14 17:50:00-04:00
1789422900000,212.3987,212.54,212.35,212.539,10495.458188,2229252.6979303323,2229252.6979303325061887,2026-09-14 21:55:00+00:00,2026-09-14 17:55:00-04:00
1789423200000,212.51,212.58,212.5,212.5005,27415.253176,5826005.906853266,5826005.9068532664,2026-09-14 22:00:00+00:00,2026-09-14 18:00:00-04:00
1789423500000,212.5195,212.52,212.3,212.4757,12905.289711,2742221.924026853,2742221.9240268526124884,2026-09-14 22:05:00+00:00,2026-09-14 18:05:00-04:00
1789423800000,212.4757,212.5,212.3736,212.4992,3566.369358,757648.8954910781,757648.8954910782,2026-09-14 22:10:00+00:00,2026-09-14 18:10:00-04:00
1789424100000,212.5,212.62,212.34,212.4975,3927.0,834673.8714,834673.8714,2026-09-14 22:15:00+00:00,2026-09-14 18:15:00-04:00
1789424400000,212.45,212.5,212.4,212.4685,2504.632942,532112.5262279,532112.5262279,2026-09-14 22:20:00+00:00,2026-09-14 18:20:00-04:00
1789424700000,212.4685,212.4685,212.3122,212.3977,3331.584054,707640.0873480856,707640.0873480856,2026-09-14 22:25:00+00:00,2026-09-14 18:25:00-04:00
1789425000000,212.3977,212.4499,212.2217,212.2882,24424.369115,5186736.328159329,5186736.328159329,2026-09-14 22:30:00+00:00,2026-09-14 18:30:00-04:00
1789425300000,212.2885,212.39,212.2,212.3462,7374.165220999999,1565289.925350352,1565289.9253503520877337,2026-09-14 22:35:00+00:00,2026-09-14 18:35:00-04:00
1789425600000,212.3462,212.35,212.18,212.2295,4275.0,907282.6596,907282.6596,2026-09-14 22:40:00+00:00,2026-09-14 18:40:00-04:00
1789425900000,212.2295,212.4,212.2,212.3975,1364.0,289553.6517,289553.6517,2026-09-14 22:45:00+00:00,2026-09-14 18:45:00-04:00
1789426200000,212.3025,212.4,212.3,212.3792,4198.158963,891578.90819305,891578.90819305,2026-09-14 22:50:00+00:00,2026-09-14 18:50:00-04:00
1789426500000,212.3792,212.39,212.3,212.3877,5132.327506,1089928.6614182177,1089928.6614182176,2026-09-14 22:55:00+00:00,2026-09-14 18:55:00-04:00
1789426800000,212.3877,212.3877,212.2,212.2975,6087.236174000001,1292352.7160019402,1292352.71600194021231,2026-09-14 23:00:00+00:00,2026-09-14 19:00:00-04:00
1789427100000,212.2975,212.34,212.2,212.3367,7048.727667,1496175.2985706204,1496175.2985706204,2026-09-14 23:05:00+00:00,2026-09-14 19:05:00-04:00
1789427400000,212.3367,212.4,212.2132,212.3892,3323.4491040000003,705609.1778235008,705609.1778235008636886,2026-09-14 23:10:00+00:00,2026-09-14 19:10:00-04:00
1789427700000,212.3892,212.39,212.27,212.2995,2354.0,499835.8488,499835.8488,2026-09-14 23:15:00+00:00,2026-09-14 19:15:00-04:00
1789428000000,212.2995,212.3,212.25,212.2987,8786.603582,1865247.5218381237,1865247.5218381234,2026-09-14 23:20:00+00:00,2026-09-14 19:20:00-04:00
1789428300000,212.2512,212.3,212.25,212.2987,1961.872717,416447.9520031144,416447.9520031144,2026-09-14 23:25:00+00:00,2026-09-14 19:25:00-04:00
1789428600000,212.2987,212.3,212.147,212.1695,12392.478379,2630080.2007016586,2630080.2007016586,2026-09-14 23:30:00+00:00,2026-09-14 19:30:00-04:00
1789428900000,212.1503,212.2,212.15,212.1995,15354.893244,3257818.5481773135,3257818.5481773136,2026-09-14 23:35:00+00:00,2026-09-14 19:35:00-04:00
1789429200000,212.18,212.24,212.15,212.1695,2737.0,580759.8782,580759.8782,2026-09-14 23:40:00+00:00,2026-09-14 19:40:00-04:00
1789429500000,212.1695,212.17,212.05,212.099,3677.0,779959.8112,779959.8112,2026-09-14 23:45:00+00:00,2026-09-14 19:45:00-04:00
1789429800000,212.099,212.1,212.01,212.0782,5863.686284,1243510.7118283273,1243510.7118283272,2026-09-14 23:50:00+00:00,2026-09-14 19:50:00-04:00
1789430100000,212.02,212.08,212.01,212.04,28929.716092,6134311.397125611,6134311.3971256112,2026-09-14 23:55:00+00:00,2026-09-14 19:55:00-04:00
1789430400000,212.01,212.22,212.01,212.12,4015.0,851690.54,851690.54,2026-09-15 00:00:00+00:00,2026-09-14 20:00:00-04:00
1789430700000,212.12,212.26,211.94,212.22,3353.0,711080.47,711080.47,2026-09-15 00:05:00+00:00,2026-09-14 20:05:00-04:00
1789431000000,212.22,212.23,212.09,212.2,1152.0,244413.69,244413.69,2026-09-15 00:10:00+00:00,2026-09-14 20:10:00-04:00
1789431300000,212.22,212.22,212.1,212.18,748.0,158694.26,158694.26,2026-09-15 00:15:00+00:00,2026-09-14 20:15:00-04:00
1789431600000,212.15,212.26,212.12,212.25,2843.0,603289.68,603289.68,2026-09-15 00:20:00+00:00,2026-09-14 20:20:00-04:00
1789431900000,212.27,212.35,212.16,212.28,4018.0,852863.23,852863.23,2026-09-15 00:25:00+00:00,2026-09-14 20:25:00-04:00
1789432200000,212.27,212.41,212.26,212.38,3601.0,764681.58,764681.58,2026-09-15 00:30:00+00:00,2026-09-14 20:30:00-04:00
1789432500000,212.36,212.46,212.35,212.46,4241.0,900894.8,900894.8,2026-09-15 00:35:00+00:00,2026-09-14 20:35:00-04:00
1789432800000,212.46,212.52,212.44,212.45,2718.0,577512.51,577512.51,2026-09-15 00:40:00+00:00,2026-09-14 20:40:00-04:00
1789433100000,212.47,212.51,212.4,212.5,2520.0,535365.1,535365.1,2026-09-15 00:45:00+00:00,2026-09-14 20:45:00-04:00
1789433400000,212.51,212.53,212.38,212.38,3275.0,695768.49,695768.49,2026-09-15 00:50:00+00:00,2026-09-14 20:50:00-04:00
1789433700000,212.4,212.4,212.22,212.35,5124.0,1087885.13,1087885.13,2026-09-15 00:55:00+00:00,2026-09-14 20:55:00-04:00
1789434000000,212.38,212.4,212.28,212.36,2094.0,444658.5,444658.5,2026-09-15 01:00:00+00:00,2026-09-14 21:00:00-04:00
1789434300000,212.38,212.45,212.32,212.39,1737.0,368889.47,368889.47,2026-09-15 01:05:00+00:00,2026-09-14 21:05:00-04:00
1789434600000,212.42,212.5,212.4,212.47,2577.0,547553.67,547553.67,2026-09-15 01:10:00+00:00,2026-09-14 21:10:00-04:00
1789434900000,212.5,212.52,212.46,212.49,3075.0,653416.41,653416.41,2026-09-15 01:15:00+00:00,2026-09-14 21:15:00-04:00
1789435200000,212.5,212.5,212.43,212.44,1829.0,388588.35,388588.35,2026-09-15 01:20:00+00:00,2026-09-14 21:20:00-04:00
1789435500000,212.44,212.47,212.38,212.38,1238.0,262965.14,262965.14,2026-09-15 01:25:00+00:00,2026-09-14 21:25:00-04:00
1789435800000,212.41,212.51,212.31,212.34,2507.0,532577.91,532577.91,2026-09-15 01:30:00+00:00,2026-09-14 21:30:00-04:00
1789436100000,212.36,212.36,212.24,212.32,2888.0,613111.02,613111.02,2026-09-15 01:35:00+00:00,2026-09-14 21:35:00-04:00
1789436400000,212.32,212.32,212.15,212.26,5008.0,1062827.95,1062827.95,2026-09-15 01:40:00+00:00,2026-09-14 21:40:00-04:00
1789436700000,212.26,212.35,212.22,212.35,3747.0,795444.17,795444.17,2026-09-15 01:45:00+00:00,2026-09-14 21:45:00-04:00
1789437000000,212.35,212.47,212.25,212.41,1466.0,311273.38,311273.38,2026-09-15 01:50:00+00:00,2026-09-14 21:50:00-04:00
1789437300000,212.41,212.47,212.37,212.39,1717.0,364724.82,364724.82,2026-09-15 01:55:00+00:00,2026-09-14 21:55:00-04:00
1789437600000,212.42,212.51,212.38,212.45,1391.0,295493.71,295493.71,2026-09-15 02:00:00+00:00,2026-09-14 22:00:00-04:00
1789437900000,212.44,212.44,212.37,212.4,2455.0,521453.45,521453.45,2026-09-15 02:05:00+00:00,2026-09-14 22:05:00-04:00
1789438200000,212.41,212.45,212.4,212.42,1326.0,281666.43,281666.43,2026-09-15 02:10:00+00:00,2026-09-14 22:10:00-04:00
1789438500000,212.42,212.44,212.37,212.4,2813.0,597493.05,597493.05,2026-09-15 02:15:00+00:00,2026-09-14 22:15:00-04:00
1789438800000,212.41,212.43,212.36,212.42,2146.0,455812.7,455812.7,2026-09-15 02:20:00+00:00,2026-09-14 22:20:00-04:00
1789439100000,212.4,212.45,212.38,212.45,1705.0,362157.01,362157.01,2026-09-15 02:25:00+00:00,2026-09-14 22:25:00-04:00
1789439400000,212.45,212.49,212.42,212.48,1509.0,320600.39,320600.39,2026-09-15 02:30:00+00:00,2026-09-14 22:30:00-04:00
1789439700000,212.47,212.54,212.45,212.53,3349.0,711685.32,711685.32,2026-09-15 02:35:00+00:00,2026-09-14 22:35:00-04:00
1789440000000,212.52,212.57,212.45,212.53,1936.0,411454.27,411454.27,2026-09-15 02:40:00+00:00,2026-09-14 22:40:00-04:00
1789440300000,212.53,212.7,212.52,212.67,5184.0,1102160.18,1102160.18,2026-09-15 02:45:00+00:00,2026-09-14 22:45:00-04:00
1789440600000,212.69,212.73,212.66,212.68,5478.0,1165078.98,1165078.98,2026-09-15 02:50:00+00:00,2026-09-14 22:50:00-04:00
1789440900000,212.68,212.72,212.53,212.58,4778.0,1015817.96,1015817.96,2026-09-15 02:55:00+00:00,2026-09-14 22:55:00-04:00
1789441200000,212.57,212.65,212.57,212.62,1842.0,391628.63,391628.63,2026-09-15 03:00:00+00:00,2026-09-14 23:00:00-04:00
1789441500000,212.63,212.67,212.57,212.59,2934.0,623832.95,623832.95,2026-09-15 03:05:00+00:00,2026-09-14 23:05:00-04:00
1789441800000,212.59,212.61,212.53,212.59,1481.0,314828.55,314828.55,2026-09-15 03:10:00+00:00,2026-09-14 23:10:00-04:00
1789442100000,212.59,212.62,212.55,212.6,732.0,155616.61,155616.61,2026-09-15 03:15:00+00:00,2026-09-14 23:15:00-04:00
1789442400000,212.61,212.66,212.55,212.58,2519.0,535559.15,535559.15,2026-09-15 03:20:00+00:00,2026-09-14 23:20:00-04:00
1789442700000,212.6,212.61,212.55,212.61,1395.0,296560.03,296560.03,2026-09-15 03:25:00+00:00,2026-09-14 23:25:00-04:00
1789443000000,212.62,212.67,212.6,212.67,643.0,136731.13,136731.13,2026-09-15 03:30:00+00:00,2026-09-14 23:30:00-04:00
1789443300000,212.66,212.73,212.6,212.64,2278.0,484488.92,484488.92,2026-09-15 03:35:00+00:00,2026-09-14 23:35:00-04:00
1789443600000,212.64,212.64,212.6,212.64,2231.0,474373.75,474373.75,2026-09-15 03:40:00+00:00,2026-09-14 23:40:00-04:00
1789443900000,212.63,212.64,212.54,212.57,1999.0,424986.04,424986.04,2026-09-15 03:45:00+00:00,2026-09-14 23:45:00-04:00
1789444200000,212.55,212.61,212.49,212.49,16022.0,3405162.73,3405162.73,2026-09-15 03:50:00+00:00,2026-09-14 23:50:00-04:00
1789444500000,212.49,212.51,212.45,212.46,3576.0,759860.32,759860.32,2026-09-15 03:55:00+00:00,2026-09-14 23:55:00-04:00
1789444800000,212.45,212.54,212.43,212.52,2577.0,547531.95,547531.95,2026-09-15 04:00:00+00:00,2026-09-15 00:00:00-04:00
1789445100000,212.52,212.57,212.51,212.52,1312.0,278852.29,278852.29,2026-09-15 04:05:00+00:00,2026-09-15 00:05:00-04:00
1789445400000,212.52,212.54,212.49,212.5,1025.0,217815.44,217815.44,2026-09-15 04:10:00+00:00,2026-09-15 00:10:00-04:00
1789445700000,212.5,212.5,212.44,212.45,5879.0,1249183.18,1249183.18,2026-09-15 04:15:00+00:00,2026-09-15 00:15:00-04:00
1789446000000,212.45,212.45,212.34,212.34,2932.0,622712.67,622712.67,2026-09-15 04:20:00+00:00,2026-09-15 00:20:00-04:00
1789446300000,212.35,212.35,212.1,212.11,8382.0,1778600.49,1778600.49,2026-09-15 04:25:00+00:00,2026-09-15 00:25:00-04:00
1789446600000,212.12,212.13,212.0,212.03,13801.0,2926361.96,2926361.96,2026-09-15 04:30:00+00:00,2026-09-15 00:30:00-04:00
1789446900000,212.04,212.11,212.0,212.09,2988.0,633655.41,633655.41,2026-09-15 04:35:00+00:00,2026-09-15 00:35:00-04:00
1789447200000,212.07,212.25,212.05,212.24,1845.0,391475.52,391475.52,2026-09-15 04:40:00+00:00,2026-09-15 00:40:00-04:00
1789447500000,212.24,212.33,212.18,212.25,2586.0,548897.91,548897.91,2026-09-15 04:45:00+00:00,2026-09-15 00:45:00-04:00
1789447800000,212.31,212.31,212.07,212.19,3489.0,740247.22,740247.22,2026-09-15 04:50:00+00:00,2026-09-15 00:50:00-04:00
1789448100000,212.23,212.24,212.19,212.21,5830.0,1237098.18,1237098.18,2026-09-15 04:55:00+00:00,2026-09-15 00:55:00-04:00
1789448400000,212.21,212.28,212.17,212.19,7490.0,1589382.3,1589382.3,2026-09-15 05:00:00+00:00,2026-09-15 01:00:00-04:00
1789448700000,212.19,212.2,212.1,212.13,14238.0,3020980.71,3020980.71,2026-09-15 05:05:00+00:00,2026-09-15 01:05:00-04:00
1789449000000,212.15,212.19,211.8,211.84,11688.0,2478351.42,2478351.42,2026-09-15 05:10:00+00:00,2026-09-15 01:10:00-04:00
1789449300000,211.86,211.86,211.6,211.71,4399.0,931210.8,931210.8,2026-09-15 05:15:00+00:00,2026-09-15 01:15:00-04:00
1789449600000,211.71,211.8,211.62,211.67,3955.0,837245.0,837245,2026-09-15 05:20:00+00:00,2026-09-15 01:20:00-04:00
1789449900000,211.65,211.91,211.65,211.84,3707.0,785217.27,785217.27,2026-09-15 05:25:00+00:00,2026-09-15 01:25:00-04:00
1789450200000,211.83,212.01,211.79,212.0,4835.0,1024556.09,1024556.09,2026-09-15 05:30:00+00:00,2026-09-15 01:30:00-04:00
1789450500000,212.0,212.02,211.87,211.99,3728.0,790078.66,790078.66,2026-09-15 05:35:00+00:00,2026-09-15 01:35:00-04:00
1789450800000,211.99,212.27,211.99,212.26,4744.0,1006547.98,1006547.98,2026-09-15 05:40:00+00:00,2026-09-15 01:40:00-04:00
1789451100000,212.26,212.3,212.17,212.25,1381.0,293104.44,293104.44,2026-09-15 05:45:00+00:00,2026-09-15 01:45:00-04:00
1789451400000,212.27,212.44,212.24,212.44,3054.0,648532.66,648532.66,2026-09-15 05:50:00+00:00,2026-09-15 01:50:00-04:00
1789451700000,212.44,212.44,212.27,212.27,1354.0,287508.28,287508.28,2026-09-15 05:55:00+00:00,2026-09-15 01:55:00-04:00
1789452000000,212.27,212.38,212.27,212.32,1549.0,328905.51,328905.51,2026-09-15 06:00:00+00:00,2026-09-15 02:00:00-04:00
1789452300000,212.32,212.34,212.16,212.31,2032.0,431315.72,431315.72,2026-09-15 06:05:00+00:00,2026-09-15 02:05:00-04:00
1789452600000,212.32,212.43,212.27,212.37,1222.0,259485.21,259485.21,2026-09-15 06:10:00+00:00,2026-09-15 02:10:00-04:00
1789452900000,212.37,212.46,212.37,212.41,3970.0,843297.11,843297.11,2026-09-15 06:15:00+00:00,2026-09-15 02:15:00-04:00
1789453200000,212.41,212.5,212.34,212.34,3570.0,758365.45,758365.45,2026-09-15 06:20:00+00:00,2026-09-15 02:20:00-04:00
1789453500000,212.37,212.42,212.28,212.33,2413.0,512328.83,512328.83,2026-09-15 06:25:00+00:00,2026-09-15 02:25:00-04:00
1789453800000,212.33,212.36,212.18,212.19,8760.0,1859629.75,1859629.75,2026-09-15 06:30:00+00:00,2026-09-15 02:30:00-04:00
1789454100000,212.2,212.25,212.16,212.18,1072.0,227475.67,227475.67,2026-09-15 06:35:00+00:00,2026-09-15 02:35:00-04:00
1789454400000,212.19,212.22,212.03,212.1,3943.0,836335.84,836335.84,2026-09-15 06:40:00+00:00,2026-09-15 02:40:00-04:00
1789454700000,212.1,212.17,212.09,212.11,1254.0,266012.42,266012.42,2026-09-15 06:45:00+00:00,2026-09-15 02:45:00-04:00
1789455000000,212.09,212.11,211.97,212.01,8194.0,1737532.28,1737532.28,2026-09-15 06:50:00+00:00,2026-09-15 02:50:00-04:00
1789455300000,212.02,212.09,212.0,212.03,2313.0,490457.07,490457.07,2026-09-15 06:55:00+00:00,2026-09-15 02:55:00-04:00
1789455600000,212.03,212.17,211.97,212.11,4670.0,990484.13,990484.13,2026-09-15 07:00:00+00:00,2026-09-15 03:00:00-04:00
1789455900000,212.13,212.13,211.83,211.88,7552.0,1600768.84,1600768.84,2026-09-15 07:05:00+00:00,2026-09-15 03:05:00-04:00
1789456200000,211.88,211.92,211.75,211.76,5127.0,1085921.74,1085921.74,2026-09-15 07:10:00+00:00,2026-09-15 03:10:00-04:00
1789456500000,211.76,211.97,211.75,211.97,2892.0,612635.01,612635.01,2026-09-15 07:15:00+00:00,2026-09-15 03:15:00-04:00
1789456800000,211.98,212.0,211.93,212.0,15115.0,3204252.61,3204252.61,2026-09-15 07:20:00+00:00,2026-09-15 03:20:00-04:00
1789457100000,212.0,212.0,211.83,211.87,4636.0,982411.79,982411.79,2026-09-15 07:25:00+00:00,2026-09-15 03:25:00-04:00
1789457400000,211.86,211.97,211.83,211.89,2080.0,440755.48,440755.48,2026-09-15 07:30:00+00:00,2026-09-15 03:30:00-04:00
1789457700000,211.88,211.9,211.79,211.85,3200.0,677858.05,677858.05,2026-09-15 07:35:00+00:00,2026-09-15 03:35:00-04:00
1789458000000,211.84,211.84,211.68,211.69,4544.0,962185.79,962185.79,2026-09-15 07:40:00+00:00,2026-09-15 03:40:00-04:00
1789458300000,211.68,211.82,211.67,211.68,2866.0,606746.55,606746.55,2026-09-15 07:45:00+00:00,2026-09-15 03:45:00-04:00
1789458600000,211.71,211.79,211.68,211.77,2863.0,606221.72,606221.72,2026-09-15 07:50:00+00:00,2026-09-15 03:50:00-04:00
1789458900000,211.74,211.86,211.7,211.81,1394.0,295227.2,295227.2,2026-09-15 07:55:00+00:00,2026-09-15 03:55:00-04:00
1789459200000,211.81,212.61,210.96,211.527,41277.0,8751444.9287,8751444.9287,2026-09-15 08:00:00+00:00,2026-09-15 04:00:00-04:00
1789459500000,211.527,212.51,211.16,211.218,17159.080142,3628512.285955902,3628512.2859559022,2026-09-15 08:05:00+00:00,2026-09-15 04:05:00-04:00
1789459800000,211.218,211.25,210.98,211.1987,6636.0,1401123.8967,1401123.8967,2026-09-15 08:10:00+00:00,2026-09-15 04:10:00-04:00
1789460100000,211.1987,211.4962,211.1923,211.4962,6713.0,1418542.8863,1418542.8863,2026-09-15 08:15:00+00:00,2026-09-15 04:15:00-04:00
1789460400000,211.4962,211.6,211.3052,211.4975,12300.558352,2601296.590546862,2601296.5905468624,2026-09-15 08:20:00+00:00,2026-09-15 04:20:00-04:00
1789460700000,211.4975,211.4977,211.2415,211.4952,8630.041638,1824237.1588862415,1824237.1588862418,2026-09-15 08:25:00+00:00,2026-09-15 04:25:00-04:00
1789461000000,211.4952,211.4952,211.2635,211.3577,2706.0,571863.6842,571863.6842,2026-09-15 08:30:00+00:00,2026-09-15 04:30:00-04:00
1789461300000,211.3577,211.3975,211.2025,211.3375,2554.88746,539881.395465204,539881.395465204,2026-09-15 08:35:00+00:00,2026-09-15 04:35:00-04:00
1789461600000,211.3375,211.3985,211.2014,211.3782,5251.357984,1109666.4974534912,1109666.4974534912,2026-09-15 08:40:00+00:00,2026-09-15 04:40:00-04:00
1789461900000,211.3782,211.397,211.2222,211.3382,579.0,122358.004,122358.004,2026-09-15 08:45:00+00:00,2026-09-15 04:45:00-04:00
1789462200000,211.3382,211.4982,211.2742,211.4385,2559.070984,540955.4719155992,540955.4719155992,2026-09-15 08:50:00+00:00,2026-09-15 04:50:00-04:00
1789462500000,211.4385,211.4985,211.3022,211.3977,3676.520492,777242.8154661774,777242.8154661775154389,2026-09-15 08:55:00+00:00,2026-09-15 04:55:00-04:00
1789462800000,211.3977,211.4,211.2217,211.3857,1766.0,373194.7719,373194.7719,2026-09-15 09:00:00+00:00,2026-09-15 05:00:00-04:00
1789463100000,211.3857,211.5987,211.2232,211.4465,4758.858019,1006257.9616522636,1006257.9616522636,2026-09-15 09:05:00+00:00,2026-09-15 05:05:00-04:00
1789463400000,211.4465,211.6845,211.3383,211.5157,5677.501757,1200790.2744058515,1200790.2744058514,2026-09-15 09:10:00+00:00,2026-09-15 05:10:00-04:00
1789463700000,211.5157,211.597,211.26,211.4157,3940.390341,833301.314328147,833301.3143281471634479,2026-09-15 09:15:00+00:00,2026-09-15 05:15:00-04:00
1789464000000,211.4157,211.577,211.264,211.575,4294.033079000001,907784.5725329162,907784.572532916211404,2026-09-15 09:20:00+00:00,2026-09-15 05:20:00-04:00
1789464300000,211.575,211.75,211.385,211.7465,7850.524035,1661066.65525443,1661066.65525443,2026-09-15 09:25:00+00:00,2026-09-15 05:25:00-04:00
1789464600000,211.7465,211.75,211.5437,211.7477,8418.413631,1782176.9375272356,1782176.9375272355882982,2026-09-15 09:30:00+00:00,2026-09-15 05:30:00-04:00
1789464900000,211.7477,211.9172,211.67,211.9167,7496.121466,1587518.3673154763,1587518.3673154765,2026-09-15 09:35:00+00:00,2026-09-15 05:35:00-04:00
1789465200000,211.9167,211.9188,211.7912,211.917,2577.873699,546191.7554503648,546191.755450364757625,2026-09-15 09:40:00+00:00,2026-09-15 05:40:00-04:00
1789465500000,211.917,211.99,211.803,211.9695,6184.423140999999,1310494.8583542588,1310494.8583542589881088,2026-09-15 09:45:00+00:00,2026-09-15 05:45:00-04:00
1789465800000,211.9695,212.2982,211.93,212.2697,57769.673209,12250824.734721452,12250824.7347214514,2026-09-15 09:50:00+00:00,2026-09-15 05:50:00-04:00
1789466100000,212.2697,212.32,212.0072,212.188,5361.733975,1137905.7756158677,1137905.7756158675,2026-09-15 09:55:00+00:00,2026-09-15 05:55:00-04:00
1789466400000,212.188,212.3965,212.1342,212.2,2991.0,634858.8899,634858.8899,2026-09-15 10:00:00+00:00,2026-09-15 06:00:00-04:00
1789466700000,212.17,212.3,212.112,212.2985,3065.686253,650678.2333084375,650678.2333084375,2026-09-15 10:05:00+00:00,2026-09-15 06:05:00-04:00
1789467000000,212.2985,212.4377,212.2,212.3465,4383.999705,930787.340866485,930787.340866485,2026-09-15 10:10:00+00:00,2026-09-15 06:10:00-04:00
1789467300000,212.3465,212.35,212.082,212.198,7874.702764,1670676.7202966467,1670676.7202966468,2026-09-15 10:15:00+00:00,2026-09-15 06:15:00-04:00
1789467600000,212.198,212.4172,212.135,212.3985,8099.479681,1719371.6952103293,1719371.6952103291,2026-09-15 10:20:00+00:00,2026-09-15 06:20:00-04:00
1789467900000,212.3985,212.4377,212.25,212.378,6303.218625,1338614.8708847747,1338614.8708847748938141,2026-09-15 10:25:00+00:00,2026-09-15 06:25:00-04:00
1789468200000,212.302,212.439,212.2425,212.439,1357.0,288181.993,288181.993,2026-09-15 10:30:00+00:00,2026-09-15 06:30:00-04:00
1789468500000,212.439,212.5,212.352,212.4487,5326.744129,1131588.778796761,1131588.778796761,2026-09-15 10:35:00+00:00,2026-09-15 06:35:00-04:00
1789468800000,212.4487,212.4487,212.2525,212.4172,3848.626174,817378.3510818956,817378.3510818956,2026-09-15 10:40:00+00:00,2026-09-15 06:40:00-04:00
1789469100000,212.4172,212.4172,212.1927,212.3872,4452.78179,945387.83976206,945387.83976206,2026-09-15 10:45:00+00:00,2026-09-15 06:45:00-04:00
1789469400000,212.3872,212.42,212.3,212.3682,6172.349194,1310864.3194439767,1310864.3194439768,2026-09-15 10:50:00+00:00,2026-09-15 06:50:00-04:00
1789469700000,212.3682,212.43,212.2917,212.3795,4368.518263,927686.9963911911,927686.9963911913,2026-09-15 10:55:00+00:00,2026-09-15 06:55:00-04:00
1789470000000,212.36,212.6,212.34,212.54,29403.0,6247126.4458,6247126.4458,2026-09-15 11:00:00+00:00,2026-09-15 07:00:00-04:00
1789470300000,212.538,212.58,212.42,212.5795,9603.66391,2040910.39659455,2040910.39659455,2026-09-15 11:05:00+00:00,2026-09-15 07:05:00-04:00
1789470600000,212.5795,212.62,212.4422,212.5277,58215.092313,12374992.408771357,12374992.4087713559,2026-09-15 11:10:00+00:00,2026-09-15 07:10:00-04:00
1789470900000,212.442,212.54,212.2,212.3985,13578.33345,2884036.134013485,2884036.134013485,2026-09-15 11:15:00+00:00,2026-09-15 07:15:00-04:00
1789471200000,212.3985,212.46,212.2,212.2492,36921.767256,7840609.64421947,7840609.6442194712,2026-09-15 11:20:00+00:00,2026-09-15 07:20:00-04:00
1789471500000,212.2495,212.28,212.15,212.2792,8220.0,1744387.8926,1744387.8926,2026-09-15 11:25:00+00:00,2026-09-15 07:25:00-04:00
1789471800000,212.2792,212.28,212.07,212.178,6302.0,1337097.0575,1337097.0575,2026-09-15 11:30:00+00:00,2026-09-15 07:30:00-04:00
1789472100000,212.178,212.2792,212.11,212.1977,4430.344198,939986.535696314,939986.535696314,2026-09-15 11:35:00+00:00,2026-09-15 07:35:00-04:00
1789472400000,212.17,212.24,212.01,212.2377,14321.486755,3037857.4496404678,3037857.4496404675,2026-09-15 11:40:00+00:00,2026-09-15 07:40:00-04:00
1789472700000,212.2377,212.28,212.1317,212.1982,14555.547308,3088915.7420861437,3088915.7420861434122154,2026-09-15 11:45:00+00:00,2026-09-15 07:45:00-04:00
1789473000000,212.1982,212.3699,212.1883,212.2992,1860484.188099,394917724.4630411,394917724.4630411439,2026-09-15 11:50:00+00:00,2026-09-15 07:50:00-04:00
1789473300000,212.2992,212.3787,212.25,212.3085,6356.0,1349393.6838,1349393.6838,2026-09-15 11:55:00+00:00,2026-09-15 07:55:00-04:00
1789473600000,212.31,212.3797,212.0232,212.1682,14343.0,3044188.412,3044188.412,2026-09-15 12:00:00+00:00,2026-09-15 08:00:00-04:00
1789473900000,212.2,212.3867,212.1017,212.3292,13720.313663,2911838.9987137974,2911838.9987137979,2026-09-15 12:05:00+00:00,2026-09-15 08:05:00-04:00
1789474200000,212.3257,212.5,212.2922,212.4987,23472.553606,4984871.437091796,4984871.437091796,2026-09-15 12:10:00+00:00,2026-09-15 08:10:00-04:00
1789474500000,212.4987,212.7692,212.36,212.6977,55119.997277,11716098.920617364,11716098.9206173641,2026-09-15 12:15:00+00:00,2026-09-15 08:15:00-04:00
1789474800000,212.6982,212.6982,212.26,212.3682,56546.887518,12014060.681287048,12014060.6812870491501,2026-09-15 12:20:00+00:00,2026-09-15 08:20:00-04:00
1789475100000,212.3682,212.4,212.2217,212.2882,11484.0,2438010.9167,2438010.9167,2026-09-15 12:25:00+00:00,2026-09-15 08:25:00-04:00
1789475400000,212.2882,212.34,211.98,212.2982,9127.0,1935969.1655,1935969.1655,2026-09-15 12:30:00+00:00,2026-09-15 08:30:00-04:00
1789475700000,212.2982,212.3472,212.16,212.2887,11175.246074,2372061.3928483953,2372061.3928483952,2026-09-15 12:35:00+00:00,2026-09-15 08:35:00-04:00
1789476000000,212.26,212.35,212.21,212.3377,27122.32438,5757009.89034508,5757009.89034508,2026-09-15 12:40:00+00:00,2026-09-15 08:40:00-04:00
1789476300000,212.3377,212.6987,212.2927,212.5877,43540.834727,9249202.402467726,9249202.4024677267,2026-09-15 12:45:00+00:00,2026-09-15 08:45:00-04:00
1789476600000,212.5877,212.75,212.5,212.7192,44791.160582,9520554.92367344,9520554.9236734394502092,2026-09-15 12:50:00+00:00,2026-09-15 08:50:00-04:00
1789476900000,212.6907,212.96,212.45,212.5695,29502.0,6275124.8356,6275124.8356,2026-09-15 12:55:00+00:00,2026-09-15 08:55:00-04:00
1789477200000,212.5695,212.78,212.45,212.7292,17202.0,3657668.8868,3657668.8868,2026-09-15 13:00:00+00:00,2026-09-15 09:00:00-04:00
1789477500000,212.7292,212.73,212.5447,212.639,21976.366279,4673725.979353765,4673725.9793537646,2026-09-15 13:05:00+00:00,2026-09-15 09:05:00-04:00
1789477800000,212.639,212.84,212.61,212.8135,37795.670277,8040176.2416065885,8040176.2416065897,2026-09-15 13:10:00+00:00,2026-09-15 09:10:00-04:00
1789478100000,212.8,212.88,212.6,212.6597,70446.142233,14988211.629009292,14988211.6290092934,2026-09-15 13:15:00+00:00,2026-09-15 09:15:00-04:00
1789478400000,212.6597,212.7,212.27,212.5462,61500.926934,13075065.881978428,13075065.8819784284,2026-09-15 13:20:00+00:00,2026-09-15 09:20:00-04:00
1789478700000,212.53,213.49,212.53,213.45,71756.0,15296005.9458,15296005.9458,2026-09-15 13:25:00+00:00,2026-09-15 09:25:00-04:00
1789479000000,213.09,213.8795,212.5625,213.3799,3049620.0,649807952.2622,649807952.2622,2026-09-15 13:30:00+00:00,2026-09-15 09:30:00-04:00
1789479300000,213.3809,213.62,212.6711,213.0895,1832006.918252,390509229.9420901,390509229.9420900476,2026-09-15 13:35:00+00:00,2026-09-15 09:35:00-04:00
1789479600000,213.085,213.6099,212.92,213.31,1384123.0,295138187.6774,295138187.6774,2026-09-15 13:40:00+00:00,2026-09-15 09:40:00-04:00
1789479900000,213.315,213.94,213.21,213.57,1414196.0,302029525.2195,302029525.2195,2026-09-15 13:45:00+00:00,2026-09-15 09:45:00-04:00
1789480200000,213.55,213.717,213.18,213.2508,1264853.328271,270000252.59279823,270000252.5927982204,2026-09-15 13:50:00+00:00,2026-09-15 09:50:00-04:00
1789480500000,213.27,213.44,212.99,213.26,1138802.0,242835397.4387,242835397.4387,2026-09-15 13:55:00+00:00,2026-09-15 09:55:00-04:00
1789480800000,213.22,213.3024,212.48,212.815,1579445.0,336067087.2422,336067087.2422,2026-09-15 14:00:00+00:00,2026-09-15 10:00:00-04:00
1789481100000,212.7905,213.25,212.7905,213.12,906515.799867,193106207.41486847,193106207.414868473,2026-09-15 14:05:00+00:00,2026-09-15 10:05:00-04:00
1789481400000,213.11,213.17,212.4105,212.64,1284221.0,273138739.103,273138739.103,2026-09-15 14:10:00+00:00,2026-09-15 10:10:00-04:00
1789481700000,212.635,212.78,212.49,212.63,703741.0,149622813.8252,149622813.8252,2026-09-15 14:15:00+00:00,2026-09-15 10:15:00-04:00
1789482000000,212.62,212.79,211.96,212.68,1075284.0,228321263.7162,228321263.7162,2026-09-15 14:20:00+00:00,2026-09-15 10:20:00-04:00
1789482300000,212.68,212.9,212.41,212.7401,718185.759159,152742979.434938,152742979.4349379966,2026-09-15 14:25:00+00:00,2026-09-15 10:25:00-04:00
1789482600000,212.725,212.98,212.62,212.7,802726.536514,170787726.31977394,170787726.3197739454,2026-09-15 14:30:00+00:00,2026-09-15 10:30:00-04:00
1789482900000,212.7,213.06,212.685,212.81,813652.2205729999,173215869.62064034,173215869.62064034981093,2026-09-15 14:35:00+00:00,2026-09-15 10:35:00-04:00
1789483200000,212.8199,212.91,212.5205,212.71,993230.0,211285333.8159,211285333.8159,2026-09-15 14:40:00+00:00,2026-09-15 10:40:00-04:00
1789483500000,212.71,212.95,212.17,212.24,770759.0,163845305.6258,163845305.6258,2026-09-15 14:45:00+00:00,2026-09-15 10:45:00-04:00
1789483800000,212.21,212.3,211.63,212.1314,1311727.0,277966916.1455,277966916.1455,2026-09-15 14:50:00+00:00,2026-09-15 10:50:00-04:00
1789484100000,212.135,212.4,212.0,212.035,845481.0,179415650.9847,179415650.9847,2026-09-15 14:55:00+00:00,2026-09-15 10:55:00-04:00
1789484400000,212.035,212.56,212.02,212.56,638299.018422,135476362.3486018,135476362.3486017878,2026-09-15 15:00:00+00:00,2026-09-15 11:00:00-04:00
1789484700000,212.565,212.59,212.145,212.1941,435879.0,92540874.3787,92540874.3787,2026-09-15 15:05:00+00:00,2026-09-15 11:05:00-04:00
1789485000000,212.18,212.35,212.12,212.2299,385821.0,81886226.2375,81886226.2375,2026-09-15 15:10:00+00:00,2026-09-15 11:10:00-04:00
1789485300000,212.225,212.37,212.11,212.22,368853.661368,78293748.66386138,78293748.6638613712,2026-09-15 15:15:00+00:00,2026-09-15 11:15:00-04:00
1789485600000,212.21,212.23,211.98,212.11,639854.665226,135722125.44065037,135722125.4406503572,2026-09-15 15:20:00+00:00,2026-09-15 11:20:00-04:00
1789485900000,212.1,212.36,212.1,212.26,349901.0,74264487.0328,74264487.0328,2026-09-15 15:25:00+00:00,2026-09-15 11:25:00-04:00
1789486200000,212.2511,212.255,211.9905,212.17,425752.0,90304459.0327,90304459.0327,2026-09-15 15:30:00+00:00,2026-09-15 11:30:00-04:00
1789486500000,212.17,212.4,212.11,212.21,359246.0,76253618.416,76253618.416,2026-09-15 15:35:00+00:00,2026-09-15 11:35:00-04:00
1789486800000,212.21,212.47,212.11,212.28,429059.677602,91093160.89578287,91093160.8957828848,2026-09-15 15:40:00+00:00,2026-09-15 11:40:00-04:00
1789487100000,212.28,212.39,212.012,212.1019,517478.0,109797265.9636,109797265.9636,2026-09-15 15:45:00+00:00,2026-09-15 11:45:00-04:00
1789487400000,212.095,212.37,211.93,212.275,658348.227948,139648178.6443113,139648178.6443113292,2026-09-15 15:50:00+00:00,2026-09-15 11:50:00-04:00
1789487700000,212.275,212.44,212.16,212.1799,337219.0,71577212.1391,71577212.1391,2026-09-15 15:55:00+00:00,2026-09-15 11:55:00-04:00
1789488000000,212.19,212.35,212.16,212.3,301986.0,64102926.7558,64102926.7558,2026-09-15 16:00:00+00:00,2026-09-15 12:00:00-04:00
1789488300000,212.29,212.32,211.98,212.03,424887.94791900006,90147095.44115444,90147095.441154456430338,2026-09-15 16:05:00+00:00,2026-09-15 12:05:00-04:00
1789488600000,212.04,212.09,211.84,211.842,500377.0,106063402.6077,106063402.6077,2026-09-15 16:10:00+00:00,2026-09-15 12:10:00-04:00
1789488900000,211.8499,212.02,211.805,211.8901,466830.0,98932562.2038,98932562.2038,2026-09-15 16:15:00+00:00,2026-09-15 12:15:00-04:00
1789489200000,211.895,212.14,211.86,212.1201,636503.0,134945476.1579,134945476.1579,2026-09-15 16:20:00+00:00,2026-09-15 12:20:00-04:00
1789489500000,212.125,212.17,211.9105,211.97,326343.0,69195536.1735,69195536.1735,2026-09-15 16:25:00+00:00,2026-09-15 12:25:00-04:00
1789489800000,211.96,211.96,211.75,211.84,571950.0,121167039.408,121167039.408,2026-09-15 16:30:00+00:00,2026-09-15 12:30:00-04:00
1789490100000,211.834,211.96,211.71,211.85,564398.0,119566090.9113,119566090.9113,2026-09-15 16:35:00+00:00,2026-09-15 12:35:00-04:00
1789490400000,211.856,212.195,211.79,212.08,285386.0,60514224.3731,60514224.3731,2026-09-15 16:40:00+00:00,2026-09-15 12:40:00-04:00
1789490700000,212.075,212.15,211.8711,212.0542,287355.0,60927883.5275,60927883.5275,2026-09-15 16:45:00+00:00,2026-09-15 12:45:00-04:00
1789491000000,212.05,212.16,211.96,212.09,368482.440064,78143973.11086155,78143973.1108615552,2026-09-15 16:50:00+00:00,2026-09-15 12:50:00-04:00
1789491300000,212.09,212.14,211.7,211.77,401995.727709,85186535.2954064,85186535.2954064073,2026-09-15 16:55:00+00:00,2026-09-15 12:55:00-04:00
1789491600000,211.775,211.8,211.4,211.4624,710421.0,150318514.3103,150318514.3103,2026-09-15 17:00:00+00:00,2026-09-15 13:00:00-04:00
1789491900000,211.455,211.53,211.27,211.45,511861.0,108209271.0298,108209271.0298,2026-09-15 17:05:00+00:00,2026-09-15 13:05:00-04:00
1789492200000,211.47,211.62,211.42,211.425,332459.152143,70325264.911341,70325264.911341001869146,2026-09-15 17:10:00+00:00,2026-09-15 13:10:00-04:00
1789492500000,211.425,211.655,211.3542,211.65,372894.713091,78845716.34298642,78845716.342986414571864,2026-09-15 17:15:00+00:00,2026-09-15 13:15:00-04:00
1789492800000,211.66,211.7403,211.24,211.3,649248.3845830001,137322829.51617312,137322829.51617313985189,2026-09-15 17:20:00+00:00,2026-09-15 13:20:00-04:00
1789493100000,211.29,211.3599,211.16,211.33,305891.0,64625266.5137,64625266.5137,2026-09-15 17:25:00+00:00,2026-09-15 13:25:00-04:00
1789493400000,211.3399,211.62,211.33,211.545,404225.0,85491024.8628,85491024.8628,2026-09-15 17:30:00+00:00,2026-09-15 13:30:00-04:00
1789493700000,211.545,211.79,211.5,211.5699,300833.073649,63660702.908203386,63660702.908203387,2026-09-15 17:35:00+00:00,2026-09-15 13:35:00-04:00
1789494000000,211.56,211.6965,211.5,211.5499,402755.306791,85222343.19791913,85222343.1979191435,2026-09-15 17:40:00+00:00,2026-09-15 13:40:00-04:00
1789494300000,211.56,211.77,211.4701,211.7105,582076.282323,123182238.55326422,123182238.5532642225,2026-09-15 17:45:00+00:00,2026-09-15 13:45:00-04:00
1789494600000,211.71,211.98,211.67,211.84,415374.0,87993257.7973,87993257.7973,2026-09-15 17:50:00+00:00,2026-09-15 13:50:00-04:00
1789494900000,211.8352,211.98,211.775,211.9598,299520.0,63457670.6122,63457670.6122,2026-09-15 17:55:00+00:00,2026-09-15 13:55:00-04:00
1789495200000,211.96,212.1018,211.92,212.05,443926.0,94115548.6383,94115548.6383,2026-09-15 18:00:00+00:00,2026-09-15 14:00:00-04:00
1789495500000,212.055,212.11,211.77,211.89,409544.231718,86788160.97107361,86788160.9710736264,2026-09-15 18:05:00+00:00,2026-09-15 14:05:00-04:00
1789495800000,211.89,211.95,211.67,211.7,358952.0,76036222.6756,76036222.6756,2026-09-15 18:10:00+00:00,2026-09-15 14:10:00-04:00
1789496100000,211.71,211.8,211.56,211.715,308322.0,65266878.9189,65266878.9189,2026-09-15 18:15:00+00:00,2026-09-15 14:15:00-04:00
1789496400000,211.71,211.975,211.705,211.955,215390.0,45635415.5511,45635415.5511,2026-09-15 18:20:00+00:00,2026-09-15 14:20:00-04:00
1789496700000,211.935,212.2,211.93,212.1,464408.055511,98486953.051432,98486953.05143199576,2026-09-15 18:25:00+00:00,2026-09-15 14:25:00-04:00
1789497000000,212.095,212.19,211.93,212.03,454541.595083,96398890.17683677,96398890.1768367648,2026-09-15 18:30:00+00:00,2026-09-15 14:30:00-04:00
1789497300000,212.025,212.17,211.995,212.16,391629.204439,83054412.9849237,83054412.9849237109,2026-09-15 18:35:00+00:00,2026-09-15 14:35:00-04:00
1789497600000,212.155,212.33,211.95,212.0124,560641.0,118941695.3325,118941695.3325,2026-09-15 18:40:00+00:00,2026-09-15 14:40:00-04:00
1789497900000,212.02,212.07,211.91,211.9814,250667.0,53141337.2126,53141337.2126,2026-09-15 18:45:00+00:00,2026-09-15 14:45:00-04:00
1789498200000,211.99,212.12,211.95,212.075,460247.0,97590174.1389,97590174.1389,2026-09-15 18:50:00+00:00,2026-09-15 14:50:00-04:00
1789498500000,212.0733,212.15,212.02,212.1101,284353.742024,60307011.0272574,60307011.0272573984,2026-09-15 18:55:00+00:00,2026-09-15 14:55:00-04:00
1789498800000,212.1,212.1,211.91,211.9598,363556.0,77075902.5701,77075902.5701,2026-09-15 19:00:00+00:00,2026-09-15 15:00:00-04:00
1789499100000,211.95,212.02,211.88,212.015,344195.0,72951346.2197,72951346.2197,2026-09-15 19:05:00+00:00,2026-09-15 15:05:00-04:00
1789499400000,212.011,212.19,211.99,212.015,367570.0,77954859.9984,77954859.9984,2026-09-15 19:10:00+00:00,2026-09-15 15:10:00-04:00
1789499700000,212.02,212.11,211.89,212.1,345379.575043,73214558.54099202,73214558.5409920251,2026-09-15 19:15:00+00:00,2026-09-15 15:15:00-04:00
1789500000000,212.09,212.105,212.0,212.05,368333.809019,78107803.32326463,78107803.3232646305,2026-09-15 19:20:00+00:00,2026-09-15 15:20:00-04:00
1789500300000,212.02,212.15,211.98,212.1364,369390.0,78332321.0796,78332321.0796,2026-09-15 19:25:00+00:00,2026-09-15 15:25:00-04:00
1789500600000,212.11,212.17,212.0,212.025,425984.0,90348693.7586,90348693.7586,2026-09-15 19:30:00+00:00,2026-09-15 15:30:00-04:00
1789500900000,212.0201,212.025,211.75,211.82,378734.859699,80242706.25633977,80242706.2563397724,2026-09-15 19:35:00+00:00,2026-09-15 15:35:00-04:00
1789501200000,211.82,212.01,211.76,211.935,549179.0,116389172.2657,116389172.2657,2026-09-15 19:40:00+00:00,2026-09-15 15:40:00-04:00
1789501500000,211.93,212.15,211.8301,212.03,831071.0,176168346.7544,176168346.7544,2026-09-15 19:45:00+00:00,2026-09-15 15:45:00-04:00
1789501800000,212.0,212.25,211.84,212.199,1085835.193231,230221881.65466523,230221881.654665231,2026-09-15 19:50:00+00:00,2026-09-15 15:50:00-04:00
1789502100000,212.19,212.3,211.97,212.17,2329848.0,494259551.8958,494259551.8958,2026-09-15 19:55:00+00:00,2026-09-15 15:55:00-04:00
1789502400000,212.15,212.3,212.1112,212.1885,8497058.0,1802822112.4718,1802822112.4718,2026-09-15 20:00:00+00:00,2026-09-15 16:00:00-04:00
1789502700000,212.1505,212.3625,212.1315,212.2492,44697.718412,9485945.41638381,9485945.4163838116,2026-09-15 20:05:00+00:00,2026-09-15 16:05:00-04:00
1789503000000,212.2492,212.43,212.17,212.3992,161879.0,34348886.0582,34348886.0582,2026-09-15 20:10:00+00:00,2026-09-15 16:10:00-04:00
1789503300000,212.37,212.429,212.17,212.419,3916.0,831552.0108,831552.0108,2026-09-15 20:15:00+00:00,2026-09-15 16:15:00-04:00
1789503600000,212.419,212.43,212.36,212.409,13718.215602,2913902.7457625275,2913902.7457625274,2026-09-15 20:20:00+00:00,2026-09-15 16:20:00-04:00
1789503900000,212.409,212.46,212.37,212.3992,25440.383531,5400675.542865559,5400675.542865559,2026-09-15 20:25:00+00:00,2026-09-15 16:25:00-04:00
1789504200000,212.3992,212.45,212.37,212.4297,10026.399781,2129817.884562276,2129817.8845622757,2026-09-15 20:30:00+00:00,2026-09-15 16:30:00-04:00
1789504500000,212.4297,212.53,212.42,212.529,26304.673532,5588463.469424277,5588463.4694242764,2026-09-15 20:35:00+00:00,2026-09-15 16:35:00-04:00
1789504800000,212.529,212.65,212.49,212.6295,13872.0,2948714.7881,2948714.7881,2026-09-15 20:40:00+00:00,2026-09-15 16:40:00-04:00
1789505100000,212.6295,212.69,212.57,212.6487,7503.0,1595417.067,1595417.067,2026-09-15 20:45:00+00:00,2026-09-15 16:45:00-04:00
1789505400000,212.6487,212.68,212.61,212.6303,34548.0,7331870.9404,7331870.9404,2026-09-15 20:50:00+00:00,2026-09-15 16:50:00-04:00
1789505700000,212.6592,212.68,212.5801,212.5995,5856.060714,1245254.603541029,1245254.603541029,2026-09-15 20:55:00+00:00,2026-09-15 16:55:00-04:00
1789506000000,212.5995,212.62,212.43,212.4987,14213.911943,3021565.049020873,3021565.0490208728125882,2026-09-15 21:00:00+00:00,2026-09-15 17:00:00-04:00
1789506300000,212.4987,212.5,212.41,212.469,4718.842337,1002569.693061357,1002569.693061357,2026-09-15 21:05:00+00:00,2026-09-15 17:05:00-04:00
1789506600000,212.469,212.5272,212.41,212.5272,3359.434759,713752.6587187964,713752.6587187964575073,2026-09-15 21:10:00+00:00,2026-09-15 17:10:00-04:00
1789506900000,212.5272,212.53,212.42,212.4985,1816.0,386514.3034,386514.3034,2026-09-15 21:15:00+00:00,2026-09-15 17:15:00-04:00
1789507200000,212.4985,212.53,212.4415,212.5195,297465.435883,63116188.366686374,63116188.3666863753,2026-09-15 21:20:00+00:00,2026-09-15 17:20:00-04:00
1789507500000,212.5195,212.53,212.35,212.4377,13731.689118,2917083.139763591,2917083.1397635909874916,2026-09-15 21:25:00+00:00,2026-09-15 17:25:00-04:00
1789507800000,212.3987,212.4,212.3,212.31,2106910.105817,447012286.2759996,447012286.2759996104,2026-09-15 21:30:00+00:00,2026-09-15 17:30:00-04:00
1789508100000,212.3195,212.35,212.26,212.319,9227.586058,1959097.831729316,1959097.8317293162,2026-09-15 21:35:00+00:00,2026-09-15 17:35:00-04:00
1789508400000,212.319,212.319,212.2,212.249,12973.0,2753628.3036,2753628.3036,2026-09-15 21:40:00+00:00,2026-09-15 17:40:00-04:00
1789508700000,212.2457,212.3,212.201,212.239,3602.0,764494.0359,764494.0359,2026-09-15 21:45:00+00:00,2026-09-15 17:45:00-04:00
1789509000000,212.239,212.3165,212.1707,212.3165,2001.084959,424660.82139898,424660.82139898,2026-09-15 21:50:00+00:00,2026-09-15 17:50:00-04:00
1789509300000,212.3165,212.4,212.18,212.3682,7056.71552,1498176.696908896,1498176.696908896,2026-09-15 21:55:00+00:00,2026-09-15 17:55:00-04:00
1789509600000,212.37,212.49,212.3,212.417,16212.7518,3443602.85719662,3443602.85719662,2026-09-15 22:00:00+00:00,2026-09-15 18:00:00-04:00
1789509900000,212.417,212.49,212.3,212.4285,6682.090735,1419303.0531678663,1419303.0531678665,2026-09-15 22:05:00+00:00,2026-09-15 18:05:00-04:00
1789510200000,212.4285,212.4288,212.25,212.299,20208.096888,4291226.884278669,4291226.8842786688,2026-09-15 22:10:00+00:00,2026-09-15 18:10:00-04:00
1789510500000,212.299,212.5,212.26,212.4495,4971.0,1055826.4199,1055826.4199,2026-09-15 22:15:00+00:00,2026-09-15 18:15:00-04:00
1789510800000,212.4495,212.6,212.3035,212.5713,15254.608836,3241450.67373148,3241450.67373148,2026-09-15 22:20:00+00:00,2026-09-15 18:20:00-04:00
1789511100000,212.578,212.64,212.4922,212.5563,4973.47004,1057206.01448256,1057206.01448256,2026-09-15 22:25:00+00:00,2026-09-15 18:25:00-04:00
1789511400000,212.5987,212.64,212.55,212.628,6220.093836999999,1322275.977160076,1322275.9771600760874201,2026-09-15 22:30:00+00:00,2026-09-15 18:30:00-04:00
1789511700000,212.628,212.66,212.55,212.628,3559.860769,756799.0360450173,756799.0360450173,2026-09-15 22:35:00+00:00,2026-09-15 18:35:00-04:00
1789512000000,212.628,212.6787,212.55,212.6092,11466.095369,2437920.823248068,2437920.8232480678,2026-09-15 22:40:00+00:00,2026-09-15 18:40:00-04:00
1789512300000,212.6092,212.61,212.52,212.559,4543.0,965660.591,965660.591,2026-09-15 22:45:00+00:00,2026-09-15 18:45:00-04:00
1789512600000,212.559,212.56,212.5012,212.5395,2124.521928,451603.14525424,451603.14525424,2026-09-15 22:50:00+00:00,2026-09-15 18:50:00-04:00
1789512900000,212.5395,212.56,212.4281,212.488,16978.0,3607811.7064,3607811.7064,2026-09-15 22:55:00+00:00,2026-09-15 18:55:00-04:00
1789513200000,212.488,212.488,212.4,212.4195,9787.374252,2079263.078453266,2079263.078453266,2026-09-15 23:00:00+00:00,2026-09-15 19:00:00-04:00
1789513500000,212.4195,212.4195,212.3,212.3995,9578.672747,2034505.3849937008,2034505.3849937009876004,2026-09-15 23:05:00+00:00,2026-09-15 19:05:00-04:00
1789513800000,212.39,212.42,212.361,212.4197,11811.285825,2508747.179230232,2508747.1792302322875979,2026-09-15 23:10:00+00:00,2026-09-15 19:10:00-04:00
1789514100000,212.4197,212.4888,212.2495,212.3957,9835.0,2088166.7301,2088166.7301,2026-09-15 23:15:00+00:00,2026-09-15 19:15:00-04:00
1789514400000,212.3957,212.3965,212.1712,212.2187,7922.174264,1681489.668031056,1681489.668031056,2026-09-15 23:20:00+00:00,2026-09-15 19:20:00-04:00
1789514700000,212.2187,212.3947,212.17,212.2775,8694.831846,1844972.0425177703,1844972.0425177706,2026-09-15 23:25:00+00:00,2026-09-15 19:25:00-04:00
1789515000000,212.2775,212.298,212.18,212.2687,3007.492513,638306.4240248427,638306.4240248427,2026-09-15 23:30:00+00:00,2026-09-15 19:30:00-04:00
1789515300000,212.2687,212.3682,212.22,212.3682,6365.533342,1351034.4007993985,1351034.4007993986,2026-09-15 23:35:00+00:00,2026-09-15 19:35:00-04:00
1789515600000,212.3682,212.44,212.3,212.439,2603.0,552804.3446,552804.3446,2026-09-15 23:40:00+00:00,2026-09-15 19:40:00-04:00
1789515900000,212.439,212.44,212.3012,212.3297,4915.0,1043620.7721,1043620.7721,2026-09-15 23:45:00+00:00,2026-09-15 19:45:00-04:00
1789516200000,212.3297,212.398,212.32,212.3795,2652.902448,563326.2245204129,563326.2245204128,2026-09-15 23:50:00+00:00,2026-09-15 19:50:00-04:00
1789516500000,212.3601,212.46,212.35,212.3705,9102.091419,1933158.2314976177,1933158.2314976177,2026-09-15 23:55:00+00:00,2026-09-15 19:55:00-04:00
1789516800000,212.76,212.76,212.38,212.43,6261.0,1330268.73,1330268.73,2026-09-16 00:00:00+00:00,2026-09-15 20:00:00-04:00
1789517100000,212.42,212.43,212.31,212.37,1798.0,381842.11,381842.11,2026-09-16 00:05:00+00:00,2026-09-15 20:05:00-04:00
1789517400000,212.35,212.52,212.3,212.52,1108.0,235371.79,235371.79,2026-09-16 00:10:00+00:00,2026-09-15 20:10:00-04:00
1789517700000,212.5,212.51,212.38,212.38,2880.0,611849.3,611849.3,2026-09-16 00:15:00+00:00,2026-09-15 20:15:00-04:00
1789518000000,212.4,212.44,212.34,212.35,1262.0,268024.04,268024.04,2026-09-16 00:20:00+00:00,2026-09-15 20:20:00-04:00
1789518300000,212.34,212.4,212.34,212.38,360.0,76453.46,76453.46,2026-09-16 00:25:00+00:00,2026-09-15 20:25:00-04:00
1789518600000,212.37,212.45,212.36,212.4,1891.0,401653.87,401653.87,2026-09-16 00:30:00+00:00,2026-09-15 20:30:00-04:00
1789518900000,212.4,212.49,212.37,212.46,1976.0,419763.3,419763.3,2026-09-16 00:35:00+00:00,2026-09-15 20:35:00-04:00
1789519200000,212.46,212.46,212.39,212.39,361.0,76685.52,76685.52,2026-09-16 00:40:00+00:00,2026-09-15 20:40:00-04:00
1789519500000,212.41,212.45,212.34,212.43,1509.0,320490.38,320490.38,2026-09-16 00:45:00+00:00,2026-09-15 20:45:00-04:00
1789519800000,212.43,212.46,212.38,212.39,907.0,192658.65,192658.65,2026-09-16 00:50:00+00:00,2026-09-15 20:50:00-04:00
1789520100000,212.39,212.43,212.36,212.37,618.0,131254.62,131254.62,2026-09-16 00:55:00+00:00,2026-09-15 20:55:00-04:00
1789520400000,212.37,212.38,212.32,212.33,755.0,160324.2,160324.2,2026-09-16 01:00:00+00:00,2026-09-15 21:00:00-04:00
1789520700000,212.31,212.31,212.19,212.21,1578.0,334924.56,334924.56,2026-09-16 01:05:00+00:00,2026-09-15 21:05:00-04:00
1789521000000,212.21,212.5,212.21,212.5,1852.0,393329.82,393329.82,2026-09-16 01:10:00+00:00,2026-09-15 21:10:00-04:00
1789521300000,212.48,212.51,212.42,212.45,939.0,199489.57,199489.57,2026-09-16 01:15:00+00:00,2026-09-15 21:15:00-04:00
1789521600000,212.46,212.52,212.43,212.47,1957.0,415810.98,415810.98,2026-09-16 01:20:00+00:00,2026-09-15 21:20:00-04:00
1789521900000,212.47,212.5,212.36,212.36,1124.0,238751.42,238751.42,2026-09-16 01:25:00+00:00,2026-09-15 21:25:00-04:00
1789522200000,212.34,212.37,212.26,212.26,2939.0,623909.54,623909.54,2026-09-16 01:30:00+00:00,2026-09-15 21:30:00-04:00
1789522500000,212.25,212.26,212.07,212.1,3186.0,675861.06,675861.06,2026-09-16 01:35:00+00:00,2026-09-15 21:35:00-04:00
1789522800000,212.1,212.14,212.08,212.09,1708.0,362272.89,362272.89,2026-09-16 01:40:00+00:00,2026-09-15 21:40:00-04:00
1789523100000,212.09,212.13,212.08,212.12,970.0,205735.65,205735.65,2026-09-16 01:45:00+00:00,2026-09-15 21:45:00-04:00
1789523400000,212.09,212.11,212.03,212.03,4807.0,1019388.7,1019388.7,2026-09-16 01:50:00+00:00,2026-09-15 21:50:00-04:00
1789523700000,212.06,212.07,211.85,211.89,7912.0,1676909.1,1676909.1,2026-09-16 01:55:00+00:00,2026-09-15 21:55:00-04:00
1789524000000,211.89,212.19,211.85,212.19,5522.0,1170310.54,1170310.54,2026-09-16 02:00:00+00:00,2026-09-15 22:00:00-04:00
1789524300000,212.19,212.19,212.08,212.1,1769.0,375271.6,375271.6,2026-09-16 02:05:00+00:00,2026-09-15 22:05:00-04:00
1789524600000,212.11,212.17,212.04,212.04,2101.0,445568.29,445568.29,2026-09-16 02:10:00+00:00,2026-09-15 22:10:00-04:00
1789524900000,212.06,212.12,212.06,212.11,701.0,148679.21,148679.21,2026-09-16 02:15:00+00:00,2026-09-15 22:15:00-04:00
1789525200000,212.11,212.18,212.11,212.16,708.0,150202.2,150202.2,2026-09-16 02:20:00+00:00,2026-09-15 22:20:00-04:00
1789525500000,212.19,212.32,212.17,212.32,9593.0,2036082.53,2036082.53,2026-09-16 02:25:00+00:00,2026-09-15 22:25:00-04:00
1789525800000,212.32,212.41,212.27,212.41,4249.0,902317.11,902317.11,2026-09-16 02:30:00+00:00,2026-09-15 22:30:00-04:00
1789526100000,212.4,212.45,212.35,212.35,1048.0,222599.75,222599.75,2026-09-16 02:35:00+00:00,2026-09-15 22:35:00-04:00
1789526400000,212.38,212.38,212.26,212.27,1817.0,385777.11,385777.11,2026-09-16 02:40:00+00:00,2026-09-15 22:40:00-04:00
1789526700000,212.29,212.35,212.28,212.33,947.0,201075.36,201075.36,2026-09-16 02:45:00+00:00,2026-09-15 22:45:00-04:00
1789527000000,212.34,212.4,212.32,212.39,1011.0,214692.43,214692.43,2026-09-16 02:50:00+00:00,2026-09-15 22:50:00-04:00
1789527300000,212.4,212.44,212.38,212.44,972.0,206460.33,206460.33,2026-09-16 02:55:00+00:00,2026-09-15 22:55:00-04:00
1789527600000,212.46,212.6,212.45,212.6,1417.0,301160.29,301160.29,2026-09-16 03:00:00+00:00,2026-09-15 23:00:00-04:00
1789527900000,212.6,212.68,212.59,212.64,3430.0,729371.07,729371.07,2026-09-16 03:05:00+00:00,2026-09-15 23:05:00-04:00
1789528200000,212.65,212.91,212.64,212.85,4182.0,890048.74,890048.74,2026-09-16 03:10:00+00:00,2026-09-15 23:10:00-04:00
1789528500000,212.85,212.91,212.82,212.91,3471.0,738892.38,738892.38,2026-09-16 03:15:00+00:00,2026-09-15 23:15:00-04:00
1789528800000,212.91,213.26,212.87,213.01,16651.0,3547711.86,3547711.86,2026-09-16 03:20:00+00:00,2026-09-15 23:20:00-04:00
1789529100000,213.0,213.12,212.92,213.08,20621.0,4392800.73,4392800.73,2026-09-16 03:25:00+00:00,2026-09-15 23:25:00-04:00
1789529400000,213.06,213.07,212.81,212.82,4753.0,1011967.53,1011967.53,2026-09-16 03:30:00+00:00,2026-09-15 23:30:00-04:00
1789529700000,212.82,212.84,212.75,212.83,2708.0,576266.37,576266.37,2026-09-16 03:35:00+00:00,2026-09-15 23:35:00-04:00
1789530000000,212.84,212.92,212.78,212.8,3501.0,745082.83,745082.83,2026-09-16 03:40:00+00:00,2026-09-15 23:40:00-04:00
1789530300000,212.83,212.94,212.83,212.91,959.0,204159.09,204159.09,2026-09-16 03:45:00+00:00,2026-09-15 23:45:00-04:00
1789530600000,212.91,212.98,212.88,212.9,1704.0,362813.51,362813.51,2026-09-16 03:50:00+00:00,2026-09-15 23:50:00-04:00
1789530900000,212.94,213.05,212.94,213.02,4555.0,970195.72,970195.72,2026-09-16 03:55:00+00:00,2026-09-15 23:55:00-04:00
1789531200000,213.02,213.1,213.02,213.1,1627.0,346650.47,346650.47,2026-09-16 04:00:00+00:00,2026-09-16 00:00:00-04:00
1789531500000,213.09,213.12,213.0,213.09,3220.0,686047.24,686047.24,2026-09-16 04:05:00+00:00,2026-09-16 00:05:00-04:00
1789531800000,213.09,213.1,213.0,213.07,8074.0,1720279.14,1720279.14,2026-09-16 04:10:00+00:00,2026-09-16 00:10:00-04:00
1789532100000,213.07,213.09,213.06,213.07,3485.0,742517.63,742517.63,2026-09-16 04:15:00+00:00,2026-09-16 00:15:00-04:00
1789532400000,213.08,213.14,213.07,213.1,2359.0,502715.93,502715.93,2026-09-16 04:20:00+00:00,2026-09-16 00:20:00-04:00
1789532700000,213.12,213.12,213.02,213.07,3599.0,766809.25,766809.25,2026-09-16 04:25:00+00:00,2026-09-16 00:25:00-04:00
1789533000000,213.06,213.07,212.9,212.91,4811.0,1024890.78,1024890.78,2026-09-16 04:30:00+00:00,2026-09-16 00:30:00-04:00
1789533300000,212.91,213.0,212.89,212.96,1895.0,403541.7,403541.7,2026-09-16 04:35:00+00:00,2026-09-16 00:35:00-04:00
1789533600000,212.96,213.01,212.95,212.97,1391.0,296267.83,296267.83,2026-09-16 04:40:00+00:00,2026-09-16 00:40:00-04:00
1789533900000,212.95,213.03,212.95,213.02,1233.0,262633.62,262633.62,2026-09-16 04:45:00+00:00,2026-09-16 00:45:00-04:00
1789534200000,213.04,213.08,213.02,213.03,585.0,124627.46,124627.46,2026-09-16 04:50:00+00:00,2026-09-16 00:50:00-04:00
1789534500000,213.03,213.07,213.0,213.0,1578.0,336160.19,336160.19,2026-09-16 04:55:00+00:00,2026-09-16 00:55:00-04:00
1789534800000,213.0,213.02,212.91,213.01,2324.0,494947.24,494947.24,2026-09-16 05:00:00+00:00,2026-09-16 01:00:00-04:00
1789535100000,213.02,213.08,212.96,213.06,514.0,109482.63,109482.63,2026-09-16 05:05:00+00:00,2026-09-16 01:05:00-04:00
1789535400000,213.09,213.4,213.06,213.27,12799.0,2729847.05,2729847.05,2026-09-16 05:10:00+00:00,2026-09-16 01:10:00-04:00
1789535700000,213.3,213.4,213.27,213.32,1411.0,301015.31,301015.31,2026-09-16 05:15:00+00:00,2026-09-16 01:15:00-04:00
1789536000000,213.32,213.35,213.26,213.3,531.0,113264.7,113264.7,2026-09-16 05:20:00+00:00,2026-09-16 01:20:00-04:00
1789536300000,213.3,213.34,213.18,213.27,1556.0,331859.62,331859.62,2026-09-16 05:25:00+00:00,2026-09-16 01:25:00-04:00
1789536600000,213.28,213.34,213.22,213.33,1850.0,394545.74,394545.74,2026-09-16 05:30:00+00:00,2026-09-16 01:30:00-04:00
1789536900000,213.3,213.43,213.28,213.41,1346.0,287205.61,287205.61,2026-09-16 05:35:00+00:00,2026-09-16 01:35:00-04:00
1789537200000,213.41,213.64,213.41,213.63,7019.0,1498762.23,1498762.23,2026-09-16 05:40:00+00:00,2026-09-16 01:40:00-04:00
1789537500000,213.64,213.75,213.37,213.38,8839.0,1888376.42,1888376.42,2026-09-16 05:45:00+00:00,2026-09-16 01:45:00-04:00
1789537800000,213.38,213.56,213.36,213.54,9896.0,2112987.66,2112987.66,2026-09-16 05:50:00+00:00,2026-09-16 01:50:00-04:00
1789538100000,213.54,213.56,213.5,213.51,1611.0,343999.63,343999.63,2026-09-16 05:55:00+00:00,2026-09-16 01:55:00-04:00
1789538400000,213.52,213.68,213.36,213.41,3718.0,793900.59,793900.59,2026-09-16 06:00:00+00:00,2026-09-16 02:00:00-04:00
1789538700000,213.41,213.59,213.4,213.54,2944.0,628403.44,628403.44,2026-09-16 06:05:00+00:00,2026-09-16 02:05:00-04:00
1789539000000,213.56,213.67,213.55,213.59,5632.0,1203012.3,1203012.3,2026-09-16 06:10:00+00:00,2026-09-16 02:10:00-04:00
1789539300000,213.56,213.6,213.44,213.6,2621.0,559662.6,559662.6,2026-09-16 06:15:00+00:00,2026-09-16 02:15:00-04:00
1789539600000,213.6,213.63,213.37,213.4,4394.0,938064.82,938064.82,2026-09-16 06:20:00+00:00,2026-09-16 02:20:00-04:00
1789539900000,213.4,213.46,213.3,213.4,2687.0,573349.12,573349.12,2026-09-16 06:25:00+00:00,2026-09-16 02:25:00-04:00
1789540200000,213.39,213.43,213.34,213.4,960.0,204835.56,204835.56,2026-09-16 06:30:00+00:00,2026-09-16 02:30:00-04:00
1789540500000,213.42,213.5,213.4,213.47,917.0,195722.75,195722.75,2026-09-16 06:35:00+00:00,2026-09-16 02:35:00-04:00
1789540800000,213.44,213.46,213.37,213.42,1339.0,285793.72,285793.72,2026-09-16 06:40:00+00:00,2026-09-16 02:40:00-04:00
1789541100000,213.43,213.43,213.31,213.4,2185.0,466250.15,466250.15,2026-09-16 06:45:00+00:00,2026-09-16 02:45:00-04:00
1789541400000,213.4,213.6,213.36,213.59,5326.0,1137271.8,1137271.8,2026-09-16 06:50:00+00:00,2026-09-16 02:50:00-04:00
1789541700000,213.57,213.64,213.54,213.6,1305.0,278747.43,278747.43,2026-09-16 06:55:00+00:00,2026-09-16 02:55:00-04:00
1789542000000,213.6,213.73,213.59,213.71,6138.0,1311426.54,1311426.54,2026-09-16 07:00:00+00:00,2026-09-16 03:00:00-04:00
1789542300000,213.7,213.89,213.69,213.86,10933.0,2337735.16,2337735.16,2026-09-16 07:05:00+00:00,2026-09-16 03:05:00-04:00
1789542600000,213.88,213.91,213.77,213.87,7038.0,1505219.16,1505219.16,2026-09-16 07:10:00+00:00,2026-09-16 03:10:00-04:00
1789542900000,213.87,213.88,213.75,213.77,3145.0,672452.41,672452.41,2026-09-16 07:15:00+00:00,2026-09-16 03:15:00-04:00
1789543200000,213.79,213.89,213.77,213.88,1813.0,387689.18,387689.18,2026-09-16 07:20:00+00:00,2026-09-16 03:20:00-04:00
1789543500000,213.87,213.88,213.82,213.82,1477.0,315841.13,315841.13,2026-09-16 07:25:00+00:00,2026-09-16 03:25:00-04:00
1789543800000,213.8,213.9,213.8,213.84,1292.0,276298.85,276298.85,2026-09-16 07:30:00+00:00,2026-09-16 03:30:00-04:00
1789544100000,213.84,213.85,213.72,213.72,3905.0,834780.1,834780.1,2026-09-16 07:35:00+00:00,2026-09-16 03:35:00-04:00
1789544400000,213.73,213.79,213.72,213.79,2806.0,599755.03,599755.03,2026-09-16 07:40:00+00:00,2026-09-16 03:40:00-04:00
1789544700000,213.79,213.81,213.72,213.73,1017.0,217394.9,217394.9,2026-09-16 07:45:00+00:00,2026-09-16 03:45:00-04:00
1789545000000,213.74,213.77,213.67,213.67,676.0,144474.87,144474.87,2026-09-16 07:50:00+00:00,2026-09-16 03:50:00-04:00
1789545300000,213.63,213.78,213.59,213.68,2154.0,460225.05,460225.05,2026-09-16 07:55:00+00:00,2026-09-16 03:55:00-04:00
1789545600000,213.83,213.9185,212.17,213.6282,54251.0,11581584.1788,11581584.1788,2026-09-16 08:00:00+00:00,2026-09-16 04:00:00-04:00
1789545900000,213.6282,213.86,212.95,213.5975,21759.295852000003,4647269.939175508,4647269.9391755082407289,2026-09-16 08:05:00+00:00,2026-09-16 04:05:00-04:00
1789546200000,213.5975,213.695,213.4012,213.478,2048.0,437240.5625,437240.5625,2026-09-16 08:10:00+00:00,2026-09-16 04:10:00-04:00
1789546500000,213.478,213.7075,213.4,213.5852,7485.0,1598386.7135,1598386.7135,2026-09-16 08:15:00+00:00,2026-09-16 04:15:00-04:00
1789546800000,213.5852,213.7057,213.35,213.566,2640.748605,563875.389845738,563875.389845738,2026-09-16 08:20:00+00:00,2026-09-16 04:20:00-04:00
1789547100000,213.566,213.6457,213.3525,213.636,1610.4005900000002,343804.26925644506,343804.2692564450426971,2026-09-16 08:25:00+00:00,2026-09-16 04:25:00-04:00
1789547400000,213.636,213.6962,213.4712,213.5187,2356.0,503086.345,503086.345,2026-09-16 08:30:00+00:00,2026-09-16 04:30:00-04:00
1789547700000,213.5187,213.5187,213.3,213.329,3527.747241,753068.0221877116,753068.0221877116,2026-09-16 08:35:00+00:00,2026-09-16 04:35:00-04:00
1789548000000,213.329,213.4475,213.2,213.408,7648.980601,1631627.40600125,1631627.4060012499,2026-09-16 08:40:00+00:00,2026-09-16 04:40:00-04:00
1789548300000,213.408,213.4177,213.203,213.3025,2564.0868920000003,547008.958331036,547008.9583310360639999,2026-09-16 08:45:00+00:00,2026-09-16 04:45:00-04:00
1789548600000,213.3975,213.5,213.3017,213.4987,5031.745111,1073701.9803683767,1073701.9803683768,2026-09-16 08:50:00+00:00,2026-09-16 04:50:00-04:00
1789548900000,213.4987,213.598,213.44,213.588,2467.442799,526835.6762422201,526835.6762422201,2026-09-16 08:55:00+00:00,2026-09-16 04:55:00-04:00
1789549200000,213.588,213.6975,213.452,213.5987,7526.318308,1607367.3082716684,1607367.3082716684,2026-09-16 09:00:00+00:00,2026-09-16 05:00:00-04:00
1789549500000,213.5987,213.6,213.36,213.4585,2659.107884,567700.2134427133,567700.2134427132,2026-09-16 09:05:00+00:00,2026-09-16 05:05:00-04:00
1789549800000,213.4015,213.4688,213.28,213.3482,3101.977095,661925.6948545096,661925.6948545095,2026-09-16 09:10:00+00:00,2026-09-16 05:10:00-04:00
1789550100000,213.3482,213.35,213.2,213.2585,4356.0,929021.5755,929021.5755,2026-09-16 09:15:00+00:00,2026-09-16 05:15:00-04:00
1789550400000,213.2585,213.3185,213.07,213.1485,7597.469804,1620206.325225585,1620206.3252255848,2026-09-16 09:20:00+00:00,2026-09-16 05:20:00-04:00
1789550700000,213.1485,213.288,213.0512,213.0987,20167.554454,4298383.1226750715,4298383.1226750709605938,2026-09-16 09:25:00+00:00,2026-09-16 05:25:00-04:00
1789551000000,213.0987,213.206,213.0512,213.199,8811.321729,1877944.4997435457,1877944.4997435456,2026-09-16 09:30:00+00:00,2026-09-16 05:30:00-04:00
1789551300000,213.199,213.33,213.1532,213.288,13374.188755,2852100.983139895,2852100.9831398947132539,2026-09-16 09:35:00+00:00,2026-09-16 05:35:00-04:00
1789551600000,213.288,213.41,213.2022,213.4087,9677.617313,2064365.6140679135,2064365.6140679138,2026-09-16 09:40:00+00:00,2026-09-16 05:40:00-04:00
1789551900000,213.4087,213.4088,213.164,213.2687,1759.0,375264.4951,375264.4951,2026-09-16 09:45:00+00:00,2026-09-16 05:45:00-04:00
1789552200000,213.269,213.35,213.2212,213.3492,1961.957975,418549.5903936725,418549.5903936725,2026-09-16 09:50:00+00:00,2026-09-16 05:50:00-04:00
1789552500000,213.3492,213.41,213.3207,213.3882,4292.0,915714.1157,915714.1157,2026-09-16 09:55:00+00:00,2026-09-16 05:55:00-04:00
1789552800000,213.3882,213.3882,213.1,213.137,4235.717833,903323.4920319475,903323.49203194763600793,2026-09-16 10:00:00+00:00,2026-09-16 06:00:00-04:00
1789553100000,213.137,213.404,213.01,213.259,9870.0,2103871.2795,2103871.2795,2026-09-16 10:05:00+00:00,2026-09-16 06:05:00-04:00
1789553400000,213.259,213.41,213.1535,213.24,6591.4347370000005,1405955.238871679,1405955.23887167900664985,2026-09-16 10:10:00+00:00,2026-09-16 06:10:00-04:00
1789553700000,213.2882,213.32,213.152,213.317,1613.0,343993.0416,343993.0416,2026-09-16 10:15:00+00:00,2026-09-16 06:15:00-04:00
1789554000000,213.317,213.3177,213.1522,213.23,6371.186488,1358645.934572756,1358645.934572756,2026-09-16 10:20:00+00:00,2026-09-16 06:20:00-04:00
1789554300000,213.2782,213.29,213.15,213.2487,1322.879674,282076.3144421496,282076.3144421496,2026-09-16 10:25:00+00:00,2026-09-16 06:25:00-04:00
1789554600000,213.2487,213.2975,213.2017,213.2585,1001.0,213470.7146,213470.7146,2026-09-16 10:30:00+00:00,2026-09-16 06:30:00-04:00
1789554900000,213.2585,213.2995,213.15,213.2085,9105.0,1941858.4418,1941858.4418,2026-09-16 10:35:00+00:00,2026-09-16 06:35:00-04:00
1789555200000,213.2085,213.2588,213.15,213.2582,1847.871819,393973.4497645231,393973.4497645231,2026-09-16 10:40:00+00:00,2026-09-16 06:40:00-04:00
1789555500000,213.2582,213.26,213.15,213.259,1128.0,240501.5874,240501.5874,2026-09-16 10:45:00+00:00,2026-09-16 06:45:00-04:00
1789555800000,213.259,213.298,213.15,213.189,3587.77038,764980.875461762,764980.875461762,2026-09-16 10:50:00+00:00,2026-09-16 06:50:00-04:00
1789556100000,213.189,213.3857,213.151,213.34,5153.317792,1098793.6889859135,1098793.68898591366394974,2026-09-16 10:55:00+00:00,2026-09-16 06:55:00-04:00
1789556400000,213.24,213.5177,213.2,213.3785,40155.447186,8566708.273174964,8566708.2731749634,2026-09-16 11:00:00+00:00,2026-09-16 07:00:00-04:00
1789556700000,213.3785,213.4187,213.26,213.3767,17502.422804,3733929.3365970654,3733929.3365970656267126,2026-09-16 11:05:00+00:00,2026-09-16 07:05:00-04:00
1789557000000,213.3767,213.3767,213.1,213.1195,17470.969691,3725573.799502601,3725573.7995026009,2026-09-16 11:10:00+00:00,2026-09-16 07:10:00-04:00
1789557300000,213.1,213.1687,213.02,213.1277,9587.0,2042845.5852,2042845.5852,2026-09-16 11:15:00+00:00,2026-09-16 07:15:00-04:00
1789557600000,213.1277,213.1277,213.0,213.0985,9689.098101,2064229.2439205707,2064229.2439205708,2026-09-16 11:20:00+00:00,2026-09-16 07:20:00-04:00
1789557900000,213.0985,213.2292,213.04,213.2092,15354.806824,3272832.546441167,3272832.5464411672,2026-09-16 11:25:00+00:00,2026-09-16 07:25:00-04:00
1789558200000,213.2092,213.33,213.161,213.328,19284.370269,4111888.158352943,4111888.1583529426,2026-09-16 11:30:00+00:00,2026-09-16 07:30:00-04:00
1789558500000,213.328,213.35,213.1705,213.3092,21182.522777,4517900.930474224,4517900.9304742234,2026-09-16 11:35:00+00:00,2026-09-16 07:35:00-04:00
1789558800000,213.3098,213.52,213.2,213.4585,16210.0,3458454.4633,3458454.4633,2026-09-16 11:40:00+00:00,2026-09-16 07:40:00-04:00
1789559100000,213.4585,213.55,213.4001,213.5487,295499.0,62708188.9953,62708188.9953,2026-09-16 11:45:00+00:00,2026-09-16 07:45:00-04:00
1789559400000,213.5487,213.69,213.52,213.689,9842.0,2102291.5793,2102291.5793,2026-09-16 11:50:00+00:00,2026-09-16 07:50:00-04:00
1789559700000,213.689,213.789,213.63,213.6995,24900.669506,5321676.705148554,5321676.705148554572565,2026-09-16 11:55:00+00:00,2026-09-16 07:55:00-04:00
1789560000000,213.6995,213.88,213.62,213.8782,41097.237785000005,8785740.846606618,8785740.846606617068888,2026-09-16 12:00:00+00:00,2026-09-16 08:00:00-04:00
1789560300000,213.8782,214.1782,213.8215,214.0985,17595.0,3766102.0597,3766102.0597,2026-09-16 12:05:00+00:00,2026-09-16 08:05:00-04:00
1789560600000,214.0985,214.25,213.94,214.039,41881.008043,8964030.910701199,8964030.9107011996,2026-09-16 12:10:00+00:00,2026-09-16 08:10:00-04:00
1789560900000,214.039,214.189,213.9512,214.1392,33795.224198,7232882.04389013,7232882.0438901304,2026-09-16 12:15:00+00:00,2026-09-16 08:15:00-04:00
1789561200000,214.1885,214.2787,214.09,214.1382,43621.094543,9342864.17295064,9342864.1729506405,2026-09-16 12:20:00+00:00,2026-09-16 08:20:00-04:00
1789561500000,214.1382,214.3,214.0815,214.2987,7324.0,1568844.9639,1568844.9639,2026-09-16 12:25:00+00:00,2026-09-16 08:25:00-04:00
1789561800000,214.28,214.2987,213.92,213.9795,25768.0,5517126.95,5517126.95,2026-09-16 12:30:00+00:00,2026-09-16 08:30:00-04:00
1789562100000,213.9795,214.495,213.75,213.898,1080517.497925,231211952.0941836,231211952.094183615,2026-09-16 12:35:00+00:00,2026-09-16 08:35:00-04:00
1789562400000,213.898,213.95,213.7,213.7585,21305.520725,4555401.663785805,4555401.6637858045722764,2026-09-16 12:40:00+00:00,2026-09-16 08:40:00-04:00
1789562700000,213.71,213.91,213.6,213.909,30730.323516000004,6568197.1844748175,6568197.1844748176548792,2026-09-16 12:45:00+00:00,2026-09-16 08:45:00-04:00
1789563000000,213.909,214.0,213.7115,213.8172,32061.855419,6857393.937714512,6857393.9377145133,2026-09-16 12:50:00+00:00,2026-09-16 08:50:00-04:00
1789563300000,213.8172,213.867,213.71,213.867,14820.0,3026898.2272,3026898.2272,2026-09-16 12:55:00+00:00,2026-09-16 08:55:00-04:00
1789563600000,213.8475,214.8852,213.57,213.748,56423.0,12085623.8769,12085623.8769,2026-09-16 13:00:00+00:00,2026-09-16 09:00:00-04:00
1789563900000,213.748,213.9475,213.62,213.9475,11833.598399,2529311.6104378146,2529311.6104378147,2026-09-16 13:05:00+00:00,2026-09-16 09:05:00-04:00
1789564200000,213.9475,213.9882,213.7037,213.988,32374.137441,6924070.784264484,6924070.7842644835,2026-09-16 13:10:00+00:00,2026-09-16 09:10:00-04:00
1789564500000,213.96,214.06,213.84,213.92,31904.609552,6826807.94159117,6826807.9415911696,2026-09-16 13:15:00+00:00,2026-09-16 09:15:00-04:00
1789564800000,213.939,214.1687,213.85,213.9892,46770.216001,10010320.260028431,10010320.2600284334,2026-09-16 13:20:00+00:00,2026-09-16 09:20:00-04:00
1789565100000,214.05,214.36,213.8852,214.1,32554.0,6973297.8246,6973297.8246,2026-09-16 13:25:00+00:00,2026-09-16 09:25:00-04:00
1789565400000,214.14,214.23,213.31,213.82,1757515.0,375732837.5357,375732837.5357,2026-09-16 13:30:00+00:00,2026-09-16 09:30:00-04:00
1789565700000,213.839,214.28,213.325,213.75,1411085.0,301726732.1351,301726732.1351,2026-09-16 13:35:00+00:00,2026-09-16 09:35:00-04:00
1789566000000,213.765,214.36,213.395,213.47,2252112.0,481949347.8091,481949347.8091,2026-09-16 13:40:00+00:00,2026-09-16 09:40:00-04:00
1789566300000,213.4875,214.7,213.4844,214.6695,1497630.0,320894458.4134,320894458.4134,2026-09-16 13:45:00+00:00,2026-09-16 09:45:00-04:00
1789566600000,214.6455,215.15,214.4801,214.645,2207749.0,474282312.356,474282312.356,2026-09-16 13:50:00+00:00,2026-09-16 09:50:00-04:00
1789566900000,214.65,214.92,214.505,214.7199,1448862.0,311101613.6439,311101613.6439,2026-09-16 13:55:00+00:00,2026-09-16 09:55:00-04:00
1789567200000,214.67,215.01,214.55,214.94,1335251.0,286778872.4795,286778872.4795,2026-09-16 14:00:00+00:00,2026-09-16 10:00:00-04:00
1789567500000,214.945,215.25,214.89,215.15,1076540.0,231552008.169,231552008.169,2026-09-16 14:05:00+00:00,2026-09-16 10:05:00-04:00
1789567800000,215.14,215.25,214.61,214.806,853328.31106,183434073.92810324,183434073.928103232,2026-09-16 14:10:00+00:00,2026-09-16 10:10:00-04:00
1789568100000,214.82,215.3,214.7607,215.16,773420.0,166372027.7407,166372027.7407,2026-09-16 14:15:00+00:00,2026-09-16 10:15:00-04:00
1789568400000,215.16,215.3,214.94,215.06,725360.0,156028229.9232,156028229.9232,2026-09-16 14:20:00+00:00,2026-09-16 10:20:00-04:00
1789568700000,215.07,215.12,214.89,215.02,649559.0,139663038.7182,139663038.7182,2026-09-16 14:25:00+00:00,2026-09-16 10:25:00-04:00
1789569000000,215.03,215.12,214.855,214.92,723359.0,155515019.4692,155515019.4692,2026-09-16 14:30:00+00:00,2026-09-16 10:30:00-04:00
1789569300000,214.9299,215.1073,214.8415,215.07,490410.0,105429456.9526,105429456.9526,2026-09-16 14:35:00+00:00,2026-09-16 10:35:00-04:00
1789569600000,215.0705,215.35,215.055,215.2801,860184.263017,185120600.04142785,185120600.04142785255777,2026-09-16 14:40:00+00:00,2026-09-16 10:40:00-04:00
1789569900000,215.2801,215.5,215.1,215.16,1027467.490182,221196163.93646303,221196163.93646305067029,2026-09-16 14:45:00+00:00,2026-09-16 10:45:00-04:00
1789570200000,215.165,215.33,215.125,215.265,456189.567239,98186097.95638566,98186097.9563856637,2026-09-16 14:50:00+00:00,2026-09-16 10:50:00-04:00
1789570500000,215.28,215.4699,215.26,215.45,469273.0,101059647.3859,101059647.3859,2026-09-16 14:55:00+00:00,2026-09-16 10:55:00-04:00
1789570800000,215.45,216.0,215.45,215.804,1250647.0,269742766.2902,269742766.2902,2026-09-16 15:00:00+00:00,2026-09-16 11:00:00-04:00
1789571100000,215.81,216.3,215.71,216.2608,1007660.0,217694844.2225,217694844.2225,2026-09-16 15:05:00+00:00,2026-09-16 11:05:00-04:00
1789571400000,216.2633,216.275,215.735,215.975,973258.0,210248827.9909,210248827.9909,2026-09-16 15:10:00+00:00,2026-09-16 11:10:00-04:00
1789571700000,215.97,216.0582,215.68,215.7895,573195.637183,123695813.9326986,123695813.9326986104,2026-09-16 15:15:00+00:00,2026-09-16 11:15:00-04:00
1789572000000,215.785,215.8985,215.7,215.83,370937.0,80042380.0858,80042380.0858,2026-09-16 15:20:00+00:00,2026-09-16 11:20:00-04:00
