ts,open,high,low,close,vol,quoteVol,col7,dt_utc,dt_et
1785956400000,221.745,222.18,218.9,219.15,24506224.894755,5412912899.15108,5412912899.15107956,2026-08-05 19:00:00+00:00,2026-08-05 15:00:00-04:00
1785960000000,219.184,220.147,218.88,219.965,19420784.488591,4260392051.789672,4260392051.7896721487,2026-08-05 20:00:00+00:00,2026-08-05 16:00:00-04:00
1785963600000,219.96,220.086,219.326,219.82,1052903.05144,231581393.39080167,231581393.39080166,2026-08-05 21:00:00+00:00,2026-08-05 17:00:00-04:00
1785967200000,219.88,221.13,219.829,221.13,488156.1797520001,107671973.96486498,107671973.96486498,2026-08-05 22:00:00+00:00,2026-08-05 18:00:00-04:00
1785970800000,220.84,220.995,220.519,220.6,268194.62323100003,59199806.06158318,59199806.06158318,2026-08-05 23:00:00+00:00,2026-08-05 19:00:00-04:00
1785974400000,220.48,220.74,219.56,219.59,56134.0,12359000.81,12359000.81,2026-08-06 00:00:00+00:00,2026-08-05 20:00:00-04:00
1785978000000,219.59,219.6,218.5,219.01,117399.0,25701249.98,25701249.98,2026-08-06 01:00:00+00:00,2026-08-05 21:00:00-04:00
1785981600000,219.03,220.51,218.8,220.36,99398.0,21864218.74,21864218.74,2026-08-06 02:00:00+00:00,2026-08-05 22:00:00-04:00
1785985200000,220.36,220.6,219.48,219.99,64882.0,14276159.07,14276159.07,2026-08-06 03:00:00+00:00,2026-08-05 23:00:00-04:00
1785988800000,219.99,220.42,219.64,220.07,32179.0,7080649.72,7080649.72,2026-08-06 04:00:00+00:00,2026-08-06 00:00:00-04:00
1785992400000,220.07,220.27,219.8,220.21,26598.0,5854041.81,5854041.81,2026-08-06 05:00:00+00:00,2026-08-06 01:00:00-04:00
1785996000000,220.21,220.26,218.96,219.34,70800.0,15541228.42,15541228.42,2026-08-06 06:00:00+00:00,2026-08-06 02:00:00-04:00
1785999600000,219.36,219.8,219.14,219.17,36513.0,8014322.87,8014322.87,2026-08-06 07:00:00+00:00,2026-08-06 03:00:00-04:00
1786003200000,219.2,220.654,218.451,219.61,502450.377822,110159833.57565996,110159833.57565995,2026-08-06 08:00:00+00:00,2026-08-06 04:00:00-04:00
1786006800000,219.43,219.68,218.78,219.33,127958.42441700002,28038326.73330769,28038326.73330769,2026-08-06 09:00:00+00:00,2026-08-06 05:00:00-04:00
1786010400000,219.63,219.825,219.08,219.26,95945.71389099998,21062099.05906621,21062099.05906621,2026-08-06 10:00:00+00:00,2026-08-06 06:00:00-04:00
1786014000000,219.19,222.309,218.838,221.86,1162065.872643,256669324.10803917,256669324.10803913,2026-08-06 11:00:00+00:00,2026-08-06 07:00:00-04:00
1786017600000,221.71,222.045,220.65,221.39,1039217.441343,230212331.92827567,230212331.92827567,2026-08-06 12:00:00+00:00,2026-08-06 08:00:00-04:00
1786021200000,221.29,223.62,220.06,222.14,19302038.839591,4294226881.4496584,4294226881.44965893,2026-08-06 13:00:00+00:00,2026-08-06 09:00:00-04:00
1786024800000,222.18,222.63,218.84,219.136,27312401.887615,6018003497.524026,6018003497.5240254435,2026-08-06 14:00:00+00:00,2026-08-06 10:00:00-04:00
1786028400000,219.141,219.32,217.295,217.9,17898898.576146,3902221115.3697014,3902221115.369701526,2026-08-06 15:00:00+00:00,2026-08-06 11:00:00-04:00
1786032000000,217.95,219.44,217.46,219.37,10268788.157156,2245332143.2911024,2245332143.29110234,2026-08-06 16:00:00+00:00,2026-08-06 12:00:00-04:00
1786035600000,219.415,219.75,218.57,219.61,7237813.444132001,1587180110.1637063,1587180110.1637065,2026-08-06 17:00:00+00:00,2026-08-06 13:00:00-04:00
1786039200000,219.62,220.69,219.03,219.455,8978666.249922,1974645745.1468456,1974645745.14684574,2026-08-06 18:00:00+00:00,2026-08-06 14:00:00-04:00
1786042800000,219.54,220.355,218.585,218.99,15410705.892253004,3383591537.4795513,3383591537.47955104,2026-08-06 19:00:00+00:00,2026-08-06 15:00:00-04:00
1786046400000,218.826,219.201,218.63,218.975,15528193.406759998,3397670164.2950387,3397670164.2950388079954,2026-08-06 20:00:00+00:00,2026-08-06 16:00:00-04:00
1786050000000,218.91,219.172,218.731,218.91,303685.9815270001,66487520.73421192,66487520.73421192,2026-08-06 21:00:00+00:00,2026-08-06 17:00:00-04:00
1786053600000,219.1,219.642,218.745,219.53,173344.09040800002,38029786.65052072,38029786.65052072,2026-08-06 22:00:00+00:00,2026-08-06 18:00:00-04:00
1786057200000,219.53,219.71,219.425,219.49,110820.292394,24330218.40610856,24330218.40610856,2026-08-06 23:00:00+00:00,2026-08-06 19:00:00-04:00
1786060800000,219.85,220.01,219.09,219.56,366.260249,80366.65513683,80366.65513683,2026-08-07 00:00:00+00:00,2026-08-06 20:00:00-04:00
1786064400000,219.53,219.6,218.75,218.91,40641.0,8904095.02,8904095.02,2026-08-07 01:00:00+00:00,2026-08-06 21:00:00-04:00
1786068000000,218.92,219.18,218.72,219.09,21939.0,4804509.43,4804509.43,2026-08-07 02:00:00+00:00,2026-08-06 22:00:00-04:00
1786071600000,219.08,219.16,218.86,218.87,16271.0,3564238.85,3564238.85,2026-08-07 03:00:00+00:00,2026-08-06 23:00:00-04:00
1786075200000,218.95,219.11,218.64,218.89,17320.0,3790890.68,3790890.68,2026-08-07 04:00:00+00:00,2026-08-07 00:00:00-04:00
1786078800000,218.88,219.16,218.87,218.96,16478.0,3609446.74,3609446.74,2026-08-07 05:00:00+00:00,2026-08-07 01:00:00-04:00
1786082400000,218.99,219.46,218.88,219.37,45034.0,9872342.08,9872342.08,2026-08-07 06:00:00+00:00,2026-08-07 02:00:00-04:00
1786086000000,219.33,219.84,219.26,219.78,50463.0,11084308.24,11084308.24,2026-08-07 07:00:00+00:00,2026-08-07 03:00:00-04:00
1786089600000,219.7,220.1,219.498,219.85,352569.8872949999,77488444.45549221,77488444.45549221,2026-08-07 08:00:00+00:00,2026-08-07 04:00:00-04:00
1786093200000,219.882,220.075,219.442,219.442,154798.443684,34029740.66825437,34029740.6682543714,2026-08-07 09:00:00+00:00,2026-08-07 05:00:00-04:00
1786096800000,219.33,219.619,219.28,219.43,118080.416882,25908827.21491442,25908827.21491442,2026-08-07 10:00:00+00:00,2026-08-07 06:00:00-04:00
1786100400000,219.62,220.559,219.343,219.74,386398.06324200006,85033308.02425192,85033308.02425193,2026-08-07 11:00:00+00:00,2026-08-07 07:00:00-04:00
1786104000000,220.15,221.625,219.654,221.41,1016894.5089929998,224335063.8399277,224335063.8399277,2026-08-07 12:00:00+00:00,2026-08-07 08:00:00-04:00
1786107600000,221.141,223.18,220.567,222.505,11205242.497826,2487773055.4764256,2487773055.4764259503,2026-08-07 13:00:00+00:00,2026-08-07 09:00:00-04:00
1786111200000,222.478,223.775,220.93,223.17,19045374.270212,4242809418.4415774,4242809418.4415784284,2026-08-07 14:00:00+00:00,2026-08-07 10:00:00-04:00
1786114800000,223.17,224.77,223.146,223.8,13578297.261332994,3041963587.2428703,3041963587.24287038,2026-08-07 15:00:00+00:00,2026-08-07 11:00:00-04:00
1786118400000,223.81,223.89,221.91,221.91,11805782.538608996,2630647105.7306266,2630647105.73062675,2026-08-07 16:00:00+00:00,2026-08-07 12:00:00-04:00
1786122000000,221.88,222.365,221.56,222.09,7290448.714831001,1618604281.3655057,1618604281.36550583,2026-08-07 17:00:00+00:00,2026-08-07 13:00:00-04:00
1786125600000,222.11,222.39,221.76,222.29,7789746.523284,1729780139.1014063,1729780139.1014063124,2026-08-07 18:00:00+00:00,2026-08-07 14:00:00-04:00
1786129200000,222.175,224.22,222.175,223.94,20357972.256874,4541938664.497719,4541938664.49771863945163,2026-08-07 19:00:00+00:00,2026-08-07 15:00:00-04:00
1786132800000,223.91,223.938,223.292,223.5,17618634.54822501,3944889797.339592,3944889797.33959193,2026-08-07 20:00:00+00:00,2026-08-07 16:00:00-04:00
1786136400000,223.4,223.65,223.097,223.38,228527.00119099996,51043402.49011972,51043402.49011972,2026-08-07 21:00:00+00:00,2026-08-07 17:00:00-04:00
1786140000000,223.22,223.425,223.205,223.22,92668.888396,20698031.76702206,20698031.76702206,2026-08-07 22:00:00+00:00,2026-08-07 18:00:00-04:00
1786143600000,223.7,223.874,223.375,223.8,127304.47322500004,28473593.1952116,28473593.1952116,2026-08-07 23:00:00+00:00,2026-08-07 19:00:00-04:00
1786147200000,223.775,223.775,223.775,223.775,30.0,6713.25,6713.25,2026-08-08 00:00:00+00:00,2026-08-07 20:00:00-04:00
1786150800000,223.63,223.63,223.41,223.46,0.5353,119.65379,119.65379,2026-08-08 01:00:00+00:00,2026-08-07 21:00:00-04:00
1786154400000,223.46,223.86,223.21,223.28,1.334,298.128766,298.128766,2026-08-08 02:00:00+00:00,2026-08-07 22:00:00-04:00
1786158000000,223.08,223.93,223.01,223.74,6.3289,1414.029433,1414.029433,2026-08-08 03:00:00+00:00,2026-08-07 23:00:00-04:00
1786161600000,223.69,223.82,223.43,223.52,12.5671,2809.728044,2809.728044,2026-08-08 04:00:00+00:00,2026-08-08 00:00:00-04:00
1786165200000,223.56,223.56,223.35,223.41,2.9649,662.520054,662.520054,2026-08-08 05:00:00+00:00,2026-08-08 01:00:00-04:00
1786168800000,223.48,223.65,223.32,223.65,12.1096,2705.933754,2705.933754,2026-08-08 06:00:00+00:00,2026-08-08 02:00:00-04:00
1786172400000,223.64,223.71,222.92,222.92,15.7881,3525.864893,3525.864893,2026-08-08 07:00:00+00:00,2026-08-08 03:00:00-04:00
1786176000000,223.07,223.23,222.58,222.82,12.5225,2791.831568,2791.831568,2026-08-08 08:00:00+00:00,2026-08-08 04:00:00-04:00
1786179600000,222.9,223.61,222.39,223.34,22.5802,5038.089389,5038.089389,2026-08-08 09:00:00+00:00,2026-08-08 05:00:00-04:00
1786183200000,223.46,223.47,223.01,223.05,17.2619,3853.097068,3853.097068,2026-08-08 10:00:00+00:00,2026-08-08 06:00:00-04:00
1786186800000,223.17,223.2,222.5,222.8,5.3139,1184.668136,1184.668136,2026-08-08 11:00:00+00:00,2026-08-08 07:00:00-04:00
1786190400000,222.88,223.6,222.5,223.22,23.8765,5327.744159,5327.744159,2026-08-08 12:00:00+00:00,2026-08-08 08:00:00-04:00
1786194000000,223.07,223.07,222.13,222.51,8.7094,1939.665214,1939.665214,2026-08-08 13:00:00+00:00,2026-08-08 09:00:00-04:00
1786197600000,222.54,222.87,222.15,222.87,7.6296,1697.391798,1697.391798,2026-08-08 14:00:00+00:00,2026-08-08 10:00:00-04:00
1786201200000,222.69,223.17,222.32,222.95,7.3964,1646.365048,1646.365048,2026-08-08 15:00:00+00:00,2026-08-08 11:00:00-04:00
1786204800000,223.1,223.2,222.71,222.81,5.0773,1131.94417,1131.94417,2026-08-08 16:00:00+00:00,2026-08-08 12:00:00-04:00
1786208400000,223.0,223.84,222.73,223.47,14.8468,3313.897173,3313.897173,2026-08-08 17:00:00+00:00,2026-08-08 13:00:00-04:00
1786212000000,223.54,223.64,223.13,223.34,15.9091,3554.686129,3554.686129,2026-08-08 18:00:00+00:00,2026-08-08 14:00:00-04:00
1786215600000,223.43,223.85,222.84,223.35,10.6574,2380.659615,2380.659615,2026-08-08 19:00:00+00:00,2026-08-08 15:00:00-04:00
1786219200000,223.47,223.63,223.32,223.32,4.0498,904.911227,904.911227,2026-08-08 20:00:00+00:00,2026-08-08 16:00:00-04:00
1786222800000,223.46,223.98,223.3,223.79,6.8563,1534.078642,1534.078642,2026-08-08 21:00:00+00:00,2026-08-08 17:00:00-04:00
1786226400000,223.89,223.89,223.62,223.73,1.0062,225.158425,225.158425,2026-08-08 22:00:00+00:00,2026-08-08 18:00:00-04:00
1786230000000,223.73,223.95,223.62,223.86,1.9602,438.72174,438.72174,2026-08-08 23:00:00+00:00,2026-08-08 19:00:00-04:00
1786233600000,223.95,223.95,223.71,223.71,3.9682,888.340399,888.340399,2026-08-09 00:00:00+00:00,2026-08-08 20:00:00-04:00
1786237200000,223.77,223.88,223.61,223.82,4.8226,1079.091497,1079.091497,2026-08-09 01:00:00+00:00,2026-08-08 21:00:00-04:00
1786240800000,223.82,224.1,223.7,223.7,9.607,2151.381949,2151.381949,2026-08-09 02:00:00+00:00,2026-08-08 22:00:00-04:00
1786244400000,223.69,223.89,223.62,223.89,4.956,1108.923074,1108.923074,2026-08-09 03:00:00+00:00,2026-08-08 23:00:00-04:00
1786248000000,223.89,223.89,223.54,223.54,7.2139,1613.66149,1613.66149,2026-08-09 04:00:00+00:00,2026-08-09 00:00:00-04:00
1786251600000,223.54,224.84,223.49,224.52,35.9481,8072.900264,8072.900264,2026-08-09 05:00:00+00:00,2026-08-09 01:00:00-04:00
1786255200000,224.53,224.74,224.28,224.3,18.0881,4060.661018,4060.661018,2026-08-09 06:00:00+00:00,2026-08-09 02:00:00-04:00
1786258800000,224.61,224.67,224.28,224.28,5.7113,1281.944815,1281.944815,2026-08-09 07:00:00+00:00,2026-08-09 03:00:00-04:00
1786262400000,224.28,224.72,224.14,224.46,10.1533,2278.746185,2278.746185,2026-08-09 08:00:00+00:00,2026-08-09 04:00:00-04:00
1786266000000,224.57,224.75,224.14,224.72,7.1629,1607.90855,1607.90855,2026-08-09 09:00:00+00:00,2026-08-09 05:00:00-04:00
1786269600000,224.14,224.75,224.11,224.11,5.2836,1184.517934,1184.517934,2026-08-09 10:00:00+00:00,2026-08-09 06:00:00-04:00
1786273200000,224.21,224.51,224.11,224.11,1.7343,388.911152,388.911152,2026-08-09 11:00:00+00:00,2026-08-09 07:00:00-04:00
1786276800000,224.53,224.69,224.11,224.11,4.4687,1003.302119,1003.302119,2026-08-09 12:00:00+00:00,2026-08-09 08:00:00-04:00
1786280400000,224.7,224.85,224.12,224.38,2.1869,490.908896,490.908896,2026-08-09 13:00:00+00:00,2026-08-09 09:00:00-04:00
1786284000000,224.38,224.38,223.54,223.81,69.7431,15597.639201,15597.639201,2026-08-09 14:00:00+00:00,2026-08-09 10:00:00-04:00
1786287600000,223.81,223.83,223.52,223.83,11.5454,2583.201985,2583.201985,2026-08-09 15:00:00+00:00,2026-08-09 11:00:00-04:00
1786291200000,223.83,223.87,223.55,223.87,12.87,2880.269636,2880.269636,2026-08-09 16:00:00+00:00,2026-08-09 12:00:00-04:00
1786294800000,223.87,223.87,223.64,223.64,9.7572,2183.851276,2183.851276,2026-08-09 17:00:00+00:00,2026-08-09 13:00:00-04:00
1786298400000,223.8,224.69,223.54,224.33,93.2635,20933.66801,20933.66801,2026-08-09 18:00:00+00:00,2026-08-09 14:00:00-04:00
1786302000000,224.63,224.69,224.33,224.69,2.0432,458.680054,458.680054,2026-08-09 19:00:00+00:00,2026-08-09 15:00:00-04:00
1786305600000,224.73,224.98,224.3,224.64,7.9921,1794.606831,1794.606831,2026-08-09 20:00:00+00:00,2026-08-09 16:00:00-04:00
1786309200000,224.57,224.73,224.55,224.55,10.4952,2357.761179,2357.761179,2026-08-09 21:00:00+00:00,2026-08-09 17:00:00-04:00
1786312800000,224.8,224.82,224.8,224.82,0.6014,135.195742,135.195742,2026-08-09 22:00:00+00:00,2026-08-09 18:00:00-04:00
1786316400000,224.82,224.92,224.59,224.83,5.0989,1145.869848,1145.869848,2026-08-09 23:00:00+00:00,2026-08-09 19:00:00-04:00
1786320000000,224.01,225.16,223.82,224.07,159530.0,35828681.4,35828681.4,2026-08-10 00:00:00+00:00,2026-08-09 20:00:00-04:00
1786323600000,224.07,224.75,224.0,224.55,45094.0,10123877.67,10123877.67,2026-08-10 01:00:00+00:00,2026-08-09 21:00:00-04:00
1786327200000,224.56,224.76,224.36,224.65,24375.0,5474749.86,5474749.86,2026-08-10 02:00:00+00:00,2026-08-09 22:00:00-04:00
1786330800000,224.67,224.75,224.49,224.63,14938.0,3355880.45,3355880.45,2026-08-10 03:00:00+00:00,2026-08-09 23:00:00-04:00
1786334400000,224.62,224.82,224.48,224.61,22767.0,5115234.12,5115234.12,2026-08-10 04:00:00+00:00,2026-08-10 00:00:00-04:00
1786338000000,224.62,224.99,224.62,224.98,32475.0,7301964.88,7301964.88,2026-08-10 05:00:00+00:00,2026-08-10 01:00:00-04:00
1786341600000,224.97,225.14,224.5,224.7,67233.0,15117759.22,15117759.22,2026-08-10 06:00:00+00:00,2026-08-10 02:00:00-04:00
1786345200000,224.69,225.16,224.53,225.01,72009.0,16194552.64,16194552.64,2026-08-10 07:00:00+00:00,2026-08-10 03:00:00-04:00
1786348800000,225.19,225.554,223.775,225.09,492934.7319139999,110926335.05943719,110926335.05943718,2026-08-10 08:00:00+00:00,2026-08-10 04:00:00-04:00
1786352400000,224.801,225.015,224.64,224.817,117058.297733,26318228.78514016,26318228.78514016,2026-08-10 09:00:00+00:00,2026-08-10 05:00:00-04:00
1786356000000,224.9,225.135,224.66,224.91,124449.493437,27988280.39065296,27988280.39065296,2026-08-10 10:00:00+00:00,2026-08-10 06:00:00-04:00
1786359600000,225.0,225.01,223.848,223.95,626486.2847070002,140625434.22069773,140625434.22069774,2026-08-10 11:00:00+00:00,2026-08-10 07:00:00-04:00
1786363200000,224.19,224.19,222.742,223.08,966958.112804,215917298.5818143,215917298.58181428,2026-08-10 12:00:00+00:00,2026-08-10 08:00:00-04:00
1786366800000,223.09,224.11,221.76,222.11,12649062.626810998,2820677720.4657183,2820677720.4657185,2026-08-10 13:00:00+00:00,2026-08-10 09:00:00-04:00
1786370400000,222.07,222.42,219.54,219.585,21582262.197383,4768987467.41117,4768987467.41117042580051,2026-08-10 14:00:00+00:00,2026-08-10 10:00:00-04:00
1786374000000,219.61,219.85,218.75,219.623,17856885.899314,3915978487.394448,3915978487.3944482048,2026-08-10 15:00:00+00:00,2026-08-10 11:00:00-04:00
1786377600000,219.67,220.62,216.76,217.62,17491664.152642,3818636686.1587496,3818636686.15874978,2026-08-10 16:00:00+00:00,2026-08-10 12:00:00-04:00
1786381200000,217.6,219.04,217.24,218.3,10989693.442903996,2398989635.2720065,2398989635.27200635,2026-08-10 17:00:00+00:00,2026-08-10 13:00:00-04:00
1786384800000,218.34,219.1,218.301,219.025,7008342.181276999,1532125922.6229985,1532125922.62299852,2026-08-10 18:00:00+00:00,2026-08-10 14:00:00-04:00
1786388400000,219.01,219.46,217.35,217.55,15459798.497357003,3376727641.8128667,3376727641.81286686,2026-08-10 19:00:00+00:00,2026-08-10 15:00:00-04:00
1786392000000,217.35,219.58,217.35,219.45,19481785.939350992,4241223762.5685897,4241223762.56858966,2026-08-10 20:00:00+00:00,2026-08-10 16:00:00-04:00
1786395600000,219.343,219.369,218.597,218.954,1036836.643697,226889936.90599692,226889936.9059969329,2026-08-10 21:00:00+00:00,2026-08-10 17:00:00-04:00
1786399200000,219.0,219.18,218.565,218.65,168908.46670600004,36959723.03312007,36959723.03312007,2026-08-10 22:00:00+00:00,2026-08-10 18:00:00-04:00
1786402800000,218.59,218.693,217.943,218.1,202381.260266,44206887.49056536,44206887.49056536,2026-08-10 23:00:00+00:00,2026-08-10 19:00:00-04:00
1786406400000,218.68,218.71,217.89,218.64,2.0,435.99,435.99,2026-08-11 00:00:00+00:00,2026-08-10 20:00:00-04:00
1786410000000,218.63,219.34,218.47,219.05,65403.0,14327717.69,14327717.69,2026-08-11 01:00:00+00:00,2026-08-10 21:00:00-04:00
1786413600000,219.05,219.25,218.87,218.92,22094.0,4839912.77,4839912.77,2026-08-11 02:00:00+00:00,2026-08-10 22:00:00-04:00
1786417200000,218.96,219.26,218.8,219.1,18973.0,4155163.16,4155163.16,2026-08-11 03:00:00+00:00,2026-08-10 23:00:00-04:00
1786420800000,219.12,219.61,219.12,219.29,29471.0,6465477.01,6465477.01,2026-08-11 04:00:00+00:00,2026-08-11 00:00:00-04:00
1786424400000,219.26,219.38,218.89,218.96,21356.0,4679592.01,4679592.01,2026-08-11 05:00:00+00:00,2026-08-11 01:00:00-04:00
1786428000000,218.96,219.3,218.55,218.7,30043.0,6575593.86,6575593.86,2026-08-11 06:00:00+00:00,2026-08-11 02:00:00-04:00
1786431600000,218.7,218.9,218.47,218.8,31651.0,6921494.3,6921494.3,2026-08-11 07:00:00+00:00,2026-08-11 03:00:00-04:00
1786435200000,218.83,219.392,217.995,219.28,391407.7682860001,85653327.56509855,85653327.56509855,2026-08-11 08:00:00+00:00,2026-08-11 04:00:00-04:00
1786438800000,219.1,219.91,218.833,219.79,239299.920288,52539398.27886372,52539398.27886372,2026-08-11 09:00:00+00:00,2026-08-11 05:00:00-04:00
1786442400000,219.392,220.0,219.23,219.699,264053.439354,58019343.72208249,58019343.7220824851,2026-08-11 10:00:00+00:00,2026-08-11 06:00:00-04:00
1786446000000,220.005,220.287,219.699,220.01,1315630.314682,289484453.1649909,289484453.16499091,2026-08-11 11:00:00+00:00,2026-08-11 07:00:00-04:00
1786449600000,219.99,221.29,219.889,221.01,939680.908407,207471208.08627313,207471208.08627312,2026-08-11 12:00:00+00:00,2026-08-11 08:00:00-04:00
1786453200000,221.3,222.37,218.84,219.88,15174297.34652,3345492510.2846107,3345492510.28461092,2026-08-11 13:00:00+00:00,2026-08-11 09:00:00-04:00
1786456800000,219.865,220.565,218.835,219.825,14838543.052574996,3258091478.7823653,3258091478.78236558,2026-08-11 14:00:00+00:00,2026-08-11 10:00:00-04:00
1786460400000,219.804,219.84,218.41,218.53,12894056.471921,2823497064.038592,2823497064.0385917262,2026-08-11 15:00:00+00:00,2026-08-11 11:00:00-04:00
1786464000000,218.5,219.27,217.675,217.78,8065957.459668,1762115684.298688,1762115684.29868818,2026-08-11 16:00:00+00:00,2026-08-11 12:00:00-04:00
1786467600000,217.75,217.84,216.72,217.72,8452932.165439002,1837110404.5367367,1837110404.5367366,2026-08-11 17:00:00+00:00,2026-08-11 13:00:00-04:00
1786471200000,217.73,217.745,216.3,217.19,7442472.261156003,1614714316.2970495,1614714316.29704972,2026-08-11 18:00:00+00:00,2026-08-11 14:00:00-04:00
1786474800000,217.14,218.19,216.91,217.44,14952834.421436,3253365939.8108215,3253365939.81082199,2026-08-11 19:00:00+00:00,2026-08-11 15:00:00-04:00
1786478400000,217.461,218.06,217.41,217.658,18930903.91532,4117504966.3420415,4117504966.3420415168,2026-08-11 20:00:00+00:00,2026-08-11 16:00:00-04:00
1786482000000,217.68,218.046,217.645,217.95,265942.5674490001,57934737.30254883,57934737.30254883,2026-08-11 21:00:00+00:00,2026-08-11 17:00:00-04:00
1786485600000,217.97,218.206,217.744,218.11,193869.510843,42263475.81596966,42263475.81596966,2026-08-11 22:00:00+00:00,2026-08-11 18:00:00-04:00
1786489200000,218.15,218.209,217.97,218.08,137689.14216000005,30026669.82785574,30026669.82785574,2026-08-11 23:00:00+00:00,2026-08-11 19:00:00-04:00
1786492800000,218.04,218.09,217.63,218.03,38811.0,8457282.81,8457282.81,2026-08-12 00:00:00+00:00,2026-08-11 20:00:00-04:00
1786496400000,218.02,218.14,217.74,217.81,34633.0,7548918.17,7548918.17,2026-08-12 01:00:00+00:00,2026-08-11 21:00:00-04:00
1786500000000,217.81,218.22,217.75,217.92,20927.0,4562803.89,4562803.89,2026-08-12 02:00:00+00:00,2026-08-11 22:00:00-04:00
1786503600000,217.95,218.36,217.95,218.0,27090.0,5909493.59,5909493.59,2026-08-12 03:00:00+00:00,2026-08-11 23:00:00-04:00
1786507200000,218.0,218.14,217.87,218.1,14607.0,3184730.68,3184730.68,2026-08-12 04:00:00+00:00,2026-08-12 00:00:00-04:00
1786510800000,218.1,218.26,217.88,218.25,22659.0,4942059.0,4942059,2026-08-12 05:00:00+00:00,2026-08-12 01:00:00-04:00
1786514400000,218.24,218.36,218.07,218.36,33018.0,7205401.93,7205401.93,2026-08-12 06:00:00+00:00,2026-08-12 02:00:00-04:00
1786518000000,218.36,218.59,217.95,218.37,39299.0,8579492.73,8579492.73,2026-08-12 07:00:00+00:00,2026-08-12 03:00:00-04:00
1786521600000,218.67,219.22,218.092,219.05,364295.5931589999,79647439.14428408,79647439.14428409,2026-08-12 08:00:00+00:00,2026-08-12 04:00:00-04:00
1786525200000,219.17,220.183,219.051,219.89,287771.87227800005,63247566.84518628,63247566.84518628,2026-08-12 09:00:00+00:00,2026-08-12 05:00:00-04:00
1786528800000,220.06,220.109,219.6,220.03,162072.502096,35651606.91806383,35651606.91806383,2026-08-12 10:00:00+00:00,2026-08-12 06:00:00-04:00
1786532400000,219.91,220.0,219.232,219.44,396792.2631330002,87094354.26786733,87094354.26786733,2026-08-12 11:00:00+00:00,2026-08-12 07:00:00-04:00
1786536000000,219.472,221.032,218.74,220.66,1877193.779094,413140383.56410545,413140383.5641054154,2026-08-12 12:00:00+00:00,2026-08-12 08:00:00-04:00
1786539600000,220.78,223.82,220.14,223.66,19228899.944996,4268415826.670256,4268415826.67025608,2026-08-12 13:00:00+00:00,2026-08-12 09:00:00-04:00
1786543200000,223.64,225.11,222.465,223.76,21273625.887392,4764126404.077178,4764126404.07717802,2026-08-12 14:00:00+00:00,2026-08-12 10:00:00-04:00
1786546800000,223.74,224.51,222.89,223.005,13345735.927581,2983614959.293062,2983614959.2930624324,2026-08-12 15:00:00+00:00,2026-08-12 11:00:00-04:00
1786550400000,223.008,223.975,222.72,223.778,11686864.598898,2610012287.044555,2610012287.0445552000866,2026-08-12 16:00:00+00:00,2026-08-12 12:00:00-04:00
1786554000000,223.82,224.3,223.51,223.655,7413364.143069998,1660295550.809128,1660295550.80912814,2026-08-12 17:00:00+00:00,2026-08-12 13:00:00-04:00
1786557600000,223.63,224.44,223.19,223.68,7037632.198644999,1575351447.243647,1575351447.24364736,2026-08-12 18:00:00+00:00,2026-08-12 14:00:00-04:00
1786561200000,223.69,224.345,222.22,224.11,14744402.486472,3292022553.041317,3292022553.04131691,2026-08-12 19:00:00+00:00,2026-08-12 15:00:00-04:00
1786564800000,224.127,224.27,223.107,223.435,15062057.211513,3374774407.8997664,3374774407.8997665029919,2026-08-12 20:00:00+00:00,2026-08-12 16:00:00-04:00
1786568400000,223.45,223.885,223.375,223.7,2085770.1652210003,466136259.60425,466136259.60425003,2026-08-12 21:00:00+00:00,2026-08-12 17:00:00-04:00
1786572000000,223.75,223.79,223.397,223.53,116201.27620799997,25977446.02344516,25977446.02344516,2026-08-12 22:00:00+00:00,2026-08-12 18:00:00-04:00
1786575600000,223.62,223.86,223.53,223.71,149845.28190999996,33527402.32246038,33527402.32246038,2026-08-12 23:00:00+00:00,2026-08-12 19:00:00-04:00
1786579200000,223.8,224.39,223.48,224.12,0.2025,45.313425,45.313425,2026-08-13 00:00:00+00:00,2026-08-12 20:00:00-04:00
1786582800000,224.11,224.25,223.95,224.15,18762.0,4204958.74,4204958.74,2026-08-13 01:00:00+00:00,2026-08-12 21:00:00-04:00
1786586400000,224.17,224.49,224.04,224.43,27526.0,6171577.49,6171577.49,2026-08-13 02:00:00+00:00,2026-08-12 22:00:00-04:00
1786590000000,224.38,224.47,224.2,224.33,18582.0,4168532.83,4168532.83,2026-08-13 03:00:00+00:00,2026-08-12 23:00:00-04:00
1786593600000,224.33,224.56,224.02,224.49,31785.0,7131283.65,7131283.65,2026-08-13 04:00:00+00:00,2026-08-13 00:00:00-04:00
1786597200000,224.5,224.89,224.34,224.41,38993.0,8756696.83,8756696.83,2026-08-13 05:00:00+00:00,2026-08-13 01:00:00-04:00
1786600800000,224.41,224.57,224.12,224.3,20773.0,4660285.45,4660285.45,2026-08-13 06:00:00+00:00,2026-08-13 02:00:00-04:00
1786604400000,224.33,224.4,223.91,224.2,34646.0,7763547.31,7763547.31,2026-08-13 07:00:00+00:00,2026-08-13 03:00:00-04:00
1786608000000,223.81,224.4,223.649,223.97,319132.611012,71527383.58568618,71527383.58568617,2026-08-13 08:00:00+00:00,2026-08-13 04:00:00-04:00
1786611600000,223.9,224.284,223.308,224.284,164501.59413,36785665.32930495,36785665.3293049494,2026-08-13 09:00:00+00:00,2026-08-13 05:00:00-04:00
1786615200000,224.17,224.484,224.17,224.34,80515.14809100001,18062840.78636822,18062840.78636822,2026-08-13 10:00:00+00:00,2026-08-13 06:00:00-04:00
1786618800000,224.26,224.471,223.76,223.9,303945.38107100007,68108992.82653292,68108992.82653291,2026-08-13 11:00:00+00:00,2026-08-13 07:00:00-04:00
1786622400000,223.75,223.976,222.99,223.91,507405.8111359999,113436962.39267308,113436962.39267309,2026-08-13 12:00:00+00:00,2026-08-13 08:00:00-04:00
1786626000000,224.01,227.22,223.972,225.78,21290832.827850003,4801670429.666224,4801670429.66622434,2026-08-13 13:00:00+00:00,2026-08-13 09:00:00-04:00
1786629600000,225.76,226.48,224.63,224.98,17324113.759813,3909763024.0060105,3909763024.0060107793,2026-08-13 14:00:00+00:00,2026-08-13 10:00:00-04:00
1786633200000,225.026,225.16,223.72,224.221,12994270.775016,2917345491.0353346,2917345491.0353342773,2026-08-13 15:00:00+00:00,2026-08-13 11:00:00-04:00
1786636800000,224.23,225.6,224.21,225.33,7125959.926959999,1604033626.8709002,1604033626.87090029,2026-08-13 16:00:00+00:00,2026-08-13 12:00:00-04:00
1786640400000,225.36,225.9,225.09,225.3,6341316.719364,1430109599.8427677,1430109599.84276769,2026-08-13 17:00:00+00:00,2026-08-13 13:00:00-04:00
1786644000000,225.3,225.99,225.05,225.74,6169883.210965,1391410467.1455884,1391410467.14558842,2026-08-13 18:00:00+00:00,2026-08-13 14:00:00-04:00
1786647600000,224.995,225.4,224.975,225.35,19328687.476906,4361137754.254984,4361137754.254984392831344,2026-08-13 19:00:00+00:00,2026-08-13 15:00:00-04:00
1786651200000,225.39,225.61,225.275,225.37,16015871.001833009,3608737695.397618,3608737695.3976179,2026-08-13 20:00:00+00:00,2026-08-13 16:00:00-04:00
1786654800000,225.42,225.68,225.34,225.55,366263.658014,82609046.62586503,82609046.62586503,2026-08-13 21:00:00+00:00,2026-08-13 17:00:00-04:00
1786658400000,225.41,225.661,225.408,225.59,161533.46664600002,36434794.14276519,36434794.14276519,2026-08-13 22:00:00+00:00,2026-08-13 18:00:00-04:00
1786662000000,225.83,225.99,225.445,225.52,169277.915008,38208259.88578371,38208259.88578371,2026-08-13 23:00:00+00:00,2026-08-13 19:00:00-04:00
1786665600000,225.56,225.75,225.05,225.18,41534.0,9361514.19,9361514.19,2026-08-14 00:00:00+00:00,2026-08-13 20:00:00-04:00
1786669200000,225.14,225.31,224.59,225.28,33988.0,7644366.3,7644366.3,2026-08-14 01:00:00+00:00,2026-08-13 21:00:00-04:00
1786672800000,225.25,225.44,225.05,225.13,21295.0,4797656.07,4797656.07,2026-08-14 02:00:00+00:00,2026-08-13 22:00:00-04:00
1786676400000,225.14,225.35,225.03,225.13,26408.0,5946173.05,5946173.05,2026-08-14 03:00:00+00:00,2026-08-13 23:00:00-04:00
1786680000000,225.13,225.16,224.97,225.07,15520.0,3492965.45,3492965.45,2026-08-14 04:00:00+00:00,2026-08-14 00:00:00-04:00
1786683600000,225.06,225.3,224.87,225.19,20846.0,4692938.02,4692938.02,2026-08-14 05:00:00+00:00,2026-08-14 01:00:00-04:00
1786687200000,225.19,225.38,225.05,225.34,19304.0,4347637.22,4347637.22,2026-08-14 06:00:00+00:00,2026-08-14 02:00:00-04:00
1786690800000,225.36,225.54,225.03,225.28,22669.0,5106487.24,5106487.24,2026-08-14 07:00:00+00:00,2026-08-14 03:00:00-04:00
1786694400000,225.39,225.85,225.14,225.75,247749.62578399992,55845614.7724101,55845614.7724101,2026-08-14 08:00:00+00:00,2026-08-14 04:00:00-04:00
1786698000000,225.77,226.101,225.675,225.88,101184.972001,22857189.36866309,22857189.36866309,2026-08-14 09:00:00+00:00,2026-08-14 05:00:00-04:00
1786701600000,225.935,226.404,225.86,226.237,185904.995027,42049484.15154296,42049484.1515429629,2026-08-14 10:00:00+00:00,2026-08-14 06:00:00-04:00
1786705200000,226.225,226.39,225.615,225.78,321707.886959,72688127.66500777,72688127.66500777,2026-08-14 11:00:00+00:00,2026-08-14 07:00:00-04:00
1786708800000,225.85,226.21,225.216,225.98,494930.7521149999,111757343.55057544,111757343.55057543,2026-08-14 12:00:00+00:00,2026-08-14 08:00:00-04:00
1786712400000,225.96,227.48,225.01,225.69,11863085.456509996,2683865305.498815,2683865305.49881501,2026-08-14 13:00:00+00:00,2026-08-14 09:00:00-04:00
1786716000000,225.64,226.94,224.51,226.12,13026210.707659002,2941283207.020492,2941283207.02049197,2026-08-14 14:00:00+00:00,2026-08-14 10:00:00-04:00
1786719600000,226.08,226.34,224.62,225.255,11172624.625233,2518016720.254591,2518016720.2545909861,2026-08-14 15:00:00+00:00,2026-08-14 11:00:00-04:00
1786723200000,225.27,225.81,224.94,225.06,5921354.191757,1334624679.7176552,1334624679.71765539,2026-08-14 16:00:00+00:00,2026-08-14 12:00:00-04:00
1786726800000,225.085,225.67,225.067,225.34,5433594.626283001,1224027491.5411596,1224027491.54115952,2026-08-14 17:00:00+00:00,2026-08-14 13:00:00-04:00
1786730400000,225.35,225.64,224.58,225.105,6232708.53054,1403208314.2733595,1403208314.27335955,2026-08-14 18:00:00+00:00,2026-08-14 14:00:00-04:00
1786734000000,225.14,225.99,224.81,225.16,10568786.675578,2379631017.1197777,2379631017.11977796,2026-08-14 19:00:00+00:00,2026-08-14 15:00:00-04:00
1786737600000,225.195,225.195,224.794,224.976,12965770.659007,2919333527.5367923,2919333527.536792524,2026-08-14 20:00:00+00:00,2026-08-14 16:00:00-04:00
1786741200000,224.99,225.046,224.941,225.02,93608.005903,21060228.71367583,21060228.71367583,2026-08-14 21:00:00+00:00,2026-08-14 17:00:00-04:00
1786744800000,224.965,224.965,224.87,224.884,68392.232705,15382425.34039853,15382425.34039853,2026-08-14 22:00:00+00:00,2026-08-14 18:00:00-04:00
1786748400000,224.87,224.95,224.711,224.72,129822.849566,29190317.20322127,29190317.20322127,2026-08-14 23:00:00+00:00,2026-08-14 19:00:00-04:00
1786752000000,224.722,224.723,224.722,224.723,4.7864,1076.583341,1076.583341,2026-08-15 00:00:00+00:00,2026-08-14 20:00:00-04:00
1786755600000,224.92,224.92,224.76,224.76,3.4886,784.370697,784.370697,2026-08-15 01:00:00+00:00,2026-08-14 21:00:00-04:00
1786759200000,224.73,224.91,224.65,224.65,4.0135,901.989831,901.989831,2026-08-15 02:00:00+00:00,2026-08-14 22:00:00-04:00
1786762800000,224.75,224.89,224.36,224.4,16.5741,3721.490571,3721.490571,2026-08-15 03:00:00+00:00,2026-08-14 23:00:00-04:00
1786766400000,224.45,224.63,224.23,224.29,23.7301,5326.200938,5326.200938,2026-08-15 04:00:00+00:00,2026-08-15 00:00:00-04:00
1786770000000,224.39,224.63,224.02,224.12,23.5127,5275.611966,5275.611966,2026-08-15 05:00:00+00:00,2026-08-15 01:00:00-04:00
1786773600000,224.24,224.63,224.02,224.29,17.3992,3903.336487,3903.336487,2026-08-15 06:00:00+00:00,2026-08-15 02:00:00-04:00
1786777200000,224.29,224.48,224.09,224.28,12.7208,2852.627076,2852.627076,2026-08-15 07:00:00+00:00,2026-08-15 03:00:00-04:00
1786780800000,224.4,224.42,224.18,224.22,9.8353,2206.058507,2206.058507,2026-08-15 08:00:00+00:00,2026-08-15 04:00:00-04:00
1786784400000,224.42,224.64,224.19,224.32,31.405,7046.858342,7046.858342,2026-08-15 09:00:00+00:00,2026-08-15 05:00:00-04:00
1786788000000,224.24,224.66,224.22,224.37,13.4093,3010.065062,3010.065062,2026-08-15 10:00:00+00:00,2026-08-15 06:00:00-04:00
1786791600000,224.42,225.47,224.42,224.56,18.294,4111.985241,4111.985241,2026-08-15 11:00:00+00:00,2026-08-15 07:00:00-04:00
1786795200000,224.71,224.73,224.3,224.3,14.9661,3359.970974,3359.970974,2026-08-15 12:00:00+00:00,2026-08-15 08:00:00-04:00
1786798800000,224.3,224.39,224.0,224.03,33.0161,7401.984323,7401.984323,2026-08-15 13:00:00+00:00,2026-08-15 09:00:00-04:00
1786802400000,224.16,224.38,224.0,224.15,30.9071,6926.351747,6926.351747,2026-08-15 14:00:00+00:00,2026-08-15 10:00:00-04:00
1786806000000,224.15,225.2,224.13,225.13,19.7495,4436.146202,4436.146202,2026-08-15 15:00:00+00:00,2026-08-15 11:00:00-04:00
1786809600000,225.17,225.24,224.93,225.07,20.28,4564.307058,4564.307058,2026-08-15 16:00:00+00:00,2026-08-15 12:00:00-04:00
1786813200000,225.09,225.21,224.95,224.97,13.2102,2973.071627,2973.071627,2026-08-15 17:00:00+00:00,2026-08-15 13:00:00-04:00
1786816800000,225.1,225.32,225.0,225.21,12.6277,2843.533938,2843.533938,2026-08-15 18:00:00+00:00,2026-08-15 14:00:00-04:00
1786820400000,225.21,225.6,225.21,225.53,37.6252,8481.706946,8481.706946,2026-08-15 19:00:00+00:00,2026-08-15 15:00:00-04:00
1786824000000,225.64,225.77,225.49,225.58,9.3203,2102.900793,2102.900793,2026-08-15 20:00:00+00:00,2026-08-15 16:00:00-04:00
1786827600000,225.58,225.74,225.52,225.52,2.8726,648.151559,648.151559,2026-08-15 21:00:00+00:00,2026-08-15 17:00:00-04:00
1786831200000,225.76,225.76,225.61,225.67,3.7559,847.708267,847.708267,2026-08-15 22:00:00+00:00,2026-08-15 18:00:00-04:00
1786834800000,225.73,225.76,225.35,225.35,7.3247,1652.285326,1652.285326,2026-08-15 23:00:00+00:00,2026-08-15 19:00:00-04:00
1786838400000,225.47,225.53,225.35,225.53,4.6055,1038.308155,1038.308155,2026-08-16 00:00:00+00:00,2026-08-15 20:00:00-04:00
1786842000000,225.55,225.67,225.44,225.59,3.2084,723.642059,723.642059,2026-08-16 01:00:00+00:00,2026-08-15 21:00:00-04:00
1786845600000,225.61,225.64,225.35,225.35,14.8026,3337.801964,3337.801964,2026-08-16 02:00:00+00:00,2026-08-15 22:00:00-04:00
1786849200000,225.54,225.6,225.35,225.42,13.6721,3082.908948,3082.908948,2026-08-16 03:00:00+00:00,2026-08-15 23:00:00-04:00
1786852800000,225.57,225.86,225.55,225.65,9.4912,2141.828801,2141.828801,2026-08-16 04:00:00+00:00,2026-08-16 00:00:00-04:00
1786856400000,225.87,226.0,225.61,225.96,13.3975,3025.592031,3025.592031,2026-08-16 05:00:00+00:00,2026-08-16 01:00:00-04:00
1786860000000,226.0,226.2,225.71,225.9,18.4911,4179.191852,4179.191852,2026-08-16 06:00:00+00:00,2026-08-16 02:00:00-04:00
1786863600000,226.12,226.16,225.74,226.12,31.1935,7049.607026,7049.607026,2026-08-16 07:00:00+00:00,2026-08-16 03:00:00-04:00
1786867200000,226.05,226.23,225.52,225.63,40.3583,9115.526465,9115.526465,2026-08-16 08:00:00+00:00,2026-08-16 04:00:00-04:00
1786870800000,225.59,225.89,225.44,225.78,54.6313,12326.364703,12326.364703,2026-08-16 09:00:00+00:00,2026-08-16 05:00:00-04:00
1786874400000,225.69,225.93,225.53,225.77,12.9063,2913.715845,2913.715845,2026-08-16 10:00:00+00:00,2026-08-16 06:00:00-04:00
1786878000000,225.9,226.14,225.84,226.1,8.6266,1949.546391,1949.546391,2026-08-16 11:00:00+00:00,2026-08-16 07:00:00-04:00
1786881600000,226.0,226.33,225.39,225.41,20.5333,4636.448096,4636.448096,2026-08-16 12:00:00+00:00,2026-08-16 08:00:00-04:00
1786885200000,225.41,225.67,225.37,225.37,14.7186,3319.149648,3319.149648,2026-08-16 13:00:00+00:00,2026-08-16 09:00:00-04:00
1786888800000,225.57,225.76,225.37,225.68,11.2191,2531.150189,2531.150189,2026-08-16 14:00:00+00:00,2026-08-16 10:00:00-04:00
1786892400000,225.68,225.68,225.32,225.46,15.2714,3443.326037,3443.326037,2026-08-16 15:00:00+00:00,2026-08-16 11:00:00-04:00
1786896000000,225.54,225.56,225.32,225.32,12.4829,2814.306988,2814.306988,2026-08-16 16:00:00+00:00,2026-08-16 12:00:00-04:00
1786899600000,225.48,225.81,225.31,225.68,19.945,4500.363698,4500.363698,2026-08-16 17:00:00+00:00,2026-08-16 13:00:00-04:00
1786903200000,225.81,225.87,225.6,225.85,9.0311,2038.9989,2038.9989,2026-08-16 18:00:00+00:00,2026-08-16 14:00:00-04:00
1786906800000,225.85,225.89,225.4,225.4,5.1097,1153.565101,1153.565101,2026-08-16 19:00:00+00:00,2026-08-16 15:00:00-04:00
1786910400000,225.54,225.6,225.4,225.45,6.1129,1378.632912,1378.632912,2026-08-16 20:00:00+00:00,2026-08-16 16:00:00-04:00
1786914000000,225.5,225.5,225.43,225.43,0.9573,215.835257,215.835257,2026-08-16 21:00:00+00:00,2026-08-16 17:00:00-04:00
1786921200000,225.47,225.5,225.39,225.39,5.1778,1167.337546,1167.337546,2026-08-16 23:00:00+00:00,2026-08-16 19:00:00-04:00
1786924800000,226.48,226.48,224.75,225.64,108037.0,24371431.61000001,24371431.61000001,2026-08-17 00:00:00+00:00,2026-08-16 20:00:00-04:00
1786928400000,225.66,225.99,225.58,225.65,46363.0,10468709.97,10468709.97,2026-08-17 01:00:00+00:00,2026-08-16 21:00:00-04:00
1786932000000,225.66,225.9,225.56,225.67,31967.0,7215556.79,7215556.79,2026-08-17 02:00:00+00:00,2026-08-16 22:00:00-04:00
1786935600000,225.67,225.93,225.64,225.88,26333.0,5945249.26,5945249.26,2026-08-17 03:00:00+00:00,2026-08-16 23:00:00-04:00
1786939200000,225.89,225.92,225.71,225.79,20644.0,4662014.99,4662014.99,2026-08-17 04:00:00+00:00,2026-08-17 00:00:00-04:00
1786942800000,225.79,225.88,225.58,225.71,28311.0,6391636.79,6391636.79,2026-08-17 05:00:00+00:00,2026-08-17 01:00:00-04:00
1786946400000,225.76,226.43,225.68,226.36,69213.0,15648393.87,15648393.87,2026-08-17 06:00:00+00:00,2026-08-17 02:00:00-04:00
1786950000000,226.37,226.41,225.79,226.12,74342.0,16808606.10999999,16808606.10999999,2026-08-17 07:00:00+00:00,2026-08-17 03:00:00-04:00
1786953600000,225.95,226.458,224.926,226.17,458531.305055,103626011.55155724,103626011.55155724,2026-08-17 08:00:00+00:00,2026-08-17 04:00:00-04:00
1786957200000,226.01,226.208,225.96,226.11,98481.832442,22263571.20013157,22263571.20013157,2026-08-17 09:00:00+00:00,2026-08-17 05:00:00-04:00
1786960800000,226.43,226.43,226.031,226.21,110515.235073,25000668.066026,25000668.066026,2026-08-17 10:00:00+00:00,2026-08-17 06:00:00-04:00
1786964400000,226.56,226.814,226.345,226.74,515265.365907,116769746.38106388,116769746.38106388,2026-08-17 11:00:00+00:00,2026-08-17 07:00:00-04:00
1786968000000,226.64,227.036,225.99,226.3,715324.5246619999,162081449.7582769,162081449.75827692,2026-08-17 12:00:00+00:00,2026-08-17 08:00:00-04:00
1786971600000,226.29,227.16,225.04,226.185,14665223.882812,3313622620.696927,3313622620.6969271784,2026-08-17 13:00:00+00:00,2026-08-17 09:00:00-04:00
1786975200000,226.15,227.22,225.37,226.24,13648001.580419,3089094136.9126687,3089094136.91266863,2026-08-17 14:00:00+00:00,2026-08-17 10:00:00-04:00
1786978800000,226.24,227.92,226.24,227.71,12520973.449912006,2844725100.704968,2844725100.70496804,2026-08-17 15:00:00+00:00,2026-08-17 11:00:00-04:00
1786982400000,227.7,227.735,226.74,227.06,7503293.182485999,1704487846.787387,1704487846.78738671,2026-08-17 16:00:00+00:00,2026-08-17 12:00:00-04:00
1786986000000,227.04,227.145,225.77,225.83,7165084.221015003,1620951987.7612693,1620951987.76126942,2026-08-17 17:00:00+00:00,2026-08-17 13:00:00-04:00
1786989600000,225.834,225.92,225.39,225.6,8049724.988122,1816383498.3359108,1816383498.3359108941,2026-08-17 18:00:00+00:00,2026-08-17 14:00:00-04:00
1786993200000,225.62,226.015,224.87,225.07,11380108.158115998,2565244804.440086,2565244804.44008607,2026-08-17 19:00:00+00:00,2026-08-17 15:00:00-04:00
1786996800000,224.99,225.154,224.911,224.97,21649547.189513016,4872903895.917498,4872903895.91749811,2026-08-17 20:00:00+00:00,2026-08-17 16:00:00-04:00
1787000400000,224.98,225.08,224.935,224.99,144162.02333900004,32435763.27356298,32435763.27356298,2026-08-17 21:00:00+00:00,2026-08-17 17:00:00-04:00
1787004000000,225.01,225.189,224.96,225.13,143160.11565300002,32215607.1456259,32215607.1456259,2026-08-17 22:00:00+00:00,2026-08-17 18:00:00-04:00
1787007600000,225.19,225.284,225.03,225.12,129972.510289,29261465.08192225,29261465.08192225,2026-08-17 23:00:00+00:00,2026-08-17 19:00:00-04:00
1787011200000,225.05,225.37,224.99,225.17,25046.0,5640483.14,5640483.14,2026-08-18 00:00:00+00:00,2026-08-17 20:00:00-04:00
1787014800000,225.19,225.34,224.18,224.39,44556.0,10016894.23,10016894.23,2026-08-18 01:00:00+00:00,2026-08-17 21:00:00-04:00
1787018400000,224.4,224.45,222.72,223.05,121374.0,27115141.59,27115141.59,2026-08-18 02:00:00+00:00,2026-08-17 22:00:00-04:00
1787022000000,223.05,223.21,221.86,222.94,103159.0,22954390.75,22954390.75,2026-08-18 03:00:00+00:00,2026-08-17 23:00:00-04:00
1787025600000,222.94,223.18,222.59,223.06,50586.0,11277311.17,11277311.17,2026-08-18 04:00:00+00:00,2026-08-18 00:00:00-04:00
1787029200000,223.05,223.06,222.11,222.15,39671.0,8829523.07,8829523.07,2026-08-18 05:00:00+00:00,2026-08-18 01:00:00-04:00
1787032800000,222.15,222.79,221.69,222.66,67527.0,14997332.78,14997332.78,2026-08-18 06:00:00+00:00,2026-08-18 02:00:00-04:00
1787036400000,222.64,222.8,221.99,222.01,48718.0,10835144.68,10835144.68,2026-08-18 07:00:00+00:00,2026-08-18 03:00:00-04:00
1787040000000,221.99,224.669,220.412,220.51,765736.2541880001,169622142.92008027,169622142.92008026,2026-08-18 08:00:00+00:00,2026-08-18 04:00:00-04:00
1787043600000,220.49,220.641,219.571,219.9,378147.2877590001,83197016.70389068,83197016.70389068,2026-08-18 09:00:00+00:00,2026-08-18 05:00:00-04:00
1787047200000,220.15,220.85,220.101,220.85,196735.87661,43361846.3144543,43361846.3144543,2026-08-18 10:00:00+00:00,2026-08-18 06:00:00-04:00
1787050800000,220.805,220.999,220.49,220.8,627817.829189,138591539.17486677,138591539.17486678,2026-08-18 11:00:00+00:00,2026-08-18 07:00:00-04:00
1787054400000,220.804,221.093,220.335,220.365,705733.156798,155709545.40657452,155709545.4065745168,2026-08-18 12:00:00+00:00,2026-08-18 08:00:00-04:00
1787058000000,220.362,221.65,219.36,220.193,17947929.51599,3954266327.80926,3954266327.8092596168,2026-08-18 13:00:00+00:00,2026-08-18 09:00:00-04:00
1787061600000,220.17,220.78,218.73,219.07,16083122.874837002,3531762109.513819,3531762109.51381907,2026-08-18 14:00:00+00:00,2026-08-18 10:00:00-04:00
1787065200000,219.1,220.245,218.7,220.075,11040547.766667,2423625461.957846,2423625461.95784651,2026-08-18 15:00:00+00:00,2026-08-18 11:00:00-04:00
1787068800000,220.05,220.455,219.39,220.2,7954618.183505996,1749575314.5239527,1749575314.52395289,2026-08-18 16:00:00+00:00,2026-08-18 12:00:00-04:00
1787072400000,220.2,220.5,219.885,219.96,8386458.505728,1846795316.3857672,1846795316.385767166698386,2026-08-18 17:00:00+00:00,2026-08-18 13:00:00-04:00
1787076000000,219.97,220.305,219.215,219.83,6795869.172206003,1494048051.967387,1494048051.96738704,2026-08-18 18:00:00+00:00,2026-08-18 14:00:00-04:00
1787079600000,219.8,220.06,218.92,219.72,16404619.290656,3600098692.8979197,3600098692.8979194,2026-08-18 19:00:00+00:00,2026-08-18 15:00:00-04:00
1787083200000,219.87,220.034,219.576,219.63,20183573.97227999,4434040558.244713,4434040558.24471297,2026-08-18 20:00:00+00:00,2026-08-18 16:00:00-04:00
1787086800000,219.62,219.635,219.411,219.51,132871.258049,29167181.06212302,29167181.06212302,2026-08-18 21:00:00+00:00,2026-08-18 17:00:00-04:00
1787090400000,219.48,219.714,218.96,219.049,331662.560849,72744050.54188545,72744050.5418854662,2026-08-18 22:00:00+00:00,2026-08-18 18:00:00-04:00
1787094000000,219.01,219.338,218.965,219.28,192547.383545,42191406.2866242,42191406.2866242,2026-08-18 23:00:00+00:00,2026-08-18 19:00:00-04:00
1787097600000,219.29,219.46,218.34,219.08,70574.0,15451801.09,15451801.09,2026-08-19 00:00:00+00:00,2026-08-18 20:00:00-04:00
1787101200000,219.07,219.99,219.01,219.7,39381.0,8652135.63,8652135.63,2026-08-19 01:00:00+00:00,2026-08-18 21:00:00-04:00
1787104800000,219.7,219.77,218.99,219.11,29538.0,6475208.51,6475208.51,2026-08-19 02:00:00+00:00,2026-08-18 22:00:00-04:00
1787108400000,219.12,219.55,219.12,219.17,22667.0,4971438.18,4971438.18,2026-08-19 03:00:00+00:00,2026-08-18 23:00:00-04:00
1787112000000,219.18,219.2,218.73,219.07,27629.0,6049704.83,6049704.83,2026-08-19 04:00:00+00:00,2026-08-19 00:00:00-04:00
1787115600000,219.06,219.33,218.72,218.83,29057.0,6361799.47,6361799.47,2026-08-19 05:00:00+00:00,2026-08-19 01:00:00-04:00
1787119200000,218.81,219.42,218.51,219.4,51107.0,11182852.06,11182852.06,2026-08-19 06:00:00+00:00,2026-08-19 02:00:00-04:00
1787122800000,219.37,220.11,219.06,220.09,52045.0,11427862.98,11427862.98,2026-08-19 07:00:00+00:00,2026-08-19 03:00:00-04:00
1787126400000,220.63,221.121,219.33,220.89,452721.3332680001,99722014.61014225,99722014.61014223,2026-08-19 08:00:00+00:00,2026-08-19 04:00:00-04:00
1787130000000,220.49,220.705,220.137,220.3,123596.42651500004,27239910.82534692,27239910.82534692,2026-08-19 09:00:00+00:00,2026-08-19 05:00:00-04:00
1787133600000,220.07,220.823,219.829,220.36,199534.80907000005,43973361.50196117,43973361.50196117,2026-08-19 10:00:00+00:00,2026-08-19 06:00:00-04:00
1787137200000,220.16,220.544,219.518,219.814,507408.649657,111630828.1705169,111630828.1705169055,2026-08-19 11:00:00+00:00,2026-08-19 07:00:00-04:00
1787140800000,219.83,221.317,219.652,221.18,933358.9325140002,206005570.10268155,206005570.10268154,2026-08-19 12:00:00+00:00,2026-08-19 08:00:00-04:00
1787144400000,221.193,222.87,217.92,218.697,2699889.774783,595284077.7007412,595284077.7007412322,2026-08-19 13:00:00+00:00,2026-08-19 09:00:00-04:00
1787148000000,218.675,219.925,216.76,219.871,631495.0,137835156.85,137835156.85,2026-08-19 14:00:00+00:00,2026-08-19 10:00:00-04:00
1787151600000,219.91,219.94,218.64,219.31,346136.0,75873770.925,75873770.925,2026-08-19 15:00:00+00:00,2026-08-19 11:00:00-04:00
1787155200000,219.32,220.645,218.8,218.92,8946240.442128,1965689420.9214249,1965689420.92142527,2026-08-19 16:00:00+00:00,2026-08-19 12:00:00-04:00
1787158800000,218.946,219.46,218.76,219.15,5151513.733353,1128686013.9755845,1128686013.9755846218,2026-08-19 17:00:00+00:00,2026-08-19 13:00:00-04:00
1787162400000,219.098,219.8,218.66,219.449,7750398.459913,1699761426.1171925,1699761426.11719257574967,2026-08-19 18:00:00+00:00,2026-08-19 14:00:00-04:00
1787166000000,219.46,220.0,217.02,217.5,14939453.996994,3261890843.321468,3261890843.32146786,2026-08-19 19:00:00+00:00,2026-08-19 15:00:00-04:00
1787169600000,217.71,218.088,217.48,218.01,19762504.543162,4298894135.764033,4298894135.76403403,2026-08-19 20:00:00+00:00,2026-08-19 16:00:00-04:00
1787173200000,218.039,218.35,218.039,218.325,605028.352525,132013595.9991056,132013595.9991056063,2026-08-19 21:00:00+00:00,2026-08-19 17:00:00-04:00
1787176800000,218.75,218.779,218.231,218.65,236666.771945,51733344.67961546,51733344.67961546,2026-08-19 22:00:00+00:00,2026-08-19 18:00:00-04:00
1787180400000,218.87,218.99,218.595,218.99,229451.93327600005,50198782.66113013,50198782.66113013,2026-08-19 23:00:00+00:00,2026-08-19 19:00:00-04:00
1787184000000,218.91,219.12,218.42,219.08,54146.0,11847758.06,11847758.06,2026-08-20 00:00:00+00:00,2026-08-19 20:00:00-04:00
1787187600000,219.06,219.33,218.89,219.19,31742.0,6955998.62,6955998.62,2026-08-20 01:00:00+00:00,2026-08-19 21:00:00-04:00
1787191200000,219.2,219.43,218.7,219.02,32877.0,7199764.52,7199764.52,2026-08-20 02:00:00+00:00,2026-08-19 22:00:00-04:00
1787194800000,219.01,219.27,218.79,218.99,18174.0,3980845.74,3980845.74,2026-08-20 03:00:00+00:00,2026-08-19 23:00:00-04:00
1787198400000,218.97,219.23,218.78,218.97,12723.0,2786765.01,2786765.01,2026-08-20 04:00:00+00:00,2026-08-20 00:00:00-04:00
1787202000000,218.95,219.1,218.77,218.91,10694.0,2341362.99,2341362.99,2026-08-20 05:00:00+00:00,2026-08-20 01:00:00-04:00
1787205600000,218.94,219.5,218.92,219.36,25143.0,5512738.85,5512738.85,2026-08-20 06:00:00+00:00,2026-08-20 02:00:00-04:00
1787209200000,219.35,219.43,218.93,219.2,25577.0,5606534.66,5606534.66,2026-08-20 07:00:00+00:00,2026-08-20 03:00:00-04:00
1787212800000,218.834,219.152,217.94,218.04,389585.972842,85192132.19533065,85192132.195330662328929,2026-08-20 08:00:00+00:00,2026-08-20 04:00:00-04:00
1787216400000,218.44,218.594,217.976,218.53,54642.060417,11932880.68742759,11932880.68742759,2026-08-20 09:00:00+00:00,2026-08-20 05:00:00-04:00
1787220000000,218.47,218.76,218.403,218.74,80369.359795,17565310.27952375,17565310.27952375,2026-08-20 10:00:00+00:00,2026-08-20 06:00:00-04:00
1787223600000,218.51,218.793,217.36,217.36,380314.274289,82950688.64802064,82950688.64802064,2026-08-20 11:00:00+00:00,2026-08-20 07:00:00-04:00
1787227200000,217.26,217.908,216.467,217.84,759263.2123430003,164814328.47179237,164814328.47179236,2026-08-20 12:00:00+00:00,2026-08-20 08:00:00-04:00
1787230800000,217.881,219.84,217.185,217.685,3203962.979341,699469808.2313615,699469808.2313615228,2026-08-20 13:00:00+00:00,2026-08-20 09:00:00-04:00
1787234400000,217.76,218.99,216.72,217.71,13117187.688716002,2856297788.7495933,2856297788.74959348,2026-08-20 14:00:00+00:00,2026-08-20 10:00:00-04:00
1787238000000,217.73,218.295,215.675,216.258,542058.0,117581033.81,117581033.81,2026-08-20 15:00:00+00:00,2026-08-20 11:00:00-04:00
1787241600000,216.28,217.99,216.25,217.85,2788304.996258,604975451.8296444,604975451.8296443655,2026-08-20 16:00:00+00:00,2026-08-20 12:00:00-04:00
1787245200000,217.765,217.94,216.19,216.77,6969225.495764001,1510994992.0463948,1510994992.04639475,2026-08-20 17:00:00+00:00,2026-08-20 13:00:00-04:00
1787248800000,216.779,216.995,216.37,216.624,6764134.915932,1465552494.45273,1465552494.452729990203301,2026-08-20 18:00:00+00:00,2026-08-20 14:00:00-04:00
1787252400000,216.56,217.45,216.37,217.0,11622682.426949998,2520893569.1156206,2520893569.11562095,2026-08-20 19:00:00+00:00,2026-08-20 15:00:00-04:00
1787256000000,217.06,217.1,216.745,217.01,22858733.613052003,4957451278.356872,4957451278.35687227,2026-08-20 20:00:00+00:00,2026-08-20 16:00:00-04:00
1787259600000,216.99,217.17,216.99,217.06,2402308.06722,521423368.2981682,521423368.29816822,2026-08-20 21:00:00+00:00,2026-08-20 17:00:00-04:00
1787263200000,217.05,217.215,216.99,217.2,125755.65798299995,27297101.5978167,27297101.5978167,2026-08-20 22:00:00+00:00,2026-08-20 18:00:00-04:00
1787266800000,217.175,217.2,217.025,217.03,133089.980713,28896804.10382362,28896804.1038236212,2026-08-20 23:00:00+00:00,2026-08-20 19:00:00-04:00
1787270400000,217.12,217.66,216.63,217.41,47236.0,10265135.57,10265135.57,2026-08-21 00:00:00+00:00,2026-08-20 20:00:00-04:00
1787274000000,217.41,217.7,217.08,217.64,63298.0,13765894.76,13765894.76,2026-08-21 01:00:00+00:00,2026-08-20 21:00:00-04:00
1787277600000,217.63,218.11,217.53,217.86,36293.0,7906152.56,7906152.56,2026-08-21 02:00:00+00:00,2026-08-20 22:00:00-04:00
1787281200000,217.86,217.89,217.63,217.68,18649.0,4061304.47,4061304.47,2026-08-21 03:00:00+00:00,2026-08-20 23:00:00-04:00
1787284800000,217.67,217.86,217.34,217.54,16843.0,3664354.79,3664354.79,2026-08-21 04:00:00+00:00,2026-08-21 00:00:00-04:00
1787288400000,217.54,217.73,217.39,217.64,12641.0,2749865.75,2749865.75,2026-08-21 05:00:00+00:00,2026-08-21 01:00:00-04:00
1787292000000,217.64,217.83,217.51,217.7,18541.0,4035630.73,4035630.73,2026-08-21 06:00:00+00:00,2026-08-21 02:00:00-04:00
1787295600000,217.72,218.22,217.55,217.99,36036.0,7852799.85,7852799.85,2026-08-21 07:00:00+00:00,2026-08-21 03:00:00-04:00
1787299200000,218.25,218.43,217.03,218.38,225042.73338599995,49055827.71578051,49055827.71578051,2026-08-21 08:00:00+00:00,2026-08-21 04:00:00-04:00
1787302800000,217.74,218.285,213.214,217.31,686060.1670950003,148112431.77787226,148112431.77787226,2026-08-21 09:00:00+00:00,2026-08-21 05:00:00-04:00
1787306400000,217.45,217.636,217.221,217.55,106966.78258900002,23258568.39583917,23258568.39583917,2026-08-21 10:00:00+00:00,2026-08-21 06:00:00-04:00
1787310000000,217.58,218.608,217.32,218.051,740422.758022,161453054.41569176,161453054.4156917551475336,2026-08-21 11:00:00+00:00,2026-08-21 07:00:00-04:00
1787313600000,218.02,218.26,217.75,217.91,394078.486163,85908991.75998814,85908991.75998814,2026-08-21 12:00:00+00:00,2026-08-21 08:00:00-04:00
1787317200000,217.8,218.74,215.92,216.48,19140839.376006003,4166807605.4414983,4166807605.44149881,2026-08-21 13:00:00+00:00,2026-08-21 09:00:00-04:00
1787320800000,216.49,216.75,214.51,214.86,17658470.010167997,3802295928.163416,3802295928.16341582,2026-08-21 14:00:00+00:00,2026-08-21 10:00:00-04:00
1787324400000,214.86,217.025,214.84,216.2,10242737.156114,2212348259.5496597,2212348259.54965948,2026-08-21 15:00:00+00:00,2026-08-21 11:00:00-04:00
1787328000000,216.186,216.345,215.02,215.295,8938791.636687,1927989001.6215837,1927989001.6215833822,2026-08-21 16:00:00+00:00,2026-08-21 12:00:00-04:00
1787331600000,215.29,215.94,214.65,215.813,12928942.716117,2783600990.730387,2783600990.7303870109,2026-08-21 17:00:00+00:00,2026-08-21 13:00:00-04:00
1787335200000,215.79,216.13,215.025,215.325,6320879.636670999,1362312640.3972263,1362312640.3972264,2026-08-21 18:00:00+00:00,2026-08-21 14:00:00-04:00
1787338800000,215.3,215.47,214.56,214.75,11953542.041101,2570287665.6578646,2570287665.65786465,2026-08-21 19:00:00+00:00,2026-08-21 15:00:00-04:00
1787342400000,214.735,215.123,214.692,215.06,15702370.008484997,3371751069.077973,3371751069.07797322,2026-08-21 20:00:00+00:00,2026-08-21 16:00:00-04:00
1787346000000,215.025,215.175,215.024,215.175,376959.944494,81074138.85300523,81074138.8530052305,2026-08-21 21:00:00+00:00,2026-08-21 17:00:00-04:00
1787349600000,215.3,215.4,215.081,215.4,197542.89155999996,42522924.80289234,42522924.80289234,2026-08-21 22:00:00+00:00,2026-08-21 18:00:00-04:00
1787353200000,215.34,215.455,215.32,215.365,287647.830772,61955477.189199,61955477.1891989968,2026-08-21 23:00:00+00:00,2026-08-21 19:00:00-04:00
1787356800000,215.44,215.47,215.39,215.39,5.0231,1082.120732,1082.120732,2026-08-22 00:00:00+00:00,2026-08-21 20:00:00-04:00
1787360400000,215.47,215.68,215.3,215.56,20.7032,4462.000125,4462.000125,2026-08-22 01:00:00+00:00,2026-08-21 21:00:00-04:00
1787364000000,215.63,215.77,215.13,215.13,13.6184,2934.674408,2934.674408,2026-08-22 02:00:00+00:00,2026-08-21 22:00:00-04:00
1787367600000,215.22,215.81,215.07,215.07,69.0723,14863.808868,14863.808868,2026-08-22 03:00:00+00:00,2026-08-21 23:00:00-04:00
1787371200000,215.4,216.69,215.0,216.02,110.2138,23822.566729,23822.566729,2026-08-22 04:00:00+00:00,2026-08-22 00:00:00-04:00
1787374800000,216.24,216.34,215.54,216.0,57.4806,12413.892378,12413.892378,2026-08-22 05:00:00+00:00,2026-08-22 01:00:00-04:00
1787378400000,216.28,216.33,215.51,216.24,28.2745,6109.271386,6109.271386,2026-08-22 06:00:00+00:00,2026-08-22 02:00:00-04:00
1787382000000,216.33,216.55,215.6,216.09,20.8624,4512.424265,4512.424265,2026-08-22 07:00:00+00:00,2026-08-22 03:00:00-04:00
1787385600000,216.33,216.36,215.87,216.23,14.4707,3128.628206,3128.628206,2026-08-22 08:00:00+00:00,2026-08-22 04:00:00-04:00
1787389200000,216.3,216.39,214.89,214.92,40.7934,8791.052985,8791.052985,2026-08-22 09:00:00+00:00,2026-08-22 05:00:00-04:00
1787392800000,214.95,215.13,214.88,215.13,19.3103,4151.773173,4151.773173,2026-08-22 10:00:00+00:00,2026-08-22 06:00:00-04:00
1787396400000,215.13,215.31,215.0,215.0,52.27,11245.763012,11245.763012,2026-08-22 11:00:00+00:00,2026-08-22 07:00:00-04:00
1787400000000,215.0,215.35,214.77,215.26,35.4479,7621.772912,7621.772912,2026-08-22 12:00:00+00:00,2026-08-22 08:00:00-04:00
1787403600000,215.23,215.76,215.13,215.63,37.3304,8043.204275,8043.204275,2026-08-22 13:00:00+00:00,2026-08-22 09:00:00-04:00
1787407200000,215.7,215.76,215.49,215.69,13.592,2931.558301,2931.558301,2026-08-22 14:00:00+00:00,2026-08-22 10:00:00-04:00
1787410800000,215.72,215.75,215.16,215.4,19.2557,4148.722782,4148.722782,2026-08-22 15:00:00+00:00,2026-08-22 11:00:00-04:00
1787414400000,215.45,215.45,215.09,215.09,6.8565,1475.543763,1475.543763,2026-08-22 16:00:00+00:00,2026-08-22 12:00:00-04:00
1787418000000,215.08,215.31,214.9,214.9,11.7627,2529.370803,2529.370803,2026-08-22 17:00:00+00:00,2026-08-22 13:00:00-04:00
1787421600000,215.0,215.05,214.86,214.89,9.3005,1998.958175,1998.958175,2026-08-22 18:00:00+00:00,2026-08-22 14:00:00-04:00
1787425200000,214.95,215.67,214.89,215.67,25.6254,5520.100549,5520.100549,2026-08-22 19:00:00+00:00,2026-08-22 15:00:00-04:00
1787428800000,215.68,215.75,215.47,215.47,4.2638,919.182091,919.182091,2026-08-22 20:00:00+00:00,2026-08-22 16:00:00-04:00
1787432400000,215.76,215.77,215.71,215.71,1.4244,307.303588,307.303588,2026-08-22 21:00:00+00:00,2026-08-22 17:00:00-04:00
1787436000000,215.75,215.76,215.69,215.69,1.8534,399.81754,399.81754,2026-08-22 22:00:00+00:00,2026-08-22 18:00:00-04:00
1787439600000,215.76,215.85,215.46,215.74,9.5574,2062.196169,2062.196169,2026-08-22 23:00:00+00:00,2026-08-22 19:00:00-04:00
1787443200000,215.74,215.85,215.66,215.8,8.0655,1740.397574,1740.397574,2026-08-23 00:00:00+00:00,2026-08-22 20:00:00-04:00
1787446800000,215.8,216.16,215.45,216.16,80.4956,17367.402304,17367.402304,2026-08-23 01:00:00+00:00,2026-08-22 21:00:00-04:00
1787450400000,216.17,216.26,216.06,216.24,11.0198,2382.187397,2382.187397,2026-08-23 02:00:00+00:00,2026-08-22 22:00:00-04:00
1787454000000,216.24,216.46,216.06,216.3,17.7073,3829.681004,3829.681004,2026-08-23 03:00:00+00:00,2026-08-22 23:00:00-04:00
1787457600000,216.43,216.69,216.38,216.62,14.7798,3199.855813,3199.855813,2026-08-23 04:00:00+00:00,2026-08-23 00:00:00-04:00
1787461200000,216.62,216.75,216.61,216.61,4.2276,916.028779,916.028779,2026-08-23 05:00:00+00:00,2026-08-23 01:00:00-04:00
1787464800000,216.61,216.79,216.53,216.68,29.6005,6413.799108,6413.799108,2026-08-23 06:00:00+00:00,2026-08-23 02:00:00-04:00
1787468400000,216.85,216.93,216.69,216.74,16.9252,3669.651717,3669.651717,2026-08-23 07:00:00+00:00,2026-08-23 03:00:00-04:00
1787472000000,216.77,217.16,216.72,217.02,22.8649,4960.333242,4960.333242,2026-08-23 08:00:00+00:00,2026-08-23 04:00:00-04:00
1787475600000,216.98,217.14,216.72,216.96,25.5887,5550.735056,5550.735056,2026-08-23 09:00:00+00:00,2026-08-23 05:00:00-04:00
1787479200000,216.99,217.0,216.71,216.87,6.1433,1332.62191,1332.62191,2026-08-23 10:00:00+00:00,2026-08-23 06:00:00-04:00
1787482800000,216.99,217.19,216.79,217.13,18.5987,4036.436218,4036.436218,2026-08-23 11:00:00+00:00,2026-08-23 07:00:00-04:00
1787486400000,217.15,218.11,217.08,217.97,52.6765,11465.248917,11465.248917,2026-08-23 12:00:00+00:00,2026-08-23 08:00:00-04:00
1787490000000,218.11,218.22,217.19,218.03,83.5859,18194.678261,18194.678261,2026-08-23 13:00:00+00:00,2026-08-23 09:00:00-04:00
1787493600000,218.09,218.8,217.98,218.79,63.1438,13791.417627,13791.417627,2026-08-23 14:00:00+00:00,2026-08-23 10:00:00-04:00
1787497200000,218.79,218.92,217.41,218.14,239.8106,52272.979645,52272.979645,2026-08-23 15:00:00+00:00,2026-08-23 11:00:00-04:00
1787500800000,218.14,218.54,218.11,218.53,50.6569,11058.036712,11058.036712,2026-08-23 16:00:00+00:00,2026-08-23 12:00:00-04:00
1787504400000,218.53,218.73,218.37,218.63,31.72,6933.369751,6933.369751,2026-08-23 17:00:00+00:00,2026-08-23 13:00:00-04:00
1787508000000,218.72,219.28,218.72,219.13,64.9271,14219.233768,14219.233768,2026-08-23 18:00:00+00:00,2026-08-23 14:00:00-04:00
1787511600000,219.23,219.38,219.12,219.36,7.5791,1661.668884,1661.668884,2026-08-23 19:00:00+00:00,2026-08-23 15:00:00-04:00
1787515200000,219.36,219.48,219.31,219.39,6.542,1435.260461,1435.260461,2026-08-23 20:00:00+00:00,2026-08-23 16:00:00-04:00
1787518800000,219.49,219.49,219.34,219.45,2.8349,622.037234,622.037234,2026-08-23 21:00:00+00:00,2026-08-23 17:00:00-04:00
1787522400000,219.45,219.45,218.6,218.91,30.1704,6606.334124,6606.334124,2026-08-23 22:00:00+00:00,2026-08-23 18:00:00-04:00
1787526000000,218.67,218.89,218.0,218.0,58.7444,12822.866512,12822.866512,2026-08-23 23:00:00+00:00,2026-08-23 19:00:00-04:00
1787529600000,217.75,218.01,216.09,216.76,210964.3298,45716542.026781,45716542.026781,2026-08-24 00:00:00+00:00,2026-08-23 20:00:00-04:00
1787533200000,216.72,217.04,216.48,216.53,98748.0,21406508.12,21406508.12,2026-08-24 01:00:00+00:00,2026-08-23 21:00:00-04:00
1787536800000,216.52,216.7,216.12,216.61,53277.0,11530499.14,11530499.14,2026-08-24 02:00:00+00:00,2026-08-23 22:00:00-04:00
1787540400000,216.62,216.65,215.75,215.9,56104.0,12121912.89,12121912.89,2026-08-24 03:00:00+00:00,2026-08-23 23:00:00-04:00
1787544000000,215.87,216.4,215.87,216.18,28824.0,6230528.35,6230528.35,2026-08-24 04:00:00+00:00,2026-08-24 00:00:00-04:00
1787547600000,216.15,216.35,215.25,215.28,74997.0,16173826.72,16173826.72,2026-08-24 05:00:00+00:00,2026-08-24 01:00:00-04:00
1787551200000,215.28,215.34,214.75,215.08,88792.0,19092336.13,19092336.13,2026-08-24 06:00:00+00:00,2026-08-24 02:00:00-04:00
1787554800000,215.08,215.52,214.81,214.9,51698.0,11126796.82,11126796.82,2026-08-24 07:00:00+00:00,2026-08-24 03:00:00-04:00
1787558400000,215.0,215.365,214.433,214.97,655380.5738550002,140908461.83025968,140908461.83025968,2026-08-24 08:00:00+00:00,2026-08-24 04:00:00-04:00
1787562000000,214.8,215.207,214.681,215.08,103583.02541599996,22266455.74268435,22266455.74268435,2026-08-24 09:00:00+00:00,2026-08-24 05:00:00-04:00
1787565600000,215.27,215.4,214.395,214.4,206245.949047,44318397.65095312,44318397.65095312,2026-08-24 10:00:00+00:00,2026-08-24 06:00:00-04:00
1787569200000,214.45,214.87,212.9,214.58,921315.164045,197021313.0691788,197021313.06917878,2026-08-24 11:00:00+00:00,2026-08-24 07:00:00-04:00
1787572800000,214.51,215.536,214.23,215.284,972430.921063,208970537.1836545,208970537.1836544701,2026-08-24 12:00:00+00:00,2026-08-24 08:00:00-04:00
1787576400000,215.39,215.91,209.01,209.65,20366401.603834,4308550955.454129,4308550955.45412998,2026-08-24 13:00:00+00:00,2026-08-24 09:00:00-04:00
1787580000000,209.685,210.32,208.61,209.67,18516573.194134,3879881274.176784,3879881274.17678417,2026-08-24 14:00:00+00:00,2026-08-24 10:00:00-04:00
1787583600000,209.71,210.71,208.88,210.24,14171779.852752998,2971792474.384613,2971792474.3846129,2026-08-24 15:00:00+00:00,2026-08-24 11:00:00-04:00
1787587200000,210.25,211.02,209.59,209.7,10387703.493612,2185392069.015176,2185392069.01517574,2026-08-24 16:00:00+00:00,2026-08-24 12:00:00-04:00
1787590800000,209.708,210.195,209.17,209.585,10602772.672589,2222860470.0570087,2222860470.0570087316,2026-08-24 17:00:00+00:00,2026-08-24 13:00:00-04:00
1787594400000,209.576,210.475,209.22,209.309,12273051.311049,2575492863.142844,2575492863.1428442491,2026-08-24 18:00:00+00:00,2026-08-24 14:00:00-04:00
1787598000000,209.304,209.57,207.41,208.45,29465086.692085,6147458061.589072,6147458061.5890714167,2026-08-24 19:00:00+00:00,2026-08-24 15:00:00-04:00
1787601600000,208.51,208.68,208.11,208.62,33747473.32233801,7034681062.525352,7034681062.52535159,2026-08-24 20:00:00+00:00,2026-08-24 16:00:00-04:00
1787605200000,208.7,208.94,208.524,208.78,342629.339144,71517124.74832886,71517124.74832886,2026-08-24 21:00:00+00:00,2026-08-24 17:00:00-04:00
1787608800000,208.82,208.92,208.603,208.74,223047.061749,46555854.83885882,46555854.83885882,2026-08-24 22:00:00+00:00,2026-08-24 18:00:00-04:00
1787612400000,208.7,208.94,208.52,208.89,245003.97040099997,51137963.71400791,51137963.71400791,2026-08-24 23:00:00+00:00,2026-08-24 19:00:00-04:00
1787616000000,208.86,209.11,207.97,209.09,63121.0,13168101.23,13168101.23,2026-08-25 00:00:00+00:00,2026-08-24 20:00:00-04:00
1787619600000,209.09,209.38,208.78,209.17,58157.0,12160840.36,12160840.36,2026-08-25 01:00:00+00:00,2026-08-24 21:00:00-04:00
1787623200000,209.16,209.47,209.09,209.14,56805.0,11888959.92,11888959.92,2026-08-25 02:00:00+00:00,2026-08-24 22:00:00-04:00
1787626800000,209.14,209.6,209.08,209.52,36192.0,7578551.02,7578551.02,2026-08-25 03:00:00+00:00,2026-08-24 23:00:00-04:00
1787630400000,209.52,210.06,209.51,210.03,69978.0,14684067.52,14684067.52,2026-08-25 04:00:00+00:00,2026-08-25 00:00:00-04:00
1787634000000,210.03,210.51,209.98,210.42,59315.0,12468759.66,12468759.66,2026-08-25 05:00:00+00:00,2026-08-25 01:00:00-04:00
1787637600000,210.41,210.86,210.34,210.55,60102.0,12656508.65,12656508.65,2026-08-25 06:00:00+00:00,2026-08-25 02:00:00-04:00
1787641200000,210.54,210.72,210.22,210.29,50936.0,10718895.77,10718895.77,2026-08-25 07:00:00+00:00,2026-08-25 03:00:00-04:00
1787644800000,210.44,210.945,209.099,210.77,550322.507121,115800182.72241792,115800182.72241791,2026-08-25 08:00:00+00:00,2026-08-25 04:00:00-04:00
1787648400000,210.865,211.458,210.761,211.342,496004.314629,104734428.71232174,104734428.7123217433,2026-08-25 09:00:00+00:00,2026-08-25 05:00:00-04:00
1787652000000,211.24,211.399,210.839,210.85,365176.4559980001,77099778.19014895,77099778.19014895,2026-08-25 10:00:00+00:00,2026-08-25 06:00:00-04:00
1787655600000,210.82,210.96,210.01,210.9,1342517.543525,282663443.9918212,282663443.99182121,2026-08-25 11:00:00+00:00,2026-08-25 07:00:00-04:00
1787659200000,210.89,211.34,210.618,211.14,980636.7324559998,207001038.8353651,207001038.83536507,2026-08-25 12:00:00+00:00,2026-08-25 08:00:00-04:00
1787662800000,211.07,214.67,210.1,213.535,19859002.008686,4219211792.3622136,4219211792.36221366,2026-08-25 13:00:00+00:00,2026-08-25 09:00:00-04:00
1787666400000,213.47,213.87,210.94,211.02,18897176.38710099,4014448121.8407407,4014448121.84074075,2026-08-25 14:00:00+00:00,2026-08-25 10:00:00-04:00
1787670000000,211.03,211.85,210.18,211.647,17932423.63494,3781555940.97908,3781555940.9790804195,2026-08-25 15:00:00+00:00,2026-08-25 11:00:00-04:00
1787673600000,211.646,212.59,211.46,212.174,11728931.657435,2487757186.3173313,2487757186.3173310418,2026-08-25 16:00:00+00:00,2026-08-25 12:00:00-04:00
1787677200000,212.16,212.515,211.73,212.38,7166204.821312001,1520862867.233064,1520862867.23306417,2026-08-25 17:00:00+00:00,2026-08-25 13:00:00-04:00
1787680800000,212.38,213.3,211.86,213.17,7723172.53007,1642012126.8593876,1642012126.8593876,2026-08-25 18:00:00+00:00,2026-08-25 14:00:00-04:00
1787684400000,213.16,213.43,211.7,212.96,14640072.146221,3112015247.999549,3112015247.99954918,2026-08-25 19:00:00+00:00,2026-08-25 15:00:00-04:00
1787688000000,213.038,213.912,213.0,213.589,31327689.251501,6675422530.077605,6675422530.0776058517566,2026-08-25 20:00:00+00:00,2026-08-25 16:00:00-04:00
1787691600000,213.7,213.995,213.46,213.875,1088817.606791,232802705.67024,232802705.67023999,2026-08-25 21:00:00+00:00,2026-08-25 17:00:00-04:00
1787695200000,213.99,214.3,213.93,214.18,451658.329177,96702216.23677576,96702216.23677575,2026-08-25 22:00:00+00:00,2026-08-25 18:00:00-04:00
1787698800000,214.03,214.175,213.519,213.63,327508.8973459999,70033192.57287923,70033192.57287923,2026-08-25 23:00:00+00:00,2026-08-25 19:00:00-04:00
1787702400000,213.67,213.81,212.72,212.81,35.0,7478.765,7478.765,2026-08-26 00:00:00+00:00,2026-08-25 20:00:00-04:00
1787706000000,212.81,213.13,212.6,213.09,86824.0,18485740.93,18485740.93,2026-08-26 01:00:00+00:00,2026-08-25 21:00:00-04:00
1787709600000,213.1,214.11,213.01,213.81,86253.0,18430134.54,18430134.54,2026-08-26 02:00:00+00:00,2026-08-25 22:00:00-04:00
1787713200000,213.82,214.26,213.69,214.13,44125.0,9441742.02,9441742.02,2026-08-26 03:00:00+00:00,2026-08-25 23:00:00-04:00
1787716800000,214.14,214.31,213.56,213.81,53065.0,11355356.6,11355356.6,2026-08-26 04:00:00+00:00,2026-08-26 00:00:00-04:00
1787720400000,213.83,214.09,213.62,213.83,56406.0,12062118.89,12062118.89,2026-08-26 05:00:00+00:00,2026-08-26 01:00:00-04:00
1787724000000,213.83,214.0,213.47,213.91,70619.0,15091065.12,15091065.12,2026-08-26 06:00:00+00:00,2026-08-26 02:00:00-04:00
1787727600000,213.89,213.93,213.35,213.5,67110.0,14330981.23,14330981.23,2026-08-26 07:00:00+00:00,2026-08-26 03:00:00-04:00
1787731200000,213.55,214.017,213.37,213.72,525199.9054780001,112228234.64190575,112228234.64190576,2026-08-26 08:00:00+00:00,2026-08-26 04:00:00-04:00
1787734800000,213.49,213.765,213.426,213.75,113554.704934,24255500.72784177,24255500.72784177,2026-08-26 09:00:00+00:00,2026-08-26 05:00:00-04:00
1787738400000,213.74,213.941,213.456,213.81,201599.218663,43090260.51531067,43090260.51531067,2026-08-26 10:00:00+00:00,2026-08-26 06:00:00-04:00
1787742000000,213.85,213.981,212.489,212.985,1360861.544102,290192647.0125521,290192647.0125521009,2026-08-26 11:00:00+00:00,2026-08-26 07:00:00-04:00
1787745600000,212.99,213.293,212.413,212.62,796266.8522529998,169449965.62712577,169449965.62712575,2026-08-26 12:00:00+00:00,2026-08-26 08:00:00-04:00
1787749200000,212.5,213.59,210.8,212.64,14213523.69208,3018270183.060572,3018270183.06057216,2026-08-26 13:00:00+00:00,2026-08-26 09:00:00-04:00
1787752800000,212.605,212.651,210.1,211.17,15519356.949626,3275184915.4850364,3275184915.48503653,2026-08-26 14:00:00+00:00,2026-08-26 10:00:00-04:00
1787756400000,211.15,211.51,210.59,210.61,9723225.015351994,2051902870.537248,2051902870.53724818,2026-08-26 15:00:00+00:00,2026-08-26 11:00:00-04:00
1787760000000,210.62,210.66,209.46,209.852,17237978.673998,3619822738.813593,3619822738.8135926808,2026-08-26 16:00:00+00:00,2026-08-26 12:00:00-04:00
1787763600000,209.87,210.635,209.723,210.56,9912882.206744997,2083458852.2788224,2083458852.27882256,2026-08-26 17:00:00+00:00,2026-08-26 13:00:00-04:00
1787767200000,210.545,211.16,210.16,211.045,11715799.73474,2469332080.6113086,2469332080.61130896,2026-08-26 18:00:00+00:00,2026-08-26 14:00:00-04:00
1787770800000,211.055,211.34,209.24,209.77,27082548.268066,5692161246.395228,5692161246.39522852,2026-08-26 19:00:00+00:00,2026-08-26 15:00:00-04:00
1787774400000,209.88,211.19,203.51,210.3,42174943.77868199,8810168620.602797,8810168620.60279725,2026-08-26 20:00:00+00:00,2026-08-26 16:00:00-04:00
1787778000000,210.399,220.81,208.5,219.024,46200030.90442,10064318084.55619,10064318084.5561906371,2026-08-26 21:00:00+00:00,2026-08-26 17:00:00-04:00
1787781600000,218.69,219.6,217.51,218.51,3968771.1482040007,866710562.149775,866710562.149775,2026-08-26 22:00:00+00:00,2026-08-26 18:00:00-04:00
1787785200000,218.61,219.6,217.835,219.57,2233209.5129800006,488106350.2654024,488106350.26540239,2026-08-26 23:00:00+00:00,2026-08-26 19:00:00-04:00
1787788800000,219.03,219.74,218.61,218.83,200.0,43910.2,43910.2,2026-08-27 00:00:00+00:00,2026-08-26 20:00:00-04:00
1787792400000,218.81,222.12,218.77,221.65,638769.0,140807723.95,140807723.95,2026-08-27 01:00:00+00:00,2026-08-26 21:00:00-04:00
1787796000000,221.68,221.89,220.64,220.99,292308.0,64669991.1,64669991.1,2026-08-27 02:00:00+00:00,2026-08-26 22:00:00-04:00
1787799600000,220.97,221.73,220.8,221.47,188612.0,41726542.6,41726542.6,2026-08-27 03:00:00+00:00,2026-08-26 23:00:00-04:00
1787803200000,221.44,221.7,220.99,221.15,157094.0,34764387.53,34764387.53,2026-08-27 04:00:00+00:00,2026-08-27 00:00:00-04:00
1787806800000,221.16,221.28,220.39,221.17,226874.0,50125922.9,50125922.9,2026-08-27 05:00:00+00:00,2026-08-27 01:00:00-04:00
1787810400000,221.15,221.16,219.22,220.73,439054.0,96580994.29,96580994.29,2026-08-27 06:00:00+00:00,2026-08-27 02:00:00-04:00
1787814000000,220.73,222.24,220.33,222.16,338127.0,74948445.8,74948445.8,2026-08-27 07:00:00+00:00,2026-08-27 03:00:00-04:00
1787817600000,222.06,226.71,219.927,226.5,5021939.252242002,1122799151.689164,1122799151.68916412,2026-08-27 08:00:00+00:00,2026-08-27 04:00:00-04:00
1787821200000,226.09,226.365,224.523,224.59,1335099.5086230002,300580431.5828073,300580431.58280726,2026-08-27 09:00:00+00:00,2026-08-27 05:00:00-04:00
1787824800000,224.45,225.05,223.75,223.75,1164200.6436400004,261215423.85556653,261215423.85556654,2026-08-27 10:00:00+00:00,2026-08-27 06:00:00-04:00
1787828400000,223.7,223.9,221.59,222.43,4492193.376670999,999765038.3577284,999765038.35772852,2026-08-27 11:00:00+00:00,2026-08-27 07:00:00-04:00
1787832000000,222.39,223.648,221.51,222.155,6473986.308585,1441460757.534562,1441460757.5345619504,2026-08-27 12:00:00+00:00,2026-08-27 08:00:00-04:00
1787835600000,222.23,225.81,220.93,224.245,61862413.585776,13836091746.422432,13836091746.42243162,2026-08-27 13:00:00+00:00,2026-08-27 09:00:00-04:00
1787839200000,224.07,226.98,223.48,226.95,47953826.98551601,10802433925.077028,10802433925.07702923,2026-08-27 14:00:00+00:00,2026-08-27 10:00:00-04:00
1787842800000,226.97,227.31,224.84,226.19,25725118.871916007,5812379663.134672,5812379663.13467207,2026-08-27 15:00:00+00:00,2026-08-27 11:00:00-04:00
1787846400000,226.21,229.86,226.18,229.68,32458894.438499,7414640436.70687,7414640436.7068711,2026-08-27 16:00:00+00:00,2026-08-27 12:00:00-04:00
1787850000000,229.667,230.47,228.24,228.353,37575047.355902,8625438021.65479,8625438021.65479084342236,2026-08-27 17:00:00+00:00,2026-08-27 13:00:00-04:00
1787853600000,228.265,228.341,225.37,226.134,32417625.138213,7349905449.906248,7349905449.906248689,2026-08-27 18:00:00+00:00,2026-08-27 14:00:00-04:00
1787857200000,226.137,228.99,225.61,227.67,40677072.704047,9258456851.687588,9258456851.6875873889,2026-08-27 19:00:00+00:00,2026-08-27 15:00:00-04:00
1787860800000,227.72,227.987,226.6,226.89,33663761.469413,7667648811.90655,7667648811.90655007,2026-08-27 20:00:00+00:00,2026-08-27 16:00:00-04:00
1787864400000,226.77,227.24,225.86,225.99,918976.9311000002,208300549.3716333,208300549.37163332,2026-08-27 21:00:00+00:00,2026-08-27 17:00:00-04:00
1787868000000,226.005,226.5,225.84,226.323,756967.72728,171245679.129963,171245679.1299630278,2026-08-27 22:00:00+00:00,2026-08-27 18:00:00-04:00
1787871600000,226.31,226.423,225.99,226.09,345589.0147900001,78153780.69210824,78153780.69210824,2026-08-27 23:00:00+00:00,2026-08-27 19:00:00-04:00
1787875200000,226.65,226.65,225.98,226.25,1.0,226.144,226.144,2026-08-28 00:00:00+00:00,2026-08-27 20:00:00-04:00
1787878800000,226.24,226.86,226.18,226.82,67808.0,15363477.63,15363477.63,2026-08-28 01:00:00+00:00,2026-08-27 21:00:00-04:00
1787882400000,226.85,226.91,226.18,226.36,75541.0,17115226.75,17115226.75,2026-08-28 02:00:00+00:00,2026-08-27 22:00:00-04:00
1787886000000,226.38,227.01,226.38,226.54,52427.0,11889065.0,11889065,2026-08-28 03:00:00+00:00,2026-08-27 23:00:00-04:00
1787889600000,226.53,226.71,226.35,226.64,34855.0,7897281.91,7897281.91,2026-08-28 04:00:00+00:00,2026-08-28 00:00:00-04:00
1787893200000,226.61,226.61,226.14,226.19,36626.0,8289500.26,8289500.26,2026-08-28 05:00:00+00:00,2026-08-28 01:00:00-04:00
1787896800000,226.17,227.08,226.14,227.07,90259.0,20443645.86,20443645.86,2026-08-28 06:00:00+00:00,2026-08-28 02:00:00-04:00
1787900400000,227.07,227.09,226.21,226.32,74216.0,16816246.34,16816246.34,2026-08-28 07:00:00+00:00,2026-08-28 03:00:00-04:00
1787904000000,226.19,226.402,225.225,225.39,896693.618398,202546320.22544417,202546320.22544416,2026-08-28 08:00:00+00:00,2026-08-28 04:00:00-04:00
1787907600000,225.42,226.19,225.376,226.19,281040.312988,63446677.41907542,63446677.41907542,2026-08-28 09:00:00+00:00,2026-08-28 05:00:00-04:00
1787911200000,226.0,226.972,225.9,226.85,325686.5023379999,73791507.34502578,73791507.34502578,2026-08-28 10:00:00+00:00,2026-08-28 06:00:00-04:00
1787914800000,226.82,227.5,226.66,226.696,1232348.686188,279844724.8868756,279844724.8868756048,2026-08-28 11:00:00+00:00,2026-08-28 07:00:00-04:00
1787918400000,226.67,227.94,226.66,227.94,1613145.1385839996,366253795.6430686,366253795.6430686,2026-08-28 12:00:00+00:00,2026-08-28 08:00:00-04:00
1787922000000,227.72,229.25,224.68,225.28,25882791.918233,5873025489.978372,5873025489.97837177,2026-08-28 13:00:00+00:00,2026-08-28 09:00:00-04:00
1787925600000,225.31,226.895,223.24,226.73,26829122.456560995,6035956946.207688,6035956946.20768822,2026-08-28 14:00:00+00:00,2026-08-28 10:00:00-04:00
1787929200000,226.74,226.78,221.065,221.33,24317884.817238007,5435964040.910304,5435964040.91030444,2026-08-28 15:00:00+00:00,2026-08-28 11:00:00-04:00
1787932800000,221.355,221.37,219.76,219.805,30234681.994605,6666035223.183781,6666035223.1837807719,2026-08-28 16:00:00+00:00,2026-08-28 12:00:00-04:00
1787936400000,219.803,219.84,217.91,219.37,26673100.626472,5838417733.971927,5838417733.9719264459,2026-08-28 17:00:00+00:00,2026-08-28 13:00:00-04:00
1787940000000,219.39,219.46,216.82,217.36,16825279.049416,3668671335.3857217,3668671335.3857216,2026-08-28 18:00:00+00:00,2026-08-28 14:00:00-04:00
1787943600000,217.33,218.44,216.93,217.535,26876883.690961994,5843625805.8563385,5843625805.85633866,2026-08-28 19:00:00+00:00,2026-08-28 15:00:00-04:00
1787947200000,217.53,218.002,217.474,217.73,26630814.297954,5793336582.494088,5793336582.49408784,2026-08-28 20:00:00+00:00,2026-08-28 16:00:00-04:00
1787950800000,217.733,217.84,217.581,217.81,874976.875351,190508540.7879712,190508540.7879712081,2026-08-28 21:00:00+00:00,2026-08-28 17:00:00-04:00
1787954400000,217.81,217.97,217.72,217.89,256317.33353000003,55845882.36311599,55845882.36311599,2026-08-28 22:00:00+00:00,2026-08-28 18:00:00-04:00
1787958000000,217.88,218.12,217.865,217.92,323391.76270399994,70486339.24225876,70486339.24225875,2026-08-28 23:00:00+00:00,2026-08-28 19:00:00-04:00
1787961600000,217.868,217.873,217.868,217.873,135.0,29412.18,29412.18,2026-08-29 00:00:00+00:00,2026-08-28 20:00:00-04:00
1787965200000,217.52,218.21,217.5,218.21,27.6659,6029.631026,6029.631026,2026-08-29 01:00:00+00:00,2026-08-28 21:00:00-04:00
1787968800000,218.15,218.44,218.01,218.34,59.461,12977.336841,12977.336841,2026-08-29 02:00:00+00:00,2026-08-28 22:00:00-04:00
1787972400000,218.41,218.71,218.15,218.45,47.806,10446.165189,10446.165189,2026-08-29 03:00:00+00:00,2026-08-28 23:00:00-04:00
1787976000000,218.7,218.98,218.45,218.71,59.9757,13119.753516,13119.753516,2026-08-29 04:00:00+00:00,2026-08-29 00:00:00-04:00
1787979600000,218.72,218.96,218.62,218.89,74.9538,16401.609733,16401.609733,2026-08-29 05:00:00+00:00,2026-08-29 01:00:00-04:00
1787983200000,218.71,219.07,218.71,218.98,47.2472,10343.894272,10343.894272,2026-08-29 06:00:00+00:00,2026-08-29 02:00:00-04:00
1787986800000,218.98,219.13,218.65,218.87,42.0773,9213.6667,9213.6667,2026-08-29 07:00:00+00:00,2026-08-29 03:00:00-04:00
1787990400000,218.86,219.2,218.77,218.82,73.9409,16191.775402,16191.775402,2026-08-29 08:00:00+00:00,2026-08-29 04:00:00-04:00
1787994000000,218.85,219.07,218.74,218.75,35.2993,7726.782919,7726.782919,2026-08-29 09:00:00+00:00,2026-08-29 05:00:00-04:00
1787997600000,219.03,219.03,218.19,218.55,56.6273,12372.890202,12372.890202,2026-08-29 10:00:00+00:00,2026-08-29 06:00:00-04:00
1788001200000,218.47,218.63,218.33,218.33,64.4329,14078.453638,14078.453638,2026-08-29 11:00:00+00:00,2026-08-29 07:00:00-04:00
1788004800000,218.55,218.82,218.3,218.79,55.2717,12078.318588,12078.318588,2026-08-29 12:00:00+00:00,2026-08-29 08:00:00-04:00
1788008400000,218.79,219.11,218.7,218.84,34.8993,7638.506888,7638.506888,2026-08-29 13:00:00+00:00,2026-08-29 09:00:00-04:00
1788012000000,219.06,219.25,218.26,218.59,42.3699,9268.158659,9268.158659,2026-08-29 14:00:00+00:00,2026-08-29 10:00:00-04:00
1788015600000,218.59,220.01,218.52,219.01,171.8107,37682.404803,37682.404803,2026-08-29 15:00:00+00:00,2026-08-29 11:00:00-04:00
1788019200000,219.15,219.42,218.97,219.16,321.3258,70426.457775,70426.457775,2026-08-29 16:00:00+00:00,2026-08-29 12:00:00-04:00
1788022800000,219.39,219.4,218.84,219.09,117.7281,25793.175042,25793.175042,2026-08-29 17:00:00+00:00,2026-08-29 13:00:00-04:00
1788026400000,219.12,219.28,218.86,219.0,91.7526,20103.24097,20103.24097,2026-08-29 18:00:00+00:00,2026-08-29 14:00:00-04:00
1788030000000,219.01,219.23,218.86,219.11,42.5932,9330.983416,9330.983416,2026-08-29 19:00:00+00:00,2026-08-29 15:00:00-04:00
1788033600000,219.11,219.21,218.73,218.73,44.7773,9805.647223,9805.647223,2026-08-29 20:00:00+00:00,2026-08-29 16:00:00-04:00
1788037200000,218.93,219.16,218.73,218.89,32.2327,7058.620969,7058.620969,2026-08-29 21:00:00+00:00,2026-08-29 17:00:00-04:00
1788040800000,219.12,219.13,218.6,218.74,42.5267,9304.71309,9304.71309,2026-08-29 22:00:00+00:00,2026-08-29 18:00:00-04:00
1788044400000,218.82,218.92,218.6,218.65,22.4928,4920.268282,4920.268282,2026-08-29 23:00:00+00:00,2026-08-29 19:00:00-04:00
1788048000000,218.72,218.87,218.6,218.79,15.3832,3364.902384,3364.902384,2026-08-30 00:00:00+00:00,2026-08-29 20:00:00-04:00
1788051600000,218.86,218.92,218.59,218.7,24.2462,5303.970921,5303.970921,2026-08-30 01:00:00+00:00,2026-08-29 21:00:00-04:00
1788055200000,218.8,218.97,218.58,218.84,40.9702,8965.015345,8965.015345,2026-08-30 02:00:00+00:00,2026-08-29 22:00:00-04:00
1788058800000,218.91,219.07,218.63,218.96,34.6802,7593.072278,7593.072278,2026-08-30 03:00:00+00:00,2026-08-29 23:00:00-04:00
1788062400000,218.96,219.18,218.84,218.84,19.2255,4211.223776,4211.223776,2026-08-30 04:00:00+00:00,2026-08-30 00:00:00-04:00
1788066000000,219.19,219.21,218.93,219.13,25.201,5521.762767,5521.762767,2026-08-30 05:00:00+00:00,2026-08-30 01:00:00-04:00
1788069600000,219.14,219.37,218.67,218.86,61.7816,13533.752129,13533.752129,2026-08-30 06:00:00+00:00,2026-08-30 02:00:00-04:00
1788073200000,218.86,219.39,218.79,219.25,49.1243,10763.710522,10763.710522,2026-08-30 07:00:00+00:00,2026-08-30 03:00:00-04:00
1788076800000,219.37,219.51,219.18,219.4,31.6981,6954.314748,6954.314748,2026-08-30 08:00:00+00:00,2026-08-30 04:00:00-04:00
1788080400000,219.44,219.59,219.31,219.49,28.3992,6232.357828,6232.357828,2026-08-30 09:00:00+00:00,2026-08-30 05:00:00-04:00
1788084000000,219.57,219.62,218.79,218.95,48.7304,10677.866193,10677.866193,2026-08-30 10:00:00+00:00,2026-08-30 06:00:00-04:00
1788087600000,218.96,219.19,218.85,219.08,24.7498,5421.130597,5421.130597,2026-08-30 11:00:00+00:00,2026-08-30 07:00:00-04:00
1788091200000,219.06,219.19,218.74,218.84,37.6192,8236.375307,8236.375307,2026-08-30 12:00:00+00:00,2026-08-30 08:00:00-04:00
1788094800000,218.94,219.02,218.76,219.02,102.8951,22532.648293,22532.648293,2026-08-30 13:00:00+00:00,2026-08-30 09:00:00-04:00
1788098400000,219.02,219.28,218.87,219.12,1263.9111,276959.335397,276959.335397,2026-08-30 14:00:00+00:00,2026-08-30 10:00:00-04:00
1788102000000,219.12,219.22,218.58,218.88,291.4741,63795.383975,63795.383975,2026-08-30 15:00:00+00:00,2026-08-30 11:00:00-04:00
1788105600000,218.87,220.0,218.81,219.15,389.9805,85568.999771,85568.999771,2026-08-30 16:00:00+00:00,2026-08-30 12:00:00-04:00
1788109200000,219.24,219.48,218.8,219.2,176.8225,38740.075751,38740.075751,2026-08-30 17:00:00+00:00,2026-08-30 13:00:00-04:00
1788112800000,219.23,219.42,219.1,219.17,52.9772,11616.460996,11616.460996,2026-08-30 18:00:00+00:00,2026-08-30 14:00:00-04:00
1788116400000,219.38,219.56,219.14,219.44,39.523,8669.164783,8669.164783,2026-08-30 19:00:00+00:00,2026-08-30 15:00:00-04:00
1788120000000,219.39,219.56,219.22,219.3,11.1775,2452.779206,2452.779206,2026-08-30 20:00:00+00:00,2026-08-30 16:00:00-04:00
1788123600000,219.54,219.7,219.3,219.56,27.9294,6131.464191,6131.464191,2026-08-30 21:00:00+00:00,2026-08-30 17:00:00-04:00
1788127200000,219.56,219.56,218.22,218.39,40.7237,8895.341161,8895.341161,2026-08-30 22:00:00+00:00,2026-08-30 18:00:00-04:00
1788130800000,218.29,218.47,218.11,218.11,52.6242,11484.084752,11484.084752,2026-08-30 23:00:00+00:00,2026-08-30 19:00:00-04:00
1788134400000,217.55,218.34,215.83,217.86,303023.0,65783791.97,65783791.97,2026-08-31 00:00:00+00:00,2026-08-30 20:00:00-04:00
1788138000000,217.83,217.83,216.96,217.25,108695.0,23619542.97,23619542.97,2026-08-31 01:00:00+00:00,2026-08-30 21:00:00-04:00
1788141600000,217.24,217.63,217.01,217.51,49193.0,10689078.21,10689078.21,2026-08-31 02:00:00+00:00,2026-08-30 22:00:00-04:00
1788145200000,217.51,217.74,217.38,217.62,62848.0,13674522.56,13674522.56,2026-08-31 03:00:00+00:00,2026-08-30 23:00:00-04:00
1788148800000,217.62,218.0,217.35,217.97,34973.0,7614285.34,7614285.34,2026-08-31 04:00:00+00:00,2026-08-31 00:00:00-04:00
1788152400000,217.97,218.79,217.91,218.79,100298.0,21904436.79,21904436.79,2026-08-31 05:00:00+00:00,2026-08-31 01:00:00-04:00
1788156000000,218.79,219.14,218.58,219.05,111896.0,24494797.33,24494797.33,2026-08-31 06:00:00+00:00,2026-08-31 02:00:00-04:00
1788159600000,219.04,219.09,217.874,218.94,71704.0,15694024.45,15694024.45,2026-08-31 07:00:00+00:00,2026-08-31 03:00:00-04:00
1788163200000,218.88,219.174,218.032,219.15,782215.3639399996,171267774.80846357,171267774.80846358,2026-08-31 08:00:00+00:00,2026-08-31 04:00:00-04:00
1788166800000,219.24,219.301,218.592,218.7,231302.824199,50656636.92567893,50656636.92567893,2026-08-31 09:00:00+00:00,2026-08-31 05:00:00-04:00
1788170400000,218.65,219.203,218.505,219.11,225907.6412999999,49451295.63439063,49451295.63439063,2026-08-31 10:00:00+00:00,2026-08-31 06:00:00-04:00
1788174000000,218.95,219.043,218.49,218.77,1134337.227286,248093277.0878984,248093277.08789836,2026-08-31 11:00:00+00:00,2026-08-31 07:00:00-04:00
1788177600000,218.8,219.08,218.12,218.18,733680.816426,160466266.08379617,160466266.08379616,2026-08-31 12:00:00+00:00,2026-08-31 08:00:00-04:00
1788181200000,218.189,219.31,216.21,218.835,23970515.68318,5225530329.31356,5225530329.3135602076,2026-08-31 13:00:00+00:00,2026-08-31 09:00:00-04:00
1788184800000,218.925,220.6,218.42,219.73,18428050.974374,4049472061.3638153,4049472061.36381463,2026-08-31 14:00:00+00:00,2026-08-31 10:00:00-04:00
1788188400000,219.75,220.53,219.13,219.5,10228002.194906004,2247893957.5929294,2247893957.59292971,2026-08-31 15:00:00+00:00,2026-08-31 11:00:00-04:00
1788192000000,219.5,220.3,219.12,220.19,7330217.291737001,1611136313.376584,1611136313.37658405,2026-08-31 16:00:00+00:00,2026-08-31 12:00:00-04:00
1788195600000,220.18,220.27,219.13,219.545,7124937.171332998,1565277447.1701465,1565277447.17014633,2026-08-31 17:00:00+00:00,2026-08-31 13:00:00-04:00
1788199200000,219.61,219.76,217.71,218.58,10809196.572725002,2363088179.0949664,2363088179.0949663,2026-08-31 18:00:00+00:00,2026-08-31 14:00:00-04:00
1788202800000,218.61,221.28,218.59,220.86,24629922.258735,5413557171.372119,5413557171.3721192904,2026-08-31 19:00:00+00:00,2026-08-31 15:00:00-04:00
1788206400000,220.8,220.904,220.454,220.68,31368481.836043995,6926298810.718593,6926298810.71859269,2026-08-31 20:00:00+00:00,2026-08-31 16:00:00-04:00
1788210000000,220.59,220.689,220.504,220.53,225135.28902999996,49660747.29775764,49660747.29775764,2026-08-31 21:00:00+00:00,2026-08-31 17:00:00-04:00
1788213600000,220.52,220.549,220.265,220.27,165016.57540099995,36364653.21614574,36364653.21614574,2026-08-31 22:00:00+00:00,2026-08-31 18:00:00-04:00
1788217200000,220.23,220.41,220.19,220.25,278453.570717,61338142.39253976,61338142.39253976,2026-08-31 23:00:00+00:00,2026-08-31 19:00:00-04:00
1788220800000,220.25,220.6,219.89,220.35,220.0,48458.08,48458.08,2026-09-01 00:00:00+00:00,2026-08-31 20:00:00-04:00
1788224400000,220.36,220.51,220.05,220.15,27030.0,5953740.17,5953740.17,2026-09-01 01:00:00+00:00,2026-08-31 21:00:00-04:00
1788228000000,220.14,220.2,219.62,220.18,51209.0,11264225.99,11264225.99,2026-09-01 02:00:00+00:00,2026-08-31 22:00:00-04:00
1788231600000,220.14,220.19,219.8,219.95,25326.0,5570806.31,5570806.31,2026-09-01 03:00:00+00:00,2026-08-31 23:00:00-04:00
1788235200000,219.96,220.38,219.96,220.06,26184.0,5765737.81,5765737.81,2026-09-01 04:00:00+00:00,2026-09-01 00:00:00-04:00
1788238800000,220.06,220.87,219.98,220.75,38550.0,8500327.87,8500327.87,2026-09-01 05:00:00+00:00,2026-09-01 01:00:00-04:00
1788242400000,220.81,220.89,220.34,220.45,36193.0,7984752.91,7984752.91,2026-09-01 06:00:00+00:00,2026-09-01 02:00:00-04:00
1788246000000,220.46,220.65,219.88,219.98,38816.0,8551806.22,8551806.22,2026-09-01 07:00:00+00:00,2026-09-01 03:00:00-04:00
1788249600000,219.45,220.265,217.932,218.01,678584.7569960002,148772243.53904608,148772243.53904609,2026-09-01 08:00:00+00:00,2026-09-01 04:00:00-04:00
1788253200000,217.93,218.417,217.588,218.15,266257.569775,58021012.42813655,58021012.42813655,2026-09-01 09:00:00+00:00,2026-09-01 05:00:00-04:00
1788256800000,218.36,218.454,217.798,217.89,179649.708034,39194859.47066831,39194859.47066831,2026-09-01 10:00:00+00:00,2026-09-01 06:00:00-04:00
1788260400000,217.89,218.254,217.26,217.39,660156.8962369999,143844292.76435447,143844292.76435448,2026-09-01 11:00:00+00:00,2026-09-01 07:00:00-04:00
1788264000000,217.49,217.754,216.89,217.03,1379238.532992,299775564.211865,299775564.21186501,2026-09-01 12:00:00+00:00,2026-09-01 08:00:00-04:00
1788267600000,217.02,217.42,215.11,216.96,16762954.218202,3626676879.1759553,3626676879.17595544,2026-09-01 13:00:00+00:00,2026-09-01 09:00:00-04:00
1788271200000,216.99,218.57,216.78,218.043,18512852.726228,4033012071.190149,4033012071.1901490448,2026-09-01 14:00:00+00:00,2026-09-01 10:00:00-04:00
1788274800000,218.04,220.4,217.7,220.25,12703912.82419,2783821121.077579,2783821121.07757889,2026-09-01 15:00:00+00:00,2026-09-01 11:00:00-04:00
1788278400000,220.26,220.29,218.95,219.7,8804038.019596001,1932792725.824404,1932792725.82440416,2026-09-01 16:00:00+00:00,2026-09-01 12:00:00-04:00
1788282000000,219.66,219.693,217.8,217.98,7713959.884853001,1684903945.7412815,1684903945.74128158,2026-09-01 17:00:00+00:00,2026-09-01 13:00:00-04:00
1788285600000,218.005,218.16,216.35,217.349,13320550.428185,2893097890.0081897,2893097890.0081898641,2026-09-01 18:00:00+00:00,2026-09-01 14:00:00-04:00
1788289200000,217.29,217.91,216.64,217.48,13573412.419149004,2950387505.1708074,2950387505.17080708,2026-09-01 19:00:00+00:00,2026-09-01 15:00:00-04:00
1788292800000,217.42,217.73,217.409,217.49,21171822.26698599,4604858639.976092,4604858639.97609263,2026-09-01 20:00:00+00:00,2026-09-01 16:00:00-04:00
1788296400000,217.5,217.668,217.445,217.61,2461497.87698,535296774.1612989,535296774.16129894,2026-09-01 21:00:00+00:00,2026-09-01 17:00:00-04:00
1788300000000,217.64,217.714,217.226,217.37,188518.30068400005,40988120.230467,40988120.230467,2026-09-01 22:00:00+00:00,2026-09-01 18:00:00-04:00
1788303600000,217.42,217.594,217.41,217.49,163540.87807199996,35568963.48633787,35568963.48633787,2026-09-01 23:00:00+00:00,2026-09-01 19:00:00-04:00
1788307200000,217.62,217.89,217.35,217.42,1.0,217.499,217.499,2026-09-02 00:00:00+00:00,2026-09-01 20:00:00-04:00
1788310800000,217.41,217.61,216.9,217.16,34253.0,7442499.3,7442499.3,2026-09-02 01:00:00+00:00,2026-09-01 21:00:00-04:00
1788314400000,217.16,217.31,216.86,217.21,25571.0,5551915.75,5551915.75,2026-09-02 02:00:00+00:00,2026-09-01 22:00:00-04:00
1788318000000,217.22,217.34,216.9,216.99,36649.0,7956774.39,7956774.39,2026-09-02 03:00:00+00:00,2026-09-01 23:00:00-04:00
1788321600000,216.97,217.35,216.97,217.08,26177.0,5685118.42,5685118.42,2026-09-02 04:00:00+00:00,2026-09-02 00:00:00-04:00
1788325200000,217.04,217.61,216.99,217.44,20957.0,4554218.93,4554218.93,2026-09-02 05:00:00+00:00,2026-09-02 01:00:00-04:00
1788328800000,217.44,217.64,216.99,217.38,29951.0,6507969.53,6507969.53,2026-09-02 06:00:00+00:00,2026-09-02 02:00:00-04:00
1788332400000,217.34,217.7,217.21,217.37,30834.0,6705499.72,6705499.72,2026-09-02 07:00:00+00:00,2026-09-02 03:00:00-04:00
1788336000000,217.23,217.5,216.526,216.81,375503.4953780001,81562776.27790956,81562776.27790956,2026-09-02 08:00:00+00:00,2026-09-02 04:00:00-04:00
1788339600000,216.72,216.973,216.365,216.69,210364.167016,45583684.72802071,45583684.7280207075,2026-09-02 09:00:00+00:00,2026-09-02 05:00:00-04:00
1788343200000,216.72,216.814,216.485,216.52,87264.92333200002,18905648.93913848,18905648.93913848,2026-09-02 10:00:00+00:00,2026-09-02 06:00:00-04:00
1788346800000,216.66,217.441,216.14,217.39,349069.7897170001,75694876.31867822,75694876.31867821,2026-09-02 11:00:00+00:00,2026-09-02 07:00:00-04:00
1788350400000,217.442,218.575,217.318,217.775,1432765.329882,312468313.40297097,312468313.4029709654,2026-09-02 12:00:00+00:00,2026-09-02 08:00:00-04:00
1788354000000,217.88,221.51,217.775,221.49,15801460.700378995,3471854281.1433825,3471854281.1433822,2026-09-02 13:00:00+00:00,2026-09-02 09:00:00-04:00
1788357600000,221.51,224.24,221.2,224.01,27985446.466126,6240869302.276609,6240869302.27660956,2026-09-02 14:00:00+00:00,2026-09-02 10:00:00-04:00
1788361200000,224.05,227.96,223.925,227.605,33158601.879751008,7505665066.393859,7505665066.39385904,2026-09-02 15:00:00+00:00,2026-09-02 11:00:00-04:00
1788364800000,227.59,227.83,225.54,225.755,16843392.745341,3822180161.379408,3822180161.37940829,2026-09-02 16:00:00+00:00,2026-09-02 12:00:00-04:00
1788368400000,225.81,226.0,224.45,224.655,13648415.779498003,3072740181.042017,3072740181.04201721,2026-09-02 17:00:00+00:00,2026-09-02 13:00:00-04:00
1788372000000,224.66,225.35,224.28,224.51,10225076.652603004,2298358987.2191496,2298358987.21914965,2026-09-02 18:00:00+00:00,2026-09-02 14:00:00-04:00
1788375600000,224.58,224.86,223.74,224.33,15350275.353260998,3443065226.708906,3443065226.70890653,2026-09-02 19:00:00+00:00,2026-09-02 15:00:00-04:00
1788379200000,224.39,224.774,223.88,224.07,21162123.523984984,4747625066.837821,4747625066.83782083,2026-09-02 20:00:00+00:00,2026-09-02 16:00:00-04:00
1788382800000,224.0,225.32,224.0,224.94,644288.9820240003,144877719.79833582,144877719.79833582,2026-09-02 21:00:00+00:00,2026-09-02 17:00:00-04:00
1788386400000,224.79,225.2,224.597,225.03,191813.437937,43150945.61996512,43150945.61996512,2026-09-02 22:00:00+00:00,2026-09-02 18:00:00-04:00
1788390000000,224.97,225.5,224.735,225.41,289196.54834900005,65114829.67419965,65114829.67419965,2026-09-02 23:00:00+00:00,2026-09-02 19:00:00-04:00
1788393600000,225.41,225.62,224.86,225.02,51287.0,11548251.87,11548251.87,2026-09-03 00:00:00+00:00,2026-09-02 20:00:00-04:00
1788397200000,225.06,225.39,224.81,224.87,33104.0,7452877.02,7452877.02,2026-09-03 01:00:00+00:00,2026-09-02 21:00:00-04:00
1788400800000,224.86,225.19,224.75,225.1,27350.0,6154247.95,6154247.95,2026-09-03 02:00:00+00:00,2026-09-02 22:00:00-04:00
1788404400000,225.1,225.97,225.05,225.95,69010.0,15568545.96,15568545.96,2026-09-03 03:00:00+00:00,2026-09-02 23:00:00-04:00
1788408000000,225.95,226.36,225.83,226.22,50658.0,11452961.65,11452961.65,2026-09-03 04:00:00+00:00,2026-09-03 00:00:00-04:00
1788411600000,226.22,226.35,224.72,225.72,86057.0,19393102.64,19393102.64,2026-09-03 05:00:00+00:00,2026-09-03 01:00:00-04:00
1788415200000,225.7,225.87,225.47,225.72,36200.0,8169311.37,8169311.37,2026-09-03 06:00:00+00:00,2026-09-03 02:00:00-04:00
1788418800000,225.69,226.07,225.47,225.84,58395.0,13185738.16,13185738.16,2026-09-03 07:00:00+00:00,2026-09-03 03:00:00-04:00
1788422400000,225.424,226.25,225.31,225.458,652378.949529,147269998.01562572,147269998.0156257313,2026-09-03 08:00:00+00:00,2026-09-03 04:00:00-04:00
1788426000000,225.453,225.532,224.493,224.642,292649.130053,65816212.39058385,65816212.3905838533,2026-09-03 09:00:00+00:00,2026-09-03 05:00:00-04:00
1788429600000,224.647,224.873,224.55,224.794,296018.460046,66522058.43395633,66522058.4339563427,2026-09-03 10:00:00+00:00,2026-09-03 06:00:00-04:00
1788433200000,224.805,224.837,223.19,223.398,1107386.196817,248119418.19682956,248119418.1968295599015356,2026-09-03 11:00:00+00:00,2026-09-03 07:00:00-04:00
1788436800000,223.403,226.04,223.364,225.853,3890602.753995,873890180.0026306,873890180.0026306539,2026-09-03 12:00:00+00:00,2026-09-03 08:00:00-04:00
1788440400000,225.853,229.08,224.77,228.29,27151964.119477,6172169664.86857,6172169664.8685705972,2026-09-03 13:00:00+00:00,2026-09-03 09:00:00-04:00
1788444000000,228.273,228.97,225.42,226.16,25203583.377765,5728069598.50666,5728069598.506661462,2026-09-03 14:00:00+00:00,2026-09-03 10:00:00-04:00
1788447600000,226.127,228.03,225.7,227.482,17974744.395326,4082150455.765105,4082150455.7651047993,2026-09-03 15:00:00+00:00,2026-09-03 11:00:00-04:00
1788451200000,227.487,228.09,226.88,227.51,11806798.331412,2686478020.831562,2686478020.831562047,2026-09-03 16:00:00+00:00,2026-09-03 12:00:00-04:00
1788454800000,227.502,230.34,227.06,230.025,30495794.868623,6986815865.259088,6986815865.259088321,2026-09-03 17:00:00+00:00,2026-09-03 13:00:00-04:00
1788458400000,230.023,230.39,229.29,229.425,16450339.212139,3781912561.044536,3781912561.044535863,2026-09-03 18:00:00+00:00,2026-09-03 14:00:00-04:00
1788462000000,229.429,229.69,228.34,228.41,19352803.306108,4434069280.530583,4434069280.5305831826,2026-09-03 19:00:00+00:00,2026-09-03 15:00:00-04:00
1788465600000,228.48,228.732,228.37,228.485,17646058.918023,4031917670.786056,4031917670.7860557040843,2026-09-03 20:00:00+00:00,2026-09-03 16:00:00-04:00
1788469200000,228.486,229.01,228.475,228.875,2574054.650154,588322373.2707155,588322373.2707154860857477,2026-09-03 21:00:00+00:00,2026-09-03 17:00:00-04:00
1788472800000,228.875,229.49,228.746,229.463,674330.079463,154548613.82480857,154548613.8248085569,2026-09-03 22:00:00+00:00,2026-09-03 18:00:00-04:00
1788476400000,229.463,229.957,229.405,229.687,578394.67129,132842010.98821533,132842010.9882153146705061,2026-09-03 23:00:00+00:00,2026-09-03 19:00:00-04:00
1788480000000,229.77,229.87,229.34,229.84,56804.0,13047688.04,13047688.04,2026-09-04 00:00:00+00:00,2026-09-03 20:00:00-04:00
1788483600000,229.84,229.89,229.4,229.68,38100.0,8750932.77,8750932.77,2026-09-04 01:00:00+00:00,2026-09-03 21:00:00-04:00
1788487200000,229.66,230.14,229.59,230.03,37207.0,8553198.29,8553198.29,2026-09-04 02:00:00+00:00,2026-09-03 22:00:00-04:00
1788490800000,230.0,230.37,229.85,229.88,29284.0,6738260.03,6738260.03,2026-09-04 03:00:00+00:00,2026-09-03 23:00:00-04:00
1788494400000,229.88,230.29,229.79,230.27,27452.0,6315812.95,6315812.95,2026-09-04 04:00:00+00:00,2026-09-04 00:00:00-04:00
1788498000000,230.24,230.64,230.04,230.26,54484.0,12550831.26,12550831.26,2026-09-04 05:00:00+00:00,2026-09-04 01:00:00-04:00
1788501600000,230.24,230.45,229.51,229.61,58709.0,13504100.69,13504100.69,2026-09-04 06:00:00+00:00,2026-09-04 02:00:00-04:00
1788505200000,229.61,230.59,229.61,230.28,85111.0,19583948.10000001,19583948.10000001,2026-09-04 07:00:00+00:00,2026-09-04 03:00:00-04:00
1788508800000,229.656,230.968,229.656,230.535,899175.240013,207275234.95100367,207275234.9510036987,2026-09-04 08:00:00+00:00,2026-09-04 04:00:00-04:00
1788512400000,230.535,230.951,229.876,230.896,461452.004841,106335710.52737433,106335710.5273743389304956,2026-09-04 09:00:00+00:00,2026-09-04 05:00:00-04:00
1788516000000,230.894,232.44,230.892,231.455,1273663.688532,295231131.4404164,295231131.4404164155,2026-09-04 10:00:00+00:00,2026-09-04 06:00:00-04:00
1788519600000,231.4,231.564,230.928,231.196,1763647.72762,407763551.9485412,407763551.948541156,2026-09-04 11:00:00+00:00,2026-09-04 07:00:00-04:00
1788523200000,231.23,232.11,230.159,230.535,2640974.919401,610770049.6544354,610770049.6544353662,2026-09-04 12:00:00+00:00,2026-09-04 08:00:00-04:00
1788526800000,230.96,234.65,229.86,234.56,38674675.936953,9005937250.478582,9005937250.4785827097,2026-09-04 13:00:00+00:00,2026-09-04 09:00:00-04:00
1788530400000,234.56,234.76,232.12,232.24,34010073.036914,7948573484.159221,7948573484.1592217998,2026-09-04 14:00:00+00:00,2026-09-04 10:00:00-04:00
1788534000000,232.245,232.81,230.73,231.045,19483604.931882,4517597351.2651005,4517597351.2651006807,2026-09-04 15:00:00+00:00,2026-09-04 11:00:00-04:00
1788537600000,231.03,232.235,230.51,231.57,16715925.489586,3866756854.5512,3866756854.5512004766,2026-09-04 16:00:00+00:00,2026-09-04 12:00:00-04:00
1788541200000,231.57,231.65,230.07,230.2654,12795337.626316,2951969591.1101127,2951969591.1101126405,2026-09-04 17:00:00+00:00,2026-09-04 13:00:00-04:00
1788544800000,230.26,230.695,229.9,230.605,11996039.157628,2762519916.721153,2762519916.721152645,2026-09-04 18:00:00+00:00,2026-09-04 14:00:00-04:00
1788548400000,230.6,231.09,229.63,230.36,20696557.661291,4765391058.143875,4765391058.1438753128,2026-09-04 19:00:00+00:00,2026-09-04 15:00:00-04:00
1788552000000,229.84,230.36,229.56,230.0,16368252.309209,3767679001.1704674,3767679001.1704671398,2026-09-04 20:00:00+00:00,2026-09-04 16:00:00-04:00
1788555600000,229.9844,230.1799,229.94,230.081,3158880.488179,726649506.5609533,726649506.560953369,2026-09-04 21:00:00+00:00,2026-09-04 17:00:00-04:00
1788559200000,230.089,230.15,229.8617,229.93,312149.486704,71803647.4820804,71803647.4820804032,2026-09-04 22:00:00+00:00,2026-09-04 18:00:00-04:00
1788562800000,229.92,230.18,228.41,229.5,414491.406406,95251822.36112222,95251822.3611221995,2026-09-04 23:00:00+00:00,2026-09-04 19:00:00-04:00
1788566400000,229.98,230.0,229.37,229.85,57.9035,13302.764793,13302.764793,2026-09-05 00:00:00+00:00,2026-09-04 20:00:00-04:00
1788570000000,229.89,229.97,229.71,229.96,9.323,2142.965954,2142.965954,2026-09-05 01:00:00+00:00,2026-09-04 21:00:00-04:00
1788573600000,229.86,229.92,229.71,229.92,2.9985,689.230488,689.230488,2026-09-05 02:00:00+00:00,2026-09-04 22:00:00-04:00
1788577200000,229.71,229.92,229.71,229.92,1.7277,397.039689,397.039689,2026-09-05 03:00:00+00:00,2026-09-04 23:00:00-04:00
1788580800000,229.72,229.92,229.71,229.85,11.4127,2622.971179,2622.971179,2026-09-05 04:00:00+00:00,2026-09-05 00:00:00-04:00
1788584400000,229.87,230.16,229.78,229.92,74.5963,17153.069893,17153.069893,2026-09-05 05:00:00+00:00,2026-09-05 01:00:00-04:00
1788588000000,229.92,230.15,229.91,230.13,9.6565,2221.385552,2221.385552,2026-09-05 06:00:00+00:00,2026-09-05 02:00:00-04:00
1788591600000,230.13,230.23,230.0,230.19,3.2989,759.165664,759.165664,2026-09-05 07:00:00+00:00,2026-09-05 03:00:00-04:00
1788595200000,230.13,230.25,230.13,230.22,3.3919,780.792651,780.792651,2026-09-05 08:00:00+00:00,2026-09-05 04:00:00-04:00
1788598800000,230.23,230.31,230.13,230.3,6.7452,1553.048265,1553.048265,2026-09-05 09:00:00+00:00,2026-09-05 05:00:00-04:00
1788602400000,230.3,230.38,230.25,230.25,3.2431,746.873751,746.873751,2026-09-05 10:00:00+00:00,2026-09-05 06:00:00-04:00
1788606000000,230.17,230.39,230.11,230.22,11.723,2699.269444,2699.269444,2026-09-05 11:00:00+00:00,2026-09-05 07:00:00-04:00
1788609600000,230.38,230.38,230.19,230.29,2.6495,610.137835,610.137835,2026-09-05 12:00:00+00:00,2026-09-05 08:00:00-04:00
1788613200000,230.33,230.61,230.29,230.5,22.0552,5083.015744,5083.015744,2026-09-05 13:00:00+00:00,2026-09-05 09:00:00-04:00
1788616800000,230.54,230.63,230.48,230.55,3.7887,873.448637,873.448637,2026-09-05 14:00:00+00:00,2026-09-05 10:00:00-04:00
1788620400000,230.6,230.78,230.55,230.76,10.4574,2412.199099,2412.199099,2026-09-05 15:00:00+00:00,2026-09-05 11:00:00-04:00
1788624000000,230.76,230.92,230.64,230.88,36.1233,8338.510032,8338.510032,2026-09-05 16:00:00+00:00,2026-09-05 12:00:00-04:00
1788627600000,230.95,230.99,230.61,230.72,90.5753,20898.204288,20898.204288,2026-09-05 17:00:00+00:00,2026-09-05 13:00:00-04:00
1788631200000,230.79,230.86,230.72,230.79,10.7963,2491.709314,2491.709314,2026-09-05 18:00:00+00:00,2026-09-05 14:00:00-04:00
1788634800000,230.79,230.87,230.62,230.82,19.0361,4393.283671,4393.283671,2026-09-05 19:00:00+00:00,2026-09-05 15:00:00-04:00
1788638400000,230.8,230.81,230.79,230.81,1.5656,361.34136,361.34136,2026-09-05 20:00:00+00:00,2026-09-05 16:00:00-04:00
1788642000000,230.78,230.82,230.66,230.66,2.7488,634.242937,634.242937,2026-09-05 21:00:00+00:00,2026-09-05 17:00:00-04:00
1788645600000,230.82,230.84,230.67,230.71,1.9432,448.511439,448.511439,2026-09-05 22:00:00+00:00,2026-09-05 18:00:00-04:00
1788649200000,230.83,231.01,230.76,230.9,22.1587,5117.450409,5117.450409,2026-09-05 23:00:00+00:00,2026-09-05 19:00:00-04:00
1788652800000,230.87,231.05,230.87,230.96,2.8489,658.017976,658.017976,2026-09-06 00:00:00+00:00,2026-09-05 20:00:00-04:00
1788656400000,230.96,231.02,230.87,231.02,1.9171,442.726676,442.726676,2026-09-06 01:00:00+00:00,2026-09-05 21:00:00-04:00
1788660000000,231.02,231.04,231.0,231.0,1.3384,309.195808,309.195808,2026-09-06 02:00:00+00:00,2026-09-05 22:00:00-04:00
1788663600000,231.04,231.16,230.92,230.92,10.6468,2459.945851,2459.945851,2026-09-06 03:00:00+00:00,2026-09-05 23:00:00-04:00
1788667200000,230.92,231.08,230.92,230.99,4.218,974.220885,974.220885,2026-09-06 04:00:00+00:00,2026-09-06 00:00:00-04:00
1788670800000,231.04,231.08,230.94,231.05,9.7218,2245.867252,2245.867252,2026-09-06 05:00:00+00:00,2026-09-06 01:00:00-04:00
1788674400000,231.05,231.13,230.97,231.02,9.617,2221.817825,2221.817825,2026-09-06 06:00:00+00:00,2026-09-06 02:00:00-04:00
1788678000000,231.06,231.21,231.0,231.16,24.7147,5712.267915,5712.267915,2026-09-06 07:00:00+00:00,2026-09-06 03:00:00-04:00
1788681600000,231.15,231.26,231.09,231.09,11.5423,2668.470216,2668.470216,2026-09-06 08:00:00+00:00,2026-09-06 04:00:00-04:00
1788685200000,231.09,231.49,231.09,231.33,15.5412,3594.70784,3594.70784,2026-09-06 09:00:00+00:00,2026-09-06 05:00:00-04:00
1788688800000,231.44,231.46,231.27,231.31,8.1129,1876.921261,1876.921261,2026-09-06 10:00:00+00:00,2026-09-06 06:00:00-04:00
1788692400000,231.41,231.41,231.22,231.4,6.4475,1491.348288,1491.348288,2026-09-06 11:00:00+00:00,2026-09-06 07:00:00-04:00
1788696000000,231.22,231.42,231.22,231.4,10.6376,2460.967813,2460.967813,2026-09-06 12:00:00+00:00,2026-09-06 08:00:00-04:00
1788699600000,231.4,231.41,231.23,231.23,7.0811,1637.892847,1637.892847,2026-09-06 13:00:00+00:00,2026-09-06 09:00:00-04:00
1788703200000,231.23,231.33,230.98,231.1,19.5477,4519.203711,4519.203711,2026-09-06 14:00:00+00:00,2026-09-06 10:00:00-04:00
1788706800000,231.27,231.34,230.97,231.27,26.7838,6190.293407,6190.293407,2026-09-06 15:00:00+00:00,2026-09-06 11:00:00-04:00
1788710400000,231.22,231.34,231.0,231.25,19.4998,4508.474743,4508.474743,2026-09-06 16:00:00+00:00,2026-09-06 12:00:00-04:00
1788714000000,231.14,231.34,230.89,230.92,55.7016,12869.225545,12869.225545,2026-09-06 17:00:00+00:00,2026-09-06 13:00:00-04:00
1788717600000,230.97,231.16,230.92,230.93,20.3016,4690.222506,4690.222506,2026-09-06 18:00:00+00:00,2026-09-06 14:00:00-04:00
1788721200000,231.02,231.14,230.93,231.14,4.5473,1050.696736,1050.696736,2026-09-06 19:00:00+00:00,2026-09-06 15:00:00-04:00
1788724800000,231.15,231.24,231.01,231.12,16.7192,3863.938321,3863.938321,2026-09-06 20:00:00+00:00,2026-09-06 16:00:00-04:00
1788728400000,231.1,231.32,230.99,231.32,14.1316,3266.115301,3266.115301,2026-09-06 21:00:00+00:00,2026-09-06 17:00:00-04:00
1788732000000,231.16,231.39,230.99,231.22,7.9434,1836.728235,1836.728235,2026-09-06 22:00:00+00:00,2026-09-06 18:00:00-04:00
1788735600000,231.16,231.22,231.07,231.09,2.9649,685.207899,685.207899,2026-09-06 23:00:00+00:00,2026-09-06 19:00:00-04:00
1788739200000,231.14,231.39,231.09,231.13,35.3028,8162.429005,8162.429005,2026-09-07 00:00:00+00:00,2026-09-06 20:00:00-04:00
1788742800000,231.16,231.66,230.51,230.98,371.5799,85927.919503,85927.919503,2026-09-07 01:00:00+00:00,2026-09-06 21:00:00-04:00
1788746400000,230.98,231.47,230.96,231.32,30.2221,6991.460604,6991.460604,2026-09-07 02:00:00+00:00,2026-09-06 22:00:00-04:00
1788750000000,231.45,231.53,231.32,231.46,15.4617,3578.145307,3578.145307,2026-09-07 03:00:00+00:00,2026-09-06 23:00:00-04:00
1788753600000,231.5,231.69,231.4,231.46,8.9792,2078.925926,2078.925926,2026-09-07 04:00:00+00:00,2026-09-07 00:00:00-04:00
1788757200000,231.47,231.69,231.45,231.61,19.1752,4439.361692,4439.361692,2026-09-07 05:00:00+00:00,2026-09-07 01:00:00-04:00
1788760800000,231.61,231.82,231.45,231.82,41.7006,9662.361186,9662.361186,2026-09-07 06:00:00+00:00,2026-09-07 02:00:00-04:00
1788764400000,231.86,232.14,231.83,232.1,48.939,11350.100859,11350.100859,2026-09-07 07:00:00+00:00,2026-09-07 03:00:00-04:00
1788768000000,232.1,232.87,232.06,232.78,46.5629,10823.856468,10823.856468,2026-09-07 08:00:00+00:00,2026-09-07 04:00:00-04:00
1788771600000,232.78,232.86,232.18,232.24,47.8249,11120.899077,11120.899077,2026-09-07 09:00:00+00:00,2026-09-07 05:00:00-04:00
1788775200000,232.24,232.35,232.09,232.27,28.8753,6704.89687,6704.89687,2026-09-07 10:00:00+00:00,2026-09-07 06:00:00-04:00
1788778800000,232.18,232.29,232.18,232.18,106.407,24705.766399,24705.766399,2026-09-07 11:00:00+00:00,2026-09-07 07:00:00-04:00
1788782400000,232.18,232.32,232.06,232.2,47.2963,10980.622696,10980.622696,2026-09-07 12:00:00+00:00,2026-09-07 08:00:00-04:00
1788786000000,232.24,232.28,231.94,231.95,20.2071,4687.905763,4687.905763,2026-09-07 13:00:00+00:00,2026-09-07 09:00:00-04:00
1788789600000,231.94,232.23,231.93,232.08,18.8068,4363.675518,4363.675518,2026-09-07 14:00:00+00:00,2026-09-07 10:00:00-04:00
1788793200000,232.08,232.08,231.84,231.88,17.5963,4080.838026,4080.838026,2026-09-07 15:00:00+00:00,2026-09-07 11:00:00-04:00
1788796800000,231.91,231.93,231.83,231.83,14.6586,3398.932164,3398.932164,2026-09-07 16:00:00+00:00,2026-09-07 12:00:00-04:00
1788800400000,231.85,231.93,231.81,231.93,24.6679,5719.201812,5719.201812,2026-09-07 17:00:00+00:00,2026-09-07 13:00:00-04:00
1788804000000,231.93,232.06,231.79,231.79,19.8623,4605.448363,4605.448363,2026-09-07 18:00:00+00:00,2026-09-07 14:00:00-04:00
1788807600000,231.79,232.06,231.79,231.96,4.1156,954.555189,954.555189,2026-09-07 19:00:00+00:00,2026-09-07 15:00:00-04:00
1788811200000,231.86,231.95,231.79,231.79,5.6364,1306.922944,1306.922944,2026-09-07 20:00:00+00:00,2026-09-07 16:00:00-04:00
1788814800000,231.79,231.92,231.79,231.83,9.4039,2180.24661,2180.24661,2026-09-07 21:00:00+00:00,2026-09-07 17:00:00-04:00
1788818400000,231.83,231.83,231.61,231.61,24.665,5715.048455,5715.048455,2026-09-07 22:00:00+00:00,2026-09-07 18:00:00-04:00
1788822000000,231.61,231.68,231.47,231.47,9.6269,2229.377379,2229.377379,2026-09-07 23:00:00+00:00,2026-09-07 19:00:00-04:00
1788825600000,231.05,232.14,230.48,231.83,217616.0,50356313.51,50356313.51,2026-09-08 00:00:00+00:00,2026-09-07 20:00:00-04:00
1788829200000,231.84,232.76,231.62,232.51,136199.0,31625731.09,31625731.09,2026-09-08 01:00:00+00:00,2026-09-07 21:00:00-04:00
1788832800000,232.53,232.74,232.2,232.27,90942.0,21141505.59,21141505.59,2026-09-08 02:00:00+00:00,2026-09-07 22:00:00-04:00
1788836400000,232.27,233.0,232.23,232.96,73110.0,17016483.64,17016483.64,2026-09-08 03:00:00+00:00,2026-09-07 23:00:00-04:00
1788840000000,232.96,233.06,232.77,232.92,47787.0,11131166.82,11131166.82,2026-09-08 04:00:00+00:00,2026-09-08 00:00:00-04:00
1788843600000,232.95,233.0,231.82,231.91,73206.0,17006215.19,17006215.19,2026-09-08 05:00:00+00:00,2026-09-08 01:00:00-04:00
1788847200000,231.9,231.95,231.13,231.23,103912.0,24059009.13,24059009.13,2026-09-08 06:00:00+00:00,2026-09-08 02:00:00-04:00
1788850800000,231.25,231.72,231.13,231.28,82805.0,19167252.69,19167252.69,2026-09-08 07:00:00+00:00,2026-09-08 03:00:00-04:00
1788854400000,231.0,233.0502,230.3177,230.5488,834471.946284,192907127.54602093,192907127.5460209442,2026-09-08 08:00:00+00:00,2026-09-08 04:00:00-04:00
1788858000000,230.47,231.76,230.31,231.75,281617.857703,65108085.47503385,65108085.4750338485,2026-09-08 09:00:00+00:00,2026-09-08 05:00:00-04:00
1788861600000,231.74,231.98,230.9047,231.18,386670.522823,89531568.54014066,89531568.5401406615,2026-09-08 10:00:00+00:00,2026-09-08 06:00:00-04:00
1788865200000,231.19,231.73,230.36,231.71,755992.786585,174681229.24736223,174681229.2473622253,2026-09-08 11:00:00+00:00,2026-09-08 07:00:00-04:00
1788868800000,231.69,232.6,231.3017,232.2441,1077287.760955,249876934.14616376,249876934.1461637981,2026-09-08 12:00:00+00:00,2026-09-08 08:00:00-04:00
1788872400000,232.2457,233.71,229.06,229.5712,22731703.832617,5251467302.165401,5251467302.1654021419,2026-09-08 13:00:00+00:00,2026-09-08 09:00:00-04:00
1788876000000,229.58,229.7099,226.77,227.055,20697485.143529,4718434387.137523,4718434387.1375227585,2026-09-08 14:00:00+00:00,2026-09-08 10:00:00-04:00
1788879600000,227.06,227.8,226.07,226.26,18351049.668438,4164435965.1773286,4164435965.1773288388,2026-09-08 15:00:00+00:00,2026-09-08 11:00:00-04:00
1788883200000,226.27,226.48,225.55,225.75,14727196.638704,3327298960.9888105,3327298960.9888102874,2026-09-08 16:00:00+00:00,2026-09-08 12:00:00-04:00
1788886800000,225.75,226.3699,225.46,225.765,9737405.085878,2200213977.7224746,2200213977.7224749923,2026-09-08 17:00:00+00:00,2026-09-08 13:00:00-04:00
1788890400000,225.7662,226.3999,225.25,225.675,9660650.120282,2182766869.2402315,2182766869.240231521,2026-09-08 18:00:00+00:00,2026-09-08 14:00:00-04:00
1788894000000,225.68,225.9,224.85,225.73,17876530.605525,4031010679.2161255,4031010679.21612579416254,2026-09-08 19:00:00+00:00,2026-09-08 15:00:00-04:00
1788897600000,225.89,225.94,225.51,225.75,19219095.922061,4337771756.153919,4337771756.1539185262,2026-09-08 20:00:00+00:00,2026-09-08 16:00:00-04:00
1788901200000,225.75,225.77,225.45,225.61,3565841.202295,804606166.9053282,804606166.9053281152,2026-09-08 21:00:00+00:00,2026-09-08 17:00:00-04:00
1788904800000,225.5776,226.0,225.4124,225.9576,298420.514007,67371291.96372649,67371291.9637264864,2026-09-08 22:00:00+00:00,2026-09-08 18:00:00-04:00
1788908400000,225.9576,225.99,225.2,225.31,283882.169445,64032709.639529355,64032709.639529351,2026-09-08 23:00:00+00:00,2026-09-08 19:00:00-04:00
1788912000000,225.28,226.0,225.28,225.97,23162.0,5227892.98,5227892.98,2026-09-09 00:00:00+00:00,2026-09-08 20:00:00-04:00
1788915600000,225.96,226.15,225.73,225.92,37669.0,8510439.1,8510439.1,2026-09-09 01:00:00+00:00,2026-09-08 21:00:00-04:00
1788919200000,225.91,226.34,225.8,226.09,32503.0,7348829.97,7348829.97,2026-09-09 02:00:00+00:00,2026-09-08 22:00:00-04:00
1788922800000,226.1,226.12,225.81,225.81,13786.0,3115917.16,3115917.16,2026-09-09 03:00:00+00:00,2026-09-08 23:00:00-04:00
1788926400000,225.83,226.1,225.75,226.08,15178.0,3430075.56,3430075.56,2026-09-09 04:00:00+00:00,2026-09-09 00:00:00-04:00
1788930000000,226.08,226.09,225.9,226.05,18967.0,4286462.44,4286462.44,2026-09-09 05:00:00+00:00,2026-09-09 01:00:00-04:00
1788933600000,226.09,226.32,226.01,226.08,30542.0,6907606.52,6907606.52,2026-09-09 06:00:00+00:00,2026-09-09 02:00:00-04:00
1788937200000,226.05,226.3,225.88,226.25,26529.0,5998822.01,5998822.01,2026-09-09 07:00:00+00:00,2026-09-09 03:00:00-04:00
1788940800000,226.08,226.4791,225.73,226.09,384308.018655,86902729.97231363,86902729.9723136469,2026-09-09 08:00:00+00:00,2026-09-09 04:00:00-04:00
1788944400000,226.08,226.15,224.06,224.2,245857.129318,55408322.65963496,55408322.6596349578,2026-09-09 09:00:00+00:00,2026-09-09 05:00:00-04:00
1788948000000,224.2,224.8665,223.9232,224.39,364885.494693,81872866.2954764,81872866.2954763996,2026-09-09 10:00:00+00:00,2026-09-09 06:00:00-04:00
1788951600000,224.39,225.35,224.2,224.864,616690.377624,138564132.7688898,138564132.7688898244,2026-09-09 11:00:00+00:00,2026-09-09 07:00:00-04:00
1788955200000,224.88,224.95,224.31,224.6287,413484.697048,92857384.11892128,92857384.1189212878505004,2026-09-09 12:00:00+00:00,2026-09-09 08:00:00-04:00
1788958800000,224.58,226.18,224.27,224.8501,12062711.965841,2716387169.0562572,2716387169.0562574968,2026-09-09 13:00:00+00:00,2026-09-09 09:00:00-04:00
1788962400000,224.855,225.39,223.55,224.465,17102631.785444,3838277932.1785617,3838277932.1785616862,2026-09-09 14:00:00+00:00,2026-09-09 10:00:00-04:00
1788966000000,224.47,224.82,223.51,224.44,12869825.877879,2884416386.6569686,2884416386.6569688721525,2026-09-09 15:00:00+00:00,2026-09-09 11:00:00-04:00
1788969600000,224.48,224.51,223.69,224.06,6209817.382943,1391189882.6669407,1391189882.6669409354,2026-09-09 16:00:00+00:00,2026-09-09 12:00:00-04:00
1788973200000,224.05,224.49,223.905,224.235,5250951.79249,1177497024.3461766,1177497024.3461766448,2026-09-09 17:00:00+00:00,2026-09-09 13:00:00-04:00
1788976800000,224.235,224.42,223.63,223.67,5121834.466211,1147643926.9997416,1147643926.9997416234,2026-09-09 18:00:00+00:00,2026-09-09 14:00:00-04:00
1788980400000,223.675,224.375,223.46,223.67,13993713.444362,3132487371.8158045,3132487371.81580451075821,2026-09-09 19:00:00+00:00,2026-09-09 15:00:00-04:00
1788984000000,223.76,224.0,223.6012,223.68,12247185.572802,2740300921.8262095,2740300921.8262096894,2026-09-09 20:00:00+00:00,2026-09-09 16:00:00-04:00
1788987600000,223.68,223.72,223.51,223.58,6870436.119721,1535730060.7106469,1535730060.7106468782,2026-09-09 21:00:00+00:00,2026-09-09 17:00:00-04:00
1788991200000,223.6,223.67,223.46,223.5441,169723.006409,37939915.74211896,37939915.7421189614764058,2026-09-09 22:00:00+00:00,2026-09-09 18:00:00-04:00
1788994800000,223.54,223.67,223.45,223.6277,128081.75453,28628898.645199034,28628898.64519903471177,2026-09-09 23:00:00+00:00,2026-09-09 19:00:00-04:00
1788998400000,223.6,223.78,222.95,223.12,44540.0,9948311.02,9948311.02,2026-09-10 00:00:00+00:00,2026-09-09 20:00:00-04:00
1789002000000,223.12,223.27,222.47,222.89,36789.0,8197231.95,8197231.95,2026-09-10 01:00:00+00:00,2026-09-09 21:00:00-04:00
1789005600000,222.88,223.09,222.55,223.0,23883.0,5321394.54,5321394.54,2026-09-10 02:00:00+00:00,2026-09-09 22:00:00-04:00
1789009200000,223.01,223.14,222.9,223.13,15001.0,3346015.46,3346015.46,2026-09-10 03:00:00+00:00,2026-09-09 23:00:00-04:00
1789012800000,223.13,223.2,222.87,223.17,14437.0,3220075.56,3220075.56,2026-09-10 04:00:00+00:00,2026-09-10 00:00:00-04:00
1789016400000,223.2,223.46,223.07,223.21,23028.0,5140931.13,5140931.13,2026-09-10 05:00:00+00:00,2026-09-10 01:00:00-04:00
1789020000000,223.19,223.29,222.7,223.15,26631.0,5939719.7,5939719.7,2026-09-10 06:00:00+00:00,2026-09-10 02:00:00-04:00
1789023600000,223.14,223.16,222.69,222.77,25028.0,5578003.04,5578003.04,2026-09-10 07:00:00+00:00,2026-09-10 03:00:00-04:00
1789027200000,222.77,223.67,222.6165,223.2377,402483.436284,89817271.70683818,89817271.706838180337518,2026-09-10 08:00:00+00:00,2026-09-10 04:00:00-04:00
1789030800000,223.2377,223.569,223.0,223.2975,141551.489186,31620094.1632276,31620094.1632275998,2026-09-10 09:00:00+00:00,2026-09-10 05:00:00-04:00
1789034400000,223.2975,223.4845,222.75,223.056,129661.896491,28921468.57822967,28921468.5782296674,2026-09-10 10:00:00+00:00,2026-09-10 06:00:00-04:00
1789038000000,223.056,223.18,222.07,222.2185,464382.840095,103355592.1210609,103355592.1210609059,2026-09-10 11:00:00+00:00,2026-09-10 07:00:00-04:00
1789041600000,222.2185,222.49,220.23,220.2792,4708888.766852,1041172212.7625858,1041172212.7625858899,2026-09-10 12:00:00+00:00,2026-09-10 08:00:00-04:00
1789045200000,220.2784,221.178,217.2,217.377,19879735.082158,4352617401.682267,4352617401.682267028494867,2026-09-10 13:00:00+00:00,2026-09-10 09:00:00-04:00
1789048800000,217.375,219.06,217.29,218.145,17222627.041487,3757805979.1351194,3757805979.13511851988704,2026-09-10 14:00:00+00:00,2026-09-10 10:00:00-04:00
1789052400000,218.15,219.12,217.8,218.78,11546489.522378,2521774274.269141,2521774274.2691415197,2026-09-10 15:00:00+00:00,2026-09-10 11:00:00-04:00
1789056000000,218.8,219.19,217.53,218.75,12833049.820852,2802307541.754092,2802307541.75409166819265,2026-09-10 16:00:00+00:00,2026-09-10 12:00:00-04:00
1789059600000,218.76,219.13,218.12,218.3709,6991197.869218,1528441226.3074532,1528441226.3074532393,2026-09-10 17:00:00+00:00,2026-09-10 13:00:00-04:00
1789063200000,218.35,218.53,217.745,218.2308,6584337.181833,1436069778.4186285,1436069778.4186283994,2026-09-10 18:00:00+00:00,2026-09-10 14:00:00-04:00
1789066800000,218.23,218.94,217.69,218.36,14787407.98341,3228789676.86163,3228789676.861630082325708,2026-09-10 19:00:00+00:00,2026-09-10 15:00:00-04:00
1789070400000,218.4,218.659,218.13,218.4275,16344800.727106,3569263376.0084205,3569263376.0084205526,2026-09-10 20:00:00+00:00,2026-09-10 16:00:00-04:00
1789074000000,218.4275,220.0,218.3325,218.7685,8674151.154936,1897936931.4307473,1897936931.430747126167136,2026-09-10 21:00:00+00:00,2026-09-10 17:00:00-04:00
1789077600000,218.7685,218.9,218.31,218.3985,204735.964273,44764513.677621625,44764513.6776216255,2026-09-10 22:00:00+00:00,2026-09-10 18:00:00-04:00
1789081200000,218.3985,218.478,217.69,217.76,219560.533194,47896977.30399036,47896977.3039903608,2026-09-10 23:00:00+00:00,2026-09-10 19:00:00-04:00
1789084800000,217.97,218.57,217.85,218.57,42094.0,9188324.29,9188324.29,2026-09-11 00:00:00+00:00,2026-09-10 20:00:00-04:00
1789088400000,218.56,218.86,218.16,218.41,65028.0,14211369.32,14211369.32,2026-09-11 01:00:00+00:00,2026-09-10 21:00:00-04:00
1789092000000,218.45,218.56,218.15,218.2,17898.0,3907888.51,3907888.51,2026-09-11 02:00:00+00:00,2026-09-10 22:00:00-04:00
1789095600000,218.18,218.33,217.91,217.98,28571.0,6231748.58,6231748.58,2026-09-11 03:00:00+00:00,2026-09-10 23:00:00-04:00
1789099200000,217.98,218.78,217.79,218.31,40774.0,8903072.94,8903072.94,2026-09-11 04:00:00+00:00,2026-09-11 00:00:00-04:00
1789102800000,218.31,219.34,218.24,219.21,40462.0,8852912.53,8852912.53,2026-09-11 05:00:00+00:00,2026-09-11 01:00:00-04:00
1789106400000,219.21,219.88,219.17,219.87,72060.0,15817537.15,15817537.15,2026-09-11 06:00:00+00:00,2026-09-11 02:00:00-04:00
1789110000000,219.85,220.09,219.52,219.59,80130.0,17613807.41,17613807.41,2026-09-11 07:00:00+00:00,2026-09-11 03:00:00-04:00
1789113600000,218.15,220.3882,217.79,220.3377,567562.149941,124691235.08746816,124691235.087468161781656,2026-09-11 08:00:00+00:00,2026-09-11 04:00:00-04:00
1789117200000,220.2987,220.56,219.84,220.3397,169906.326811,37426268.50937773,37426268.5093777372,2026-09-11 09:00:00+00:00,2026-09-11 05:00:00-04:00
1789120800000,220.33,220.5,220.1,220.188,137737.836239,30341857.30670845,30341857.3067084549,2026-09-11 10:00:00+00:00,2026-09-11 06:00:00-04:00
1789124400000,220.1,220.2,219.55,219.6477,410397.820309,90240405.6656508,90240405.665650791801221,2026-09-11 11:00:00+00:00,2026-09-11 07:00:00-04:00
1789128000000,219.58,221.54,218.34,221.3777,3556720.670371,781406164.6857158,781406164.6857159605817628,2026-09-11 12:00:00+00:00,2026-09-11 08:00:00-04:00
1789131600000,221.316,221.89,219.0307,221.61,14183342.139361,3124886305.4360514,3124886305.436051352320225,2026-09-11 13:00:00+00:00,2026-09-11 09:00:00-04:00
1789135200000,221.62,222.0,219.3,219.47,17293322.898607,3819018733.558668,3819018733.558667538,2026-09-11 14:00:00+00:00,2026-09-11 10:00:00-04:00
1789138800000,219.4299,220.575,219.3616,219.685,9599350.251405,2111323326.747368,2111323326.7473678796,2026-09-11 15:00:00+00:00,2026-09-11 11:00:00-04:00
1789142400000,219.68,219.9699,218.65,219.105,7384733.661676,1619322972.0067763,1619322972.0067763984,2026-09-11 16:00:00+00:00,2026-09-11 12:00:00-04:00
1789146000000,219.11,219.43,218.9,219.145,5887266.001609,1290531655.1627,1290531655.16270003376904,2026-09-11 17:00:00+00:00,2026-09-11 13:00:00-04:00
1789149600000,219.14,220.01,219.03,219.35,6610618.021261,1451144945.333582,1451144945.333581942617478,2026-09-11 18:00:00+00:00,2026-09-11 14:00:00-04:00
1789153200000,219.34,219.445,218.15,218.29,13309040.961751,2910491094.51746,2910491094.5174602276,2026-09-11 19:00:00+00:00,2026-09-11 15:00:00-04:00
1789156800000,218.17,218.47,218.05,218.3987,14265260.331309,3113868378.667223,3113868378.6672230595725,2026-09-11 20:00:00+00:00,2026-09-11 16:00:00-04:00
1789160400000,218.3987,218.4,218.3,218.3597,1969080.649971,429978134.93356377,429978134.9335637806,2026-09-11 21:00:00+00:00,2026-09-11 17:00:00-04:00
1789164000000,218.3597,218.39,218.111,218.2295,169334.594154,36958422.79239785,36958422.7923978516,2026-09-11 22:00:00+00:00,2026-09-11 18:00:00-04:00
1789167600000,218.23,218.29,218.17,218.241,147082.971476,32099502.192228246,32099502.1922282462,2026-09-11 23:00:00+00:00,2026-09-11 19:00:00-04:00
1789171200000,218.24,218.47,218.21,218.38,11.184,2441.972968,2441.972968,2026-09-12 00:00:00+00:00,2026-09-11 20:00:00-04:00
1789174800000,218.44,218.54,218.21,218.23,33.6317,7346.421928,7346.421928,2026-09-12 01:00:00+00:00,2026-09-11 21:00:00-04:00
1789178400000,218.49,218.75,218.22,218.75,47.8977,10467.11316,10467.11316,2026-09-12 02:00:00+00:00,2026-09-11 22:00:00-04:00
1789182000000,218.73,218.81,218.56,218.56,10.7447,2349.936218,2349.936218,2026-09-12 03:00:00+00:00,2026-09-11 23:00:00-04:00
1789185600000,218.8,218.9,218.42,218.64,34.0988,7457.8291,7457.8291,2026-09-12 04:00:00+00:00,2026-09-12 00:00:00-04:00
1789189200000,218.81,218.93,218.27,218.81,16.0423,3508.834344,3508.834344,2026-09-12 05:00:00+00:00,2026-09-12 01:00:00-04:00
1789192800000,218.81,218.81,218.78,218.78,2.1931,479.851195,479.851195,2026-09-12 06:00:00+00:00,2026-09-12 02:00:00-04:00
1789196400000,218.81,219.09,218.33,218.92,53.3004,11668.424218,11668.424218,2026-09-12 07:00:00+00:00,2026-09-12 03:00:00-04:00
1789200000000,219.0,219.03,218.45,219.01,6.7264,1471.913303,1471.913303,2026-09-12 08:00:00+00:00,2026-09-12 04:00:00-04:00
1789203600000,219.01,219.12,218.29,218.49,30.6007,6694.420041,6694.420041,2026-09-12 09:00:00+00:00,2026-09-12 05:00:00-04:00
1789207200000,219.06,219.12,218.39,219.03,10.3379,2261.646875,2261.646875,2026-09-12 10:00:00+00:00,2026-09-12 06:00:00-04:00
1789210800000,219.0,219.1,218.51,218.66,38.2705,8373.469558,8373.469558,2026-09-12 11:00:00+00:00,2026-09-12 07:00:00-04:00
1789214400000,218.64,219.13,218.54,218.59,77.3002,16920.578477,16920.578477,2026-09-12 12:00:00+00:00,2026-09-12 08:00:00-04:00
1789218000000,218.61,219.13,218.33,219.09,63.6915,13941.455714,13941.455714,2026-09-12 13:00:00+00:00,2026-09-12 09:00:00-04:00
1789221600000,218.46,219.11,218.36,218.76,47.3617,10360.861771,10360.861771,2026-09-12 14:00:00+00:00,2026-09-12 10:00:00-04:00
1789225200000,218.98,219.14,218.53,219.01,81.5687,17860.178569,17860.178569,2026-09-12 15:00:00+00:00,2026-09-12 11:00:00-04:00
1789228800000,218.96,219.17,218.9,219.13,99.6209,21818.622181,21818.622181,2026-09-12 16:00:00+00:00,2026-09-12 12:00:00-04:00
1789232400000,218.97,219.17,218.89,218.9,4.6041,1008.229281,1008.229281,2026-09-12 17:00:00+00:00,2026-09-12 13:00:00-04:00
1789236000000,219.02,219.1,218.33,218.71,31.6872,6935.895228,6935.895228,2026-09-12 18:00:00+00:00,2026-09-12 14:00:00-04:00
1789239600000,219.0,219.06,218.28,218.74,80.6725,17650.072739,17650.072739,2026-09-12 19:00:00+00:00,2026-09-12 15:00:00-04:00
1789243200000,218.74,219.18,218.24,219.17,78.1703,17081.319967,17081.319967,2026-09-12 20:00:00+00:00,2026-09-12 16:00:00-04:00
1789246800000,218.25,219.28,218.24,219.22,235.7855,51644.575572,51644.575572,2026-09-12 21:00:00+00:00,2026-09-12 17:00:00-04:00
1789250400000,219.25,219.28,219.18,219.23,6.8652,1505.060293,1505.060293,2026-09-12 22:00:00+00:00,2026-09-12 18:00:00-04:00
1789254000000,219.26,219.32,219.18,219.23,10.6288,2330.132146,2330.132146,2026-09-12 23:00:00+00:00,2026-09-12 19:00:00-04:00
1789257600000,219.26,219.33,219.19,219.23,20.9394,4590.75069,4590.75069,2026-09-13 00:00:00+00:00,2026-09-12 20:00:00-04:00
1789261200000,219.26,219.35,219.19,219.23,7.1925,1576.926843,1576.926843,2026-09-13 01:00:00+00:00,2026-09-12 21:00:00-04:00
1789264800000,219.26,219.37,219.19,219.24,34.2461,7508.809832,7508.809832,2026-09-13 02:00:00+00:00,2026-09-12 22:00:00-04:00
1789268400000,219.26,219.3,219.19,219.26,25.7323,5641.908761,5641.908761,2026-09-13 03:00:00+00:00,2026-09-12 23:00:00-04:00
1789272000000,219.28,219.4,219.19,219.26,89.0612,19529.414037,19529.414037,2026-09-13 04:00:00+00:00,2026-09-13 00:00:00-04:00
1789275600000,219.3,219.37,219.21,219.21,60.0245,13162.217259,13162.217259,2026-09-13 05:00:00+00:00,2026-09-13 01:00:00-04:00
1789279200000,219.21,219.34,219.2,219.31,3.236,709.531006,709.531006,2026-09-13 06:00:00+00:00,2026-09-13 02:00:00-04:00
1789282800000,219.22,219.31,219.2,219.2,2.8997,635.713221,635.713221,2026-09-13 07:00:00+00:00,2026-09-13 03:00:00-04:00
1789286400000,219.3,219.31,218.1,218.13,115.6677,25310.535462,25310.535462,2026-09-13 08:00:00+00:00,2026-09-13 04:00:00-04:00
1789290000000,218.14,218.33,218.02,218.03,58.133,12680.953365,12680.953365,2026-09-13 09:00:00+00:00,2026-09-13 05:00:00-04:00
1789293600000,218.24,218.32,217.82,217.9,222.4501,48486.532674,48486.532674,2026-09-13 10:00:00+00:00,2026-09-13 06:00:00-04:00
1789297200000,217.98,217.99,217.74,217.75,47.4756,10344.237228,10344.237228,2026-09-13 11:00:00+00:00,2026-09-13 07:00:00-04:00
1789300800000,217.82,217.88,217.48,217.48,444.2841,96680.433689,96680.433689,2026-09-13 12:00:00+00:00,2026-09-13 08:00:00-04:00
1789304400000,217.67,217.67,217.26,217.26,189.9832,41287.888695,41287.888695,2026-09-13 13:00:00+00:00,2026-09-13 09:00:00-04:00
1789308000000,217.26,217.37,217.24,217.24,5.8746,1276.401585,1276.401585,2026-09-13 14:00:00+00:00,2026-09-13 10:00:00-04:00
1789311600000,217.29,217.41,217.23,217.24,50.9645,11075.113363,11075.113363,2026-09-13 15:00:00+00:00,2026-09-13 11:00:00-04:00
1789315200000,217.41,217.41,217.15,217.23,117.8202,25595.51741,25595.51741,2026-09-13 16:00:00+00:00,2026-09-13 12:00:00-04:00
1789318800000,217.2,217.31,217.14,217.17,78.8405,17124.567988,17124.567988,2026-09-13 17:00:00+00:00,2026-09-13 13:00:00-04:00
1789322400000,217.23,217.28,217.17,217.27,5.3497,1162.054502,1162.054502,2026-09-13 18:00:00+00:00,2026-09-13 14:00:00-04:00
1789326000000,217.27,217.28,217.17,217.27,2.5999,564.779162,564.779162,2026-09-13 19:00:00+00:00,2026-09-13 15:00:00-04:00
1789329600000,217.27,217.27,217.16,217.16,1.7671,383.83967,383.83967,2026-09-13 20:00:00+00:00,2026-09-13 16:00:00-04:00
1789333200000,217.27,217.27,217.15,217.15,1.1868,257.782872,257.782872,2026-09-13 21:00:00+00:00,2026-09-13 17:00:00-04:00
1789336800000,217.2,217.28,217.11,217.2,20.0394,4351.715704,4351.715704,2026-09-13 22:00:00+00:00,2026-09-13 18:00:00-04:00
1789340400000,217.2,217.2,216.96,216.96,8.8228,1915.541367,1915.541367,2026-09-13 23:00:00+00:00,2026-09-13 19:00:00-04:00
1789344000000,216.96,216.96,214.1,214.15,319860.6034,68723621.196004,68723621.196004,2026-09-14 00:00:00+00:00,2026-09-13 20:00:00-04:00
1789347600000,214.14,215.16,213.96,215.12,178951.0,38366236.12,38366236.12,2026-09-14 01:00:00+00:00,2026-09-13 21:00:00-04:00
1789351200000,215.12,215.27,214.9,215.07,80573.0,17327416.57,17327416.57,2026-09-14 02:00:00+00:00,2026-09-13 22:00:00-04:00
1789354800000,215.08,215.11,214.63,214.78,46949.0,10086567.16,10086567.16,2026-09-14 03:00:00+00:00,2026-09-13 23:00:00-04:00
1789358400000,214.79,215.0,214.71,214.9,31411.0,6748812.39,6748812.39,2026-09-14 04:00:00+00:00,2026-09-14 00:00:00-04:00
1789362000000,214.9,214.95,214.7,214.82,47435.0,10190101.1,10190101.1,2026-09-14 05:00:00+00:00,2026-09-14 01:00:00-04:00
1789365600000,214.83,214.91,214.06,214.08,70453.0,15116032.18,15116032.18,2026-09-14 06:00:00+00:00,2026-09-14 02:00:00-04:00
1789369200000,214.11,214.11,213.4,213.55,136765.0,29237785.76,29237785.76,2026-09-14 07:00:00+00:00,2026-09-14 03:00:00-04:00
1789372800000,213.94,215.02,211.95,212.0967,1257022.698642,268351827.77618337,268351827.7761833662,2026-09-14 08:00:00+00:00,2026-09-14 04:00:00-04:00
1789376400000,212.01,212.25,211.0,211.928,643104.192018,136083483.53194323,136083483.5319432541,2026-09-14 09:00:00+00:00,2026-09-14 05:00:00-04:00
1789380000000,211.928,212.35,211.5112,212.3475,565537.455777,119850182.84303716,119850182.843037163,2026-09-14 10:00:00+00:00,2026-09-14 06:00:00-04:00
1789383600000,212.32,213.3975,211.92,212.89,2637300.938691,560779990.8154808,560779990.8154807804,2026-09-14 11:00:00+00:00,2026-09-14 07:00:00-04:00
1789387200000,212.889,213.15,212.03,212.0792,6377777.733688,1358438318.517382,1358438318.5173819747,2026-09-14 12:00:00+00:00,2026-09-14 08:00:00-04:00
1789390800000,212.08,212.63,208.93,210.79,27046438.332395,5686801533.926697,5686801533.9266969609,2026-09-14 13:00:00+00:00,2026-09-14 09:00:00-04:00
1789394400000,210.79,211.7,210.07,210.48,18570430.358637,3913956562.9494495,3913956562.9494498556,2026-09-14 14:00:00+00:00,2026-09-14 10:00:00-04:00
1789398000000,210.46,212.33,210.28,212.1884,13771954.237343,2912050816.8092,2912050816.8092002599,2026-09-14 15:00:00+00:00,2026-09-14 11:00:00-04:00
1789401600000,212.17,212.39,211.51,212.105,8785580.151704,1862065940.1874669,1862065940.1874668346,2026-09-14 16:00:00+00:00,2026-09-14 12:00:00-04:00
1789405200000,212.1099,212.77,211.96,212.4101,7241236.67242,1537721872.4761376,1537721872.4761376809153,2026-09-14 17:00:00+00:00,2026-09-14 13:00:00-04:00
1789408800000,212.42,212.63,212.035,212.555,8481717.021831,1800932165.4584765,1800932165.4584766415,2026-09-14 18:00:00+00:00,2026-09-14 14:00:00-04:00
1789412400000,212.57,212.62,210.79,210.96,21034234.002456,4454691768.9582815,4454691768.9582816889,2026-09-14 19:00:00+00:00,2026-09-14 15:00:00-04:00
1789416000000,210.93,212.75,210.29,212.398,22476039.985373,4743355399.81341,4743355399.8134094494,2026-09-14 20:00:00+00:00,2026-09-14 16:00:00-04:00
1789419600000,212.398,212.54,212.12,212.539,290109.858276,61581417.54784504,61581417.5478450437,2026-09-14 21:00:00+00:00,2026-09-14 17:00:00-04:00
1789423200000,212.51,212.62,212.18,212.3877,205378.608021,43621817.63374912,43621817.6337491206,2026-09-14 22:00:00+00:00,2026-09-14 18:00:00-04:00
1789426800000,212.3877,212.4,212.01,212.04,199724.069395,42379024.467951536,42379024.46795154411231,2026-09-14 23:00:00+00:00,2026-09-14 19:00:00-04:00
1789430400000,212.01,212.53,211.94,212.35,37608.0,7984139.48,7984139.48,2026-09-15 00:00:00+00:00,2026-09-14 20:00:00-04:00
1789434000000,212.38,212.52,212.15,212.39,29883.0,6346030.79,6346030.79,2026-09-15 01:00:00+00:00,2026-09-14 21:00:00-04:00
1789437600000,212.42,212.73,212.36,212.58,34070.0,7240873.45,7240873.45,2026-09-15 02:00:00+00:00,2026-09-14 22:00:00-04:00
1789441200000,212.57,212.73,212.45,212.46,37652.0,8003628.81,8003628.81,2026-09-15 03:00:00+00:00,2026-09-14 23:00:00-04:00
1789444800000,212.45,212.57,212.0,212.21,52646.0,11172432.22,11172432.22,2026-09-15 04:00:00+00:00,2026-09-15 00:00:00-04:00
1789448400000,212.21,212.44,211.6,212.27,64573.0,13692715.61,13692715.61,2026-09-15 05:00:00+00:00,2026-09-15 01:00:00-04:00
1789452000000,212.27,212.5,211.97,212.03,40292.0,8551140.86,8551140.86,2026-09-15 06:00:00+00:00,2026-09-15 02:00:00-04:00
1789455600000,212.03,212.17,211.67,211.81,56939.0,12065468.91,12065468.91,2026-09-15 07:00:00+00:00,2026-09-15 03:00:00-04:00
1789459200000,211.81,212.61,210.96,211.3977,492585.398883,104223745.62158953,104223745.621589536,2026-09-15 08:00:00+00:00,2026-09-15 04:00:00-04:00
1789462800000,211.3977,212.32,211.2217,212.188,212899.553132,45096820.26124837,45096820.2612483776,2026-09-15 09:00:00+00:00,2026-09-15 05:00:00-04:00
1789466400000,212.188,212.5,212.082,212.3795,130816.805501,27774207.601171263,27774207.6011712622,2026-09-15 10:00:00+00:00,2026-09-15 06:00:00-04:00
1789470000000,212.36,212.62,212.01,212.3085,2273173.245776,482560598.1653519,482560598.1653518707,2026-09-15 11:00:00+00:00,2026-09-15 07:00:00-04:00
1789473600000,212.31,212.96,211.98,212.5695,723459.600088,153667458.3233994,153667458.3233993913,2026-09-15 12:00:00+00:00,2026-09-15 08:00:00-04:00
1789477200000,212.5695,213.94,212.27,213.26,14757760.444538,3146869362.3339305,3146869362.3339304689,2026-09-15 13:00:00+00:00,2026-09-15 09:00:00-04:00
1789480800000,213.22,213.3024,211.63,212.035,14864559.069656,3160265902.9105825,3160265902.91058268253663,2026-09-15 14:00:00+00:00,2026-09-15 10:00:00-04:00
1789484400000,212.035,212.59,211.93,212.1799,9429427.455002,2001119045.952247,2001119045.9522467844,2026-09-15 15:00:00+00:00,2026-09-15 11:00:00-04:00
1789488000000,212.19,212.35,211.7,211.77,6474019.662751,1372506288.0312147,1372506288.0312146167,2026-09-15 16:00:00+00:00,2026-09-15 12:00:00-04:00
1789491600000,211.775,211.98,211.16,211.9598,7160372.763829,1514782850.9004526,1514782850.900452621851777,2026-09-15 17:00:00+00:00,2026-09-15 13:00:00-04:00
1789495200000,211.96,212.33,211.56,212.1101,6408790.822008,1358556133.6990888,1358556133.6990887810061,2026-09-15 18:00:00+00:00,2026-09-15 14:00:00-04:00
1789498800000,212.1,212.3,211.75,212.17,9382507.754486,1989501742.163473,1989501742.163472754,2026-09-15 19:00:00+00:00,2026-09-15 15:00:00-04:00
1789502400000,212.15,212.69,212.1112,212.5995,19950343.923196,4232568142.0013127,4232568142.0013131507,2026-09-15 20:00:00+00:00,2026-09-15 16:00:00-04:00
1789506000000,212.5995,212.62,212.1707,212.3682,2571730.27732,546077047.0252706,546077047.0252706644125882,2026-09-15 21:00:00+00:00,2026-09-15 17:00:00-04:00
1789509600000,212.37,212.6787,212.25,212.488,237270.411261,50409658.49001474,50409658.4900147372,2026-09-15 22:00:00+00:00,2026-09-15 18:00:00-04:00
1789513200000,212.488,212.4888,212.17,212.3705,171735.799907,36466054.676996715,36466054.6769967062,2026-09-15 23:00:00+00:00,2026-09-15 19:00:00-04:00
1789516800000,212.76,212.76,212.3,212.37,20931.0,4446315.77,4446315.77,2026-09-16 00:00:00+00:00,2026-09-15 20:00:00-04:00
1789520400000,212.37,212.52,211.85,211.89,29727.0,6306707.49,6306707.49,2026-09-16 01:00:00+00:00,2026-09-15 21:00:00-04:00
1789524000000,211.89,212.45,211.85,212.44,30438.0,6459036.46,6459036.46,2026-09-16 02:00:00+00:00,2026-09-15 22:00:00-04:00
1789527600000,212.46,213.26,212.45,213.02,67952.0,14470470.12,14470470.12,2026-09-16 03:00:00+00:00,2026-09-15 23:00:00-04:00
1789531200000,213.02,213.14,212.89,213.0,33857.0,7213141.24,7213141.24,2026-09-16 04:00:00+00:00,2026-09-16 00:00:00-04:00
1789534800000,213.0,213.75,212.91,213.51,49696.0,10606293.84,10606293.84,2026-09-16 05:00:00+00:00,2026-09-16 01:00:00-04:00
1789538400000,213.52,213.68,213.3,213.6,34028.0,7265014.28,7265014.28,2026-09-16 06:00:00+00:00,2026-09-16 02:00:00-04:00
1789542000000,213.6,213.91,213.59,213.68,42394.0,9063292.38,9063292.38,2026-09-16 07:00:00+00:00,2026-09-16 03:00:00-04:00
1789545600000,213.83,213.9185,212.17,213.588,423528.492089,90406056.27695866,90406056.2769586596,2026-09-16 08:00:00+00:00,2026-09-16 04:00:00-04:00
1789549200000,213.588,213.6975,213.0512,213.3882,136695.999092,29152697.631637406,29152697.6316374033,2026-09-16 09:00:00+00:00,2026-09-16 05:00:00-04:00
1789552800000,213.3882,213.41,213.01,213.34,105050.148543,22400064.78493073,22400064.78493072623600793,2026-09-16 10:00:00+00:00,2026-09-16 06:00:00-04:00
1789556400000,213.24,213.789,213.0,213.6995,699550.450661,149287851.05556995,149287851.0555699478,2026-09-16 11:00:00+00:00,2026-09-16 07:00:00-04:00
1789560000000,213.6995,214.495,213.6,213.867,2861914.08923,612263972.7075545,612263972.707554374868888,2026-09-16 12:00:00+00:00,2026-09-16 08:00:00-04:00
1789563600000,213.8475,215.15,213.31,214.7199,11055734.008628,2368571396.325382,2368571396.3253824498,2026-09-16 13:00:00+00:00,2026-09-16 09:00:00-04:00
1789567200000,214.67,215.5,214.55,215.45,11712187.521304,2519172373.2273808,2519172373.22738127211485,2026-09-16 14:00:00+00:00,2026-09-16 10:00:00-04:00
1789570800000,215.45,216.0,215.45,215.7851,1350025.0,291187709.5046,291187709.5046,2026-09-16 15:00:00+00:00,2026-09-16 11:00:00-04:00
