ts,open,high,low,close,vol,quoteVol,extra,dt_utc,dt_et
1789144800000,715.185,716.04,715.05,716.0,91182.0,65243695.7087,65243695.7087,2026-09-11 16:40:00+00:00,2026-09-11 12:40:00-04:00
1789145100000,715.99,716.0678,715.57,715.605,56656.0,40557404.3024,40557404.3024,2026-09-11 16:45:00+00:00,2026-09-11 12:45:00-04:00
1789145400000,715.555,715.92,715.555,715.9,52918.68930699999,37877950.964897536,37877950.964897541542259,2026-09-11 16:50:00+00:00,2026-09-11 12:50:00-04:00
1789145700000,715.91,716.13,715.85,716.085,174808.0,124394453.6071,124394453.6071,2026-09-11 16:55:00+00:00,2026-09-11 12:55:00-04:00
1789146000000,716.11,716.41,716.1,716.2,109433.0,78379540.0696,78379540.0696,2026-09-11 17:00:00+00:00,2026-09-11 13:00:00-04:00
1789146300000,716.2006,716.79,716.2006,716.49,146792.0,105176015.2301,105176015.2301,2026-09-11 17:05:00+00:00,2026-09-11 13:05:00-04:00
1789146600000,716.495,716.645,716.09,716.1101,111626.0,79961788.4517,79961788.4517,2026-09-11 17:10:00+00:00,2026-09-11 13:10:00-04:00
1789146900000,716.14,716.74,716.14,716.625,61630.0,44157993.5514,44157993.5514,2026-09-11 17:15:00+00:00,2026-09-11 13:15:00-04:00
1789147200000,716.63,717.045,716.62,717.04,100641.0,72137807.9088,72137807.9088,2026-09-11 17:20:00+00:00,2026-09-11 13:20:00-04:00
1789147500000,717.03,717.13,716.765,716.765,144190.921757,103354898.00199804,103354898.0019980344680752,2026-09-11 17:25:00+00:00,2026-09-11 13:25:00-04:00
1789147800000,716.72,717.09,716.71,716.75,39466.94699,28293382.195524264,28293382.1955242638676156,2026-09-11 17:30:00+00:00,2026-09-11 13:30:00-04:00
1789148100000,716.78,716.8997,716.65,716.69,102828.0,73707360.3682,73707360.3682,2026-09-11 17:35:00+00:00,2026-09-11 13:35:00-04:00
1789148400000,716.6801,716.94,716.6401,716.76,58191.0,41709632.9513,41709632.9513,2026-09-11 17:40:00+00:00,2026-09-11 13:40:00-04:00
1789148700000,716.74,716.89,716.56,716.84,351935.0,250564000.3838,250564000.3838,2026-09-11 17:45:00+00:00,2026-09-11 13:45:00-04:00
1789149000000,716.87,716.88,716.7515,716.765,164959.0,117393286.8047,117393286.8047,2026-09-11 17:50:00+00:00,2026-09-11 13:50:00-04:00
1789149300000,716.79,716.82,716.44,716.51,88953.90721,63743750.94598499,63743750.945984992,2026-09-11 17:55:00+00:00,2026-09-11 13:55:00-04:00
1789149600000,716.53,716.71,716.46,716.57,72698.416783,52094623.32309557,52094623.3230955664,2026-09-11 18:00:00+00:00,2026-09-11 14:00:00-04:00
1789149900000,716.55,716.555,716.31,716.36,336287.0,240941898.1777,240941898.1777,2026-09-11 18:05:00+00:00,2026-09-11 14:05:00-04:00
1789150200000,716.385,716.39,716.1799,716.2401,296081.0,210481129.7611,210481129.7611,2026-09-11 18:10:00+00:00,2026-09-11 14:10:00-04:00
1789150500000,716.27,716.37,716.09,716.25,109988.518784,78775954.8772949,78775954.8772948928,2026-09-11 18:15:00+00:00,2026-09-11 14:15:00-04:00
1789150800000,716.259,716.27,715.72,716.0,538923.0,383556939.6962,383556939.6962,2026-09-11 18:20:00+00:00,2026-09-11 14:20:00-04:00
1789151100000,716.01,716.36,715.915,716.285,116590.0,83489539.0053,83489539.0053,2026-09-11 18:25:00+00:00,2026-09-11 14:25:00-04:00
1789151400000,716.28,716.64,716.04,716.57,117138.0,83918765.9326,83918765.9326,2026-09-11 18:30:00+00:00,2026-09-11 14:30:00-04:00
1789151700000,716.62,716.67,716.3,716.39,71492.568026,51223619.96094189,51223619.960941884,2026-09-11 18:35:00+00:00,2026-09-11 14:35:00-04:00
1789152000000,716.4,716.46,716.11,716.18,93028.270726,66634420.89112312,66634420.8911231214,2026-09-11 18:40:00+00:00,2026-09-11 14:40:00-04:00
1789152300000,716.19,716.34,715.97,716.03,124710.275357,89303044.32790118,89303044.3279011966,2026-09-11 18:45:00+00:00,2026-09-11 14:45:00-04:00
1789152600000,716.0,716.09,715.91,715.94,102635.278596,73488557.95273872,73488557.952738718039763,2026-09-11 18:50:00+00:00,2026-09-11 14:50:00-04:00
1789152900000,715.93,716.185,715.88,715.9401,135367.0,96922248.8275,96922248.8275,2026-09-11 18:55:00+00:00,2026-09-11 14:55:00-04:00
1789153200000,715.98,716.05,715.79,715.861,100362.0,71850718.8059,71850718.8059,2026-09-11 19:00:00+00:00,2026-09-11 15:00:00-04:00
1789153500000,715.89,716.0,715.5601,715.62,114459.174912,81927157.26352742,81927157.263527436042039,2026-09-11 19:05:00+00:00,2026-09-11 15:05:00-04:00
1789153800000,715.606,715.6937,715.3923,715.6,96627.0,69139500.1469,69139500.1469,2026-09-11 19:10:00+00:00,2026-09-11 15:10:00-04:00
1789154100000,715.655,715.86,715.57,715.69,84827.0,60712626.6158,60712626.6158,2026-09-11 19:15:00+00:00,2026-09-11 15:15:00-04:00
1789154400000,715.705,715.83,715.57,715.82,90938.0,65086440.0319,65086440.0319,2026-09-11 19:20:00+00:00,2026-09-11 15:20:00-04:00
1789154700000,715.81,715.88,715.54,715.605,68144.0,48772492.5719,48772492.5719,2026-09-11 19:25:00+00:00,2026-09-11 15:25:00-04:00
1789155000000,715.59,715.7199,715.55,715.71,120819.000043,86461323.50517157,86461323.505171576856179,2026-09-11 19:30:00+00:00,2026-09-11 15:30:00-04:00
1789155300000,715.71,715.74,715.57,715.67,243540.614551,174289928.46532312,174289928.465323135687,2026-09-11 19:35:00+00:00,2026-09-11 15:35:00-04:00
1789155600000,715.67,715.89,715.66,715.79,236267.0,169109409.3497,169109409.3497,2026-09-11 19:40:00+00:00,2026-09-11 15:40:00-04:00
1789155900000,715.79,715.905,715.53,715.59,282259.0,202016643.584,202016643.584,2026-09-11 19:45:00+00:00,2026-09-11 15:45:00-04:00
1789156200000,715.5,715.665,715.11,715.475,375421.0,268549891.6984,268549891.6984,2026-09-11 19:50:00+00:00,2026-09-11 15:50:00-04:00
1789156500000,715.41,715.45,714.74,714.88,1000911.0,715795256.4227,715795256.4227,2026-09-11 19:55:00+00:00,2026-09-11 15:55:00-04:00
1789156800000,714.93,714.9763,714.77,714.9,742822.816885,531060482.9398213,531060482.939821347,2026-09-11 20:00:00+00:00,2026-09-11 16:00:00-04:00
1789157100000,714.9,715.03,714.76,714.9979,111072.0,79404350.4474,79404350.4474,2026-09-11 20:05:00+00:00,2026-09-11 16:05:00-04:00
1789157400000,715.0,715.0275,714.6412,714.7793,177070.841695,126604131.2398736,126604131.239873611,2026-09-11 20:10:00+00:00,2026-09-11 16:10:00-04:00
1789157700000,714.8,714.88,714.67,714.6715,8513.206401,6084675.024941465,6084675.0249414648,2026-09-11 20:15:00+00:00,2026-09-11 16:15:00-04:00
1789158000000,714.68,716.66,714.68,714.8759,24099.945787,17226511.201378297,17226511.2013782971556183,2026-09-11 20:20:00+00:00,2026-09-11 16:20:00-04:00
1789158300000,714.8797,714.9,714.75,714.8447,3867.0,2764320.4399,2764320.4399,2026-09-11 20:25:00+00:00,2026-09-11 16:25:00-04:00
1789158600000,714.87,715.0519,714.8386,715.0078,6803.0,4863770.3296,4863770.3296,2026-09-11 20:30:00+00:00,2026-09-11 16:30:00-04:00
1789158900000,714.9977,715.12,714.9583,715.08,3457.041944,2471880.7266343688,2471880.7266343688,2026-09-11 20:35:00+00:00,2026-09-11 16:35:00-04:00
1789159200000,715.0978,715.0978,714.8824,714.95,72206.097606,51630880.65098743,51630880.6509874272,2026-09-11 20:40:00+00:00,2026-09-11 16:40:00-04:00
1789159500000,714.95,714.95,714.8164,714.9269,10078.03626,7204680.583486018,7204680.583486018,2026-09-11 20:45:00+00:00,2026-09-11 16:45:00-04:00
1789159800000,714.9312,715.06,714.9312,715.06,5259.0,3760115.5492,3760115.5492,2026-09-11 20:50:00+00:00,2026-09-11 16:50:00-04:00
1789160100000,715.0478,715.1,714.98,715.0052,13281.0,9496476.8842,9496476.8842,2026-09-11 20:55:00+00:00,2026-09-11 16:55:00-04:00
1789160400000,715.06,715.0929,714.95,715.0464,97312.0,69566422.9402,69566422.9402,2026-09-11 21:00:00+00:00,2026-09-11 17:00:00-04:00
1789160700000,715.01,715.05,714.99,715.0352,60721.209776,43408411.477358945,43408411.4773589424,2026-09-11 21:05:00+00:00,2026-09-11 17:05:00-04:00
1789161000000,715.031,715.04,714.99,715.04,833.684736,596095.8700100416,596095.8700100416,2026-09-11 21:10:00+00:00,2026-09-11 17:10:00-04:00
1789161300000,715.0372,715.04,715.004,715.0372,135.0,96529.3293,96529.3293,2026-09-11 21:15:00+00:00,2026-09-11 17:15:00-04:00
1789161600000,715.0372,715.1923,715.0004,715.0822,6525.709022999999,4666185.592814568,4666185.5928145687849535,2026-09-11 21:20:00+00:00,2026-09-11 17:20:00-04:00
1789161900000,715.09,715.09,714.91,714.9984,220194.0,157411794.9175,157411794.9175,2026-09-11 21:25:00+00:00,2026-09-11 17:25:00-04:00
1789162200000,714.9943,715.0,714.8,714.95,798.0,570490.5218,570490.5218,2026-09-11 21:30:00+00:00,2026-09-11 17:30:00-04:00
1789162500000,715.03,715.14,714.92,714.92,292.297793,208989.3590575418,208989.3590575418,2026-09-11 21:35:00+00:00,2026-09-11 17:35:00-04:00
1789162800000,714.9977,714.9977,714.8577,714.9914,3967.636178,2836648.816815367,2836648.816815367,2026-09-11 21:40:00+00:00,2026-09-11 17:40:00-04:00
1789163100000,714.9914,715.04,714.86,714.9259,1119.294802,800214.1847221768,800214.1847221768,2026-09-11 21:45:00+00:00,2026-09-11 17:45:00-04:00
1789163400000,714.93,715.0,714.89,714.99,2050.523777,1465929.7254438072,1465929.7254438073,2026-09-11 21:50:00+00:00,2026-09-11 17:50:00-04:00
1789163700000,714.9933,714.9933,714.8961,714.9169,98.0,70064.0988,70064.0988,2026-09-11 21:55:00+00:00,2026-09-11 17:55:00-04:00
1789164000000,714.92,715.05,714.92,715.0056,188.0,134412.1286,134412.1286,2026-09-11 22:00:00+00:00,2026-09-11 18:00:00-04:00
1789164300000,715.05,715.28,715.0056,715.12,3309.464299,2366869.028871538,2366869.028871538,2026-09-11 22:05:00+00:00,2026-09-11 18:05:00-04:00
1789164600000,715.0585,715.27,715.05,715.2208,1644.0,1175695.054,1175695.054,2026-09-11 22:10:00+00:00,2026-09-11 18:10:00-04:00
1789164900000,715.3002,715.44,715.3,715.44,7011.0,5015530.2643,5015530.2643,2026-09-11 22:15:00+00:00,2026-09-11 18:15:00-04:00
1789165200000,715.4402,715.4902,715.3001,715.3001,10002.579669,7156265.324848697,7156265.324848697284558,2026-09-11 22:20:00+00:00,2026-09-11 18:20:00-04:00
1789165500000,715.3,715.51,715.3,715.4462,63.0,45070.8603,45070.8603,2026-09-11 22:25:00+00:00,2026-09-11 18:25:00-04:00
1789165800000,715.34,715.365,715.3,715.3083,1795.0,1284023.489,1284023.489,2026-09-11 22:30:00+00:00,2026-09-11 18:30:00-04:00
1789166100000,715.3015,715.31,715.3,715.3015,369.650652,264417.81118864,264417.81118864,2026-09-11 22:35:00+00:00,2026-09-11 18:35:00-04:00
1789166400000,715.3083,715.48,715.3,715.33,2652.133983,1897151.4328325929,1897151.4328325931854011,2026-09-11 22:40:00+00:00,2026-09-11 18:40:00-04:00
1789166700000,715.31,715.3292,715.3005,715.31,26.0,18598.1506,18598.1506,2026-09-11 22:45:00+00:00,2026-09-11 18:45:00-04:00
1789167000000,715.3178,715.32,715.3,715.3015,230.578253,164935.972744695,164935.972744695,2026-09-11 22:50:00+00:00,2026-09-11 18:50:00-04:00
1789167300000,715.3001,715.3097,715.2,715.26,1035.135351,740432.331700565,740432.331700565,2026-09-11 22:55:00+00:00,2026-09-11 18:55:00-04:00
1789167600000,715.256,715.29,715.1,715.29,439.140854,314082.303745745,314082.3037457449928478,2026-09-11 23:00:00+00:00,2026-09-11 19:00:00-04:00
1789167900000,715.1,715.2799,715.1,715.1601,229.99327800000003,164506.23611607242,164506.2361160724214583,2026-09-11 23:05:00+00:00,2026-09-11 19:05:00-04:00
1789168200000,715.15,715.2652,715.0947,715.26,521.0,372573.7088,372573.7088,2026-09-11 23:10:00+00:00,2026-09-11 19:10:00-04:00
1789168500000,715.2463,715.2555,715.0801,715.11,52.0,37186.3642,37186.3642,2026-09-11 23:15:00+00:00,2026-09-11 19:15:00-04:00
1789168800000,715.09,715.37,715.09,715.2,638.048793,456288.0720377309,456288.0720377309,2026-09-11 23:20:00+00:00,2026-09-11 19:20:00-04:00
1789169100000,715.4,715.4,715.0822,715.0885,548.251943,392110.4961408536,392110.4961408536,2026-09-11 23:25:00+00:00,2026-09-11 19:25:00-04:00
1789169400000,715.1,715.1,715.08,715.0997,246.0,175911.4942,175911.4942,2026-09-11 23:30:00+00:00,2026-09-11 19:30:00-04:00
1789169700000,715.1,715.2,715.06,715.0817,3299.0,2359016.2832,2359016.2832,2026-09-11 23:35:00+00:00,2026-09-11 19:35:00-04:00
1789170000000,715.07,715.2,715.06,715.07,445.082999,318291.33507487,318291.33507487,2026-09-11 23:40:00+00:00,2026-09-11 19:40:00-04:00
1789170300000,715.049,715.18,714.89,714.95,533.138498,381185.214754032,381185.214754032,2026-09-11 23:45:00+00:00,2026-09-11 19:45:00-04:00
1789170600000,714.92,714.9452,714.8817,714.94,1627.030278,1163186.073353981,1163186.0733539808,2026-09-11 23:50:00+00:00,2026-09-11 19:50:00-04:00
1789170900000,714.9514,715.05,714.8865,714.8865,995.0,711454.6932,711454.6932,2026-09-11 23:55:00+00:00,2026-09-11 19:55:00-04:00
1789173000000,715.43,715.43,715.43,715.43,0.0279,19.960497,19.960497,2026-09-12 00:30:00+00:00,2026-09-11 20:30:00-04:00
1789173900000,715.43,715.43,715.43,715.43,0.0141,10.087563,10.087563,2026-09-12 00:45:00+00:00,2026-09-11 20:45:00-04:00
1789174500000,715.43,715.43,715.43,715.43,0.0391,27.973313,27.973313,2026-09-12 00:55:00+00:00,2026-09-11 20:55:00-04:00
1789174800000,715.44,715.45,715.44,715.45,0.0572,40.923447,40.923447,2026-09-12 01:00:00+00:00,2026-09-11 21:00:00-04:00
1789178100000,715.45,715.45,715.45,715.45,0.0391,27.974095,27.974095,2026-09-12 01:55:00+00:00,2026-09-11 21:55:00-04:00
1789178700000,715.45,715.45,715.45,715.45,0.0318,22.75131,22.75131,2026-09-12 02:05:00+00:00,2026-09-11 22:05:00-04:00
1789180200000,715.49,715.49,715.49,715.49,0.3074,219.941626,219.941626,2026-09-12 02:30:00+00:00,2026-09-11 22:30:00-04:00
1789180500000,715.57,715.57,715.57,715.57,0.0293,20.966201,20.966201,2026-09-12 02:35:00+00:00,2026-09-11 22:35:00-04:00
1789181700000,715.65,715.65,715.65,715.65,0.0391,27.981915,27.981915,2026-09-12 02:55:00+00:00,2026-09-11 22:55:00-04:00
1789183800000,715.73,715.73,715.73,715.73,0.0468,33.496164,33.496164,2026-09-12 03:30:00+00:00,2026-09-11 23:30:00-04:00
1789184700000,715.59,715.59,715.59,715.59,0.0698,49.948182,49.948182,2026-09-12 03:45:00+00:00,2026-09-11 23:45:00-04:00
1789185300000,715.76,715.76,715.76,715.76,0.0391,27.986216,27.986216,2026-09-12 03:55:00+00:00,2026-09-11 23:55:00-04:00
1789185600000,715.77,715.83,715.77,715.83,0.7396,529.42368,529.42368,2026-09-12 04:00:00+00:00,2026-09-12 00:00:00-04:00
1789186800000,715.92,715.92,714.9,714.9,2.8354,2028.474258,2028.474258,2026-09-12 04:20:00+00:00,2026-09-12 00:20:00-04:00
1789187400000,715.78,715.78,715.78,715.78,0.0279,19.970262,19.970262,2026-09-12 04:30:00+00:00,2026-09-12 00:30:00-04:00
1789188900000,715.78,715.78,715.78,715.78,0.0391,27.986998,27.986998,2026-09-12 04:55:00+00:00,2026-09-12 00:55:00-04:00
1789190400000,715.6,715.6,714.9,714.9,0.3642,260.49405,260.49405,2026-09-12 05:20:00+00:00,2026-09-12 01:20:00-04:00
1789192500000,715.66,715.66,715.66,715.66,0.0391,27.982306,27.982306,2026-09-12 05:55:00+00:00,2026-09-12 01:55:00-04:00
1789196100000,715.7,715.7,715.7,715.7,0.0391,27.98387,27.98387,2026-09-12 06:55:00+00:00,2026-09-12 02:55:00-04:00
1789196400000,715.8,715.8,715.8,715.8,0.0698,49.96284,49.96284,2026-09-12 07:00:00+00:00,2026-09-12 03:00:00-04:00
1789199700000,715.71,715.71,715.71,715.71,0.0391,27.984261,27.984261,2026-09-12 07:55:00+00:00,2026-09-12 03:55:00-04:00
1789203300000,715.67,715.67,715.67,715.67,0.0391,27.982697,27.982697,2026-09-12 08:55:00+00:00,2026-09-12 04:55:00-04:00
1789203600000,715.92,715.92,715.92,715.92,0.014,10.02288,10.02288,2026-09-12 09:00:00+00:00,2026-09-12 05:00:00-04:00
1789206900000,715.92,715.92,715.92,715.92,0.0391,27.992472,27.992472,2026-09-12 09:55:00+00:00,2026-09-12 05:55:00-04:00
1789207200000,714.9,714.9,714.9,714.9,7.0,5004.3,5004.3,2026-09-12 10:00:00+00:00,2026-09-12 06:00:00-04:00
1789210500000,715.09,715.09,715.09,715.09,0.0391,27.960019,27.960019,2026-09-12 10:55:00+00:00,2026-09-12 06:55:00-04:00
1789214100000,715.09,715.09,714.77,714.77,0.2391,170.946019,170.946019,2026-09-12 11:55:00+00:00,2026-09-12 07:55:00-04:00
1789214400000,715.09,715.09,715.09,715.09,0.0279,19.951011,19.951011,2026-09-12 12:00:00+00:00,2026-09-12 08:00:00-04:00
1789217700000,715.09,715.09,715.09,715.09,0.0391,27.960019,27.960019,2026-09-12 12:55:00+00:00,2026-09-12 08:55:00-04:00
1789221300000,715.09,715.09,715.09,715.09,0.0391,27.960019,27.960019,2026-09-12 13:55:00+00:00,2026-09-12 09:55:00-04:00
1789221600000,715.09,715.09,715.09,715.09,0.0279,19.951011,19.951011,2026-09-12 14:00:00+00:00,2026-09-12 10:00:00-04:00
1789222500000,715.09,715.09,715.09,715.09,0.0475,33.966775,33.966775,2026-09-12 14:15:00+00:00,2026-09-12 10:15:00-04:00
1789222800000,715.09,715.09,715.09,715.09,0.0419,29.962271,29.962271,2026-09-12 14:20:00+00:00,2026-09-12 10:20:00-04:00
1789223100000,715.09,715.09,715.09,715.09,3.779,2702.32511,2702.32511,2026-09-12 14:25:00+00:00,2026-09-12 10:25:00-04:00
1789223400000,715.09,715.09,715.09,715.09,0.1355,96.894695,96.894695,2026-09-12 14:30:00+00:00,2026-09-12 10:30:00-04:00
1789224900000,715.09,715.09,714.61,714.61,0.1369,97.848877,97.848877,2026-09-12 14:55:00+00:00,2026-09-12 10:55:00-04:00
1789225200000,715.09,715.09,715.09,715.09,0.2348,167.903132,167.903132,2026-09-12 15:00:00+00:00,2026-09-12 11:00:00-04:00
1789226400000,714.59,714.59,714.59,714.59,0.0302,21.580618,21.580618,2026-09-12 15:20:00+00:00,2026-09-12 11:20:00-04:00
1789226700000,714.59,714.59,714.59,714.59,0.1359,97.112781,97.112781,2026-09-12 15:25:00+00:00,2026-09-12 11:25:00-04:00
1789227000000,715.09,715.09,715.09,715.09,0.1817,129.931853,129.931853,2026-09-12 15:30:00+00:00,2026-09-12 11:30:00-04:00
1789228500000,715.09,715.09,715.09,715.09,0.1613,115.344017,115.344017,2026-09-12 15:55:00+00:00,2026-09-12 11:55:00-04:00
1789228800000,715.09,715.09,715.09,715.09,0.4766,340.811894,340.811894,2026-09-12 16:00:00+00:00,2026-09-12 12:00:00-04:00
1789232100000,715.09,715.09,715.09,715.09,0.1789,127.929601,127.929601,2026-09-12 16:55:00+00:00,2026-09-12 12:55:00-04:00
1789235700000,715.09,715.09,715.09,715.09,0.0391,27.960019,27.960019,2026-09-12 17:55:00+00:00,2026-09-12 13:55:00-04:00
1789237800000,715.09,715.09,715.09,715.09,0.1664,118.990976,118.990976,2026-09-12 18:30:00+00:00,2026-09-12 14:30:00-04:00
1789239300000,715.09,715.09,715.09,715.09,0.0391,27.960019,27.960019,2026-09-12 18:55:00+00:00,2026-09-12 14:55:00-04:00
1789241100000,715.09,715.09,715.09,715.09,0.0204,14.587836,14.587836,2026-09-12 19:25:00+00:00,2026-09-12 15:25:00-04:00
1789241700000,715.09,715.09,715.09,715.09,0.0349,24.956641,24.956641,2026-09-12 19:35:00+00:00,2026-09-12 15:35:00-04:00
1789242000000,714.59,714.59,714.51,714.51,3.28,2343.714,2343.714,2026-09-12 19:40:00+00:00,2026-09-12 15:40:00-04:00
1789242300000,714.42,714.47,714.34,714.4,5.61,4007.8895,4007.8895,2026-09-12 19:45:00+00:00,2026-09-12 15:45:00-04:00
1789242900000,715.09,715.09,715.09,715.09,0.067,47.91103,47.91103,2026-09-12 19:55:00+00:00,2026-09-12 15:55:00-04:00
1789243200000,715.09,715.09,715.09,715.09,0.0288,20.594592,20.594592,2026-09-12 20:00:00+00:00,2026-09-12 16:00:00-04:00
1789244100000,714.28,714.28,714.28,714.28,0.51,364.2828,364.2828,2026-09-12 20:15:00+00:00,2026-09-12 16:15:00-04:00
1789244400000,714.21,714.21,714.21,714.21,0.05,35.7105,35.7105,2026-09-12 20:20:00+00:00,2026-09-12 16:20:00-04:00
1789245000000,714.13,714.13,714.13,714.13,0.19,135.6847,135.6847,2026-09-12 20:30:00+00:00,2026-09-12 16:30:00-04:00
1789245300000,714.02,714.4,713.88,713.88,3.52,2514.1866,2514.1866,2026-09-12 20:35:00+00:00,2026-09-12 16:35:00-04:00
1789246500000,715.09,715.09,715.09,715.09,0.0391,27.960019,27.960019,2026-09-12 20:55:00+00:00,2026-09-12 16:55:00-04:00
1789250100000,715.09,715.09,715.09,715.09,0.0391,27.960019,27.960019,2026-09-12 21:55:00+00:00,2026-09-12 17:55:00-04:00
1789250400000,715.09,715.09,715.09,715.09,0.0279,19.951011,19.951011,2026-09-12 22:00:00+00:00,2026-09-12 18:00:00-04:00
1789253700000,715.09,715.09,715.09,715.09,0.0391,27.960019,27.960019,2026-09-12 22:55:00+00:00,2026-09-12 18:55:00-04:00
1789254300000,715.09,715.09,714.07,714.07,0.1454,103.899932,103.899932,2026-09-12 23:05:00+00:00,2026-09-12 19:05:00-04:00
1789257300000,715.09,715.09,715.09,715.09,0.0391,27.960019,27.960019,2026-09-12 23:55:00+00:00,2026-09-12 19:55:00-04:00
1789257600000,715.09,715.09,715.09,715.09,0.182,130.14638,130.14638,2026-09-13 00:00:00+00:00,2026-09-12 20:00:00-04:00
1789259400000,715.09,715.09,715.09,715.09,0.0279,19.951011,19.951011,2026-09-13 00:30:00+00:00,2026-09-12 20:30:00-04:00
1789260900000,715.09,715.09,715.09,715.09,0.0391,27.960019,27.960019,2026-09-13 00:55:00+00:00,2026-09-12 20:55:00-04:00
1789261200000,715.09,715.09,715.09,715.09,0.0572,40.903148,40.903148,2026-09-13 01:00:00+00:00,2026-09-12 21:00:00-04:00
1789264500000,715.09,715.09,715.09,715.09,0.0391,27.960019,27.960019,2026-09-13 01:55:00+00:00,2026-09-12 21:55:00-04:00
1789265100000,715.09,715.09,715.09,715.09,0.0318,22.739862,22.739862,2026-09-13 02:05:00+00:00,2026-09-12 22:05:00-04:00
1789265700000,715.09,715.09,715.09,715.09,0.0349,24.956641,24.956641,2026-09-13 02:15:00+00:00,2026-09-12 22:15:00-04:00
1789266000000,714.99,714.99,714.99,714.99,0.0279,19.948221,19.948221,2026-09-13 02:20:00+00:00,2026-09-12 22:20:00-04:00
1789267500000,713.91,714.35,713.85,714.06,4.82,3442.4313,3442.4313,2026-09-13 02:45:00+00:00,2026-09-12 22:45:00-04:00
1789267800000,713.74,713.83,713.71,713.81,2.47,1763.0817,1763.0817,2026-09-13 02:50:00+00:00,2026-09-12 22:50:00-04:00
1789268100000,714.29,714.29,714.29,714.29,0.0391,27.928739,27.928739,2026-09-13 02:55:00+00:00,2026-09-12 22:55:00-04:00
1789271700000,714.29,714.29,713.25,713.25,8.5991,6135.405739,6135.405739,2026-09-13 03:55:00+00:00,2026-09-12 23:55:00-04:00
1789272000000,713.67,713.67,713.67,713.67,0.14,99.9138,99.9138,2026-09-13 04:00:00+00:00,2026-09-13 00:00:00-04:00
1789273800000,713.67,713.67,713.67,713.67,0.028,19.98276,19.98276,2026-09-13 04:30:00+00:00,2026-09-13 00:30:00-04:00
1789275000000,713.13,713.13,713.13,713.13,0.15,106.9695,106.9695,2026-09-13 04:50:00+00:00,2026-09-13 00:50:00-04:00
1789275300000,713.67,713.67,713.67,713.67,0.0392,27.975864,27.975864,2026-09-13 04:55:00+00:00,2026-09-13 00:55:00-04:00
1789276500000,713.67,713.81,712.92,712.92,2.8302,2018.824615,2018.824615,2026-09-13 05:15:00+00:00,2026-09-13 01:15:00-04:00
1789276800000,712.89,712.89,712.89,712.89,1.4,998.046,998.046,2026-09-13 05:20:00+00:00,2026-09-13 01:20:00-04:00
1789277100000,712.72,712.72,712.72,712.72,0.56,399.1232,399.1232,2026-09-13 05:25:00+00:00,2026-09-13 01:25:00-04:00
1789278900000,712.99,712.99,712.99,712.99,0.0392,27.949208,27.949208,2026-09-13 05:55:00+00:00,2026-09-13 01:55:00-04:00
1789279200000,712.99,712.99,712.99,712.99,0.0701,49.980599,49.980599,2026-09-13 06:00:00+00:00,2026-09-13 02:00:00-04:00
1789279800000,712.63,712.63,712.63,712.63,0.07,49.8841,49.8841,2026-09-13 06:10:00+00:00,2026-09-13 02:10:00-04:00
1789280700000,712.57,712.63,712.35,712.35,3.14,2237.1687,2237.1687,2026-09-13 06:25:00+00:00,2026-09-13 02:25:00-04:00
1789282500000,712.99,712.99,712.16,712.16,2.3192,1651.878208,1651.878208,2026-09-13 06:55:00+00:00,2026-09-13 02:55:00-04:00
1789282800000,712.53,712.53,711.8,712.05,2.0201,1438.330153,1438.330153,2026-09-13 07:00:00+00:00,2026-09-13 03:00:00-04:00
1789286100000,712.44,712.44,711.85,711.85,0.2493,177.487392,177.487392,2026-09-13 07:55:00+00:00,2026-09-13 03:55:00-04:00
1789286400000,711.79,711.79,711.79,711.79,0.9,640.611,640.611,2026-09-13 08:00:00+00:00,2026-09-13 04:00:00-04:00
1789287000000,711.75,711.75,711.75,711.75,0.2,142.35,142.35,2026-09-13 08:10:00+00:00,2026-09-13 04:10:00-04:00
1789287300000,711.65,711.65,711.5,711.5,2.84,2020.9291,2020.9291,2026-09-13 08:15:00+00:00,2026-09-13 04:15:00-04:00
1789287600000,711.18,711.18,711.18,711.18,1.17,832.0806,832.0806,2026-09-13 08:20:00+00:00,2026-09-13 04:20:00-04:00
1789287900000,711.01,711.01,711.01,711.01,0.47,334.1747,334.1747,2026-09-13 08:25:00+00:00,2026-09-13 04:25:00-04:00
1789288200000,710.91,710.91,710.75,710.75,3.12,2217.8289,2217.8289,2026-09-13 08:30:00+00:00,2026-09-13 04:30:00-04:00
1789288800000,710.67,710.67,710.63,710.63,2.8,1989.82,1989.82,2026-09-13 08:40:00+00:00,2026-09-13 04:40:00-04:00
1789289700000,710.57,710.81,709.95,709.95,4.7093,3344.510433,3344.510433,2026-09-13 08:55:00+00:00,2026-09-13 04:55:00-04:00
1789290000000,710.27,710.27,710.27,710.27,0.2815,199.941005,199.941005,2026-09-13 09:00:00+00:00,2026-09-13 05:00:00-04:00
1789293300000,710.27,710.27,709.03,709.03,21.2152,15051.076812,15051.076812,2026-09-13 09:55:00+00:00,2026-09-13 05:55:00-04:00
1789293900000,709.02,709.02,708.95,708.95,3.44,2438.9343,2438.9343,2026-09-13 10:05:00+00:00,2026-09-13 06:05:00-04:00
1789294200000,708.9,709.31,708.9,709.31,1.4452,1024.516712,1024.516712,2026-09-13 10:10:00+00:00,2026-09-13 06:10:00-04:00
1789295700000,708.82,708.86,708.81,708.81,1.38,978.1805,978.1805,2026-09-13 10:35:00+00:00,2026-09-13 06:35:00-04:00
1789296000000,709.21,709.21,708.72,708.72,1.5509,1099.222889,1099.222889,2026-09-13 10:40:00+00:00,2026-09-13 06:40:00-04:00
1789296300000,708.86,708.86,708.61,708.71,5.64,3997.3359,3997.3359,2026-09-13 10:45:00+00:00,2026-09-13 06:45:00-04:00
1789296600000,708.99,708.99,708.99,708.99,0.4146,293.947254,293.947254,2026-09-13 10:50:00+00:00,2026-09-13 06:50:00-04:00
1789296900000,708.99,708.99,708.99,708.99,0.0394,27.934206,27.934206,2026-09-13 10:55:00+00:00,2026-09-13 06:55:00-04:00
1789297800000,708.99,708.99,708.32,708.61,1.5742,1115.571073,1115.571073,2026-09-13 11:10:00+00:00,2026-09-13 07:10:00-04:00
1789298100000,708.82,708.82,708.0,708.0,5.1034,3615.306664,3615.306664,2026-09-13 11:15:00+00:00,2026-09-13 07:15:00-04:00
1789299000000,708.76,708.76,708.76,708.76,1.16,822.1616,822.1616,2026-09-13 11:30:00+00:00,2026-09-13 07:30:00-04:00
1789299900000,708.99,709.16,708.28,708.28,2.9106,2063.010009,2063.010009,2026-09-13 11:45:00+00:00,2026-09-13 07:45:00-04:00
1789300200000,709.16,709.16,707.96,708.2,5.7414,4068.784544,4068.784544,2026-09-13 11:50:00+00:00,2026-09-13 07:50:00-04:00
1789300500000,708.93,709.08,707.61,708.35,10.3326,7320.912215,7320.912215,2026-09-13 11:55:00+00:00,2026-09-13 07:55:00-04:00
1789300800000,709.08,709.15,708.07,709.08,9.443,6693.893992,6693.893992,2026-09-13 12:00:00+00:00,2026-09-13 08:00:00-04:00
1789301100000,709.15,709.15,707.26,707.26,16.6478,11797.551738,11797.551738,2026-09-13 12:05:00+00:00,2026-09-13 08:05:00-04:00
1789301400000,708.9,708.9,707.83,707.83,6.3462,4496.123847,4496.123847,2026-09-13 12:10:00+00:00,2026-09-13 08:10:00-04:00
1789301700000,708.61,708.65,708.26,708.65,0.9349,662.349757,662.349757,2026-09-13 12:15:00+00:00,2026-09-13 08:15:00-04:00
1789302300000,708.65,708.65,708.15,708.42,0.6248,442.650467,442.650467,2026-09-13 12:25:00+00:00,2026-09-13 08:25:00-04:00
1789302600000,708.65,708.83,707.0,707.34,10.7182,7589.26425,7589.26425,2026-09-13 12:30:00+00:00,2026-09-13 08:30:00-04:00
1789302900000,708.29,708.39,707.0,707.0,1.694,1198.666249,1198.666249,2026-09-13 12:35:00+00:00,2026-09-13 08:35:00-04:00
1789303500000,708.39,708.39,707.41,707.41,5.6118,3973.193749,3973.193749,2026-09-13 12:45:00+00:00,2026-09-13 08:45:00-04:00
1789303800000,708.28,708.38,707.41,708.33,4.0223,2847.90368,2847.90368,2026-09-13 12:50:00+00:00,2026-09-13 08:50:00-04:00
1789304100000,707.38,708.38,707.34,708.04,3.2154,2276.096078,2276.096078,2026-09-13 12:55:00+00:00,2026-09-13 08:55:00-04:00
1789304400000,708.04,708.28,706.77,706.77,7.8945,5586.143312,5586.143312,2026-09-13 13:00:00+00:00,2026-09-13 09:00:00-04:00
1789304700000,707.99,707.99,707.99,707.99,0.2817,199.440783,199.440783,2026-09-13 13:05:00+00:00,2026-09-13 09:05:00-04:00
1789305000000,707.69,708.18,707.5,707.67,3.6699,2597.723868,2597.723868,2026-09-13 13:10:00+00:00,2026-09-13 09:10:00-04:00
1789305300000,707.92,708.32,706.48,707.47,9.7612,6904.711798,6904.711798,2026-09-13 13:15:00+00:00,2026-09-13 09:15:00-04:00
1789305600000,707.74,707.76,707.13,707.76,1.9966,1412.665777,1412.665777,2026-09-13 13:20:00+00:00,2026-09-13 09:20:00-04:00
1789305900000,707.07,708.33,706.08,706.18,7.5735,5354.327215,5354.327215,2026-09-13 13:25:00+00:00,2026-09-13 09:25:00-04:00
1789307100000,707.68,707.68,707.68,707.68,0.85,601.528,601.528,2026-09-13 13:45:00+00:00,2026-09-13 09:45:00-04:00
1789307400000,707.68,708.33,707.14,707.23,7.6114,5386.054975,5386.054975,2026-09-13 13:50:00+00:00,2026-09-13 09:50:00-04:00
1789307700000,707.93,708.9,706.77,708.9,5.0238,3554.8994,3554.8994,2026-09-13 13:55:00+00:00,2026-09-13 09:55:00-04:00
1789308000000,708.9,708.9,708.9,708.9,0.0986,69.89754,69.89754,2026-09-13 14:00:00+00:00,2026-09-13 10:00:00-04:00
1789308900000,708.9,708.9,708.9,708.9,0.0211,14.95779,14.95779,2026-09-13 14:15:00+00:00,2026-09-13 10:15:00-04:00
1789309800000,708.9,708.9,708.9,708.9,0.179,126.8931,126.8931,2026-09-13 14:30:00+00:00,2026-09-13 10:30:00-04:00
1789311000000,708.9,708.9,707.76,708.54,12.8109,9073.703222,9073.703222,2026-09-13 14:50:00+00:00,2026-09-13 10:50:00-04:00
1789311300000,708.8,708.8,708.8,708.8,0.0395,27.9976,27.9976,2026-09-13 14:55:00+00:00,2026-09-13 10:55:00-04:00
1789311600000,708.8,708.9,708.07,708.27,7.6061,5389.408678,5389.408678,2026-09-13 15:00:00+00:00,2026-09-13 11:00:00-04:00
1789311900000,708.81,708.81,708.81,708.81,0.0858,60.815898,60.815898,2026-09-13 15:05:00+00:00,2026-09-13 11:05:00-04:00
1789312200000,708.81,708.81,708.81,708.81,0.1428,101.218068,101.218068,2026-09-13 15:10:00+00:00,2026-09-13 11:10:00-04:00
1789312500000,708.81,708.81,708.81,708.81,0.1425,101.005425,101.005425,2026-09-13 15:15:00+00:00,2026-09-13 11:15:00-04:00
1789312800000,708.81,708.81,708.81,708.81,0.1425,101.005425,101.005425,2026-09-13 15:20:00+00:00,2026-09-13 11:20:00-04:00
1789313100000,708.81,708.81,708.81,708.81,0.1425,101.005425,101.005425,2026-09-13 15:25:00+00:00,2026-09-13 11:25:00-04:00
1789313400000,708.81,708.81,708.81,708.81,0.1833,129.924873,129.924873,2026-09-13 15:30:00+00:00,2026-09-13 11:30:00-04:00
1789314600000,708.81,708.9,708.25,708.25,0.567,401.748822,401.748822,2026-09-13 15:50:00+00:00,2026-09-13 11:50:00-04:00
1789314900000,708.9,708.9,707.42,708.51,7.3226,5186.989791,5186.989791,2026-09-13 15:55:00+00:00,2026-09-13 11:55:00-04:00
1789315200000,708.51,708.51,708.51,708.51,0.3682,260.873382,260.873382,2026-09-13 16:00:00+00:00,2026-09-13 12:00:00-04:00
1789315800000,708.51,708.51,708.51,708.51,0.62,439.2762,439.2762,2026-09-13 16:10:00+00:00,2026-09-13 12:10:00-04:00
1789316100000,708.51,709.4,708.51,709.4,12.5587,8903.578889,8903.578889,2026-09-13 16:15:00+00:00,2026-09-13 12:15:00-04:00
1789317900000,709.17,709.64,709.17,709.64,0.6956,493.426667,493.426667,2026-09-13 16:45:00+00:00,2026-09-13 12:45:00-04:00
1789318200000,709.14,709.64,708.19,708.19,6.8209,4835.615815,4835.615815,2026-09-13 16:50:00+00:00,2026-09-13 12:50:00-04:00
1789318500000,708.93,708.93,708.93,708.93,0.1804,127.890972,127.890972,2026-09-13 16:55:00+00:00,2026-09-13 12:55:00-04:00
1789318800000,708.93,708.93,708.93,708.93,0.0282,19.991826,19.991826,2026-09-13 17:00:00+00:00,2026-09-13 13:00:00-04:00
1789320900000,708.93,708.93,708.18,708.18,0.8381,593.851007,593.851007,2026-09-13 17:35:00+00:00,2026-09-13 13:35:00-04:00
1789322100000,708.82,708.82,708.82,708.82,0.0395,27.99839,27.99839,2026-09-13 17:55:00+00:00,2026-09-13 13:55:00-04:00
1789322400000,708.82,708.86,708.82,708.86,0.3537,250.722994,250.722994,2026-09-13 18:00:00+00:00,2026-09-13 14:00:00-04:00
1789324200000,709.29,709.29,708.81,708.81,4.3977,3117.580833,3117.580833,2026-09-13 18:30:00+00:00,2026-09-13 14:30:00-04:00
1789324500000,708.65,708.81,708.65,708.81,2.82,1998.6186,1998.6186,2026-09-13 18:35:00+00:00,2026-09-13 14:35:00-04:00
1789325100000,708.63,708.63,708.58,708.58,2.26,1601.4613,1601.4613,2026-09-13 18:45:00+00:00,2026-09-13 14:45:00-04:00
1789325700000,708.93,708.93,708.53,708.53,1.4494,1026.959142,1026.959142,2026-09-13 18:55:00+00:00,2026-09-13 14:55:00-04:00
1789327500000,708.49,708.93,708.27,708.27,8.9052,6308.034736,6308.034736,2026-09-13 19:25:00+00:00,2026-09-13 15:25:00-04:00
1789329300000,708.73,708.73,708.73,708.73,0.0395,27.994835,27.994835,2026-09-13 19:55:00+00:00,2026-09-13 15:55:00-04:00
1789329600000,708.73,708.73,708.73,708.73,0.029,20.55317,20.55317,2026-09-13 20:00:00+00:00,2026-09-13 16:00:00-04:00
1789332900000,708.73,708.73,708.73,708.73,0.0395,27.994835,27.994835,2026-09-13 20:55:00+00:00,2026-09-13 16:55:00-04:00
1789336500000,708.73,708.86,708.73,708.86,5.2695,3735.020635,3735.020635,2026-09-13 21:55:00+00:00,2026-09-13 17:55:00-04:00
1789336800000,708.57,708.57,707.27,707.27,9.123,6460.660322,6460.660322,2026-09-13 22:00:00+00:00,2026-09-13 18:00:00-04:00
1789337100000,707.71,707.71,706.93,706.93,6.186,4374.66786,4374.66786,2026-09-13 22:05:00+00:00,2026-09-13 18:05:00-04:00
1789338300000,707.18,707.18,707.18,707.18,0.81,572.8158,572.8158,2026-09-13 22:25:00+00:00,2026-09-13 18:25:00-04:00
1789340100000,707.18,707.28,707.18,707.28,0.0395,27.93731,27.93731,2026-09-13 22:55:00+00:00,2026-09-13 18:55:00-04:00
1789341000000,707.28,707.28,707.28,707.28,0.0283,20.016024,20.016024,2026-09-13 23:10:00+00:00,2026-09-13 19:10:00-04:00
1789341600000,707.28,707.32,707.28,707.32,1.4156,1001.253152,1001.253152,2026-09-13 23:20:00+00:00,2026-09-13 19:20:00-04:00
1789343400000,707.32,707.5,707.32,707.5,0.0424,29.996344,29.996344,2026-09-13 23:50:00+00:00,2026-09-13 19:50:00-04:00
1789343700000,707.5,707.5,707.5,707.5,0.0395,27.94625,27.94625,2026-09-13 23:55:00+00:00,2026-09-13 19:55:00-04:00
1789344000000,706.49,706.96,706.3,706.72,14773.0,10441161.08,10441161.08,2026-09-14 00:00:00+00:00,2026-09-13 20:00:00-04:00
1789344300000,706.8,707.49,706.66,707.35,27931.0,19749585.24,19749585.24,2026-09-14 00:05:00+00:00,2026-09-13 20:05:00-04:00
1789344600000,707.36,707.36,706.81,707.0,14048.0,9933217.36,9933217.36,2026-09-14 00:10:00+00:00,2026-09-13 20:10:00-04:00
1789344900000,707.0,707.17,706.65,706.78,9325.0,6591876.68,6591876.68,2026-09-14 00:15:00+00:00,2026-09-13 20:15:00-04:00
1789345200000,706.73,706.75,706.13,706.45,12379.0,8744631.86,8744631.86,2026-09-14 00:20:00+00:00,2026-09-13 20:20:00-04:00
1789345500000,706.48,706.48,705.75,705.98,16279.0,11493592.55,11493592.55,2026-09-14 00:25:00+00:00,2026-09-13 20:25:00-04:00
1789345800000,706.01,706.37,706.01,706.22,8306.0,5865919.29,5865919.29,2026-09-14 00:30:00+00:00,2026-09-13 20:30:00-04:00
1789346100000,706.27,706.4,705.94,706.06,6120.0,4321606.15,4321606.15,2026-09-14 00:35:00+00:00,2026-09-13 20:35:00-04:00
1789346400000,706.02,706.5,705.88,706.49,12279.0,8669142.38,8669142.38,2026-09-14 00:40:00+00:00,2026-09-13 20:40:00-04:00
1789346700000,706.5,706.7,706.25,706.41,4775.0,3373473.02,3373473.02,2026-09-14 00:45:00+00:00,2026-09-13 20:45:00-04:00
1789347000000,706.4,706.56,706.2,706.51,1963.0,1386659.53,1386659.53,2026-09-14 00:50:00+00:00,2026-09-13 20:50:00-04:00
1789347300000,706.55,706.7,705.97,705.98,5797.0,4093192.63,4093192.63,2026-09-14 00:55:00+00:00,2026-09-13 20:55:00-04:00
1789347600000,705.96,706.34,705.64,706.09,14384.0,10155328.15,10155328.15,2026-09-14 01:00:00+00:00,2026-09-13 21:00:00-04:00
1789347900000,706.18,706.36,705.96,706.36,5753.0,4062834.86,4062834.86,2026-09-14 01:05:00+00:00,2026-09-13 21:05:00-04:00
1789348200000,706.31,706.5,705.84,705.98,4808.0,3395792.88,3395792.88,2026-09-14 01:10:00+00:00,2026-09-13 21:10:00-04:00
1789348500000,705.89,706.09,705.75,705.82,3420.0,2414150.47,2414150.47,2026-09-14 01:15:00+00:00,2026-09-13 21:15:00-04:00
1789348800000,705.85,705.9,705.6,705.77,7098.0,5009129.56,5009129.56,2026-09-14 01:20:00+00:00,2026-09-13 21:20:00-04:00
1789349100000,705.73,706.13,705.66,706.01,4252.0,3001026.21,3001026.21,2026-09-14 01:25:00+00:00,2026-09-13 21:25:00-04:00
1789349400000,706.1,706.1,705.69,705.74,6046.0,4267821.35,4267821.35,2026-09-14 01:30:00+00:00,2026-09-13 21:30:00-04:00
1789349700000,705.95,706.35,705.84,706.35,3507.0,2476504.2,2476504.2,2026-09-14 01:35:00+00:00,2026-09-13 21:35:00-04:00
1789350000000,706.39,706.5,706.15,706.29,1663.0,1174691.3,1174691.3,2026-09-14 01:40:00+00:00,2026-09-13 21:40:00-04:00
1789350300000,706.27,706.7,706.27,706.6,4527.0,3198461.35,3198461.35,2026-09-14 01:45:00+00:00,2026-09-13 21:45:00-04:00
1789350600000,706.6,706.81,706.52,706.76,5166.0,3650429.04,3650429.04,2026-09-14 01:50:00+00:00,2026-09-13 21:50:00-04:00
1789350900000,706.78,707.35,706.75,707.3,5846.0,4133582.74,4133582.74,2026-09-14 01:55:00+00:00,2026-09-13 21:55:00-04:00
1789351200000,707.29,707.5,706.96,706.96,4935.0,3490079.22,3490079.22,2026-09-14 02:00:00+00:00,2026-09-13 22:00:00-04:00
1789351500000,707.05,707.53,707.04,707.37,2973.0,2102998.58,2102998.58,2026-09-14 02:05:00+00:00,2026-09-13 22:05:00-04:00
1789351800000,707.3,707.49,707.28,707.4,834.0,589922.18,589922.18,2026-09-14 02:10:00+00:00,2026-09-13 22:10:00-04:00
1789352100000,707.29,707.37,707.05,707.32,2087.0,1475792.33,1475792.33,2026-09-14 02:15:00+00:00,2026-09-13 22:15:00-04:00
1789352400000,707.28,707.46,707.2,707.24,1421.0,1005103.08,1005103.08,2026-09-14 02:20:00+00:00,2026-09-13 22:20:00-04:00
1789352700000,707.24,707.3,707.18,707.2,719.0,508502.77,508502.77,2026-09-14 02:25:00+00:00,2026-09-13 22:25:00-04:00
1789353000000,707.15,707.41,707.14,707.21,1458.0,1031175.75,1031175.75,2026-09-14 02:30:00+00:00,2026-09-13 22:30:00-04:00
1789353300000,707.2,707.21,706.94,707.0,3219.0,2275925.4,2275925.4,2026-09-14 02:35:00+00:00,2026-09-13 22:35:00-04:00
1789353600000,707.0,707.07,706.64,706.84,4910.0,3470498.68,3470498.68,2026-09-14 02:40:00+00:00,2026-09-13 22:40:00-04:00
1789353900000,706.75,707.07,706.74,707.04,377.0,266498.66,266498.66,2026-09-14 02:45:00+00:00,2026-09-13 22:45:00-04:00
1789354200000,707.11,707.34,707.11,707.27,372.0,263089.93,263089.93,2026-09-14 02:50:00+00:00,2026-09-13 22:50:00-04:00
1789354500000,707.2,707.2,706.88,706.88,5376.0,3800795.22,3800795.22,2026-09-14 02:55:00+00:00,2026-09-13 22:55:00-04:00
1789354800000,706.9,706.99,706.75,706.88,13216.0,9343009.0,9343009,2026-09-14 03:00:00+00:00,2026-09-13 23:00:00-04:00
1789355100000,706.9,707.05,706.88,706.9,274.0,193710.92,193710.92,2026-09-14 03:05:00+00:00,2026-09-13 23:05:00-04:00
1789355400000,706.88,706.88,706.34,706.36,3172.0,2241225.21,2241225.21,2026-09-14 03:10:00+00:00,2026-09-13 23:10:00-04:00
1789355700000,706.52,706.52,705.87,705.96,5524.0,3900052.1,3900052.1,2026-09-14 03:15:00+00:00,2026-09-13 23:15:00-04:00
1789356000000,705.99,706.22,705.99,706.13,2025.0,1429984.65,1429984.65,2026-09-14 03:20:00+00:00,2026-09-13 23:20:00-04:00
1789356300000,706.13,706.25,706.02,706.25,1658.0,1170776.75,1170776.75,2026-09-14 03:25:00+00:00,2026-09-13 23:25:00-04:00
1789356600000,706.31,706.31,705.89,706.14,2215.0,1563845.45,1563845.45,2026-09-14 03:30:00+00:00,2026-09-13 23:30:00-04:00
1789356900000,706.14,706.15,705.97,706.07,1531.0,1080903.85,1080903.85,2026-09-14 03:35:00+00:00,2026-09-13 23:35:00-04:00
1789357200000,706.09,706.11,705.93,706.01,848.0,598660.82,598660.82,2026-09-14 03:40:00+00:00,2026-09-13 23:40:00-04:00
1789357500000,706.04,706.09,705.88,706.03,7698.0,5434826.65,5434826.65,2026-09-14 03:45:00+00:00,2026-09-13 23:45:00-04:00
1789357800000,705.99,706.12,705.9,706.04,1116.0,787935.57,787935.57,2026-09-14 03:50:00+00:00,2026-09-13 23:50:00-04:00
1789358100000,706.09,706.09,705.96,706.05,563.0,397489.51,397489.51,2026-09-14 03:55:00+00:00,2026-09-13 23:55:00-04:00
1789358400000,706.06,706.33,706.01,706.33,13474.0,9515401.18,9515401.18,2026-09-14 04:00:00+00:00,2026-09-14 00:00:00-04:00
1789358700000,706.34,706.43,706.23,706.23,2005.0,1416237.46,1416237.46,2026-09-14 04:05:00+00:00,2026-09-14 00:05:00-04:00
1789359000000,706.2,706.2,705.89,705.91,978.0,690493.96,690493.96,2026-09-14 04:10:00+00:00,2026-09-14 00:10:00-04:00
1789359300000,705.89,705.98,705.71,705.93,6530.0,4609139.0,4609139,2026-09-14 04:15:00+00:00,2026-09-14 00:15:00-04:00
1789359600000,705.9,706.1,705.9,706.1,4143.0,2924603.68,2924603.68,2026-09-14 04:20:00+00:00,2026-09-14 00:20:00-04:00
1789359900000,706.13,706.16,706.06,706.06,427.0,301517.39,301517.39,2026-09-14 04:25:00+00:00,2026-09-14 00:25:00-04:00
1789360200000,706.07,706.07,705.68,705.85,2817.0,1988266.72,1988266.72,2026-09-14 04:30:00+00:00,2026-09-14 00:30:00-04:00
1789360500000,705.85,706.17,705.77,706.17,869.0,613416.99,613416.99,2026-09-14 04:35:00+00:00,2026-09-14 00:35:00-04:00
1789360800000,706.19,706.2,705.83,705.83,2146.0,1515159.32,1515159.32,2026-09-14 04:40:00+00:00,2026-09-14 00:40:00-04:00
1789361100000,705.83,706.24,705.82,706.2,1846.0,1303376.2,1303376.2,2026-09-14 04:45:00+00:00,2026-09-14 00:45:00-04:00
1789361400000,706.27,706.42,706.0,706.05,1591.0,1123535.19,1123535.19,2026-09-14 04:50:00+00:00,2026-09-14 00:50:00-04:00
1789361700000,706.03,706.12,705.88,706.0,994.0,701782.63,701782.63,2026-09-14 04:55:00+00:00,2026-09-14 00:55:00-04:00
1789362000000,706.02,706.14,705.9,706.08,1510.0,1066047.07,1066047.07,2026-09-14 05:00:00+00:00,2026-09-14 01:00:00-04:00
1789362300000,706.09,706.24,706.09,706.11,1972.0,1392514.42,1392514.42,2026-09-14 05:05:00+00:00,2026-09-14 01:05:00-04:00
1789362600000,706.07,706.07,705.87,706.05,1378.0,972761.88,972761.88,2026-09-14 05:10:00+00:00,2026-09-14 01:10:00-04:00
1789362900000,706.04,706.04,705.77,705.8,561.0,395985.69,395985.69,2026-09-14 05:15:00+00:00,2026-09-14 01:15:00-04:00
1789363200000,705.84,705.84,705.66,705.7,1693.0,1194833.93,1194833.93,2026-09-14 05:20:00+00:00,2026-09-14 01:20:00-04:00
1789363500000,705.65,706.0,705.65,705.85,886.0,625389.65,625389.65,2026-09-14 05:25:00+00:00,2026-09-14 01:25:00-04:00
1789363800000,705.88,705.92,705.7,705.85,1286.0,907670.22,907670.22,2026-09-14 05:30:00+00:00,2026-09-14 01:30:00-04:00
1789364100000,705.83,706.05,705.74,706.01,634.0,447521.15,447521.15,2026-09-14 05:35:00+00:00,2026-09-14 01:35:00-04:00
1789364400000,705.93,705.93,705.31,705.5,6855.0,4836518.42,4836518.42,2026-09-14 05:40:00+00:00,2026-09-14 01:40:00-04:00
1789364700000,705.58,705.69,705.46,705.47,816.0,575725.7,575725.7,2026-09-14 05:45:00+00:00,2026-09-14 01:45:00-04:00
1789365000000,705.46,705.77,705.37,705.77,1682.0,1186604.47,1186604.47,2026-09-14 05:50:00+00:00,2026-09-14 01:50:00-04:00
1789365300000,705.77,705.86,705.57,705.86,826.0,582929.31,582929.31,2026-09-14 05:55:00+00:00,2026-09-14 01:55:00-04:00
1789365600000,705.94,706.29,705.86,706.26,7614.0,5376718.29,5376718.29,2026-09-14 06:00:00+00:00,2026-09-14 02:00:00-04:00
1789365900000,706.33,706.33,706.16,706.2,371.0,262020.94,262020.94,2026-09-14 06:05:00+00:00,2026-09-14 02:05:00-04:00
1789366200000,706.26,706.44,706.21,706.23,1649.0,1164703.28,1164703.28,2026-09-14 06:10:00+00:00,2026-09-14 02:10:00-04:00
1789366500000,706.25,706.32,706.18,706.27,730.0,515559.22,515559.22,2026-09-14 06:15:00+00:00,2026-09-14 02:15:00-04:00
1789366800000,706.29,706.37,705.99,706.28,8243.0,5821288.49,5821288.49,2026-09-14 06:20:00+00:00,2026-09-14 02:20:00-04:00
1789367100000,706.27,706.4,706.27,706.4,571.0,403296.94,403296.94,2026-09-14 06:25:00+00:00,2026-09-14 02:25:00-04:00
1789367400000,706.36,706.36,705.76,705.76,2208.0,1559108.05,1559108.05,2026-09-14 06:30:00+00:00,2026-09-14 02:30:00-04:00
1789367700000,705.78,705.87,705.7,705.87,5226.0,3688061.82,3688061.82,2026-09-14 06:35:00+00:00,2026-09-14 02:35:00-04:00
1789368000000,705.99,705.99,705.6,705.75,1431.0,1010103.07,1010103.07,2026-09-14 06:40:00+00:00,2026-09-14 02:40:00-04:00
1789368300000,705.87,706.0,705.55,705.55,514.0,362759.23,362759.23,2026-09-14 06:45:00+00:00,2026-09-14 02:45:00-04:00
1789368600000,705.6,705.72,705.47,705.57,1872.0,1320845.62,1320845.62,2026-09-14 06:50:00+00:00,2026-09-14 02:50:00-04:00
1789368900000,705.57,705.57,704.98,705.06,14981.0,10562906.72,10562906.72,2026-09-14 06:55:00+00:00,2026-09-14 02:55:00-04:00
1789369200000,705.06,705.12,704.15,704.57,12768.0,8994495.63,8994495.63,2026-09-14 07:00:00+00:00,2026-09-14 03:00:00-04:00
1789369500000,704.59,704.79,704.37,704.43,4287.0,3020511.58,3020511.58,2026-09-14 07:05:00+00:00,2026-09-14 03:05:00-04:00
1789369800000,704.49,705.02,704.34,704.9,4065.0,2864270.04,2864270.04,2026-09-14 07:10:00+00:00,2026-09-14 03:10:00-04:00
1789370100000,704.89,705.06,704.82,704.85,1440.0,1015192.37,1015192.37,2026-09-14 07:15:00+00:00,2026-09-14 03:15:00-04:00
1789370400000,704.84,705.23,704.68,705.07,4009.0,2825877.98,2825877.98,2026-09-14 07:20:00+00:00,2026-09-14 03:20:00-04:00
1789370700000,705.12,705.13,704.39,704.39,2403.0,1693737.16,1693737.16,2026-09-14 07:25:00+00:00,2026-09-14 03:25:00-04:00
1789371000000,704.4,704.51,704.31,704.45,255.0,179635.65,179635.65,2026-09-14 07:30:00+00:00,2026-09-14 03:30:00-04:00
1789371300000,704.49,704.62,704.4,704.46,1145.0,806624.68,806624.68,2026-09-14 07:35:00+00:00,2026-09-14 03:35:00-04:00
1789371600000,704.4,704.58,703.78,703.93,8054.0,5670534.31,5670534.31,2026-09-14 07:40:00+00:00,2026-09-14 03:40:00-04:00
1789371900000,703.97,704.04,703.58,704.04,1894.0,1332874.54,1332874.54,2026-09-14 07:45:00+00:00,2026-09-14 03:45:00-04:00
1789372200000,703.93,703.96,703.33,703.5,4693.0,3301180.88,3301180.88,2026-09-14 07:50:00+00:00,2026-09-14 03:50:00-04:00
1789372500000,703.53,703.64,703.49,703.57,946.0,665564.2,665564.2,2026-09-14 07:55:00+00:00,2026-09-14 03:55:00-04:00
1789372800000,703.63,706.4677,703.27,703.63,50602.0,35651908.9197,35651908.9197,2026-09-14 08:00:00+00:00,2026-09-14 04:00:00-04:00
1789373100000,703.73,706.22,703.35,704.16,14699.537784,10345972.080731357,10345972.0807313568,2026-09-14 08:05:00+00:00,2026-09-14 04:05:00-04:00
1789373400000,704.1313,704.18,703.73,703.952,5764.0,4057879.2513,4057879.2513,2026-09-14 08:10:00+00:00,2026-09-14 04:10:00-04:00
1789373700000,703.959,703.96,703.3,703.38,3569.0,2511184.9448,2511184.9448,2026-09-14 08:15:00+00:00,2026-09-14 04:15:00-04:00
1789374000000,703.54,703.71,703.24,703.2945,12025.0,8460194.7206,8460194.7206,2026-09-14 08:20:00+00:00,2026-09-14 04:20:00-04:00
1789374300000,703.31,703.4187,702.61,702.61,10928.326937,7683877.266134605,7683877.2661346054,2026-09-14 08:25:00+00:00,2026-09-14 04:25:00-04:00
1789374600000,702.6005,703.0586,702.54,702.83,15441.893562,10851905.127440823,10851905.1274408246,2026-09-14 08:30:00+00:00,2026-09-14 04:30:00-04:00
1789374900000,702.95,703.42,702.9216,703.33,14926.399051,10496289.731220922,10496289.7312209224,2026-09-14 08:35:00+00:00,2026-09-14 04:35:00-04:00
1789375200000,703.5,703.6,703.04,703.09,5231.0,3679290.7926,3679290.7926,2026-09-14 08:40:00+00:00,2026-09-14 04:40:00-04:00
1789375500000,703.0985,703.24,702.22,702.4388,11664.0,8193786.9699,8193786.9699,2026-09-14 08:45:00+00:00,2026-09-14 04:45:00-04:00
1789375800000,702.48,702.73,702.25,702.25,4818.2779,3385093.89501253,3385093.89501253,2026-09-14 08:50:00+00:00,2026-09-14 04:50:00-04:00
1789376100000,702.331,702.64,702.0,702.64,13127.433435,9218402.170143284,9218402.170143283,2026-09-14 08:55:00+00:00,2026-09-14 04:55:00-04:00
1789376400000,702.668,702.9,702.5317,702.71,10521.844651,7393557.048878261,7393557.0488782612,2026-09-14 09:00:00+00:00,2026-09-14 05:00:00-04:00
1789376700000,702.79,702.95,702.68,702.68,8018.752193,5635451.743752241,5635451.7437522418,2026-09-14 09:05:00+00:00,2026-09-14 05:05:00-04:00
1789377000000,702.74,702.81,701.65,701.89,6646.385448,4668283.1365070725,4668283.1365070728,2026-09-14 09:10:00+00:00,2026-09-14 05:10:00-04:00
1789377300000,701.9,701.9385,701.61,701.8815,2973.0,2086474.3433,2086474.3433,2026-09-14 09:15:00+00:00,2026-09-14 05:15:00-04:00
1789377600000,701.89,702.04,701.155,701.31,9793.002567,6872622.92633246,6872622.9263324598,2026-09-14 09:20:00+00:00,2026-09-14 05:20:00-04:00
1789377900000,701.3133,702.06,701.19,702.05,16015.559053,11231348.738305192,11231348.7383051927,2026-09-14 09:25:00+00:00,2026-09-14 05:25:00-04:00
1789378200000,702.2,702.3946,701.98,702.28,10089.653065,7084893.007283657,7084893.0072836566489211,2026-09-14 09:30:00+00:00,2026-09-14 05:30:00-04:00
1789378500000,702.2,702.305,701.8063,701.93,6499.864329,4563597.9358598,4563597.9358598004,2026-09-14 09:35:00+00:00,2026-09-14 05:35:00-04:00
1789378800000,701.95,702.38,701.8822,701.96,2304.0,1617684.4107,1617684.4107,2026-09-14 09:40:00+00:00,2026-09-14 05:40:00-04:00
1789379100000,702.02,702.1,701.86,701.92,1759.0,1234807.5491,1234807.5491,2026-09-14 09:45:00+00:00,2026-09-14 05:45:00-04:00
1789379400000,701.8217,702.2412,701.7417,702.219,1435.117954,1007583.4741310758,1007583.4741310758,2026-09-14 09:50:00+00:00,2026-09-14 05:50:00-04:00
1789379700000,702.15,702.21,701.932,702.1065,4966.799703,3487182.095667836,3487182.0956678355,2026-09-14 09:55:00+00:00,2026-09-14 05:55:00-04:00
1789380000000,702.2,702.3131,702.08,702.1987,2475.125335,1737996.358152151,1737996.358152151,2026-09-14 10:00:00+00:00,2026-09-14 06:00:00-04:00
1789380300000,702.304,702.41,702.1015,702.27,14537.427472,10208450.181039168,10208450.1810391696,2026-09-14 10:05:00+00:00,2026-09-14 06:05:00-04:00
1789380600000,702.29,702.74,702.28,702.57,4668.0,3279751.3399,3279751.3399,2026-09-14 10:10:00+00:00,2026-09-14 06:10:00-04:00
1789380900000,702.61,702.61,702.2626,702.44,3497.0,2456553.8133,2456553.8133,2026-09-14 10:15:00+00:00,2026-09-14 06:15:00-04:00
1789381200000,702.5,703.11,702.4817,702.9805,1539.677755,1082055.242685009,1082055.242685009,2026-09-14 10:20:00+00:00,2026-09-14 06:20:00-04:00
1789381500000,702.96,703.4396,702.96,703.4396,4553.152114,3201239.324702019,3201239.3247020188,2026-09-14 10:25:00+00:00,2026-09-14 06:25:00-04:00
1789381800000,703.4195,703.6,703.3,703.58,17148.646095,12061552.107281605,12061552.1072816035,2026-09-14 10:30:00+00:00,2026-09-14 06:30:00-04:00
1789382100000,703.6,703.852,703.5715,703.67,11539.266726,8120751.13850992,8120751.1385099202,2026-09-14 10:35:00+00:00,2026-09-14 06:35:00-04:00
1789382400000,703.67,704.15,703.5676,704.04,2337.0,1645143.1669,1645143.1669,2026-09-14 10:40:00+00:00,2026-09-14 06:40:00-04:00
1789382700000,703.9997,704.16,703.8,704.08,2954.0,2079486.2026,2079486.2026,2026-09-14 10:45:00+00:00,2026-09-14 06:45:00-04:00
1789383000000,704.05,704.0865,703.61,703.63,4202.309711,2958232.8558127526,2958232.8558127523,2026-09-14 10:50:00+00:00,2026-09-14 06:50:00-04:00
1789383300000,703.66,704.0007,703.65,703.91,2711.328026,1908185.611118524,1908185.6111185236,2026-09-14 10:55:00+00:00,2026-09-14 06:55:00-04:00
1789383600000,703.86,704.24,703.5822,704.21,46963.579622,33056089.25085873,33056089.2508587344,2026-09-14 11:00:00+00:00,2026-09-14 07:00:00-04:00
1789383900000,704.17,704.32,704.05,704.2107,44911.603912000006,31625690.658357296,31625690.6583572986250572,2026-09-14 11:05:00+00:00,2026-09-14 07:05:00-04:00
1789384200000,704.21,704.3485,703.8,704.12,10161.0,7155224.6914,7155224.6914,2026-09-14 11:10:00+00:00,2026-09-14 07:10:00-04:00
1789384500000,704.13,704.44,704.12,704.3,11560.0,8142884.3908,8142884.3908,2026-09-14 11:15:00+00:00,2026-09-14 07:15:00-04:00
1789384800000,704.27,704.5788,704.2,704.55,14748.712667,10388711.554989189,10388711.5549891888,2026-09-14 11:20:00+00:00,2026-09-14 07:20:00-04:00
1789385100000,704.5812,705.06,704.52,704.955,26284.155619,18523936.99930789,18523936.9993078910860716,2026-09-14 11:25:00+00:00,2026-09-14 07:25:00-04:00
1789385400000,704.94,704.96,704.47,704.47,19297.953627000003,13602454.089095123,13602454.0890951248146403,2026-09-14 11:30:00+00:00,2026-09-14 07:30:00-04:00
1789385700000,704.5261,704.5261,704.0,704.4093,40019.17754799999,28183885.622647945,28183885.622647944157406,2026-09-14 11:35:00+00:00,2026-09-14 07:35:00-04:00
1789386000000,704.4169,704.58,704.19,704.34,2866.0,2018797.2398,2018797.2398,2026-09-14 11:40:00+00:00,2026-09-14 07:40:00-04:00
1789386300000,704.38,704.688,704.16,704.6177,4281.0,3015873.2153,3015873.2153,2026-09-14 11:45:00+00:00,2026-09-14 07:45:00-04:00
1789386600000,704.59,704.6,703.77,703.92,7730.781223,5443210.498747515,5443210.4987475146,2026-09-14 11:50:00+00:00,2026-09-14 07:50:00-04:00
1789386900000,703.92,704.156,703.7992,703.9007,23027.128149,16211412.182765663,16211412.182765662,2026-09-14 11:55:00+00:00,2026-09-14 07:55:00-04:00
1789387200000,703.898,703.898,703.09,703.24,18004.879804,12665342.066577373,12665342.0665773744,2026-09-14 12:00:00+00:00,2026-09-14 08:00:00-04:00
1789387500000,703.2,703.45,702.95,703.3992,11671.0,8206633.1474,8206633.1474,2026-09-14 12:05:00+00:00,2026-09-14 08:05:00-04:00
1789387800000,703.3409,703.74,703.2291,703.5049,10916.256019,7679816.472756701,7679816.4727567004,2026-09-14 12:10:00+00:00,2026-09-14 08:10:00-04:00
1789388100000,703.5092,704.284,703.4315,703.7325,24246.985032,17067657.268276617,17067657.2682766168,2026-09-14 12:15:00+00:00,2026-09-14 08:15:00-04:00
1789388400000,703.8163,703.948,703.6,703.6601,11544.012612,8123706.192286371,8123706.1922863712,2026-09-14 12:20:00+00:00,2026-09-14 08:20:00-04:00
1789388700000,703.72,703.74,703.37,703.66,3106.0,2185169.1863,2185169.1863,2026-09-14 12:25:00+00:00,2026-09-14 08:25:00-04:00
1789389000000,703.58,703.93,703.31,703.3987,10295.0,7243167.9401,7243167.9401,2026-09-14 12:30:00+00:00,2026-09-14 08:30:00-04:00
1789389300000,703.36,703.4053,702.05,702.5835,34590.533893,24309429.749247752,24309429.7492477507,2026-09-14 12:35:00+00:00,2026-09-14 08:35:00-04:00
1789389600000,702.48,703.2354,702.08,703.192,23564.555391,16558008.25993212,16558008.2599321212,2026-09-14 12:40:00+00:00,2026-09-14 08:40:00-04:00
1789389900000,703.24,703.32,702.66,702.89,15546.288288,10929044.404829765,10929044.4048297632,2026-09-14 12:45:00+00:00,2026-09-14 08:45:00-04:00
1789390200000,702.89,702.9954,702.27,702.33,26399.737737,18552305.589705262,18552305.5897052637,2026-09-14 12:50:00+00:00,2026-09-14 08:50:00-04:00
1789390500000,702.2915,702.7963,702.185,702.74,12211.0,8578143.3905,8578143.3905,2026-09-14 12:55:00+00:00,2026-09-14 08:55:00-04:00
1789390800000,702.76,702.76,701.66,701.7617,15136.0,10625387.7652,10625387.7652,2026-09-14 13:00:00+00:00,2026-09-14 09:00:00-04:00
1789391100000,701.8,701.93,701.5,701.6812,21323.644181,14962801.793398816,14962801.7933988172,2026-09-14 13:05:00+00:00,2026-09-14 09:05:00-04:00
1789391400000,701.6923,702.6918,701.6318,702.6785,33552.69938,23556852.494432207,23556852.494432206,2026-09-14 13:10:00+00:00,2026-09-14 09:10:00-04:00
1789391700000,702.6992,703.3499,702.67,703.26,81812.300411,57510747.69763716,57510747.6976371608,2026-09-14 13:15:00+00:00,2026-09-14 09:15:00-04:00
1789392000000,703.2585,703.5,703.1017,703.33,40857.589113,28737565.006630562,28737565.006630563483205,2026-09-14 13:20:00+00:00,2026-09-14 09:20:00-04:00
1789392300000,703.29,703.7495,703.1099,703.4,43293.0,30452413.4793,30452413.4793,2026-09-14 13:25:00+00:00,2026-09-14 09:25:00-04:00
1789392600000,703.29,703.99,702.75,703.34,1927052.0,1355493451.1326,1355493451.1326,2026-09-14 13:30:00+00:00,2026-09-14 09:30:00-04:00
1789392900000,703.32,703.675,702.77,702.9599,1095283.0,770074334.9918,770074334.9918,2026-09-14 13:35:00+00:00,2026-09-14 09:35:00-04:00
1789393200000,702.96,704.53,702.83,704.485,824339.0,580097629.2289,580097629.2289,2026-09-14 13:40:00+00:00,2026-09-14 09:40:00-04:00
1789393500000,704.49,706.74,704.48,706.4413,1152271.0,813023559.6049,813023559.6049,2026-09-14 13:45:00+00:00,2026-09-14 09:45:00-04:00
1789393800000,706.44,706.65,705.6,705.815,680553.0,480521791.352,480521791.352,2026-09-14 13:50:00+00:00,2026-09-14 09:50:00-04:00
1789394100000,705.81,706.11,705.42,705.785,542631.0,382958484.4003,382958484.4003,2026-09-14 13:55:00+00:00,2026-09-14 09:55:00-04:00
1789394400000,705.7401,706.605,705.7,706.235,456071.0,321997645.7678,321997645.7678,2026-09-14 14:00:00+00:00,2026-09-14 10:00:00-04:00
1789394700000,706.21,707.48,706.14,707.24,471334.0,333253783.9845,333253783.9845,2026-09-14 14:05:00+00:00,2026-09-14 10:05:00-04:00
1789395000000,707.205,707.7699,707.205,707.42,501092.0,354529213.0219,354529213.0219,2026-09-14 14:10:00+00:00,2026-09-14 10:10:00-04:00
1789395300000,707.43,707.62,706.395,706.72,519607.0,367350724.6512,367350724.6512,2026-09-14 14:15:00+00:00,2026-09-14 10:15:00-04:00
1789395600000,706.71,706.74,705.76,705.81,365649.0,258219325.4919,258219325.4919,2026-09-14 14:20:00+00:00,2026-09-14 10:20:00-04:00
1789395900000,705.7699,705.91,705.11,705.78,580643.0,409636054.9794,409636054.9794,2026-09-14 14:25:00+00:00,2026-09-14 10:25:00-04:00
1789396200000,705.7924,706.1,705.39,706.055,288426.806432,203558058.54872745,203558058.548727435486544,2026-09-14 14:30:00+00:00,2026-09-14 10:30:00-04:00
1789396500000,706.025,706.025,704.65,704.95,369533.0,260557769.1024,260557769.1024,2026-09-14 14:35:00+00:00,2026-09-14 10:35:00-04:00
1789396800000,704.91,705.44,704.5901,705.44,308325.0,217356669.0749,217356669.0749,2026-09-14 14:40:00+00:00,2026-09-14 10:40:00-04:00
1789397100000,705.45,706.11,705.34,705.7635,338687.0,239031198.6844,239031198.6844,2026-09-14 14:45:00+00:00,2026-09-14 10:45:00-04:00
1789397400000,705.82,705.83,705.03,705.19,167934.0,118449944.8025,118449944.8025,2026-09-14 14:50:00+00:00,2026-09-14 10:50:00-04:00
1789397700000,705.21,705.95,704.93,705.91,242828.0,171277199.266,171277199.266,2026-09-14 14:55:00+00:00,2026-09-14 10:55:00-04:00
1789398000000,705.905,706.03,705.27,705.33,270357.356579,190805063.84319952,190805063.8431995186,2026-09-14 15:00:00+00:00,2026-09-14 11:00:00-04:00
1789398300000,705.3,707.55,705.3,706.559,726943.0,513637236.3463,513637236.3463,2026-09-14 15:05:00+00:00,2026-09-14 11:05:00-04:00
1789398600000,706.615,706.74,706.15,706.16,199782.0,141134482.1907,141134482.1907,2026-09-14 15:10:00+00:00,2026-09-14 11:10:00-04:00
1789398900000,706.16,707.12,706.05,707.0,168222.0,118885787.2952,118885787.2952,2026-09-14 15:15:00+00:00,2026-09-14 11:15:00-04:00
1789399200000,707.01,707.45,706.75,707.375,301974.0,213499979.5676,213499979.5676,2026-09-14 15:20:00+00:00,2026-09-14 11:20:00-04:00
1789399500000,707.33,707.76,707.16,707.55,328736.0,232576003.559,232576003.559,2026-09-14 15:25:00+00:00,2026-09-14 11:25:00-04:00
1789399800000,707.53,709.59,707.38,709.5762,637309.0,451520679.5848,451520679.5848,2026-09-14 15:30:00+00:00,2026-09-14 11:30:00-04:00
1789400100000,709.4899,709.97,709.06,709.83,432531.0,306886384.4269,306886384.4269,2026-09-14 15:35:00+00:00,2026-09-14 11:35:00-04:00
1789400400000,709.85,710.6466,709.56,710.435,660267.0,469386094.3144,469386094.3144,2026-09-14 15:40:00+00:00,2026-09-14 11:40:00-04:00
1789400700000,710.46,710.5,709.76,709.785,864195.0,614665997.9292,614665997.9292,2026-09-14 15:45:00+00:00,2026-09-14 11:45:00-04:00
1789401000000,709.795,710.1063,709.56,710.001,404165.0,286903898.9202,286903898.9202,2026-09-14 15:50:00+00:00,2026-09-14 11:50:00-04:00
1789401300000,710.02,710.13,709.71,709.8376,250733.0,177993851.0132,177993851.0132,2026-09-14 15:55:00+00:00,2026-09-14 11:55:00-04:00
1789401600000,709.79,709.8849,709.1,709.1,248543.0,176328786.4052,176328786.4052,2026-09-14 16:00:00+00:00,2026-09-14 12:00:00-04:00
1789401900000,709.03,709.34,708.84,708.995,521444.0,369733065.2346,369733065.2346,2026-09-14 16:05:00+00:00,2026-09-14 12:05:00-04:00
1789402200000,708.994,709.5999,708.96,709.49,165136.0,117140572.4875,117140572.4875,2026-09-14 16:10:00+00:00,2026-09-14 12:10:00-04:00
1789402500000,709.48,711.039,709.48,710.815,334706.0,237819870.9404,237819870.9404,2026-09-14 16:15:00+00:00,2026-09-14 12:15:00-04:00
1789402800000,710.815,711.12,710.43,710.895,278759.0,198103106.8398,198103106.8398,2026-09-14 16:20:00+00:00,2026-09-14 12:20:00-04:00
1789403100000,710.885,710.94,710.165,710.3,142502.0,101232509.1422,101232509.1422,2026-09-14 16:25:00+00:00,2026-09-14 12:25:00-04:00
1789403400000,710.19,710.62,710.12,710.24,166255.0,118101112.6893,118101112.6893,2026-09-14 16:30:00+00:00,2026-09-14 12:30:00-04:00
1789403700000,710.24,710.5491,710.05,710.49,130891.0,92979769.6682,92979769.6682,2026-09-14 16:35:00+00:00,2026-09-14 12:35:00-04:00
1789404000000,710.475,710.9,710.335,710.9,220155.86345,156891322.54748073,156891322.547480727841682,2026-09-14 16:40:00+00:00,2026-09-14 12:40:00-04:00
1789404300000,710.94,712.3,710.5901,711.965,575747.0,410347866.386,410347866.386,2026-09-14 16:45:00+00:00,2026-09-14 12:45:00-04:00
1789404600000,711.97,712.22,711.72,711.76,380854.673235,271182886.58882064,271182886.5888206645,2026-09-14 16:50:00+00:00,2026-09-14 12:50:00-04:00
1789404900000,711.76,711.92,711.4,711.86,121220.0,86268149.8604,86268149.8604,2026-09-14 16:55:00+00:00,2026-09-14 12:55:00-04:00
1789405200000,711.8301,712.02,711.49,711.67,97018.0,69057566.2305,69057566.2305,2026-09-14 17:00:00+00:00,2026-09-14 13:00:00-04:00
1789405500000,711.65,711.7999,711.39,711.67,132939.0,94601955.2482,94601955.2482,2026-09-14 17:05:00+00:00,2026-09-14 13:05:00-04:00
1789405800000,711.69,712.2862,711.62,711.755,116094.0,82657534.5993,82657534.5993,2026-09-14 17:10:00+00:00,2026-09-14 13:10:00-04:00
1789406100000,711.755,711.935,711.36,711.5999,113938.0,81084911.3685,81084911.3685,2026-09-14 17:15:00+00:00,2026-09-14 13:15:00-04:00
1789406400000,711.61,712.02,711.5405,711.93,140858.868151,100264187.61099651,100264187.610996515,2026-09-14 17:20:00+00:00,2026-09-14 13:20:00-04:00
1789406700000,711.97,712.35,711.8,712.348,300245.585466,213757663.71828815,213757663.718288195037776,2026-09-14 17:25:00+00:00,2026-09-14 13:25:00-04:00
1789407000000,712.35,712.5,712.11,712.28,385078.176422,274308327.4130349,274308327.4130349476,2026-09-14 17:30:00+00:00,2026-09-14 13:30:00-04:00
1789407300000,712.305,712.49,712.09,712.485,82897.125534,59042153.027615055,59042153.0276150626,2026-09-14 17:35:00+00:00,2026-09-14 13:35:00-04:00
1789407600000,712.4701,712.5,712.22,712.381,150496.0,107212912.91,107212912.91,2026-09-14 17:40:00+00:00,2026-09-14 13:40:00-04:00
1789407900000,712.4,712.7,712.39,712.615,106612.0,75966834.9664,75966834.9664,2026-09-14 17:45:00+00:00,2026-09-14 13:45:00-04:00
1789408200000,712.63,712.84,712.54,712.735,104596.0,74543088.6477,74543088.6477,2026-09-14 17:50:00+00:00,2026-09-14 13:50:00-04:00
1789408500000,712.74,712.95,712.4,712.413,163389.0,116454042.6955,116454042.6955,2026-09-14 17:55:00+00:00,2026-09-14 13:55:00-04:00
1789408800000,712.455,712.865,712.2,712.295,148013.559053,105456203.26492073,105456203.264920719,2026-09-14 18:00:00+00:00,2026-09-14 14:00:00-04:00
1789409100000,712.285,712.59,712.1022,712.51,133939.0,95414756.1461,95414756.1461,2026-09-14 18:05:00+00:00,2026-09-14 14:05:00-04:00
1789409400000,712.53,712.53,712.231,712.435,54583.573717,38884509.777498126,38884509.7774981273,2026-09-14 18:10:00+00:00,2026-09-14 14:10:00-04:00
1789409700000,712.47,712.62,712.19,712.275,105746.277259,75325845.19202246,75325845.1920224758,2026-09-14 18:15:00+00:00,2026-09-14 14:15:00-04:00
1789410000000,712.265,712.3,711.92,711.92,128852.988873,91756108.39081433,91756108.3908143412,2026-09-14 18:20:00+00:00,2026-09-14 14:20:00-04:00
1789410300000,711.91,712.06,711.812,711.91,91625.0,65229646.627,65229646.627,2026-09-14 18:25:00+00:00,2026-09-14 14:25:00-04:00
1789410600000,711.95,712.27,711.85,712.1301,215508.0,153476813.1393,153476813.1393,2026-09-14 18:30:00+00:00,2026-09-14 14:30:00-04:00
1789410900000,712.13,712.41,712.045,712.259,47838.0,34072669.9202,34072669.9202,2026-09-14 18:35:00+00:00,2026-09-14 14:35:00-04:00
1789411200000,712.2125,712.42,712.13,712.13,83970.98812599998,59808626.459365234,59808626.4593652340631039,2026-09-14 18:40:00+00:00,2026-09-14 14:40:00-04:00
1789411500000,712.15,712.23,711.8,712.18,212557.514913,151347098.39767215,151347098.3976721556,2026-09-14 18:45:00+00:00,2026-09-14 14:45:00-04:00
1789411800000,712.175,712.25,711.98,712.04,62378.0,44420583.8179,44420583.8179,2026-09-14 18:50:00+00:00,2026-09-14 14:50:00-04:00
1789412100000,711.99,712.1,711.7425,711.84,116132.0,82675955.3723,82675955.3723,2026-09-14 18:55:00+00:00,2026-09-14 14:55:00-04:00
1789412400000,711.83,711.86,711.4801,711.63,174616.0,124263498.0799,124263498.0799,2026-09-14 19:00:00+00:00,2026-09-14 15:00:00-04:00
1789412700000,711.615,711.67,711.135,711.305,201486.0,143337794.6038,143337794.6038,2026-09-14 19:05:00+00:00,2026-09-14 15:05:00-04:00
1789413000000,711.31,711.435,711.12,711.23,178582.0,127400886.3397,127400886.3397,2026-09-14 19:10:00+00:00,2026-09-14 15:10:00-04:00
1789413300000,711.24,711.24,710.9501,711.16,136610.0,97137541.5094,97137541.5094,2026-09-14 19:15:00+00:00,2026-09-14 15:15:00-04:00
1789413600000,711.15,711.21,710.855,711.042,252690.0,180076208.1262,180076208.1262,2026-09-14 19:20:00+00:00,2026-09-14 15:20:00-04:00
1789413900000,711.065,711.18,710.99,711.035,264464.0,188455741.0711,188455741.0711,2026-09-14 19:25:00+00:00,2026-09-14 15:25:00-04:00
1789414200000,711.0499,711.18,710.97,710.98,259266.0,184758454.7636,184758454.7636,2026-09-14 19:30:00+00:00,2026-09-14 15:30:00-04:00
1789414500000,711.0,711.015,710.68,710.69,400025.0,285199028.8006,285199028.8006,2026-09-14 19:35:00+00:00,2026-09-14 15:35:00-04:00
1789414800000,710.6987,710.93,710.665,710.78,499194.0,356119096.7704,356119096.7704,2026-09-14 19:40:00+00:00,2026-09-14 15:40:00-04:00
1789415100000,710.73,711.01,710.73,710.965,997831.0,711864275.9322,711864275.9322,2026-09-14 19:45:00+00:00,2026-09-14 15:45:00-04:00
1789415400000,710.91,711.0,710.07,710.2102,1489208.0,1060731668.754,1060731668.754,2026-09-14 19:50:00+00:00,2026-09-14 15:50:00-04:00
1789415700000,710.21,710.21,709.09,709.18,2796032.0,1987262552.8742,1987262552.8742,2026-09-14 19:55:00+00:00,2026-09-14 15:55:00-04:00
1789416000000,709.2,709.5777,709.18,709.4695,788449.0,563326788.7941,563326788.7941,2026-09-14 20:00:00+00:00,2026-09-14 16:00:00-04:00
1789416300000,709.422,709.51,709.3,709.389,22318.30806,15832513.02321086,15832513.02321086,2026-09-14 20:05:00+00:00,2026-09-14 16:05:00-04:00
1789416600000,709.18,709.618,709.18,709.56,24607.0,17458633.6375,17458633.6375,2026-09-14 20:10:00+00:00,2026-09-14 16:10:00-04:00
1789416900000,709.55,709.5846,709.23,709.5,6290.0,4461950.7583,4461950.7583,2026-09-14 20:15:00+00:00,2026-09-14 16:15:00-04:00
1789417200000,709.54,709.98,709.52,709.98,54355.324353,38579908.53495431,38579908.5349543072,2026-09-14 20:20:00+00:00,2026-09-14 16:20:00-04:00
1789417500000,709.98,710.05,709.88,709.96,19007.128242,13494373.648528792,13494373.6485287926,2026-09-14 20:25:00+00:00,2026-09-14 16:25:00-04:00
1789417800000,709.9657,710.0316,709.8277,709.9948,10379.798337,7369532.210389956,7369532.210389956,2026-09-14 20:30:00+00:00,2026-09-14 16:30:00-04:00
1789418100000,710.0,710.0237,709.91,710.007,6743.069724,4787531.66434496,4787531.6643449596,2026-09-14 20:35:00+00:00,2026-09-14 16:35:00-04:00
1789418400000,710.0,710.1,709.9577,709.99,9876.114594,7012350.449593391,7012350.4495933906,2026-09-14 20:40:00+00:00,2026-09-14 16:40:00-04:00
1789418700000,710.02,710.25,710.0101,710.2365,5101.0,3622564.2796,3622564.2796,2026-09-14 20:45:00+00:00,2026-09-14 16:45:00-04:00
1789419000000,710.2363,710.37,710.18,710.3599,13145.0,9336131.1207,9336131.1207,2026-09-14 20:50:00+00:00,2026-09-14 16:50:00-04:00
1789419300000,710.3562,710.39,710.11,710.3,83539.575179,59282020.43614776,59282020.4361477573,2026-09-14 20:55:00+00:00,2026-09-14 16:55:00-04:00
1789419600000,710.3,710.3545,710.0052,710.21,3109.24941,2208143.632418741,2208143.632418741,2026-09-14 21:00:00+00:00,2026-09-14 17:00:00-04:00
1789419900000,710.11,710.21,710.0,710.11,164470.57986,116794209.50155888,116794209.501558892,2026-09-14 21:05:00+00:00,2026-09-14 17:05:00-04:00
1789420200000,710.15,710.15,709.97,709.97,12702.707518,9019001.786293076,9019001.7862930769289899,2026-09-14 21:10:00+00:00,2026-09-14 17:10:00-04:00
1789420500000,709.98,710.29,709.97,709.9901,3990.0,2832290.3452,2832290.3452,2026-09-14 21:15:00+00:00,2026-09-14 17:15:00-04:00
1789420800000,709.9985,710.0982,709.99,710.03,1311.0,930884.5119,930884.5119,2026-09-14 21:20:00+00:00,2026-09-14 17:20:00-04:00
1789421100000,710.0369,710.04,709.7118,709.79,2787.708599,1979062.0757304449,1979062.0757304446,2026-09-14 21:25:00+00:00,2026-09-14 17:25:00-04:00
1789421400000,709.7105,709.81,709.63,709.7566,3581.567179,2542206.6468752213,2542206.6468752215,2026-09-14 21:30:00+00:00,2026-09-14 17:30:00-04:00
1789421700000,709.76,709.76,709.65,709.73,2204.069109,1564340.770458295,1564340.770458295,2026-09-14 21:35:00+00:00,2026-09-14 17:35:00-04:00
1789422000000,709.73,709.74,709.6288,709.7259,1188.0,843149.6373,843149.6373,2026-09-14 21:40:00+00:00,2026-09-14 17:40:00-04:00
1789422300000,709.7285,709.913,709.7216,709.913,202.0,143376.7371,143376.7371,2026-09-14 21:45:00+00:00,2026-09-14 17:45:00-04:00
1789422600000,709.8615,709.9607,709.86,709.95,210959.089944,149756486.74790648,149756486.747906496,2026-09-14 21:50:00+00:00,2026-09-14 17:50:00-04:00
1789422900000,709.95,709.97,709.9042,709.96,835.645984,593234.11912192,593234.11912192,2026-09-14 21:55:00+00:00,2026-09-14 17:55:00-04:00
1789423200000,710.16,710.22,709.7,709.98,21851.874156,15511449.308765817,15511449.30876581858031,2026-09-14 22:00:00+00:00,2026-09-14 18:00:00-04:00
1789423500000,710.0055,710.0055,709.5707,709.6,12907.037387000002,9162020.230446052,9162020.2304460517196938,2026-09-14 22:05:00+00:00,2026-09-14 18:05:00-04:00
1789423800000,709.562,709.7055,709.562,709.6,408.70063,290031.285020995,290031.285020995,2026-09-14 22:10:00+00:00,2026-09-14 18:10:00-04:00
1789424100000,709.6002,709.7367,709.4576,709.57,1010.0,716619.7188,716619.7188,2026-09-14 22:15:00+00:00,2026-09-14 18:15:00-04:00
1789424400000,709.55,709.63,709.5,709.62,138.0,97924.0508,97924.0508,2026-09-14 22:20:00+00:00,2026-09-14 18:20:00-04:00
1789424700000,709.62,709.62,709.39,709.5878,1218.727542,864760.383356604,864760.383356604,2026-09-14 22:25:00+00:00,2026-09-14 18:25:00-04:00
1789425000000,709.5374,709.67,709.5374,709.62,1493.186573,1059566.3338701988,1059566.3338701989,2026-09-14 22:30:00+00:00,2026-09-14 18:30:00-04:00
1789425300000,709.58,709.73,709.5313,709.56,803.9744249999999,570536.6068035499,570536.6068035499290354,2026-09-14 22:35:00+00:00,2026-09-14 18:35:00-04:00
1789425600000,709.6,709.63,709.44,709.5499,2356.0,1671669.2897,1671669.2897,2026-09-14 22:40:00+00:00,2026-09-14 18:40:00-04:00
1789425900000,709.4912,709.7782,709.4912,709.7424,649.0,460595.9884,460595.9884,2026-09-14 22:45:00+00:00,2026-09-14 18:45:00-04:00
1789426200000,709.75,709.8858,709.7,709.74,113.37658,80470.882813216,80470.882813216,2026-09-14 22:50:00+00:00,2026-09-14 18:50:00-04:00
1789426500000,709.77,709.7887,709.61,709.62,1328.41867,942706.710102934,942706.710102934,2026-09-14 22:55:00+00:00,2026-09-14 18:55:00-04:00
1789426800000,709.49,709.6,709.3424,709.56,4882.608295,3464251.353551348,3464251.3535513485,2026-09-14 23:00:00+00:00,2026-09-14 19:00:00-04:00
1789427100000,709.5788,709.65,709.46,709.65,395.2627910000001,280454.16783195356,280454.1678319535354769,2026-09-14 23:05:00+00:00,2026-09-14 19:05:00-04:00
1789427400000,709.609,709.7613,709.56,709.6437,3256.378037,2310725.2966849348,2310725.2966849348,2026-09-14 23:10:00+00:00,2026-09-14 19:10:00-04:00
1789427700000,709.6041,709.64,709.42,709.46,120.0,85140.6174,85140.6174,2026-09-14 23:15:00+00:00,2026-09-14 19:15:00-04:00
1789428000000,709.4028,709.6263,709.4,709.5401,2471.634325,1753520.4221004476,1753520.4221004475,2026-09-14 23:20:00+00:00,2026-09-14 19:20:00-04:00
1789428300000,709.5312,709.634,709.49,709.5175,2764.359444,1961459.6717689084,1961459.6717689083290419,2026-09-14 23:25:00+00:00,2026-09-14 19:25:00-04:00
1789428600000,709.49,709.55,709.49,709.4909,2810.3512010000004,1993989.5141852773,1993989.5141852775838069,2026-09-14 23:30:00+00:00,2026-09-14 19:30:00-04:00
1789428900000,709.58,709.6492,709.5583,709.6,585.039194,415119.825455446,415119.825455446,2026-09-14 23:35:00+00:00,2026-09-14 19:35:00-04:00
1789429200000,709.64,709.65,709.53,709.6082,90.0,63863.3356,63863.3356,2026-09-14 23:40:00+00:00,2026-09-14 19:40:00-04:00
1789429500000,709.5982,709.63,709.44,709.4902,1701.0,1206846.6464,1206846.6464,2026-09-14 23:45:00+00:00,2026-09-14 19:45:00-04:00
1789429800000,709.46,709.4805,709.26,709.3502,1066.02,756143.151464,756143.151464,2026-09-14 23:50:00+00:00,2026-09-14 19:50:00-04:00
1789430100000,709.44,709.65,709.41,709.6282,1373.03907,974247.175491414,974247.175491414,2026-09-14 23:55:00+00:00,2026-09-14 19:55:00-04:00
1789430400000,709.67,709.67,709.42,709.46,179.0,126999.15,126999.15,2026-09-15 00:00:00+00:00,2026-09-14 20:00:00-04:00
1789430700000,709.4,709.78,708.91,709.68,8537.0,6055885.65,6055885.65,2026-09-15 00:05:00+00:00,2026-09-14 20:05:00-04:00
1789431000000,709.7,709.7,709.44,709.65,1251.0,887658.0,887658,2026-09-15 00:10:00+00:00,2026-09-14 20:10:00-04:00
1789431300000,709.6,709.6,709.1,709.1,327.0,231978.65,231978.65,2026-09-15 00:15:00+00:00,2026-09-14 20:15:00-04:00
1789431600000,709.19,709.6,709.19,709.6,184.0,130536.25,130536.25,2026-09-15 00:20:00+00:00,2026-09-14 20:20:00-04:00
1789431900000,709.72,709.79,709.5,709.63,6012.0,4266524.5,4266524.5,2026-09-15 00:25:00+00:00,2026-09-14 20:25:00-04:00
1789432200000,709.63,709.7,709.56,709.68,3708.0,2631475.09,2631475.09,2026-09-15 00:30:00+00:00,2026-09-14 20:30:00-04:00
1789432500000,709.71,710.17,709.71,710.17,593.0,421032.26,421032.26,2026-09-15 00:35:00+00:00,2026-09-14 20:35:00-04:00
1789432800000,710.17,710.38,710.17,710.24,1945.0,1381648.83,1381648.83,2026-09-15 00:40:00+00:00,2026-09-14 20:40:00-04:00
1789433100000,710.3,710.3,710.01,710.16,8336.0,5919685.52,5919685.52,2026-09-15 00:45:00+00:00,2026-09-14 20:45:00-04:00
1789433400000,710.25,710.38,710.21,710.21,515.0,365795.03,365795.03,2026-09-15 00:50:00+00:00,2026-09-14 20:50:00-04:00
1789433700000,710.21,710.21,709.86,709.86,2183.0,1550066.11,1550066.11,2026-09-15 00:55:00+00:00,2026-09-14 20:55:00-04:00
1789434000000,709.88,710.35,709.69,710.35,5325.0,3781502.13,3781502.13,2026-09-15 01:00:00+00:00,2026-09-14 21:00:00-04:00
1789434300000,710.14,710.3,710.0,710.21,987.0,701031.27,701031.27,2026-09-15 01:05:00+00:00,2026-09-14 21:05:00-04:00
1789434600000,710.16,710.42,710.16,710.32,1847.0,1311865.7,1311865.7,2026-09-15 01:10:00+00:00,2026-09-14 21:10:00-04:00
1789434900000,710.35,710.5,710.35,710.35,2768.0,1966594.0,1966594,2026-09-15 01:15:00+00:00,2026-09-14 21:15:00-04:00
1789435200000,710.36,710.36,710.26,710.26,332.0,235825.2,235825.2,2026-09-15 01:20:00+00:00,2026-09-14 21:20:00-04:00
1789435500000,710.26,710.28,710.0,710.0,7795.0,5534833.28,5534833.28,2026-09-15 01:25:00+00:00,2026-09-14 21:25:00-04:00
1789435800000,709.98,709.98,709.62,709.62,699.0,496166.43,496166.43,2026-09-15 01:30:00+00:00,2026-09-14 21:30:00-04:00
1789436100000,709.67,709.67,709.35,709.49,861.0,610811.87,610811.87,2026-09-15 01:35:00+00:00,2026-09-14 21:35:00-04:00
1789436400000,709.51,709.51,709.0,709.18,7588.0,5382158.92,5382158.92,2026-09-15 01:40:00+00:00,2026-09-14 21:40:00-04:00
1789436700000,709.18,709.46,709.0,709.46,1905.0,1351201.73,1351201.73,2026-09-15 01:45:00+00:00,2026-09-14 21:45:00-04:00
1789437000000,709.34,709.8,709.23,709.7,211.0,149755.07,149755.07,2026-09-15 01:50:00+00:00,2026-09-14 21:50:00-04:00
1789437300000,709.77,709.9,709.66,709.66,241.0,171055.84,171055.84,2026-09-15 01:55:00+00:00,2026-09-14 21:55:00-04:00
1789437600000,709.71,710.0,709.71,709.73,2678.0,1900795.66,1900795.66,2026-09-15 02:00:00+00:00,2026-09-14 22:00:00-04:00
1789437900000,709.87,709.87,709.58,709.64,356.0,252642.76,252642.76,2026-09-15 02:05:00+00:00,2026-09-14 22:05:00-04:00
1789438200000,709.64,709.75,709.58,709.73,521.0,369698.95,369698.95,2026-09-15 02:10:00+00:00,2026-09-14 22:10:00-04:00
1789438500000,709.61,709.68,709.5,709.56,178.0,126296.53,126296.53,2026-09-15 02:15:00+00:00,2026-09-14 22:15:00-04:00
1789438800000,709.56,709.56,709.54,709.54,36.0,25544.1,25544.1,2026-09-15 02:20:00+00:00,2026-09-14 22:20:00-04:00
1789439400000,709.68,709.8,709.61,709.73,409.0,290265.11,290265.11,2026-09-15 02:30:00+00:00,2026-09-14 22:30:00-04:00
1789439700000,709.74,709.8,709.6,709.7,122.0,86577.16,86577.16,2026-09-15 02:35:00+00:00,2026-09-14 22:35:00-04:00
1789440000000,709.7,709.7,709.5,709.66,170.0,120630.84,120630.84,2026-09-15 02:40:00+00:00,2026-09-14 22:40:00-04:00
1789440300000,709.63,709.82,709.57,709.82,192.0,136257.39,136257.39,2026-09-15 02:45:00+00:00,2026-09-14 22:45:00-04:00
1789440600000,709.66,709.71,709.66,709.71,7.0,4967.74,4967.74,2026-09-15 02:50:00+00:00,2026-09-14 22:50:00-04:00
1789440900000,709.85,709.88,709.66,709.72,743.0,527382.22,527382.22,2026-09-15 02:55:00+00:00,2026-09-14 22:55:00-04:00
1789441200000,709.79,709.79,709.6,709.61,105.0,74523.49,74523.49,2026-09-15 03:00:00+00:00,2026-09-14 23:00:00-04:00
1789441500000,709.61,709.61,709.48,709.51,599.0,424990.82,424990.82,2026-09-15 03:05:00+00:00,2026-09-14 23:05:00-04:00
1789441800000,709.48,709.5,709.33,709.5,434.0,307914.27,307914.27,2026-09-15 03:10:00+00:00,2026-09-14 23:10:00-04:00
1789442100000,709.4,709.46,709.37,709.37,28.0,19863.35,19863.35,2026-09-15 03:15:00+00:00,2026-09-14 23:15:00-04:00
1789442400000,709.41,709.41,709.32,709.33,26.0,18443.03,18443.03,2026-09-15 03:20:00+00:00,2026-09-14 23:20:00-04:00
1789442700000,709.35,709.4,709.25,709.4,775.0,549703.83,549703.83,2026-09-15 03:25:00+00:00,2026-09-14 23:25:00-04:00
1789443000000,709.25,709.38,709.23,709.35,84.0,59578.25,59578.25,2026-09-15 03:30:00+00:00,2026-09-14 23:30:00-04:00
1789443300000,709.48,709.48,709.27,709.27,32.0,22697.75,22697.75,2026-09-15 03:35:00+00:00,2026-09-14 23:35:00-04:00
1789443600000,709.27,709.34,709.27,709.34,498.0,353217.84,353217.84,2026-09-15 03:40:00+00:00,2026-09-14 23:40:00-04:00
1789443900000,709.41,709.41,709.16,709.16,187.0,132633.59,132633.59,2026-09-15 03:45:00+00:00,2026-09-14 23:45:00-04:00
1789444200000,709.16,709.21,708.83,708.83,1754.0,1243615.64,1243615.64,2026-09-15 03:50:00+00:00,2026-09-14 23:50:00-04:00
1789444500000,708.81,708.81,708.6,708.6,1107.0,784509.47,784509.47,2026-09-15 03:55:00+00:00,2026-09-14 23:55:00-04:00
1789444800000,708.58,708.78,708.49,708.78,580.0,410968.25,410968.25,2026-09-15 04:00:00+00:00,2026-09-15 00:00:00-04:00
1789445100000,708.81,709.03,708.67,708.67,162.0,114849.62,114849.62,2026-09-15 04:05:00+00:00,2026-09-15 00:05:00-04:00
1789445400000,708.72,708.72,708.53,708.57,385.0,272814.5,272814.5,2026-09-15 04:10:00+00:00,2026-09-15 00:10:00-04:00
1789445700000,708.57,708.57,708.4,708.4,664.0,470462.75,470462.75,2026-09-15 04:15:00+00:00,2026-09-15 00:15:00-04:00
1789446000000,708.4,708.41,708.01,708.01,6390.0,4524486.91,4524486.91,2026-09-15 04:20:00+00:00,2026-09-15 00:20:00-04:00
1789446300000,708.01,708.04,707.71,707.71,1645.0,1164488.9,1164488.9,2026-09-15 04:25:00+00:00,2026-09-15 00:25:00-04:00
1789446600000,708.0,708.0,707.75,707.75,2314.0,1637749.02,1637749.02,2026-09-15 04:30:00+00:00,2026-09-15 00:30:00-04:00
1789446900000,707.76,707.78,707.4,707.4,8571.0,6065179.88,6065179.88,2026-09-15 04:35:00+00:00,2026-09-15 00:35:00-04:00
1789447200000,707.7,708.0,707.7,707.86,3146.0,2227356.22,2227356.22,2026-09-15 04:40:00+00:00,2026-09-15 00:40:00-04:00
1789447500000,707.9,708.17,707.86,708.15,1558.0,1103197.53,1103197.53,2026-09-15 04:45:00+00:00,2026-09-15 00:45:00-04:00
1789447800000,707.94,707.94,707.48,707.57,3508.0,2481994.57,2481994.57,2026-09-15 04:50:00+00:00,2026-09-15 00:50:00-04:00
1789448100000,707.56,707.57,707.12,707.16,2296.0,1624254.87,1624254.87,2026-09-15 04:55:00+00:00,2026-09-15 00:55:00-04:00
1789448400000,707.1,707.29,707.03,707.09,1443.0,1020370.98,1020370.98,2026-09-15 05:00:00+00:00,2026-09-15 01:00:00-04:00
1789448700000,707.09,707.1,706.69,706.69,2000.0,1413956.99,1413956.99,2026-09-15 05:05:00+00:00,2026-09-15 01:05:00-04:00
1789449000000,706.62,706.62,706.31,706.42,714.0,504387.02,504387.02,2026-09-15 05:10:00+00:00,2026-09-15 01:10:00-04:00
1789449300000,706.43,706.49,706.06,706.06,1887.0,1332691.5,1332691.5,2026-09-15 05:15:00+00:00,2026-09-15 01:15:00-04:00
1789449600000,706.31,706.31,706.15,706.2,588.0,415252.22,415252.22,2026-09-15 05:20:00+00:00,2026-09-15 01:20:00-04:00
1789449900000,706.25,706.83,706.25,706.78,226.0,159693.56,159693.56,2026-09-15 05:25:00+00:00,2026-09-15 01:25:00-04:00
1789450200000,706.78,707.11,706.6,706.94,1254.0,886251.3,886251.3,2026-09-15 05:30:00+00:00,2026-09-15 01:30:00-04:00
1789450500000,707.05,707.05,706.6,706.85,567.0,400756.74,400756.74,2026-09-15 05:35:00+00:00,2026-09-15 01:35:00-04:00
1789450800000,707.04,707.61,707.04,707.61,1969.0,1393110.39,1393110.39,2026-09-15 05:40:00+00:00,2026-09-15 01:40:00-04:00
1789451100000,707.72,707.9,707.57,707.74,1334.0,944127.06,944127.06,2026-09-15 05:45:00+00:00,2026-09-15 01:45:00-04:00
1789451400000,707.55,708.25,707.55,708.25,4871.0,3448182.77,3448182.77,2026-09-15 05:50:00+00:00,2026-09-15 01:50:00-04:00
1789451700000,708.17,708.21,707.65,707.65,713.0,504733.25,504733.25,2026-09-15 05:55:00+00:00,2026-09-15 01:55:00-04:00
1789452000000,707.8,708.03,707.7,707.94,672.0,475734.56,475734.56,2026-09-15 06:00:00+00:00,2026-09-15 02:00:00-04:00
1789452300000,707.9,707.92,707.48,707.6,858.0,607234.46,607234.46,2026-09-15 06:05:00+00:00,2026-09-15 02:05:00-04:00
1789452600000,707.65,707.65,707.48,707.48,43.0,30425.74,30425.74,2026-09-15 06:10:00+00:00,2026-09-15 02:10:00-04:00
1789452900000,707.77,707.83,707.7,707.83,243.0,171997.01,171997.01,2026-09-15 06:15:00+00:00,2026-09-15 02:15:00-04:00
1789453200000,707.97,708.0,707.75,707.75,1662.0,1176600.45,1176600.45,2026-09-15 06:20:00+00:00,2026-09-15 02:20:00-04:00
1789453500000,707.69,707.72,707.57,707.57,245.0,173385.5,173385.5,2026-09-15 06:25:00+00:00,2026-09-15 02:25:00-04:00
1789453800000,707.48,707.5,707.17,707.25,1012.0,715893.61,715893.61,2026-09-15 06:30:00+00:00,2026-09-15 02:30:00-04:00
1789454100000,707.37,707.37,706.96,707.17,2236.0,1581118.2,1581118.2,2026-09-15 06:35:00+00:00,2026-09-15 02:35:00-04:00
1789454400000,707.16,707.31,706.91,707.0,988.0,698578.01,698578.01,2026-09-15 06:40:00+00:00,2026-09-15 02:40:00-04:00
1789454700000,706.97,707.22,706.91,707.13,1514.0,1070630.2,1070630.2,2026-09-15 06:45:00+00:00,2026-09-15 02:45:00-04:00
1789455000000,707.07,707.11,706.95,707.0,1105.0,781254.5,781254.5,2026-09-15 06:50:00+00:00,2026-09-15 02:50:00-04:00
1789455300000,706.97,707.14,706.84,707.11,162.0,114526.79,114526.79,2026-09-15 06:55:00+00:00,2026-09-15 02:55:00-04:00
1789455600000,706.99,707.6,706.82,707.6,1676.0,1184810.54,1184810.54,2026-09-15 07:00:00+00:00,2026-09-15 03:00:00-04:00
1789455900000,707.38,707.38,706.9,707.21,412.0,291362.93,291362.93,2026-09-15 07:05:00+00:00,2026-09-15 03:05:00-04:00
1789456200000,707.19,707.19,706.45,706.47,2626.0,1855476.93,1855476.93,2026-09-15 07:10:00+00:00,2026-09-15 03:10:00-04:00
1789456500000,706.53,707.0,706.53,707.0,1020.0,720806.63,720806.63,2026-09-15 07:15:00+00:00,2026-09-15 03:15:00-04:00
1789456800000,707.11,707.61,707.11,707.61,724.0,512003.22,512003.22,2026-09-15 07:20:00+00:00,2026-09-15 03:20:00-04:00
1789457100000,707.72,707.76,706.89,706.89,494.0,349505.13,349505.13,2026-09-15 07:25:00+00:00,2026-09-15 03:25:00-04:00
1789457400000,707.11,707.25,707.04,707.14,1384.0,978790.33,978790.33,2026-09-15 07:30:00+00:00,2026-09-15 03:30:00-04:00
1789457700000,706.96,706.99,706.65,706.71,2102.0,1485626.25,1485626.25,2026-09-15 07:35:00+00:00,2026-09-15 03:35:00-04:00
1789458000000,706.68,706.68,706.12,706.2,2961.0,2091570.66,2091570.66,2026-09-15 07:40:00+00:00,2026-09-15 03:40:00-04:00
1789458300000,706.12,706.57,706.12,706.23,1577.0,1113918.58,1113918.58,2026-09-15 07:45:00+00:00,2026-09-15 03:45:00-04:00
1789458600000,706.33,706.33,705.88,706.15,1673.0,1181188.91,1181188.91,2026-09-15 07:50:00+00:00,2026-09-15 03:50:00-04:00
1789458900000,706.01,706.22,705.75,706.06,3091.0,2182025.92,2182025.92,2026-09-15 07:55:00+00:00,2026-09-15 03:55:00-04:00
1789459200000,706.26,709.18,705.277,705.41,12929.0,9136643.2673,9136643.2673,2026-09-15 08:00:00+00:00,2026-09-15 04:00:00-04:00
1789459500000,705.4,707.88,704.45,704.45,21973.846887,15493060.22064676,15493060.2206467595,2026-09-15 08:05:00+00:00,2026-09-15 04:05:00-04:00
1789459800000,704.4,705.2288,704.15,705.19,4750.0,3346391.8622,3346391.8622,2026-09-15 08:10:00+00:00,2026-09-15 04:10:00-04:00
1789460100000,705.23,705.72,705.2,705.72,1718.0,1212017.4995,1212017.4995,2026-09-15 08:15:00+00:00,2026-09-15 04:15:00-04:00
1789460400000,705.76,705.9959,705.7,705.75,2573.0,1816160.5933,1816160.5933,2026-09-15 08:20:00+00:00,2026-09-15 04:20:00-04:00
1789460700000,705.7082,705.82,705.16,705.5,9671.604163,6824682.6908271415,6824682.6908271417,2026-09-15 08:25:00+00:00,2026-09-15 04:25:00-04:00
1789461000000,705.34,705.58,705.08,705.13,4570.0,3223507.2315,3223507.2315,2026-09-15 08:30:00+00:00,2026-09-15 04:30:00-04:00
1789461300000,705.05,705.5,705.05,705.2,1429.015457,1007646.6652492484,1007646.6652492484,2026-09-15 08:35:00+00:00,2026-09-15 04:35:00-04:00
1789461600000,705.0817,705.41,705.025,705.14,5191.036962,3660535.3388645775,3660535.3388645782,2026-09-15 08:40:00+00:00,2026-09-15 04:40:00-04:00
1789461900000,705.0,705.17,704.94,705.1699,1469.0,1035721.9237,1035721.9237,2026-09-15 08:45:00+00:00,2026-09-15 04:45:00-04:00
1789462200000,705.2082,705.31,705.1015,705.1087,1099.367232,775259.3531510272,775259.3531510272,2026-09-15 08:50:00+00:00,2026-09-15 04:50:00-04:00
1789462500000,705.12,705.38,704.9324,705.15,2369.255687,1670590.934573854,1670590.9345738539294958,2026-09-15 08:55:00+00:00,2026-09-15 04:55:00-04:00
1789462800000,705.1477,705.1585,704.65,704.951,7806.0,5502504.1863,5502504.1863,2026-09-15 09:00:00+00:00,2026-09-15 05:00:00-04:00
1789463100000,705.06,705.39,704.88,704.88,3192.0,2250850.1832,2250850.1832,2026-09-15 09:05:00+00:00,2026-09-15 05:05:00-04:00
1789463400000,704.84,705.05,704.6,704.825,4255.65316,2999240.40178678,2999240.40178678,2026-09-15 09:10:00+00:00,2026-09-15 05:10:00-04:00
1789463700000,704.56,704.9,704.3,704.3685,3698.737262,2606048.942170948,2606048.9421709479181676,2026-09-15 09:15:00+00:00,2026-09-15 05:15:00-04:00
1789464000000,704.4185,705.1,704.4185,704.5,4956.299575,3491924.871079352,3491924.8710793525,2026-09-15 09:20:00+00:00,2026-09-15 05:20:00-04:00
1789464300000,704.7142,705.0582,704.5315,705.0212,1030.3542,726031.50089774,726031.50089774,2026-09-15 09:25:00+00:00,2026-09-15 05:25:00-04:00
1789464600000,705.08,705.17,704.8,705.1,5628.858209999999,3968589.939907532,3968589.9399075322949327,2026-09-15 09:30:00+00:00,2026-09-15 05:30:00-04:00
1789464900000,705.0985,705.66,705.0985,705.6499,13443.953886,9482959.337642936,9482959.337642937,2026-09-15 09:35:00+00:00,2026-09-15 05:35:00-04:00
1789465200000,705.6285,705.76,705.56,705.6715,11165.751191,7878832.958204485,7878832.9582044853,2026-09-15 09:40:00+00:00,2026-09-15 05:40:00-04:00
1789465500000,705.72,706.44,705.709,706.37,14608.584226,10312011.573760755,10312011.5737607578,2026-09-15 09:45:00+00:00,2026-09-15 05:45:00-04:00
1789465800000,706.37,706.9,706.37,706.8344,11581.451079,8184012.018760074,8184012.0187600738,2026-09-15 09:50:00+00:00,2026-09-15 05:50:00-04:00
1789466100000,706.88,706.9,706.55,706.71,2350.914987,1661545.350595654,1661545.3505956541,2026-09-15 09:55:00+00:00,2026-09-15 05:55:00-04:00
1789466400000,706.7853,706.96,706.58,706.58,808.0,571015.7943,571015.7943,2026-09-15 10:00:00+00:00,2026-09-15 06:00:00-04:00
1789466700000,706.6512,706.8785,706.63,706.84,3040.0478,2148297.73442258,2148297.73442258,2026-09-15 10:05:00+00:00,2026-09-15 06:05:00-04:00
1789467000000,706.81,707.35,706.81,706.8844,1862.0,1316607.0458,1316607.0458,2026-09-15 10:10:00+00:00,2026-09-15 06:10:00-04:00
1789467300000,706.8,706.8785,706.65,706.7979,4686.2731,3311947.10819873,3311947.10819873,2026-09-15 10:15:00+00:00,2026-09-15 06:15:00-04:00
1789467600000,706.94,707.1387,706.8305,707.1012,3987.255057,2818801.524934804,2818801.5249348041120858,2026-09-15 10:20:00+00:00,2026-09-15 06:20:00-04:00
1789467900000,707.1485,707.28,707.0617,707.2601,3241.666776,2292287.385079426,2292287.3850794264,2026-09-15 10:25:00+00:00,2026-09-15 06:25:00-04:00
1789468200000,707.26,707.5,707.1254,707.42,2495.0,1765018.1423,1765018.1423,2026-09-15 10:30:00+00:00,2026-09-15 06:30:00-04:00
1789468500000,707.4387,707.5987,707.3915,707.5702,4373.0,3093979.1566,3093979.1566,2026-09-15 10:35:00+00:00,2026-09-15 06:35:00-04:00
1789468800000,707.57,707.7,707.369,707.5185,1952.0,1381065.4151,1381065.4151,2026-09-15 10:40:00+00:00,2026-09-15 06:40:00-04:00
1789469100000,707.4315,707.675,707.3584,707.6687,13281.457426,9395099.244519917,9395099.2445199178926239,2026-09-15 10:45:00+00:00,2026-09-15 06:45:00-04:00
1789469400000,707.65,707.9,707.645,707.88,4770.16,3376186.780712,3376186.780712,2026-09-15 10:50:00+00:00,2026-09-15 06:50:00-04:00
1789469700000,707.89,708.15,707.88,708.13,5120.7843330000005,3625378.620469212,3625378.6204692119539826,2026-09-15 10:55:00+00:00,2026-09-15 06:55:00-04:00
1789470000000,708.07,709.18,708.0517,708.32,7761.0,5497908.6292,5497908.6292,2026-09-15 11:00:00+00:00,2026-09-15 07:00:00-04:00
1789470300000,708.3887,708.6791,708.1396,708.6509,4846.587013,3432909.36356764,3432909.36356764,2026-09-15 11:05:00+00:00,2026-09-15 07:05:00-04:00
1789470600000,708.7,708.85,708.56,708.6,17210.613177,12197063.293784322,12197063.2937843221,2026-09-15 11:10:00+00:00,2026-09-15 07:10:00-04:00
1789470900000,708.643,708.88,708.48,708.7787,6749.674352,4782726.981325453,4782726.9813254528,2026-09-15 11:15:00+00:00,2026-09-15 07:15:00-04:00
1789471200000,708.7195,708.8195,708.37,708.43,9149.41404,6484471.816215616,6484471.816215616,2026-09-15 11:20:00+00:00,2026-09-15 07:20:00-04:00
1789471500000,708.4715,708.56,708.27,708.3504,1952.0,1382736.9452,1382736.9452,2026-09-15 11:25:00+00:00,2026-09-15 07:25:00-04:00
1789471800000,708.31,708.33,708.0,708.22,2470.0,1749059.6017,1749059.6017,2026-09-15 11:30:00+00:00,2026-09-15 07:30:00-04:00
1789472100000,708.27,708.48,708.1206,708.1206,3701.758525,2621990.412802385,2621990.412802385,2026-09-15 11:35:00+00:00,2026-09-15 07:35:00-04:00
1789472400000,708.19,708.45,708.06,708.4154,5125.271954,3629557.648866181,3629557.6488661806,2026-09-15 11:40:00+00:00,2026-09-15 07:40:00-04:00
1789472700000,708.3624,708.6383,708.33,708.361,6896.884058000001,4886085.254064013,4886085.2540640137084485,2026-09-15 11:45:00+00:00,2026-09-15 07:45:00-04:00
1789473000000,708.3717,708.72,708.3482,708.38,5970.951752,4230982.396344397,4230982.3963443968,2026-09-15 11:50:00+00:00,2026-09-15 07:50:00-04:00
1789473300000,708.3999,708.7,708.3,708.65,2611.0,1849963.5072,1849963.5072,2026-09-15 11:55:00+00:00,2026-09-15 07:55:00-04:00
1789473600000,708.6477,708.8782,708.3417,708.7,2365.0,1675836.6263,1675836.6263,2026-09-15 12:00:00+00:00,2026-09-15 08:00:00-04:00
1789473900000,708.7038,708.78,708.54,708.768,1071.0,759014.8331,759014.8331,2026-09-15 12:05:00+00:00,2026-09-15 08:05:00-04:00
1789474200000,708.7405,709.17,708.642,709.05,11141.478698,7898945.560285203,7898945.5602852048,2026-09-15 12:10:00+00:00,2026-09-15 08:10:00-04:00
1789474500000,709.1,709.2,708.8674,709.0785,4795.015749,3399611.785420514,3399611.785420514,2026-09-15 12:15:00+00:00,2026-09-15 08:15:00-04:00
1789474800000,708.98,709.0326,708.2,708.4238,13752.325106,9745252.971422471,9745252.9714224724,2026-09-15 12:20:00+00:00,2026-09-15 08:20:00-04:00
1789475100000,708.4022,708.9354,708.4006,708.78,2942.0,2084570.9449,2084570.9449,2026-09-15 12:25:00+00:00,2026-09-15 08:25:00-04:00
1789475400000,708.76,708.9,708.3,708.9,8937.0,6331485.2684,6331485.2684,2026-09-15 12:30:00+00:00,2026-09-15 08:30:00-04:00
1789475700000,708.93,708.959,708.661,708.88,4367.637805,3095717.436157911,3095717.436157911,2026-09-15 12:35:00+00:00,2026-09-15 08:35:00-04:00
1789476000000,708.7687,708.98,708.4138,708.72,3072.621773,2177638.1348874704,2177638.1348874703582383,2026-09-15 12:40:00+00:00,2026-09-15 08:40:00-04:00
1789476300000,708.7187,709.8,708.6592,709.68,41165.677455,29188115.96985774,29188115.969857741,2026-09-15 12:45:00+00:00,2026-09-15 08:45:00-04:00
1789476600000,709.66,710.0,709.4,709.94,21135.262152000003,14997979.361174988,14997979.3611749885288471,2026-09-15 12:50:00+00:00,2026-09-15 08:50:00-04:00
1789476900000,709.9412,710.27,708.96,709.1,20381.0,14458476.608,14458476.608,2026-09-15 12:55:00+00:00,2026-09-15 08:55:00-04:00
1789477200000,709.0575,709.27,708.86,709.2477,3638.0,2579317.019,2579317.019,2026-09-15 13:00:00+00:00,2026-09-15 09:00:00-04:00
1789477500000,709.29,709.318,709.0,709.1717,15444.072248,10952718.933650527,10952718.9336505288,2026-09-15 13:05:00+00:00,2026-09-15 09:05:00-04:00
1789477800000,709.16,709.2774,708.9,708.96,6504.069448,4612412.370474335,4612412.3704743344,2026-09-15 13:10:00+00:00,2026-09-15 09:10:00-04:00
1789478100000,708.9704,709.0278,708.5964,708.77,11125.205088,7886519.600021045,7886519.6000210456910847,2026-09-15 13:15:00+00:00,2026-09-15 09:15:00-04:00
1789478400000,708.76,708.84,708.5,708.78,17878.89161,12670914.0204675,12670914.020467499,2026-09-15 13:20:00+00:00,2026-09-15 09:20:00-04:00
1789478700000,708.72,709.1896,708.65,708.7381,16417.0,11636967.024,11636967.024,2026-09-15 13:25:00+00:00,2026-09-15 09:25:00-04:00
1789479000000,708.76,708.855,707.56,707.88,630940.0,446814740.6232,446814740.6232,2026-09-15 13:30:00+00:00,2026-09-15 09:30:00-04:00
1789479300000,707.885,709.228,707.885,708.98,573610.0,406442397.1557,406442397.1557,2026-09-15 13:35:00+00:00,2026-09-15 09:35:00-04:00
1789479600000,708.8701,709.23,708.4,709.145,604355.0,428376344.76,428376344.76,2026-09-15 13:40:00+00:00,2026-09-15 09:40:00-04:00
1789479900000,709.13,709.5299,708.825,708.98,512649.0,363540713.6609,363540713.6609,2026-09-15 13:45:00+00:00,2026-09-15 09:45:00-04:00
1789480200000,708.965,709.1354,708.43,708.985,364000.0,257991929.1678,257991929.1678,2026-09-15 13:50:00+00:00,2026-09-15 09:50:00-04:00
1789480500000,708.985,709.16,708.645,708.95,126504.0,89680440.1612,89680440.1612,2026-09-15 13:55:00+00:00,2026-09-15 09:55:00-04:00
1789480800000,708.95,709.01,708.19,708.19,493646.0,349972976.5849,349972976.5849,2026-09-15 14:00:00+00:00,2026-09-15 10:00:00-04:00
1789481100000,708.19,708.34,707.6,707.79,254241.0,179985330.5277,179985330.5277,2026-09-15 14:05:00+00:00,2026-09-15 10:05:00-04:00
1789481400000,707.7801,707.8,706.82,706.925,416442.0,294515585.3568,294515585.3568,2026-09-15 14:10:00+00:00,2026-09-15 10:10:00-04:00
1789481700000,706.93,707.43,706.865,707.24,331268.0,234260836.804,234260836.804,2026-09-15 14:15:00+00:00,2026-09-15 10:15:00-04:00
1789482000000,707.235,707.39,705.95,706.54,377846.0,266994269.7048,266994269.7048,2026-09-15 14:20:00+00:00,2026-09-15 10:20:00-04:00
1789482300000,706.57,706.8,706.2916,706.555,171280.803658,121015282.110392,121015282.1103920066,2026-09-15 14:25:00+00:00,2026-09-15 10:25:00-04:00
1789482600000,706.55,706.73,705.96,706.11,345247.278346,243853523.691232,243853523.6912319628,2026-09-15 14:30:00+00:00,2026-09-15 10:30:00-04:00
1789482900000,706.13,706.34,705.58,705.7,270742.117424,191146709.90583,191146709.905829976,2026-09-15 14:35:00+00:00,2026-09-15 10:35:00-04:00
1789483200000,705.655,705.6599,705.3,705.585,332498.0,234573493.1916,234573493.1916,2026-09-15 14:40:00+00:00,2026-09-15 10:40:00-04:00
1789483500000,705.595,705.92,705.13,705.13,310975.0,219396627.9124,219396627.9124,2026-09-15 14:45:00+00:00,2026-09-15 10:45:00-04:00
1789483800000,705.101,705.195,703.906,704.475,513959.0,362085189.6778,362085189.6778,2026-09-15 14:50:00+00:00,2026-09-15 10:50:00-04:00
1789484100000,704.475,704.91,704.21,704.48,233035.631381,164173063.30802512,164173063.3080251365,2026-09-15 14:55:00+00:00,2026-09-15 10:55:00-04:00
1789484400000,704.475,705.54,704.475,705.54,313507.810604,221025265.0485286,221025265.0485286076,2026-09-15 15:00:00+00:00,2026-09-15 11:00:00-04:00
1789484700000,705.54,705.66,705.16,705.29,191123.0,134825417.6422,134825417.6422,2026-09-15 15:05:00+00:00,2026-09-15 11:05:00-04:00
1789485000000,705.285,705.45,704.95,705.275,236588.0,166831699.0007,166831699.0007,2026-09-15 15:10:00+00:00,2026-09-15 11:10:00-04:00
1789485300000,705.27,705.76,705.1,705.57,197192.0,139116832.4964,139116832.4964,2026-09-15 15:15:00+00:00,2026-09-15 11:15:00-04:00
1789485600000,705.58,705.77,705.135,705.575,198853.0,140285307.5294,140285307.5294,2026-09-15 15:20:00+00:00,2026-09-15 11:20:00-04:00
1789485900000,705.6,705.81,705.41,705.6595,202052.0,142576608.3637,142576608.3637,2026-09-15 15:25:00+00:00,2026-09-15 11:25:00-04:00
1789486200000,705.66,705.71,704.9625,705.42,197297.0,139139332.1165,139139332.1165,2026-09-15 15:30:00+00:00,2026-09-15 11:30:00-04:00
1789486500000,705.46,705.63,705.2,705.21,95289.0,67215690.1851,67215690.1851,2026-09-15 15:35:00+00:00,2026-09-15 11:35:00-04:00
1789486800000,705.1901,705.8048,705.1901,705.6,187689.0,132426814.5139,132426814.5139,2026-09-15 15:40:00+00:00,2026-09-15 11:40:00-04:00
1789487100000,705.58,705.65,704.98,705.1,112559.0,79389630.9283,79389630.9283,2026-09-15 15:45:00+00:00,2026-09-15 11:45:00-04:00
1789487400000,705.1,705.87,705.08,705.375,273908.181838,193209719.007143,193209719.0071430132,2026-09-15 15:50:00+00:00,2026-09-15 11:50:00-04:00
1789487700000,705.39,706.02,705.255,705.32,119232.0,84125725.7094,84125725.7094,2026-09-15 15:55:00+00:00,2026-09-15 11:55:00-04:00
1789488000000,705.35,705.61,705.22,705.5121,100054.0,70583921.7312,70583921.7312,2026-09-15 16:00:00+00:00,2026-09-15 12:00:00-04:00
1789488300000,705.47,705.5,704.571,704.67,124644.365388,87890974.49357125,87890974.4935712512,2026-09-15 16:05:00+00:00,2026-09-15 12:05:00-04:00
1789488600000,704.65,704.77,704.4901,704.53,116223.0,81890370.7403,81890370.7403,2026-09-15 16:10:00+00:00,2026-09-15 12:10:00-04:00
1789488900000,704.535,705.1,704.46,705.09,137466.0,96890189.7516,96890189.7516,2026-09-15 16:15:00+00:00,2026-09-15 12:15:00-04:00
1789489200000,705.07,705.92,705.07,705.7887,230274.0,162464902.4549,162464902.4549,2026-09-15 16:20:00+00:00,2026-09-15 12:20:00-04:00
1789489500000,705.78,705.8805,705.45,705.51,138789.0,97942471.4764,97942471.4764,2026-09-15 16:25:00+00:00,2026-09-15 12:25:00-04:00
1789489800000,705.505,705.75,705.1104,705.59,164150.049599,115789577.4226068,115789577.4226068029,2026-09-15 16:30:00+00:00,2026-09-15 12:30:00-04:00
1789490100000,705.5999,705.62,705.3301,705.475,59676.519015,42102463.18260576,42102463.182605755,2026-09-15 16:35:00+00:00,2026-09-15 12:35:00-04:00
1789490400000,705.46,705.549,705.25,705.39,45997.0,32447764.1225,32447764.1225,2026-09-15 16:40:00+00:00,2026-09-15 12:40:00-04:00
1789490700000,705.39,705.54,705.1205,705.3344,61802.0,43592258.5066,43592258.5066,2026-09-15 16:45:00+00:00,2026-09-15 12:45:00-04:00
1789491000000,705.3,705.96,705.29,705.895,74897.0,52853126.5261,52853126.5261,2026-09-15 16:50:00+00:00,2026-09-15 12:50:00-04:00
1789491300000,705.9,706.0,705.27,705.44,93249.0,65798656.5076,65798656.5076,2026-09-15 16:55:00+00:00,2026-09-15 12:55:00-04:00
1789491600000,705.44,705.52,704.78,704.78,157547.756898,111113428.91962548,111113428.9196254746,2026-09-15 17:00:00+00:00,2026-09-15 13:00:00-04:00
1789491900000,704.76,705.17,704.6307,704.88,220395.0,155358860.5871,155358860.5871,2026-09-15 17:05:00+00:00,2026-09-15 13:05:00-04:00
1789492200000,704.895,705.25,704.8,704.825,119739.0,84422930.1694,84422930.1694,2026-09-15 17:10:00+00:00,2026-09-15 13:10:00-04:00
1789492500000,704.84,705.01,704.762,705.0,96169.0,67787521.61,67787521.61,2026-09-15 17:15:00+00:00,2026-09-15 13:15:00-04:00
1789492800000,705.0,705.12,704.56,704.5718,129164.0,91040649.8611,91040649.8611,2026-09-15 17:20:00+00:00,2026-09-15 13:20:00-04:00
1789493100000,704.57,704.87,704.55,704.8,77354.0,54514131.1597,54514131.1597,2026-09-15 17:25:00+00:00,2026-09-15 13:25:00-04:00
1789493400000,704.81,705.13,704.725,704.9,217124.0,153494147.8843,153494147.8843,2026-09-15 17:30:00+00:00,2026-09-15 13:30:00-04:00
1789493700000,704.91,705.0499,704.72,704.79,54070.853945,38112042.64735792,38112042.6473579145,2026-09-15 17:35:00+00:00,2026-09-15 13:35:00-04:00
1789494000000,704.79,704.95,704.53,704.85,91232.0,64297219.0999,64297219.0999,2026-09-15 17:40:00+00:00,2026-09-15 13:40:00-04:00
1789494300000,704.825,704.96,704.6,704.67,141427.0,99672286.8436,99672286.8436,2026-09-15 17:45:00+00:00,2026-09-15 13:45:00-04:00
1789494600000,704.66,705.03,704.625,705.0197,251263.44025,177078097.06189063,177078097.061890642952534,2026-09-15 17:50:00+00:00,2026-09-15 13:50:00-04:00
1789494900000,705.0,705.1985,704.89,705.0,112840.0,79558308.7466,79558308.7466,2026-09-15 17:55:00+00:00,2026-09-15 13:55:00-04:00
1789495200000,705.0,705.25,704.82,705.235,183824.0,130029149.9855,130029149.9855,2026-09-15 18:00:00+00:00,2026-09-15 14:00:00-04:00
1789495500000,705.23,705.38,705.11,705.38,247705.111582,174698964.7338792,174698964.7338792158947,2026-09-15 18:05:00+00:00,2026-09-15 14:05:00-04:00
1789495800000,705.385,705.57,705.26,705.38,357327.0,252835061.8809,252835061.8809,2026-09-15 18:10:00+00:00,2026-09-15 14:10:00-04:00
1789496100000,705.41,705.46,704.985,705.085,112224.0,79135882.5926,79135882.5926,2026-09-15 18:15:00+00:00,2026-09-15 14:15:00-04:00
1789496400000,705.08,705.22,705.065,705.1699,160526.0,113605953.1333,113605953.1333,2026-09-15 18:20:00+00:00,2026-09-15 14:20:00-04:00
1789496700000,705.18,705.4,705.07,705.395,114242.950083,80563698.69136639,80563698.6913663876,2026-09-15 18:25:00+00:00,2026-09-15 14:25:00-04:00
1789497000000,705.3982,705.3987,704.82,704.87,120503.399164,84966984.70962103,84966984.7096210372,2026-09-15 18:30:00+00:00,2026-09-15 14:30:00-04:00
1789497300000,704.8775,704.9624,704.7,704.87,232731.09626900003,164039170.46367893,164039170.463678922645305,2026-09-15 18:35:00+00:00,2026-09-15 14:35:00-04:00
1789497600000,704.875,705.13,704.65,704.68,219914.0,154993594.7416,154993594.7416,2026-09-15 18:40:00+00:00,2026-09-15 14:40:00-04:00
1789497900000,704.685,704.73,704.1906,704.34,172647.0,121623937.3287,121623937.3287,2026-09-15 18:45:00+00:00,2026-09-15 14:45:00-04:00
1789498200000,704.36,704.53,704.27,704.5,228908.0,161241853.6825,161241853.6825,2026-09-15 18:50:00+00:00,2026-09-15 14:50:00-04:00
1789498500000,704.5,704.755,704.441,704.7304,110926.0,78154916.8237,78154916.8237,2026-09-15 18:55:00+00:00,2026-09-15 14:55:00-04:00
1789498800000,704.73,704.88,704.5,704.68,208017.0,146596677.6653,146596677.6653,2026-09-15 19:00:00+00:00,2026-09-15 15:00:00-04:00
1789499100000,704.68,704.78,704.54,704.72,122180.0,86095861.651,86095861.651,2026-09-15 19:05:00+00:00,2026-09-15 15:05:00-04:00
1789499400000,704.7,704.78,704.4,704.4561,228355.0,161362775.3243,161362775.3243,2026-09-15 19:10:00+00:00,2026-09-15 15:10:00-04:00
1789499700000,704.445,704.53,704.275,704.47,241964.597523,170927148.01444176,170927148.0144417662,2026-09-15 19:15:00+00:00,2026-09-15 15:15:00-04:00
1789500000000,704.46,704.48,704.289,704.33,142816.0313,100593909.2860904,100593909.28609039,2026-09-15 19:20:00+00:00,2026-09-15 15:20:00-04:00
1789500300000,704.335,704.51,704.23,704.36,219485.0,155087427.616,155087427.616,2026-09-15 19:25:00+00:00,2026-09-15 15:25:00-04:00
1789500600000,704.35,704.4278,704.225,704.24,138862.0,97803454.1098,97803454.1098,2026-09-15 19:30:00+00:00,2026-09-15 15:30:00-04:00
1789500900000,704.23,704.23,703.8,703.9099,355829.0,250506895.9076,250506895.9076,2026-09-15 19:35:00+00:00,2026-09-15 15:35:00-04:00
1789501200000,703.9,704.16,703.82,704.085,383633.0,270077061.9467,270077061.9467,2026-09-15 19:40:00+00:00,2026-09-15 15:40:00-04:00
1789501500000,704.08,704.23,703.9458,704.195,356209.486056,250795112.0408925,250795112.0408925408,2026-09-15 19:45:00+00:00,2026-09-15 15:45:00-04:00
1789501800000,704.17,704.34,703.635,704.34,718872.0,506550047.1775,506550047.1775,2026-09-15 19:50:00+00:00,2026-09-15 15:50:00-04:00
1789502100000,704.29,704.645,704.08,704.54,1871259.0,1319961503.0129,1319961503.0129,2026-09-15 19:55:00+00:00,2026-09-15 15:55:00-04:00
1789502400000,704.61,705.3,704.54,705.23,288974.0,204579696.1765,204579696.1765,2026-09-15 20:00:00+00:00,2026-09-15 16:00:00-04:00
1789502700000,705.25,705.252,705.1112,705.19,659526.11991,465120324.6429329,465120324.642932922,2026-09-15 20:05:00+00:00,2026-09-15 16:05:00-04:00
1789503000000,705.19,705.5648,704.54,705.5,15663.0,11049515.7412,11049515.7412,2026-09-15 20:10:00+00:00,2026-09-15 16:10:00-04:00
1789503300000,705.46,705.4944,704.54,705.3448,4605.0,3248445.4158,3248445.4158,2026-09-15 20:15:00+00:00,2026-09-15 16:15:00-04:00
1789503600000,705.3378,705.3648,705.2177,705.2218,21313.760741,15031851.681601755,15031851.6816017565,2026-09-15 20:20:00+00:00,2026-09-15 16:20:00-04:00
1789503900000,705.2548,705.26,705.1,705.1446,21395.600245,15087258.469848191,15087258.4698481935,2026-09-15 20:25:00+00:00,2026-09-15 16:25:00-04:00
1789504200000,705.1392,705.23,705.07,705.17,29934.443861,21107801.603238516,21107801.603238513,2026-09-15 20:30:00+00:00,2026-09-15 16:30:00-04:00
1789504500000,705.18,705.3543,705.15,705.24,29904.049402,21088195.862658206,21088195.8626582106,2026-09-15 20:35:00+00:00,2026-09-15 16:35:00-04:00
1789504800000,705.28,705.4042,705.2234,705.3,2894.0,2041142.8749,2041142.8749,2026-09-15 20:40:00+00:00,2026-09-15 16:40:00-04:00
1789505100000,705.28,708.68,705.2677,705.46,8274.0,5835975.4066,5835975.4066,2026-09-15 20:45:00+00:00,2026-09-15 16:45:00-04:00
1789505400000,705.4,705.4507,705.35,705.37,1558.22482,1099156.535019182,1099156.535019182,2026-09-15 20:50:00+00:00,2026-09-15 16:50:00-04:00
1789505700000,705.3769,705.5,705.36,705.3635,9661.620648,6815206.501123692,6815206.501123692,2026-09-15 20:55:00+00:00,2026-09-15 16:55:00-04:00
1789506000000,705.187,705.41,705.187,705.3748,101557.0,71551273.9017,71551273.9017,2026-09-15 21:00:00+00:00,2026-09-15 17:00:00-04:00
1789506300000,705.3667,705.4,705.15,705.2661,1791.0,1263072.9499,1263072.9499,2026-09-15 21:05:00+00:00,2026-09-15 17:05:00-04:00
1789506600000,705.2662,705.38,705.15,705.16,10958.0,7721061.9489,7721061.9489,2026-09-15 21:10:00+00:00,2026-09-15 17:10:00-04:00
1789506900000,705.16,705.2299,705.15,705.179,1115.0,786315.2001,786315.2001,2026-09-15 21:15:00+00:00,2026-09-15 17:15:00-04:00
1789507200000,705.1869,705.19,705.0401,705.0485,307.581178,216880.86891382,216880.86891382,2026-09-15 21:20:00+00:00,2026-09-15 17:20:00-04:00
1789507500000,705.0485,705.05,704.97,704.97,2320.271249,1635865.5651054548,1635865.5651054548,2026-09-15 21:25:00+00:00,2026-09-15 17:25:00-04:00
1789507800000,704.9994,704.9994,704.82,704.87,32465.281185,22874272.32260572,22874272.3226057185,2026-09-15 21:30:00+00:00,2026-09-15 17:30:00-04:00
1789508100000,704.8668,704.8668,704.7142,704.7715,42217.977934,29756728.383599855,29756728.383599857,2026-09-15 21:35:00+00:00,2026-09-15 17:35:00-04:00
1789508400000,704.775,704.8,704.77,704.8,751.0,529290.9077,529290.9077,2026-09-15 21:40:00+00:00,2026-09-15 17:40:00-04:00
1789508700000,704.7715,704.8,704.73,704.7776,403.0,284025.4478,284025.4478,2026-09-15 21:45:00+00:00,2026-09-15 17:45:00-04:00
1789509000000,704.8,704.8,704.7703,704.7977,10583.884685,7459357.561724025,7459357.561724025,2026-09-15 21:50:00+00:00,2026-09-15 17:50:00-04:00
1789509300000,704.8,704.8,704.6,704.7728,2209.0,1556671.2248,1556671.2248,2026-09-15 21:55:00+00:00,2026-09-15 17:55:00-04:00
1789509600000,704.8,705.13,704.76,705.08,46091.78200399999,32489677.467012357,32489677.467012354551096,2026-09-15 22:00:00+00:00,2026-09-15 18:00:00-04:00
1789509900000,705.08,705.08,704.8,704.8495,6710.313444,4730764.850525967,4730764.8505259668,2026-09-15 22:05:00+00:00,2026-09-15 18:05:00-04:00
1789510200000,704.85,704.89,704.77,704.845,2525.574468,1780132.2941527788,1780132.2941527788,2026-09-15 22:10:00+00:00,2026-09-15 18:10:00-04:00
1789510500000,704.8468,704.9985,704.8468,704.86,238.0,167769.0573,167769.0573,2026-09-15 22:15:00+00:00,2026-09-15 18:15:00-04:00
1789510800000,704.86,705.1263,704.86,705.0436,622.0,438547.8063,438547.8063,2026-09-15 22:20:00+00:00,2026-09-15 18:20:00-04:00
1789511100000,705.07,705.07,704.8768,704.9651,505.022928,356018.9868729824,356018.9868729824,2026-09-15 22:25:00+00:00,2026-09-15 18:25:00-04:00
1789511400000,704.9951,705.21,704.9832,705.19,3901.827591,2751253.989962461,2751253.9899624607,2026-09-15 22:30:00+00:00,2026-09-15 18:30:00-04:00
1789511700000,705.25,705.43,705.1993,705.43,1429.184838,1008019.384012523,1008019.3840125230705309,2026-09-15 22:35:00+00:00,2026-09-15 18:35:00-04:00
1789512000000,705.44,705.44,705.3031,705.3143,12117.199815,8546690.41007297,8546690.4100729695,2026-09-15 22:40:00+00:00,2026-09-15 18:40:00-04:00
1789512300000,705.3464,705.54,705.2801,705.39,2061.0,1453670.9399,1453670.9399,2026-09-15 22:45:00+00:00,2026-09-15 18:45:00-04:00
1789512600000,705.3869,705.45,705.3661,705.4292,3228.718201,2277548.39824956,2277548.3982495599,2026-09-15 22:50:00+00:00,2026-09-15 18:50:00-04:00
1789512900000,705.4277,705.4277,705.35,705.35,899.1790159999999,634286.2074691503,634286.2074691503294591,2026-09-15 22:55:00+00:00,2026-09-15 18:55:00-04:00
1789513200000,705.3281,705.4099,705.2637,705.31,10753.471263,7584701.689870875,7584701.6898708739946731,2026-09-15 23:00:00+00:00,2026-09-15 19:00:00-04:00
1789513500000,705.3451,705.36,705.31,705.3197,3273.0,2308482.6542,2308482.6542,2026-09-15 23:05:00+00:00,2026-09-15 19:05:00-04:00
1789513800000,705.3115,705.38,705.3,705.316,6160.179081,4344824.201763376,4344824.2017633748,2026-09-15 23:10:00+00:00,2026-09-15 19:10:00-04:00
1789514100000,705.3167,705.32,705.25,705.2671,6179.0,4357988.2526,4357988.2526,2026-09-15 23:15:00+00:00,2026-09-15 19:15:00-04:00
1789514400000,705.2614,705.278,705.2033,705.216,167.801043,118338.651671578,118338.651671578,2026-09-15 23:20:00+00:00,2026-09-15 19:20:00-04:00
1789514700000,705.2033,705.2292,705.01,705.0143,1648.53524,1162507.356831964,1162507.356831964,2026-09-15 23:25:00+00:00,2026-09-15 19:25:00-04:00
1789515000000,705.07,705.1112,705.0208,705.1,339.333866,239256.2441686716,239256.2441686716,2026-09-15 23:30:00+00:00,2026-09-15 19:30:00-04:00
1789515300000,705.05,705.18,705.0,705.18,2063.715658,1454953.1815101726,1454953.1815101726,2026-09-15 23:35:00+00:00,2026-09-15 19:35:00-04:00
1789515600000,705.18,705.44,705.14,705.302,377.0,265913.3833,265913.3833,2026-09-15 23:40:00+00:00,2026-09-15 19:40:00-04:00
1789515900000,705.398,705.4185,705.27,705.3,1215.0,857010.2468,857010.2468,2026-09-15 23:45:00+00:00,2026-09-15 19:45:00-04:00
1789516200000,705.3882,705.44,705.2691,705.35,609.413579,429832.9725810372,429832.9725810372,2026-09-15 23:50:00+00:00,2026-09-15 19:50:00-04:00
1789516500000,705.43,705.43,705.15,705.21,1868.09931,1317708.258645587,1317708.258645587,2026-09-15 23:55:00+00:00,2026-09-15 19:55:00-04:00
1789516800000,705.4,705.65,704.89,705.12,659.0,464739.82,464739.82,2026-09-16 00:00:00+00:00,2026-09-15 20:00:00-04:00
1789517100000,705.13,705.29,705.11,705.11,178.0,125523.96,125523.96,2026-09-16 00:05:00+00:00,2026-09-15 20:05:00-04:00
1789517400000,705.0,705.43,704.99,705.41,481.0,339206.51,339206.51,2026-09-16 00:10:00+00:00,2026-09-15 20:10:00-04:00
1789517700000,705.3,705.48,705.3,705.43,611.0,431012.53,431012.53,2026-09-16 00:15:00+00:00,2026-09-15 20:15:00-04:00
1789518000000,705.42,705.44,705.26,705.26,790.0,557205.64,557205.64,2026-09-16 00:20:00+00:00,2026-09-15 20:20:00-04:00
1789518300000,705.22,705.37,705.11,705.35,2066.0,1456988.12,1456988.12,2026-09-16 00:25:00+00:00,2026-09-15 20:25:00-04:00
1789518600000,705.35,705.5,705.22,705.22,696.0,491015.58,491015.58,2026-09-16 00:30:00+00:00,2026-09-15 20:30:00-04:00
1789518900000,705.19,705.45,705.1,705.37,859.0,605809.75,605809.75,2026-09-16 00:35:00+00:00,2026-09-15 20:35:00-04:00
1789519200000,705.37,705.37,705.28,705.28,101.0,71237.2,71237.2,2026-09-16 00:40:00+00:00,2026-09-15 20:40:00-04:00
1789519500000,705.32,705.54,705.2,705.54,55.0,38790.35,38790.35,2026-09-16 00:45:00+00:00,2026-09-15 20:45:00-04:00
1789519800000,705.42,705.44,705.34,705.34,8.0,5643.4,5643.4,2026-09-16 00:50:00+00:00,2026-09-15 20:50:00-04:00
1789520100000,705.34,705.4,705.21,705.3,51.0,35973.13,35973.13,2026-09-16 00:55:00+00:00,2026-09-15 20:55:00-04:00
1789520400000,705.32,705.38,704.97,704.97,757.0,533793.37,533793.37,2026-09-16 01:00:00+00:00,2026-09-15 21:00:00-04:00
1789520700000,704.88,704.94,704.58,704.58,749.0,527880.02,527880.02,2026-09-16 01:05:00+00:00,2026-09-15 21:05:00-04:00
1789521000000,704.57,705.45,704.54,705.45,3003.0,2116665.22,2116665.22,2026-09-16 01:10:00+00:00,2026-09-15 21:10:00-04:00
1789521300000,705.45,705.6,705.21,705.27,733.0,517067.53,517067.53,2026-09-16 01:15:00+00:00,2026-09-15 21:15:00-04:00
1789521600000,705.33,705.6,705.27,705.55,236.0,166492.86,166492.86,2026-09-16 01:20:00+00:00,2026-09-15 21:20:00-04:00
1789521900000,705.59,705.63,705.38,705.44,6051.0,4268841.86,4268841.86,2026-09-16 01:25:00+00:00,2026-09-15 21:25:00-04:00
1789522200000,705.42,705.42,705.11,705.16,119.0,83920.64,83920.64,2026-09-16 01:30:00+00:00,2026-09-15 21:30:00-04:00
1789522500000,705.25,705.25,704.61,704.61,1539.0,1084630.14,1084630.14,2026-09-16 01:35:00+00:00,2026-09-15 21:35:00-04:00
1789522800000,704.74,704.97,704.74,704.89,628.0,442608.92,442608.92,2026-09-16 01:40:00+00:00,2026-09-15 21:40:00-04:00
1789523100000,704.89,705.06,704.71,704.8,2233.0,1574141.2,1574141.2,2026-09-16 01:45:00+00:00,2026-09-15 21:45:00-04:00
1789523400000,704.7,704.7,704.32,704.32,7904.0,5567849.88,5567849.88,2026-09-16 01:50:00+00:00,2026-09-15 21:50:00-04:00
1789523700000,704.34,704.47,704.17,704.24,2358.0,1660653.92,1660653.92,2026-09-16 01:55:00+00:00,2026-09-15 21:55:00-04:00
1789524000000,704.24,704.93,704.24,704.72,3090.0,2177438.09,2177438.09,2026-09-16 02:00:00+00:00,2026-09-15 22:00:00-04:00
1789524300000,704.72,704.72,704.4,704.5,1334.0,939718.08,939718.08,2026-09-16 02:05:00+00:00,2026-09-15 22:05:00-04:00
1789524600000,704.6,704.79,704.22,704.35,3049.0,2147991.66,2147991.66,2026-09-16 02:10:00+00:00,2026-09-15 22:10:00-04:00
1789524900000,704.38,704.67,704.38,704.66,679.0,478388.12,478388.12,2026-09-16 02:15:00+00:00,2026-09-15 22:15:00-04:00
1789525200000,704.61,704.93,704.54,704.93,827.0,582837.77,582837.77,2026-09-16 02:20:00+00:00,2026-09-15 22:20:00-04:00
1789525500000,705.0,705.35,704.97,705.35,2844.0,2005548.59,2005548.59,2026-09-16 02:25:00+00:00,2026-09-15 22:25:00-04:00
1789525800000,705.35,705.5,705.2,705.3,8444.0,5955650.49,5955650.49,2026-09-16 02:30:00+00:00,2026-09-15 22:30:00-04:00
1789526100000,705.4,705.5,705.2,705.26,405.0,285680.76,285680.76,2026-09-16 02:35:00+00:00,2026-09-15 22:35:00-04:00
1789526400000,705.19,705.19,704.9,705.01,705.0,497066.25,497066.25,2026-09-16 02:40:00+00:00,2026-09-15 22:40:00-04:00
1789526700000,705.01,705.1,705.01,705.1,108.0,76148.47,76148.47,2026-09-16 02:45:00+00:00,2026-09-15 22:45:00-04:00
1789527000000,705.11,705.42,705.11,705.33,720.0,507788.49,507788.49,2026-09-16 02:50:00+00:00,2026-09-15 22:50:00-04:00
1789527300000,705.3,705.5,705.3,705.5,1308.0,922738.49,922738.49,2026-09-16 02:55:00+00:00,2026-09-15 22:55:00-04:00
1789527600000,705.51,706.0,705.51,705.88,4972.0,3509153.81,3509153.81,2026-09-16 03:00:00+00:00,2026-09-15 23:00:00-04:00
1789527900000,705.92,706.04,705.79,705.79,542.0,382632.2,382632.2,2026-09-16 03:05:00+00:00,2026-09-15 23:05:00-04:00
1789528200000,705.87,706.4,705.85,706.39,2474.0,1747059.66,1747059.66,2026-09-16 03:10:00+00:00,2026-09-15 23:10:00-04:00
1789528500000,706.41,706.75,706.39,706.66,3195.0,2257445.45,2257445.45,2026-09-16 03:15:00+00:00,2026-09-15 23:15:00-04:00
1789528800000,706.64,707.22,706.64,706.93,4467.0,3158095.76,3158095.76,2026-09-16 03:20:00+00:00,2026-09-15 23:20:00-04:00
1789529100000,707.0,707.02,706.45,706.45,1241.0,876783.47,876783.47,2026-09-16 03:25:00+00:00,2026-09-15 23:25:00-04:00
1789529400000,706.37,706.47,706.11,706.11,1195.0,844108.36,844108.36,2026-09-16 03:30:00+00:00,2026-09-15 23:30:00-04:00
1789529700000,706.1,706.17,705.93,706.17,556.0,392541.54,392541.54,2026-09-16 03:35:00+00:00,2026-09-15 23:35:00-04:00
1789530000000,706.23,706.4,706.16,706.4,2666.0,1882887.52,1882887.52,2026-09-16 03:40:00+00:00,2026-09-15 23:40:00-04:00
1789530300000,706.5,706.8,706.49,706.62,1063.0,751317.15,751317.15,2026-09-16 03:45:00+00:00,2026-09-15 23:45:00-04:00
1789530600000,706.59,706.72,706.55,706.6,585.0,413381.21,413381.21,2026-09-16 03:50:00+00:00,2026-09-15 23:50:00-04:00
1789530900000,706.53,706.75,706.53,706.67,269.0,190067.15,190067.15,2026-09-16 03:55:00+00:00,2026-09-15 23:55:00-04:00
1789531200000,706.67,706.88,706.67,706.88,1869.0,1321104.86,1321104.86,2026-09-16 04:00:00+00:00,2026-09-16 00:00:00-04:00
1789531500000,706.78,706.78,706.64,706.74,964.0,681280.0,681280,2026-09-16 04:05:00+00:00,2026-09-16 00:05:00-04:00
1789531800000,706.7,706.74,706.64,706.73,1324.0,935695.68,935695.68,2026-09-16 04:10:00+00:00,2026-09-16 00:10:00-04:00
1789532100000,706.7,706.7,706.53,706.53,336.0,237430.53,237430.53,2026-09-16 04:15:00+00:00,2026-09-16 00:15:00-04:00
1789532400000,706.68,706.86,706.68,706.86,2078.0,1468723.9,1468723.9,2026-09-16 04:20:00+00:00,2026-09-16 00:20:00-04:00
1789532700000,706.75,706.75,706.45,706.45,1031.0,728419.06,728419.06,2026-09-16 04:25:00+00:00,2026-09-16 00:25:00-04:00
1789533000000,706.44,706.44,705.99,706.06,1372.0,968782.82,968782.82,2026-09-16 04:30:00+00:00,2026-09-16 00:30:00-04:00
1789533300000,706.0,706.1,705.91,706.1,710.0,501247.05,501247.05,2026-09-16 04:35:00+00:00,2026-09-16 00:35:00-04:00
1789533600000,706.1,706.28,706.0,706.06,862.0,608738.98,608738.98,2026-09-16 04:40:00+00:00,2026-09-16 00:40:00-04:00
1789533900000,706.06,706.37,706.06,706.37,62.0,43792.62,43792.62,2026-09-16 04:45:00+00:00,2026-09-16 00:45:00-04:00
1789534200000,706.36,706.37,706.18,706.33,47.0,33195.99,33195.99,2026-09-16 04:50:00+00:00,2026-09-16 00:50:00-04:00
1789534500000,706.1,706.23,705.99,705.99,322.0,227363.01,227363.01,2026-09-16 04:55:00+00:00,2026-09-16 00:55:00-04:00
1789534800000,706.02,706.04,705.57,705.92,776.0,547659.11,547659.11,2026-09-16 05:00:00+00:00,2026-09-16 01:00:00-04:00
1789535100000,705.99,706.22,705.81,706.2,1655.0,1168510.66,1168510.66,2026-09-16 05:05:00+00:00,2026-09-16 01:05:00-04:00
1789535400000,706.31,706.31,706.12,706.15,127.0,89687.24,89687.24,2026-09-16 05:10:00+00:00,2026-09-16 01:10:00-04:00
1789535700000,706.22,706.48,706.22,706.4,1465.0,1034893.85,1034893.85,2026-09-16 05:15:00+00:00,2026-09-16 01:15:00-04:00
1789536000000,706.42,706.42,706.2,706.28,267.0,188597.72,188597.72,2026-09-16 05:20:00+00:00,2026-09-16 01:20:00-04:00
1789536300000,706.3,706.44,706.2,706.33,410.0,289581.25,289581.25,2026-09-16 05:25:00+00:00,2026-09-16 01:25:00-04:00
1789536600000,706.45,706.5,706.32,706.43,193.0,136339.58,136339.58,2026-09-16 05:30:00+00:00,2026-09-16 01:30:00-04:00
1789536900000,706.43,706.68,706.38,706.6,1996.0,1410195.23,1410195.23,2026-09-16 05:35:00+00:00,2026-09-16 01:35:00-04:00
1789537200000,706.63,706.98,706.63,706.91,3498.0,2472289.28,2472289.28,2026-09-16 05:40:00+00:00,2026-09-16 01:40:00-04:00
1789537500000,706.94,707.0,706.5,706.5,892.0,630594.96,630594.96,2026-09-16 05:45:00+00:00,2026-09-16 01:45:00-04:00
1789537800000,706.54,706.64,706.44,706.64,710.0,501600.9,501600.9,2026-09-16 05:50:00+00:00,2026-09-16 01:50:00-04:00
1789538100000,706.7,706.82,706.7,706.76,584.0,412726.36,412726.36,2026-09-16 05:55:00+00:00,2026-09-16 01:55:00-04:00
1789538400000,706.88,707.25,706.63,706.68,10523.0,7439721.76,7439721.76,2026-09-16 06:00:00+00:00,2026-09-16 02:00:00-04:00
1789538700000,706.73,707.43,706.73,707.24,1050.0,742649.67,742649.67,2026-09-16 06:05:00+00:00,2026-09-16 02:05:00-04:00
1789539000000,707.25,707.61,707.25,707.37,3876.0,2742183.31,2742183.31,2026-09-16 06:10:00+00:00,2026-09-16 02:10:00-04:00
1789539300000,707.3,707.38,707.04,707.38,7303.0,5165172.23,5165172.23,2026-09-16 06:15:00+00:00,2026-09-16 02:15:00-04:00
1789539600000,707.45,707.45,706.9,706.9,733.0,518352.37,518352.37,2026-09-16 06:20:00+00:00,2026-09-16 02:20:00-04:00
1789539900000,706.9,707.02,706.63,706.63,314.0,221932.07,221932.07,2026-09-16 06:25:00+00:00,2026-09-16 02:25:00-04:00
1789540200000,706.79,706.9,706.66,706.8,316.0,223326.97,223326.97,2026-09-16 06:30:00+00:00,2026-09-16 02:30:00-04:00
1789540500000,706.9,707.0,706.78,707.0,102.0,72100.97,72100.97,2026-09-16 06:35:00+00:00,2026-09-16 02:35:00-04:00
1789540800000,706.89,706.98,706.74,706.98,1124.0,794400.34,794400.34,2026-09-16 06:40:00+00:00,2026-09-16 02:40:00-04:00
1789541100000,706.96,707.0,706.75,706.98,809.0,571909.87,571909.87,2026-09-16 06:45:00+00:00,2026-09-16 02:45:00-04:00
1789541400000,707.06,707.39,707.01,707.18,1586.0,1121710.28,1121710.28,2026-09-16 06:50:00+00:00,2026-09-16 02:50:00-04:00
1789541700000,707.16,707.48,707.08,707.46,573.0,405254.26,405254.26,2026-09-16 06:55:00+00:00,2026-09-16 02:55:00-04:00
1789542000000,707.58,708.11,707.49,708.11,2905.0,2056334.04,2056334.04,2026-09-16 07:00:00+00:00,2026-09-16 03:00:00-04:00
1789542300000,708.12,708.15,707.88,708.12,2699.0,1911090.02,1911090.02,2026-09-16 07:05:00+00:00,2026-09-16 03:05:00-04:00
1789542600000,708.1,708.11,707.84,708.0,2250.0,1593009.99,1593009.99,2026-09-16 07:10:00+00:00,2026-09-16 03:10:00-04:00
1789542900000,707.94,707.97,707.61,707.65,1634.0,1156530.63,1156530.63,2026-09-16 07:15:00+00:00,2026-09-16 03:15:00-04:00
1789543200000,707.55,708.11,707.55,707.97,1262.0,893314.02,893314.02,2026-09-16 07:20:00+00:00,2026-09-16 03:20:00-04:00
1789543500000,708.0,708.04,707.93,707.97,374.0,264786.33,264786.33,2026-09-16 07:25:00+00:00,2026-09-16 03:25:00-04:00
1789543800000,708.05,708.22,707.9,708.02,110.0,77891.04,77891.04,2026-09-16 07:30:00+00:00,2026-09-16 03:30:00-04:00
1789544100000,708.01,708.01,707.7,707.7,188.0,133073.53,133073.53,2026-09-16 07:35:00+00:00,2026-09-16 03:35:00-04:00
1789544400000,707.75,707.75,707.51,707.51,8115.0,5741544.29,5741544.29,2026-09-16 07:40:00+00:00,2026-09-16 03:40:00-04:00
1789544700000,707.57,707.7,707.54,707.6,3334.0,2359106.36,2359106.36,2026-09-16 07:45:00+00:00,2026-09-16 03:45:00-04:00
1789545000000,707.54,707.54,707.36,707.36,2196.0,1553578.46,1553578.46,2026-09-16 07:50:00+00:00,2026-09-16 03:50:00-04:00
1789545300000,707.7,707.7,707.52,707.52,715.0,506003.7,506003.7,2026-09-16 07:55:00+00:00,2026-09-16 03:55:00-04:00
1789545600000,706.2,708.21,704.54,707.0587,9731.0,6880266.2528,6880266.2528,2026-09-16 08:00:00+00:00,2026-09-16 04:00:00-04:00
1789545900000,707.0,708.04,705.73,706.98,12381.978865,8754356.22504776,8754356.22504776,2026-09-16 08:05:00+00:00,2026-09-16 04:05:00-04:00
1789546200000,706.921,707.08,706.585,706.99,454.0,320879.2746,320879.2746,2026-09-16 08:10:00+00:00,2026-09-16 04:10:00-04:00
1789546500000,707.12,707.73,706.9987,707.2177,1864.0,1318571.2007,1318571.2007,2026-09-16 08:15:00+00:00,2026-09-16 04:15:00-04:00
1789546800000,707.33,707.5,706.85,706.87,1313.558582,928883.6669222644,928883.6669222644,2026-09-16 08:20:00+00:00,2026-09-16 04:20:00-04:00
1789547100000,706.818,706.94,706.7487,706.85,722.84745,510888.306812775,510888.306812775,2026-09-16 08:25:00+00:00,2026-09-16 04:25:00-04:00
1789547400000,707.09,707.45,707.02,707.0882,863.0,610399.2609,610399.2609,2026-09-16 08:30:00+00:00,2026-09-16 04:30:00-04:00
1789547700000,707.1487,707.2185,706.64,706.64,1849.6243,1307513.07076516,1307513.07076516,2026-09-16 08:35:00+00:00,2026-09-16 04:35:00-04:00
1789548000000,706.62,707.0282,706.56,706.996,4566.723305,3227249.501753628,3227249.50175362814665815,2026-09-16 08:40:00+00:00,2026-09-16 04:40:00-04:00
1789548300000,707.0422,707.19,707.04,707.1115,872.87981,617207.955556273,617207.955556273,2026-09-16 08:45:00+00:00,2026-09-16 04:45:00-04:00
1789548600000,706.96,707.5,706.9315,707.49,1942.001428,1373531.926231597,1373531.9262315972,2026-09-16 08:50:00+00:00,2026-09-16 04:50:00-04:00
1789548900000,707.4474,707.67,707.43,707.66,2224.052872,1573495.301567612,1573495.301567612,2026-09-16 08:55:00+00:00,2026-09-16 04:55:00-04:00
1789549200000,707.7085,707.79,707.479,707.7434,3455.782453,2445426.303250768,2445426.3032507678,2026-09-16 09:00:00+00:00,2026-09-16 05:00:00-04:00
1789549500000,707.8,707.88,707.5115,707.6987,5745.658431,4066134.336080901,4066134.3360809004,2026-09-16 09:05:00+00:00,2026-09-16 05:05:00-04:00
1789549800000,707.6315,707.7285,707.3,707.3,780.0,551872.9886,551872.9886,2026-09-16 09:10:00+00:00,2026-09-16 05:10:00-04:00
1789550100000,707.3,707.36,706.88,706.88,255.0,180323.5669,180323.5669,2026-09-16 09:15:00+00:00,2026-09-16 05:15:00-04:00
1789550400000,706.85,707.13,706.85,707.01,970.0,685792.3882,685792.3882,2026-09-16 09:20:00+00:00,2026-09-16 05:20:00-04:00
1789550700000,706.9915,707.6117,706.9915,707.3082,2371.0,1677537.6142,1677537.6142,2026-09-16 09:25:00+00:00,2026-09-16 05:25:00-04:00
1789551000000,707.2738,707.5487,707.2149,707.501,1221.833264,864332.9701247456,864332.9701247456,2026-09-16 09:30:00+00:00,2026-09-16 05:30:00-04:00
1789551300000,707.44,707.71,707.42,707.71,609.168614,430982.271707176,430982.271707176,2026-09-16 09:35:00+00:00,2026-09-16 05:35:00-04:00
1789551600000,707.66,708.11,707.66,707.9,6886.002331,4874936.99058856,4874936.99058855968765913,2026-09-16 09:40:00+00:00,2026-09-16 05:40:00-04:00
1789551900000,707.93,707.95,707.6,707.73,1112.0,787082.779,787082.779,2026-09-16 09:45:00+00:00,2026-09-16 05:45:00-04:00
1789552200000,707.79,708.0428,707.7882,708.0,465.0,329171.166,329171.166,2026-09-16 09:50:00+00:00,2026-09-16 05:50:00-04:00
1789552500000,708.0185,708.13,707.9,707.9,399.0,282513.3541,282513.3541,2026-09-16 09:55:00+00:00,2026-09-16 05:55:00-04:00
1789552800000,707.84,708.0,707.5,707.5,2333.381918,1651692.786693562,1651692.786693562,2026-09-16 10:00:00+00:00,2026-09-16 06:00:00-04:00
1789553100000,707.5,707.73,707.35,707.7287,9828.727346,6954007.621723636,6954007.6217236356,2026-09-16 10:05:00+00:00,2026-09-16 06:05:00-04:00
1789553400000,707.8012,707.8085,707.35,707.6682,3709.971168,2625775.1806551777,2625775.1806551776,2026-09-16 10:10:00+00:00,2026-09-16 06:10:00-04:00
1789553700000,707.6115,707.78,707.4712,707.7,922.0,652462.4422,652462.4422,2026-09-16 10:15:00+00:00,2026-09-16 06:15:00-04:00
1789554000000,707.69,707.78,707.4915,707.605,2020.1499,1429677.31050315,1429677.31050315,2026-09-16 10:20:00+00:00,2026-09-16 06:20:00-04:00
1789554300000,707.5615,707.7688,707.5212,707.7685,1152.209923,815362.006526263,815362.006526263,2026-09-16 10:25:00+00:00,2026-09-16 06:25:00-04:00
1789554600000,707.7017,707.8,707.6715,707.7285,640.0,452981.3508,452981.3508,2026-09-16 10:30:00+00:00,2026-09-16 06:30:00-04:00
1789554900000,707.72,707.9187,707.7,707.9187,1425.0,1008594.4724,1008594.4724,2026-09-16 10:35:00+00:00,2026-09-16 06:35:00-04:00
1789555200000,707.8992,707.9687,707.8115,707.9387,507.06739,358964.815256612,358964.815256612,2026-09-16 10:40:00+00:00,2026-09-16 06:40:00-04:00
1789555500000,707.83,707.87,707.6907,707.7687,170.0,120320.2464,120320.2464,2026-09-16 10:45:00+00:00,2026-09-16 06:45:00-04:00
1789555800000,707.77,707.77,707.62,707.62,1191.15,843035.85326,843035.85326,2026-09-16 10:50:00+00:00,2026-09-16 06:50:00-04:00
1789556100000,707.6387,708.3,707.6,708.25,11307.0,8002608.6674,8002608.6674,2026-09-16 10:55:00+00:00,2026-09-16 06:55:00-04:00
1789556400000,708.29,708.75,704.54,708.14,62231.919509,44071418.82732946,44071418.8273294596,2026-09-16 11:00:00+00:00,2026-09-16 07:00:00-04:00
1789556700000,708.1686,708.25,707.8,708.2091,19438.822131,13762270.164719231,13762270.1647192333,2026-09-16 11:05:00+00:00,2026-09-16 07:05:00-04:00
1789557000000,708.1286,708.165,707.65,707.67,15574.209259,11027026.142792713,11027026.1427927116,2026-09-16 11:10:00+00:00,2026-09-16 07:10:00-04:00
1789557300000,707.67,707.8,707.4633,707.75,2814.0,1991237.3671,1991237.3671,2026-09-16 11:15:00+00:00,2026-09-16 07:15:00-04:00
1789557600000,707.68,707.8282,707.52,707.73,24821.394214,17565297.64729158,17565297.647291578,2026-09-16 11:20:00+00:00,2026-09-16 07:20:00-04:00
1789557900000,707.73,707.9987,707.7,707.82,33722.894487,23870410.472709727,23870410.4727097324843206,2026-09-16 11:25:00+00:00,2026-09-16 07:25:00-04:00
1789558200000,707.82,708.15,707.7713,708.03,45721.613188,32365154.085597448,32365154.0855974483685904,2026-09-16 11:30:00+00:00,2026-09-16 07:30:00-04:00
1789558500000,708.03,708.23,707.95,708.17,49098.214868,34764296.794619575,34764296.794619578059719,2026-09-16 11:35:00+00:00,2026-09-16 07:35:00-04:00
1789558800000,708.2368,708.67,707.9085,708.539,6189.0,4384043.2246,4384043.2246,2026-09-16 11:40:00+00:00,2026-09-16 07:40:00-04:00
1789559100000,708.5588,708.63,708.44,708.46,882.0,624923.1988,624923.1988,2026-09-16 11:45:00+00:00,2026-09-16 07:45:00-04:00
1789559400000,708.4967,708.61,708.4387,708.54,11979.614256,8487337.730969705,8487337.730969704,2026-09-16 11:50:00+00:00,2026-09-16 07:50:00-04:00
1789559700000,708.55,708.66,708.3811,708.66,8878.324274,6290793.745666788,6290793.7456667878,2026-09-16 11:55:00+00:00,2026-09-16 07:55:00-04:00
1789560000000,708.64,709.0,705.068,708.8095,19433.547153,13773741.840086615,13773741.8400866144,2026-09-16 12:00:00+00:00,2026-09-16 08:00:00-04:00
1789560300000,708.87,709.21,708.7477,709.12,3366.0,2386336.3274,2386336.3274,2026-09-16 12:05:00+00:00,2026-09-16 08:05:00-04:00
1789560600000,709.12,709.12,708.82,708.85,4709.039548,3338860.164717875,3338860.1647178748,2026-09-16 12:10:00+00:00,2026-09-16 08:10:00-04:00
1789560900000,708.83,709.01,708.8,709.01,7342.305340000001,5205108.339289258,5205108.3392892587089287,2026-09-16 12:15:00+00:00,2026-09-16 08:15:00-04:00
1789561200000,709.08,709.12,708.89,708.89,29194.692588,20698685.957280945,20698685.957280944,2026-09-16 12:20:00+00:00,2026-09-16 08:20:00-04:00
1789561500000,708.9468,709.12,708.81,709.0,2365.0,1676671.071,1676671.071,2026-09-16 12:25:00+00:00,2026-09-16 08:25:00-04:00
1789561800000,709.0,709.0633,708.4,708.5885,8134.0,5764125.6325,5764125.6325,2026-09-16 12:30:00+00:00,2026-09-16 08:30:00-04:00
1789562100000,708.55,708.61,707.7034,707.89,7972.0,5645397.6999,5645397.6999,2026-09-16 12:35:00+00:00,2026-09-16 08:35:00-04:00
1789562400000,707.96,707.96,707.52,707.56,14025.992043,9927901.524302797,9927901.5243027974,2026-09-16 12:40:00+00:00,2026-09-16 08:40:00-04:00
1789562700000,707.56,708.2,704.54,708.2,15187.7564,10747081.72747972,10747081.72747972,2026-09-16 12:45:00+00:00,2026-09-16 08:45:00-04:00
1789563000000,708.19,708.4187,707.8,707.8315,15151.049358,10729955.621300848,10729955.6213008492,2026-09-16 12:50:00+00:00,2026-09-16 08:50:00-04:00
1789563300000,707.77,708.43,707.71,708.41,2335.0,1653148.4538,1653148.4538,2026-09-16 12:55:00+00:00,2026-09-16 08:55:00-04:00
1789563600000,708.28,708.58,707.45,707.5,8935.0,6325245.2384,6325245.2384,2026-09-16 13:00:00+00:00,2026-09-16 09:00:00-04:00
1789563900000,707.5077,708.08,707.5077,708.08,6278.838578,4443525.863341345,4443525.8633413454,2026-09-16 13:05:00+00:00,2026-09-16 09:05:00-04:00
1789564200000,708.08,708.4,707.94,708.3679,5633.987269,3989598.597374711,3989598.5973747108,2026-09-16 13:10:00+00:00,2026-09-16 09:10:00-04:00
1789564500000,708.36,708.36,707.9317,708.03,8210.199117999999,5814734.70352394,5814734.70352394064587525,2026-09-16 13:15:00+00:00,2026-09-16 09:15:00-04:00
1789564800000,707.98,708.66,707.9515,708.2001,17119.604207,12127022.226900162,12127022.2269001626,2026-09-16 13:20:00+00:00,2026-09-16 09:20:00-04:00
1789565100000,708.26,708.35,708.04,708.04,4216.0,2985793.8539,2985793.8539,2026-09-16 13:25:00+00:00,2026-09-16 09:25:00-04:00
1789565400000,708.06,708.79,707.885,708.45,657753.0,465872990.9906,465872990.9906,2026-09-16 13:30:00+00:00,2026-09-16 09:30:00-04:00
1789565700000,708.35,708.582,707.65,708.12,634047.0,448996965.2135,448996965.2135,2026-09-16 13:35:00+00:00,2026-09-16 09:35:00-04:00
1789566000000,708.11,708.81,708.02,708.39,267209.0,189292142.2319,189292142.2319,2026-09-16 13:40:00+00:00,2026-09-16 09:40:00-04:00
1789566300000,708.4,709.82,708.35,709.77,397574.0,281954313.6401,281954313.6401,2026-09-16 13:45:00+00:00,2026-09-16 09:45:00-04:00
1789566600000,709.77,710.14,709.59,709.795,311149.0,220875898.7536,220875898.7536,2026-09-16 13:50:00+00:00,2026-09-16 09:50:00-04:00
1789566900000,709.81,710.25,709.65,710.21,206181.0,146372430.168,146372430.168,2026-09-16 13:55:00+00:00,2026-09-16 09:55:00-04:00
1789567200000,710.22,710.27,709.04,709.14,312951.0,222085572.3887,222085572.3887,2026-09-16 14:00:00+00:00,2026-09-16 10:00:00-04:00
1789567500000,709.15,709.92,708.91,709.6099,260695.0,184940106.6662,184940106.6662,2026-09-16 14:05:00+00:00,2026-09-16 10:05:00-04:00
1789567800000,709.595,709.76,708.75,709.52,235496.0,167046772.5541,167046772.5541,2026-09-16 14:10:00+00:00,2026-09-16 10:10:00-04:00
1789568100000,709.49,710.1399,709.37,709.97,186488.0,132376808.3481,132376808.3481,2026-09-16 14:15:00+00:00,2026-09-16 10:15:00-04:00
1789568400000,709.94,710.09,709.65,709.81,181380.0,128758104.4143,128758104.4143,2026-09-16 14:20:00+00:00,2026-09-16 10:20:00-04:00
1789568700000,709.83,709.87,709.395,709.5801,137497.0,97571800.2631,97571800.2631,2026-09-16 14:25:00+00:00,2026-09-16 10:25:00-04:00
1789569000000,709.565,709.7197,709.225,709.43,160196.25706,113653173.86401048,113653173.864010482,2026-09-16 14:30:00+00:00,2026-09-16 10:30:00-04:00
1789569300000,709.41,709.49,708.95,709.24,139890.0,99219150.2836,99219150.2836,2026-09-16 14:35:00+00:00,2026-09-16 10:35:00-04:00
1789569600000,709.201,709.89,709.201,709.89,183686.0,130339512.0424,130339512.0424,2026-09-16 14:40:00+00:00,2026-09-16 10:40:00-04:00
1789569900000,709.8896,710.08,709.54,709.69,320371.720054,227421052.98267,227421052.982669993200738,2026-09-16 14:45:00+00:00,2026-09-16 10:45:00-04:00
1789570200000,709.69,710.035,709.52,709.8399,110041.0,78102856.0142,78102856.0142,2026-09-16 14:50:00+00:00,2026-09-16 10:50:00-04:00
1789570500000,709.85,710.73,709.76,710.6579,158719.0,112716730.0174,112716730.0174,2026-09-16 14:55:00+00:00,2026-09-16 10:55:00-04:00
1789570800000,710.72,711.03,710.35,710.75,176032.0,125121623.1459,125121623.1459,2026-09-16 15:00:00+00:00,2026-09-16 11:00:00-04:00
1789571100000,710.74,711.55,710.52,711.42,218229.0,155176641.5927,155176641.5927,2026-09-16 15:05:00+00:00,2026-09-16 11:05:00-04:00
1789571400000,711.41,711.5,710.92,711.28,225034.0,160060736.1699,160060736.1699,2026-09-16 15:10:00+00:00,2026-09-16 11:10:00-04:00
1789571700000,711.311,711.311,710.62,710.91,140096.193742,99590107.0051173,99590107.0051172894,2026-09-16 15:15:00+00:00,2026-09-16 11:15:00-04:00
1789572000000,710.9,711.095,710.72,711.095,107169.239074,76183987.33464286,76183987.3346428612,2026-09-16 15:20:00+00:00,2026-09-16 11:20:00-04:00
