ts,open,high,low,close,vol,quoteVol,col7,dt_utc,dt_et
1785952800000,721.1,721.545,720.09,720.1,2344374.1284410004,1689981944.8468785,1689981944.84687864,2026-08-05 18:00:00+00:00,2026-08-05 14:00:00-04:00
1785956400000,720.15,721.37,716.945,717.29,4874978.600319999,3509309895.192115,3509309895.19211499,2026-08-05 19:00:00+00:00,2026-08-05 15:00:00-04:00
1785960000000,717.196,717.45,715.47,716.909,3127835.513651,2241685958.1427217,2241685958.1427216611,2026-08-05 20:00:00+00:00,2026-08-05 16:00:00-04:00
1785963600000,717.1,717.298,715.565,715.87,487603.26955100015,349567464.9324997,349567464.9324997,2026-08-05 21:00:00+00:00,2026-08-05 17:00:00-04:00
1785967200000,716.61,718.917,716.007,717.71,281207.44100199995,201797581.0656303,201797581.06563029,2026-08-05 22:00:00+00:00,2026-08-05 18:00:00-04:00
1785970800000,717.5,718.179,716.308,716.51,108978.273857,78164656.02610587,78164656.02610587,2026-08-05 23:00:00+00:00,2026-08-05 19:00:00-04:00
1785974400000,716.76,717.31,715.62,715.76,51906.0,37185865.7,37185865.7,2026-08-06 00:00:00+00:00,2026-08-05 20:00:00-04:00
1785978000000,715.61,715.61,713.63,714.7,36562.0,26129993.13,26129993.13,2026-08-06 01:00:00+00:00,2026-08-05 21:00:00-04:00
1785981600000,714.68,717.66,714.56,716.92,30487.0,21832066.57,21832066.57,2026-08-06 02:00:00+00:00,2026-08-05 22:00:00-04:00
1785985200000,716.85,717.31,715.45,716.71,9965.0,7136623.4,7136623.4,2026-08-06 03:00:00+00:00,2026-08-05 23:00:00-04:00
1785988800000,716.6,717.15,715.69,716.44,10793.0,7732653.96,7732653.96,2026-08-06 04:00:00+00:00,2026-08-06 00:00:00-04:00
1785992400000,716.6,717.0,715.88,716.72,6512.0,4665521.83,4665521.83,2026-08-06 05:00:00+00:00,2026-08-06 01:00:00-04:00
1785996000000,716.48,716.48,714.43,715.16,27063.0,19354729.16,19354729.16,2026-08-06 06:00:00+00:00,2026-08-06 02:00:00-04:00
1785999600000,715.35,716.27,714.76,714.96,16028.0,11467518.69,11467518.69,2026-08-06 07:00:00+00:00,2026-08-06 03:00:00-04:00
1786003200000,715.02,716.293,713.481,715.0,233557.75655099997,166932673.86907557,166932673.86907556,2026-08-06 08:00:00+00:00,2026-08-06 04:00:00-04:00
1786006800000,715.02,715.496,713.386,715.36,76693.739772,54789355.79632874,54789355.79632874,2026-08-06 09:00:00+00:00,2026-08-06 05:00:00-04:00
1786010400000,715.33,715.582,714.027,714.06,75637.80046399999,54055461.75520316,54055461.75520316,2026-08-06 10:00:00+00:00,2026-08-06 06:00:00-04:00
1786014000000,714.39,715.08,711.564,713.85,470954.310395,335947062.7152724,335947062.71527241,2026-08-06 11:00:00+00:00,2026-08-06 07:00:00-04:00
1786017600000,713.9,714.059,712.13,712.27,401023.888487,285949682.6617669,285949682.66176686,2026-08-06 12:00:00+00:00,2026-08-06 08:00:00-04:00
1786021200000,712.22,716.01,708.56,715.47,5553621.971347001,3959302059.867632,3959302059.86763232,2026-08-06 13:00:00+00:00,2026-08-06 09:00:00-04:00
1786024800000,715.506,718.84,714.58,718.57,8054336.949273,5775967112.449212,5775967112.449212312237169,2026-08-06 14:00:00+00:00,2026-08-06 10:00:00-04:00
1786028400000,718.586,719.3,715.0,715.17,5133902.510395,3682096564.768564,3682096564.768564095,2026-08-06 15:00:00+00:00,2026-08-06 11:00:00-04:00
1786032000000,715.16,716.16,713.686,716.125,4710476.57989,3366593987.9855967,3366593987.985596777,2026-08-06 16:00:00+00:00,2026-08-06 12:00:00-04:00
1786035600000,716.15,716.57,714.62,715.38,1972322.1135680005,1411217378.872308,1411217378.87230804,2026-08-06 17:00:00+00:00,2026-08-06 13:00:00-04:00
1786039200000,715.58,716.55,714.65,715.055,2922012.444229,2090866166.3539264,2090866166.35392627,2026-08-06 18:00:00+00:00,2026-08-06 14:00:00-04:00
1786042800000,715.11,716.39,714.14,714.6,5039787.713086999,3604127578.240928,3604127578.24092841,2026-08-06 19:00:00+00:00,2026-08-06 15:00:00-04:00
1786046400000,714.671,715.91,714.3,714.797,2626769.350756,1878444184.5399327,1878444184.5399326699,2026-08-06 20:00:00+00:00,2026-08-06 16:00:00-04:00
1786050000000,715.01,715.219,714.735,715.01,214207.879416,153160068.9752321,153160068.97523207,2026-08-06 21:00:00+00:00,2026-08-06 17:00:00-04:00
1786053600000,715.84,716.584,714.746,715.93,574151.0751989998,410920785.74653697,410920785.74653696,2026-08-06 22:00:00+00:00,2026-08-06 18:00:00-04:00
1786057200000,716.44,717.183,716.119,717.06,93541.232225,67038587.7718661,67038587.7718661,2026-08-06 23:00:00+00:00,2026-08-06 19:00:00-04:00
1786060800000,717.8,717.8,714.99,716.55,26458.0,18947226.66,18947226.66,2026-08-07 00:00:00+00:00,2026-08-06 20:00:00-04:00
1786064400000,716.54,716.91,714.62,715.71,24890.0,17812487.24,17812487.24,2026-08-07 01:00:00+00:00,2026-08-06 21:00:00-04:00
1786068000000,715.61,716.13,714.49,715.69,14898.0,10658913.49,10658913.49,2026-08-07 02:00:00+00:00,2026-08-06 22:00:00-04:00
1786071600000,715.68,716.09,714.68,714.69,20963.0,14992210.51,14992210.51,2026-08-07 03:00:00+00:00,2026-08-06 23:00:00-04:00
1786075200000,714.71,715.54,713.92,715.17,17246.0,12329892.45,12329892.45,2026-08-07 04:00:00+00:00,2026-08-07 00:00:00-04:00
1786078800000,715.23,716.31,715.23,715.59,10537.0,7543713.13,7543713.13,2026-08-07 05:00:00+00:00,2026-08-07 01:00:00-04:00
1786082400000,715.59,716.82,715.55,716.25,19502.0,13967157.89,13967157.89,2026-08-07 06:00:00+00:00,2026-08-07 02:00:00-04:00
1786086000000,716.31,717.21,715.84,716.95,18814.0,13482132.52,13482132.52,2026-08-07 07:00:00+00:00,2026-08-07 03:00:00-04:00
1786089600000,717.21,718.489,717.031,718.3,180868.296254,129783095.013176,129783095.01317599,2026-08-07 08:00:00+00:00,2026-08-07 04:00:00-04:00
1786093200000,718.239,718.571,717.847,717.869,72406.951988,52007523.27083652,52007523.270836516,2026-08-07 09:00:00+00:00,2026-08-07 05:00:00-04:00
1786096800000,717.87,718.084,717.266,717.58,37108.116735,26631727.24269309,26631727.24269309,2026-08-07 10:00:00+00:00,2026-08-07 06:00:00-04:00
1786100400000,718.39,719.096,717.579,717.96,168825.47311799997,121305475.01503672,121305475.01503673,2026-08-07 11:00:00+00:00,2026-08-07 07:00:00-04:00
1786104000000,718.07,723.78,717.612,723.24,974647.750682,703092466.499507,703092466.49950698,2026-08-07 12:00:00+00:00,2026-08-07 08:00:00-04:00
1786107600000,723.264,723.364,718.5,719.279,3484913.932319,2510697628.356064,2510697628.3560639858,2026-08-07 13:00:00+00:00,2026-08-07 09:00:00-04:00
1786111200000,719.286,721.64,716.5,720.153,5969568.662562,4295476297.804795,4295476297.8047950018,2026-08-07 14:00:00+00:00,2026-08-07 10:00:00-04:00
1786114800000,720.27,723.5,720.02,722.47,6002640.467103,4334781601.306175,4334781601.3061752291,2026-08-07 15:00:00+00:00,2026-08-07 11:00:00-04:00
1786118400000,722.53,722.91,719.075,720.71,3104597.240878,2239301904.564481,2239301904.56448093,2026-08-07 16:00:00+00:00,2026-08-07 12:00:00-04:00
1786122000000,720.73,721.38,720.39,720.82,1760576.2491340002,1269190439.06183,1269190439.06183016,2026-08-07 17:00:00+00:00,2026-08-07 13:00:00-04:00
1786125600000,720.855,721.04,719.23,720.17,2999230.68778,2159535149.6023912,2159535149.602391038190894,2026-08-07 18:00:00+00:00,2026-08-07 14:00:00-04:00
1786129200000,720.201,723.64,720.201,723.02,6396737.359948,4619607034.125028,4619607034.125027221464736,2026-08-07 19:00:00+00:00,2026-08-07 15:00:00-04:00
1786132800000,723.31,723.325,722.268,722.61,2307418.878518,1667622386.720286,1667622386.720286,2026-08-07 20:00:00+00:00,2026-08-07 16:00:00-04:00
1786136400000,722.93,723.101,722.644,722.98,196425.80036000008,141988039.7669491,141988039.76694908,2026-08-07 21:00:00+00:00,2026-08-07 17:00:00-04:00
1786140000000,722.9,722.925,722.691,722.81,15571.500396999996,11255768.74726914,11255768.74726914,2026-08-07 22:00:00+00:00,2026-08-07 18:00:00-04:00
1786143600000,722.771,723.375,722.6,723.265,57817.243551,41799750.20938592,41799750.2093859205,2026-08-07 23:00:00+00:00,2026-08-07 19:00:00-04:00
1786147200000,723.95,723.95,723.79,723.79,0.0614,44.446882,44.446882,2026-08-08 00:00:00+00:00,2026-08-07 20:00:00-04:00
1786150800000,724.05,724.05,724.05,724.05,0.0386,27.94833,27.94833,2026-08-08 01:00:00+00:00,2026-08-07 21:00:00-04:00
1786154400000,723.79,724.17,723.79,724.17,14.1074,10211.796727,10211.796727,2026-08-08 02:00:00+00:00,2026-08-07 22:00:00-04:00
1786158000000,724.17,724.17,724.17,724.17,0.0386,27.952962,27.952962,2026-08-08 03:00:00+00:00,2026-08-07 23:00:00-04:00
1786161600000,724.17,724.17,723.75,723.77,1.3129,950.421653,950.421653,2026-08-08 04:00:00+00:00,2026-08-08 00:00:00-04:00
1786165200000,724.17,724.17,724.17,724.17,0.1525,110.435925,110.435925,2026-08-08 05:00:00+00:00,2026-08-08 01:00:00-04:00
1786168800000,723.77,723.77,720.95,721.05,74.1024,53496.09091,53496.09091,2026-08-08 06:00:00+00:00,2026-08-08 02:00:00-04:00
1786172400000,720.91,721.05,720.49,721.05,0.8828,636.313964,636.313964,2026-08-08 07:00:00+00:00,2026-08-08 03:00:00-04:00
1786176000000,720.49,721.05,720.4,721.05,0.7571,545.556736,545.556736,2026-08-08 08:00:00+00:00,2026-08-08 04:00:00-04:00
1786179600000,721.05,721.05,721.05,721.05,0.0679,48.959295,48.959295,2026-08-08 09:00:00+00:00,2026-08-08 05:00:00-04:00
1786183200000,721.05,721.05,721.05,721.05,0.0388,27.97674,27.97674,2026-08-08 10:00:00+00:00,2026-08-08 06:00:00-04:00
1786186800000,721.05,721.05,721.05,721.05,0.0388,27.97674,27.97674,2026-08-08 11:00:00+00:00,2026-08-08 07:00:00-04:00
1786190400000,721.05,721.05,721.05,721.05,2.6668,1922.89614,1922.89614,2026-08-08 12:00:00+00:00,2026-08-08 08:00:00-04:00
1786194000000,721.05,721.05,720.32,721.05,0.1884,135.756833,135.756833,2026-08-08 13:00:00+00:00,2026-08-08 09:00:00-04:00
1786197600000,721.05,721.05,720.78,721.05,0.6721,484.578987,484.578987,2026-08-08 14:00:00+00:00,2026-08-08 10:00:00-04:00
1786201200000,721.05,721.05,721.05,721.05,0.1012,72.97026,72.97026,2026-08-08 15:00:00+00:00,2026-08-08 11:00:00-04:00
1786204800000,721.05,721.05,720.71,721.05,1.3155,948.201445,948.201445,2026-08-08 16:00:00+00:00,2026-08-08 12:00:00-04:00
1786208400000,721.05,721.05,721.05,721.05,0.0878,63.30819,63.30819,2026-08-08 17:00:00+00:00,2026-08-08 13:00:00-04:00
1786212000000,721.05,721.1,721.05,721.1,0.5774,416.344255,416.344255,2026-08-08 18:00:00+00:00,2026-08-08 14:00:00-04:00
1786215600000,721.1,721.14,721.1,721.14,5.5034,3968.552368,3968.552368,2026-08-08 19:00:00+00:00,2026-08-08 15:00:00-04:00
1786219200000,721.14,721.14,721.14,721.14,0.2793,201.414402,201.414402,2026-08-08 20:00:00+00:00,2026-08-08 16:00:00-04:00
1786222800000,721.14,721.3,721.14,721.3,3.8171,2752.72143,2752.72143,2026-08-08 21:00:00+00:00,2026-08-08 17:00:00-04:00
1786226400000,721.3,721.3,721.3,721.3,0.0388,27.98644,27.98644,2026-08-08 22:00:00+00:00,2026-08-08 18:00:00-04:00
1786230000000,721.3,721.3,721.3,721.3,0.0388,27.98644,27.98644,2026-08-08 23:00:00+00:00,2026-08-08 19:00:00-04:00
1786233600000,721.3,721.3,721.3,721.3,0.5465,394.19045,394.19045,2026-08-09 00:00:00+00:00,2026-08-08 20:00:00-04:00
1786237200000,721.3,721.3,721.3,721.3,0.9988,720.43444,720.43444,2026-08-09 01:00:00+00:00,2026-08-08 21:00:00-04:00
1786240800000,721.3,721.3,721.3,721.3,1.5134,1091.61542,1091.61542,2026-08-09 02:00:00+00:00,2026-08-08 22:00:00-04:00
1786244400000,721.3,721.3,721.3,721.3,0.2793,201.45909,201.45909,2026-08-09 03:00:00+00:00,2026-08-08 23:00:00-04:00
1786248000000,721.3,721.3,720.94,721.3,2.8715,2070.747578,2070.747578,2026-08-09 04:00:00+00:00,2026-08-09 00:00:00-04:00
1786251600000,721.3,721.3,721.3,721.3,0.0388,27.98644,27.98644,2026-08-09 05:00:00+00:00,2026-08-09 01:00:00-04:00
1786255200000,720.91,721.3,720.91,721.3,0.0665,47.955647,47.955647,2026-08-09 06:00:00+00:00,2026-08-09 02:00:00-04:00
1786258800000,721.3,721.3,721.02,721.3,0.6108,440.5657,440.5657,2026-08-09 07:00:00+00:00,2026-08-09 03:00:00-04:00
1786262400000,721.3,721.3,721.02,721.02,1.2183,878.490178,878.490178,2026-08-09 08:00:00+00:00,2026-08-09 04:00:00-04:00
1786266000000,721.3,721.3,720.91,720.91,0.0336,24.229557,24.229557,2026-08-09 09:00:00+00:00,2026-08-09 05:00:00-04:00
1786269600000,721.3,721.34,720.48,720.59,3.8254,2757.342451,2757.342451,2026-08-09 10:00:00+00:00,2026-08-09 06:00:00-04:00
1786273200000,720.59,720.59,720.59,720.59,0.0388,27.958892,27.958892,2026-08-09 11:00:00+00:00,2026-08-09 07:00:00-04:00
1786276800000,720.59,720.59,720.59,720.59,0.0665,47.919235,47.919235,2026-08-09 12:00:00+00:00,2026-08-09 08:00:00-04:00
1786280400000,720.59,721.24,720.19,721.24,3.3754,2433.294147,2433.294147,2026-08-09 13:00:00+00:00,2026-08-09 09:00:00-04:00
1786284000000,721.24,721.24,721.24,721.24,1.3594,980.453656,980.453656,2026-08-09 14:00:00+00:00,2026-08-09 10:00:00-04:00
1786287600000,721.24,721.24,720.91,721.24,0.4393,316.715909,316.715909,2026-08-09 15:00:00+00:00,2026-08-09 11:00:00-04:00
1786291200000,721.24,721.24,721.24,721.24,0.2328,167.904672,167.904672,2026-08-09 16:00:00+00:00,2026-08-09 12:00:00-04:00
1786294800000,721.24,721.24,721.24,721.24,0.0388,27.984112,27.984112,2026-08-09 17:00:00+00:00,2026-08-09 13:00:00-04:00
1786298400000,721.24,722.16,721.24,722.16,22.8425,16482.251928,16482.251928,2026-08-09 18:00:00+00:00,2026-08-09 14:00:00-04:00
1786302000000,722.16,722.16,722.16,722.16,0.0663,47.879208,47.879208,2026-08-09 19:00:00+00:00,2026-08-09 15:00:00-04:00
1786305600000,721.85,722.31,721.85,722.31,5.0332,3633.233222,3633.233222,2026-08-09 20:00:00+00:00,2026-08-09 16:00:00-04:00
1786309200000,722.31,722.31,720.86,721.24,7.1951,5190.160297,5190.160297,2026-08-09 21:00:00+00:00,2026-08-09 17:00:00-04:00
1786312800000,721.24,721.24,719.84,720.22,3.1705,2284.818133,2284.818133,2026-08-09 22:00:00+00:00,2026-08-09 18:00:00-04:00
1786316400000,720.22,720.22,720.22,720.22,0.1755,126.39861,126.39861,2026-08-09 23:00:00+00:00,2026-08-09 19:00:00-04:00
1786320000000,723.01,724.76,721.43,722.25,55113.0,39867142.08,39867142.08,2026-08-10 00:00:00+00:00,2026-08-09 20:00:00-04:00
1786323600000,722.36,724.52,722.11,724.29,43936.0,31784697.93000001,31784697.93000001,2026-08-10 01:00:00+00:00,2026-08-09 21:00:00-04:00
1786327200000,724.36,724.62,723.51,724.36,21427.0,15516556.36,15516556.36,2026-08-10 02:00:00+00:00,2026-08-09 22:00:00-04:00
1786330800000,724.19,724.61,723.99,724.18,14027.0,10159993.47,10159993.47,2026-08-10 03:00:00+00:00,2026-08-09 23:00:00-04:00
1786334400000,724.19,724.76,723.9,724.25,12722.0,9215920.79,9215920.79,2026-08-10 04:00:00+00:00,2026-08-10 00:00:00-04:00
1786338000000,724.18,725.39,724.18,725.38,18461.0,13382725.56,13382725.56,2026-08-10 05:00:00+00:00,2026-08-10 01:00:00-04:00
1786341600000,725.39,726.19,724.87,724.93,27410.0,19884971.06,19884971.06,2026-08-10 06:00:00+00:00,2026-08-10 02:00:00-04:00
1786345200000,724.87,726.67,724.45,725.92,22179.0,16096489.97,16096489.97,2026-08-10 07:00:00+00:00,2026-08-10 03:00:00-04:00
1786348800000,726.0,726.597,723.268,726.38,186606.975004,135485061.16677916,135485061.16677917,2026-08-10 08:00:00+00:00,2026-08-10 04:00:00-04:00
1786352400000,726.48,726.697,725.614,725.63,53386.71970399998,38773429.17567864,38773429.17567864,2026-08-10 09:00:00+00:00,2026-08-10 05:00:00-04:00
1786356000000,725.72,726.096,724.97,724.97,103260.33906,74907858.63534644,74907858.63534644,2026-08-10 10:00:00+00:00,2026-08-10 06:00:00-04:00
1786359600000,725.16,725.208,723.432,724.01,280530.97519800003,203215824.89360315,203215824.89360315,2026-08-10 11:00:00+00:00,2026-08-10 07:00:00-04:00
1786363200000,723.83,724.264,721.633,721.72,215119.102022,155462122.0658875,155462122.06588753,2026-08-10 12:00:00+00:00,2026-08-10 08:00:00-04:00
1786366800000,721.91,723.19,720.405,722.47,3607302.411575,2604454304.645092,2604454304.64509213,2026-08-10 13:00:00+00:00,2026-08-10 09:00:00-04:00
1786370400000,722.47,724.67,721.76,721.8,7046390.671889,5098951869.642244,5098951869.642244639650204,2026-08-10 14:00:00+00:00,2026-08-10 10:00:00-04:00
1786374000000,721.8,723.55,720.96,723.345,3409631.474084,2462307804.2017283,2462307804.2017283204,2026-08-10 15:00:00+00:00,2026-08-10 11:00:00-04:00
1786377600000,723.349,723.64,720.6,721.734,4312999.320551,3114120170.379605,3114120170.3796051065,2026-08-10 16:00:00+00:00,2026-08-10 12:00:00-04:00
1786381200000,721.76,722.54,720.92,721.27,1522443.6761639994,1098706342.8639345,1098706342.86393432,2026-08-10 17:00:00+00:00,2026-08-10 13:00:00-04:00
1786384800000,721.25,721.87,720.88,721.86,1264884.9368129997,912333930.4315939,912333930.43159416,2026-08-10 18:00:00+00:00,2026-08-10 14:00:00-04:00
1786388400000,721.82,722.13,720.32,720.805,5553560.578208,4004987975.186631,4004987975.18663101,2026-08-10 19:00:00+00:00,2026-08-10 15:00:00-04:00
1786392000000,720.84,721.498,720.751,721.32,1977849.386641,1426090325.5292697,1426090325.52926969,2026-08-10 20:00:00+00:00,2026-08-10 16:00:00-04:00
1786395600000,721.381,721.381,721.022,721.072,125173.51999,90275495.0040448,90275495.0040448138,2026-08-10 21:00:00+00:00,2026-08-10 17:00:00-04:00
1786399200000,721.13,721.86,720.375,720.62,63305.759229,45642281.24756326,45642281.24756326,2026-08-10 22:00:00+00:00,2026-08-10 18:00:00-04:00
1786402800000,720.25,720.61,719.326,719.76,62525.466949,45018086.1014122,45018086.1014122,2026-08-10 23:00:00+00:00,2026-08-10 19:00:00-04:00
1786406400000,719.77,722.13,719.11,721.92,25050.0,18062443.75,18062443.75,2026-08-11 00:00:00+00:00,2026-08-10 20:00:00-04:00
1786410000000,721.91,723.27,721.49,722.74,27167.0,19629862.09,19629862.09,2026-08-11 01:00:00+00:00,2026-08-10 21:00:00-04:00
1786413600000,722.71,723.36,722.59,722.75,11395.0,8239121.24,8239121.24,2026-08-11 02:00:00+00:00,2026-08-10 22:00:00-04:00
1786417200000,722.76,723.42,722.67,723.11,12836.0,9281593.69,9281593.69,2026-08-11 03:00:00+00:00,2026-08-10 23:00:00-04:00
1786420800000,723.18,723.8,723.14,723.25,21070.0,15240826.99,15240826.99,2026-08-11 04:00:00+00:00,2026-08-11 00:00:00-04:00
1786424400000,723.25,723.6,722.08,722.11,13419.0,9697922.04,9697922.04,2026-08-11 05:00:00+00:00,2026-08-11 01:00:00-04:00
1786428000000,722.22,722.97,720.76,721.11,21876.0,15786395.49,15786395.49,2026-08-11 06:00:00+00:00,2026-08-11 02:00:00-04:00
1786431600000,721.19,721.82,720.63,721.72,24392.0,17592394.31,17592394.31,2026-08-11 07:00:00+00:00,2026-08-11 03:00:00-04:00
1786435200000,721.75,722.369,720.264,721.33,147354.73703,106323280.0269432,106323280.02694319,2026-08-11 08:00:00+00:00,2026-08-11 04:00:00-04:00
1786438800000,721.16,721.895,720.406,721.57,48603.326382,35052767.59002478,35052767.59002478,2026-08-11 09:00:00+00:00,2026-08-11 05:00:00-04:00
1786442400000,721.533,723.057,721.138,722.709,108619.146015,78435191.0785065,78435191.0785064985,2026-08-11 10:00:00+00:00,2026-08-11 06:00:00-04:00
1786446000000,722.94,724.351,722.633,723.01,334781.8192549999,242224455.3382966,242224455.3382966,2026-08-11 11:00:00+00:00,2026-08-11 07:00:00-04:00
1786449600000,723.01,723.973,722.836,723.33,268474.6530129999,194234699.5885801,194234699.5885801,2026-08-11 12:00:00+00:00,2026-08-11 08:00:00-04:00
1786453200000,723.27,723.492,718.46,720.68,4058476.44086,2923615631.588708,2923615631.58870816,2026-08-11 13:00:00+00:00,2026-08-11 09:00:00-04:00
1786456800000,720.645,722.43,720.455,721.83,3617782.614650001,2610343754.844076,2610343754.84407573,2026-08-11 14:00:00+00:00,2026-08-11 10:00:00-04:00
1786460400000,721.799,722.13,718.99,719.089,3826273.373337,2755627376.1500473,2755627376.1500471569,2026-08-11 15:00:00+00:00,2026-08-11 11:00:00-04:00
1786464000000,719.07,719.46,717.96,718.144,4341222.414959,3119870210.391003,3119870210.3910032586,2026-08-11 16:00:00+00:00,2026-08-11 12:00:00-04:00
1786467600000,718.13,718.456,716.94,718.219,4175906.337795,2997642563.878605,2997642563.8786046389,2026-08-11 17:00:00+00:00,2026-08-11 13:00:00-04:00
1786471200000,718.18,718.31,715.74,717.145,3826716.10372,2743910428.369441,2743910428.36944066,2026-08-11 18:00:00+00:00,2026-08-11 14:00:00-04:00
1786474800000,717.11,718.93,716.846,718.32,5795168.649718001,4161035403.53322,4161035403.53321964,2026-08-11 19:00:00+00:00,2026-08-11 15:00:00-04:00
1786478400000,718.276,719.31,717.9,718.614,2141966.935443,1538973146.9403636,1538973146.94036369,2026-08-11 20:00:00+00:00,2026-08-11 16:00:00-04:00
1786482000000,718.81,718.964,718.623,718.81,192871.21304000003,138640919.7331763,138640919.73317628,2026-08-11 21:00:00+00:00,2026-08-11 17:00:00-04:00
1786485600000,718.5,719.009,718.277,718.74,88988.756774,63960499.85267463,63960499.85267463,2026-08-11 22:00:00+00:00,2026-08-11 18:00:00-04:00
1786489200000,718.53,718.97,718.343,718.5,35063.763619,25197777.7773602,25197777.7773602,2026-08-11 23:00:00+00:00,2026-08-11 19:00:00-04:00
1786492800000,718.99,719.49,718.26,719.11,10242.0,7363543.29,7363543.29,2026-08-12 00:00:00+00:00,2026-08-11 20:00:00-04:00
1786496400000,719.11,719.6,718.59,718.99,6235.0,4483766.01,4483766.01,2026-08-12 01:00:00+00:00,2026-08-11 21:00:00-04:00
1786500000000,719.05,720.05,718.87,720.04,10332.0,7434518.71,7434518.71,2026-08-12 02:00:00+00:00,2026-08-11 22:00:00-04:00
1786503600000,720.09,720.21,719.65,719.82,10560.0,7603164.42,7603164.42,2026-08-12 03:00:00+00:00,2026-08-11 23:00:00-04:00
1786507200000,719.85,720.35,719.61,720.28,9659.0,6954807.84,6954807.84,2026-08-12 04:00:00+00:00,2026-08-12 00:00:00-04:00
1786510800000,720.35,720.4,719.29,720.38,5817.0,4188016.6,4188016.6,2026-08-12 05:00:00+00:00,2026-08-12 01:00:00-04:00
1786514400000,720.39,720.8,719.98,720.8,17347.0,12497356.04,12497356.04,2026-08-12 06:00:00+00:00,2026-08-12 02:00:00-04:00
1786518000000,720.87,721.28,720.69,721.21,9389.0,6769449.93,6769449.93,2026-08-12 07:00:00+00:00,2026-08-12 03:00:00-04:00
1786521600000,721.59,722.378,719.357,722.11,147672.428097,106565179.16697992,106565179.16697992,2026-08-12 08:00:00+00:00,2026-08-12 04:00:00-04:00
1786525200000,722.68,723.499,722.27,722.75,90443.363764,65377672.86637201,65377672.86637201,2026-08-12 09:00:00+00:00,2026-08-12 05:00:00-04:00
1786528800000,723.29,723.438,722.105,722.75,139436.802396,100821369.55197512,100821369.55197511,2026-08-12 10:00:00+00:00,2026-08-12 06:00:00-04:00
1786532400000,722.76,723.483,722.555,723.39,139392.25269300002,100775719.96819475,100775719.96819476,2026-08-12 11:00:00+00:00,2026-08-12 07:00:00-04:00
1786536000000,723.486,725.99,721.29,725.269,1223970.380403,886589233.1496927,886589233.1496927767,2026-08-12 12:00:00+00:00,2026-08-12 08:00:00-04:00
1786539600000,725.31,727.22,723.76,725.09,5338404.878371001,3872309137.495192,3872309137.49519193,2026-08-12 13:00:00+00:00,2026-08-12 09:00:00-04:00
1786543200000,724.99,725.91,723.335,724.175,5937520.556073999,4303633055.7015,4303633055.70150035,2026-08-12 14:00:00+00:00,2026-08-12 10:00:00-04:00
1786546800000,724.17,724.6,722.955,723.244,4132626.043266,2990812698.3846,2990812698.3846001683,2026-08-12 15:00:00+00:00,2026-08-12 11:00:00-04:00
1786550400000,723.241,725.24,723.235,725.011,3345288.096997,2423103332.7073436,2423103332.7073435852,2026-08-12 16:00:00+00:00,2026-08-12 12:00:00-04:00
1786554000000,724.92,725.44,724.58,725.15,2022045.792862,1466201176.3614206,1466201176.36142067,2026-08-12 17:00:00+00:00,2026-08-12 13:00:00-04:00
1786557600000,725.095,725.54,724.53,724.74,1874886.7020010003,1359277672.3684392,1359277672.36843915,2026-08-12 18:00:00+00:00,2026-08-12 14:00:00-04:00
1786561200000,724.73,724.95,723.025,723.64,5243971.810450001,3795436818.809932,3795436818.80993185,2026-08-12 19:00:00+00:00,2026-08-12 15:00:00-04:00
1786564800000,723.713,724.873,722.628,722.628,1769989.922608,1280824563.3093686,1280824563.3093686737,2026-08-12 20:00:00+00:00,2026-08-12 16:00:00-04:00
1786568400000,723.24,723.406,722.621,723.05,128317.42896399998,92766430.85063608,92766430.85063607,2026-08-12 21:00:00+00:00,2026-08-12 17:00:00-04:00
1786572000000,722.79,723.348,722.029,722.32,122631.9943,88604105.3112343,88604105.31123429,2026-08-12 22:00:00+00:00,2026-08-12 18:00:00-04:00
1786575600000,722.54,722.802,722.34,722.61,67596.80848200001,48842905.40941344,48842905.40941344,2026-08-12 23:00:00+00:00,2026-08-12 19:00:00-04:00
1786579200000,722.583,724.04,722.583,723.59,17666.0,12781039.8,12781039.8,2026-08-13 00:00:00+00:00,2026-08-12 20:00:00-04:00
1786582800000,723.71,724.05,722.69,723.84,17379.0,12570297.28999999,12570297.28999999,2026-08-13 01:00:00+00:00,2026-08-12 21:00:00-04:00
1786586400000,723.98,724.39,723.35,724.19,12237.0,8861429.33,8861429.33,2026-08-13 02:00:00+00:00,2026-08-12 22:00:00-04:00
1786590000000,724.18,724.44,724.13,724.41,3420.0,2477182.46,2477182.46,2026-08-13 03:00:00+00:00,2026-08-12 23:00:00-04:00
1786593600000,724.41,724.79,723.87,724.5,10184.0,7377591.71,7377591.71,2026-08-13 04:00:00+00:00,2026-08-13 00:00:00-04:00
1786597200000,724.36,725.5,724.36,724.78,12329.0,8939959.7,8939959.7,2026-08-13 05:00:00+00:00,2026-08-13 01:00:00-04:00
1786600800000,724.57,725.01,723.97,724.51,17012.0,12323446.21,12323446.21,2026-08-13 06:00:00+00:00,2026-08-13 02:00:00-04:00
1786604400000,724.64,724.73,723.59,723.94,14196.0,10278514.11,10278514.11,2026-08-13 07:00:00+00:00,2026-08-13 03:00:00-04:00
1786608000000,722.815,724.289,722.815,723.97,227280.966962,164510016.67895833,164510016.678958321140023,2026-08-13 08:00:00+00:00,2026-08-13 04:00:00-04:00
1786611600000,723.84,724.388,723.071,723.86,43906.292769,31773899.59149391,31773899.59149391,2026-08-13 09:00:00+00:00,2026-08-13 05:00:00-04:00
1786615200000,724.18,724.554,724.051,724.24,42561.945057,30828446.76271371,30828446.76271371,2026-08-13 10:00:00+00:00,2026-08-13 06:00:00-04:00
1786618800000,724.46,724.779,723.899,724.2,100103.774878,72510319.48854162,72510319.48854162,2026-08-13 11:00:00+00:00,2026-08-13 07:00:00-04:00
1786622400000,724.19,724.65,722.858,724.29,262493.751119,189971295.07608977,189971295.07608977,2026-08-13 12:00:00+00:00,2026-08-13 08:00:00-04:00
1786626000000,724.43,731.68,724.05,731.61,6599670.935858001,4809390080.495485,4809390080.49548561,2026-08-13 13:00:00+00:00,2026-08-13 09:00:00-04:00
1786629600000,731.577,733.75,731.17,732.222,8095642.241096,5930727197.969418,5930727197.96941829784915,2026-08-13 14:00:00+00:00,2026-08-13 10:00:00-04:00
1786633200000,732.203,733.085,729.9,730.043,4343630.451328,3178565164.787696,3178565164.7876962182,2026-08-13 15:00:00+00:00,2026-08-13 11:00:00-04:00
1786636800000,730.16,732.2,730.063,731.96,2622907.16729,1917903818.5156229,1917903818.51562277,2026-08-13 16:00:00+00:00,2026-08-13 12:00:00-04:00
1786640400000,732.13,733.31,731.977,732.275,2287914.84786,1676447640.7868755,1676447640.78687554,2026-08-13 17:00:00+00:00,2026-08-13 13:00:00-04:00
1786644000000,732.33,733.315,731.79,733.28,2385329.925471,1747393712.2081475,1747393712.20814755,2026-08-13 18:00:00+00:00,2026-08-13 14:00:00-04:00
1786647600000,733.291,733.95,731.56,732.07,5002692.982691,3664907583.287777,3664907583.287776953134119,2026-08-13 19:00:00+00:00,2026-08-13 15:00:00-04:00
1786651200000,732.07,732.604,731.01,732.56,2183771.67187,1598856509.5148065,1598856509.51480642,2026-08-13 20:00:00+00:00,2026-08-13 16:00:00-04:00
1786654800000,732.61,732.895,732.439,732.78,272451.0354330001,199569375.3858415,199569375.38584147,2026-08-13 21:00:00+00:00,2026-08-13 17:00:00-04:00
1786658400000,732.45,732.677,732.034,732.31,69546.28003200001,50923371.89461514,50923371.89461514,2026-08-13 22:00:00+00:00,2026-08-13 18:00:00-04:00
1786662000000,732.6,732.792,732.0,732.0,47824.344145,35023967.13721417,35023967.13721417,2026-08-13 23:00:00+00:00,2026-08-13 19:00:00-04:00
1786665600000,732.02,733.2,731.69,731.7,13460.0,9858632.25,9858632.25,2026-08-14 00:00:00+00:00,2026-08-13 20:00:00-04:00
1786669200000,731.66,731.66,730.6,731.24,23781.0,17387085.68,17387085.68,2026-08-14 01:00:00+00:00,2026-08-13 21:00:00-04:00
1786672800000,731.31,732.01,731.28,731.36,11042.0,8078737.53,8078737.53,2026-08-14 02:00:00+00:00,2026-08-13 22:00:00-04:00
1786676400000,731.33,732.0,731.25,731.33,8236.0,6024325.44,6024325.44,2026-08-14 03:00:00+00:00,2026-08-13 23:00:00-04:00
1786680000000,731.31,731.63,730.99,731.2,4764.0,3483882.47,3483882.47,2026-08-14 04:00:00+00:00,2026-08-14 00:00:00-04:00
1786683600000,731.26,731.94,730.76,731.82,17179.0,12564335.61,12564335.61,2026-08-14 05:00:00+00:00,2026-08-14 01:00:00-04:00
1786687200000,731.81,731.9,731.21,731.87,10623.0,7770076.58,7770076.58,2026-08-14 06:00:00+00:00,2026-08-14 02:00:00-04:00
1786690800000,731.9,732.53,731.78,732.33,15852.0,11605314.4,11605314.4,2026-08-14 07:00:00+00:00,2026-08-14 03:00:00-04:00
1786694400000,732.56,733.395,732.206,733.11,155113.54396100002,113667685.86660708,113667685.86660709,2026-08-14 08:00:00+00:00,2026-08-14 04:00:00-04:00
1786698000000,732.83,733.3,732.66,733.3,29821.796364,21857205.7080367,21857205.7080367,2026-08-14 09:00:00+00:00,2026-08-14 05:00:00-04:00
1786701600000,733.3,733.645,733.039,733.645,67129.952036,49230613.92226623,49230613.922266229,2026-08-14 10:00:00+00:00,2026-08-14 06:00:00-04:00
1786705200000,733.93,734.076,733.458,734.0,185744.662587,136303649.81018132,136303649.81018132,2026-08-14 11:00:00+00:00,2026-08-14 07:00:00-04:00
1786708800000,734.26,734.324,732.7,734.07,230278.421575,168943073.153234,168943073.153234,2026-08-14 12:00:00+00:00,2026-08-14 08:00:00-04:00
1786712400000,734.25,734.38,731.745,733.045,2773088.4192200005,2033534855.242428,2033534855.24242818,2026-08-14 13:00:00+00:00,2026-08-14 09:00:00-04:00
1786716000000,732.87,734.135,730.62,730.62,3841267.555468,2811438320.66374,2811438320.66373961,2026-08-14 14:00:00+00:00,2026-08-14 10:00:00-04:00
1786719600000,730.6,731.04,728.32,729.234,4212691.48262,3072145975.0297604,3072145975.0297604395,2026-08-14 15:00:00+00:00,2026-08-14 11:00:00-04:00
1786723200000,729.234,730.215,728.86,729.026,3061073.20982,2233195248.9289517,2233195248.928951307509978,2026-08-14 16:00:00+00:00,2026-08-14 12:00:00-04:00
1786726800000,729.1,729.61,728.785,729.58,1792151.2226300002,1306755666.306533,1306755666.30653327,2026-08-14 17:00:00+00:00,2026-08-14 13:00:00-04:00
1786730400000,729.56,730.08,729.123,729.67,2005458.941866,1463185852.1738465,1463185852.1738464,2026-08-14 18:00:00+00:00,2026-08-14 14:00:00-04:00
1786734000000,729.725,731.12,729.41,731.035,4944971.379159,3610461568.625464,3610461568.62546444,2026-08-14 19:00:00+00:00,2026-08-14 15:00:00-04:00
1786737600000,731.038,731.22,730.646,731.142,2201743.116589,1609376803.027082,1609376803.0270819654,2026-08-14 20:00:00+00:00,2026-08-14 16:00:00-04:00
1786741200000,731.2,731.22,730.811,730.89,260014.15521,190067357.29572508,190067357.29572509,2026-08-14 21:00:00+00:00,2026-08-14 17:00:00-04:00
1786744800000,731.07,731.154,730.931,731.05,22422.671762,16391760.09380085,16391760.09380085,2026-08-14 22:00:00+00:00,2026-08-14 18:00:00-04:00
1786748400000,730.84,731.04,730.786,730.84,23018.872004,16824912.49119407,16824912.49119407,2026-08-14 23:00:00+00:00,2026-08-14 19:00:00-04:00
1786752000000,730.825,730.825,730.825,730.825,21.0,15347.325,15347.325,2026-08-15 00:00:00+00:00,2026-08-14 20:00:00-04:00
1786755600000,732.14,732.3,730.97,732.3,0.1927,141.015286,141.015286,2026-08-15 01:00:00+00:00,2026-08-14 21:00:00-04:00
1786759200000,731.78,732.08,731.78,732.08,0.0693,50.71561,50.71561,2026-08-15 02:00:00+00:00,2026-08-14 22:00:00-04:00
1786762800000,732.08,732.1,731.36,732.1,0.1146,83.885654,83.885654,2026-08-15 03:00:00+00:00,2026-08-14 23:00:00-04:00
1786766400000,732.14,732.29,732.14,732.29,1.4995,1097.877522,1097.877522,2026-08-15 04:00:00+00:00,2026-08-15 00:00:00-04:00
1786770000000,732.3,732.3,732.3,732.3,0.0382,27.97386,27.97386,2026-08-15 05:00:00+00:00,2026-08-15 01:00:00-04:00
1786773600000,732.45,732.45,732.45,732.45,0.0382,27.97959,27.97959,2026-08-15 06:00:00+00:00,2026-08-15 02:00:00-04:00
1786777200000,732.08,732.66,732.08,732.66,0.0586,42.922044,42.922044,2026-08-15 07:00:00+00:00,2026-08-15 03:00:00-04:00
1786780800000,732.97,733.15,732.97,732.98,0.2761,202.380891,202.380891,2026-08-15 08:00:00+00:00,2026-08-15 04:00:00-04:00
1786784400000,733.24,733.24,732.08,732.19,0.8488,621.880632,621.880632,2026-08-15 09:00:00+00:00,2026-08-15 05:00:00-04:00
1786788000000,732.33,732.41,732.33,732.41,0.0942,68.990734,68.990734,2026-08-15 10:00:00+00:00,2026-08-15 06:00:00-04:00
1786791600000,732.46,732.52,732.35,732.52,0.2093,153.296765,153.296765,2026-08-15 11:00:00+00:00,2026-08-15 07:00:00-04:00
1786795200000,732.62,732.62,732.62,732.62,0.0654,47.913348,47.913348,2026-08-15 12:00:00+00:00,2026-08-15 08:00:00-04:00
1786798800000,732.84,732.87,732.21,732.87,0.1515,110.998804,110.998804,2026-08-15 13:00:00+00:00,2026-08-15 09:00:00-04:00
1786802400000,732.94,733.25,732.89,733.25,0.7897,578.833824,578.833824,2026-08-15 14:00:00+00:00,2026-08-15 10:00:00-04:00
1786806000000,733.27,733.43,732.85,732.85,0.2664,195.334855,195.334855,2026-08-15 15:00:00+00:00,2026-08-15 11:00:00-04:00
1786809600000,733.43,733.44,733.3,733.44,0.343,251.551387,251.551387,2026-08-15 16:00:00+00:00,2026-08-15 12:00:00-04:00
1786813200000,733.3,733.3,732.08,732.55,1.6946,1241.292276,1241.292276,2026-08-15 17:00:00+00:00,2026-08-15 13:00:00-04:00
1786816800000,732.65,732.66,732.28,732.66,0.1789,131.04627,131.04627,2026-08-15 18:00:00+00:00,2026-08-15 14:00:00-04:00
1786820400000,732.68,732.7,732.68,732.7,0.0654,47.917816,47.917816,2026-08-15 19:00:00+00:00,2026-08-15 15:00:00-04:00
1786824000000,732.76,732.76,732.76,732.76,0.0382,27.991432,27.991432,2026-08-15 20:00:00+00:00,2026-08-15 16:00:00-04:00
1786827600000,732.83,732.83,732.83,732.83,0.0382,27.994106,27.994106,2026-08-15 21:00:00+00:00,2026-08-15 17:00:00-04:00
1786831200000,732.93,732.93,732.93,732.93,0.0382,27.997926,27.997926,2026-08-15 22:00:00+00:00,2026-08-15 18:00:00-04:00
1786834800000,732.98,732.98,732.98,732.98,0.0382,27.999836,27.999836,2026-08-15 23:00:00+00:00,2026-08-15 19:00:00-04:00
1786838400000,733.07,733.07,733.07,733.07,0.0381,27.929967,27.929967,2026-08-16 00:00:00+00:00,2026-08-15 20:00:00-04:00
1786842000000,733.08,733.08,733.08,733.08,0.0653,47.870124,47.870124,2026-08-16 01:00:00+00:00,2026-08-15 21:00:00-04:00
1786845600000,733.14,733.19,733.14,733.19,0.0691,50.661879,50.661879,2026-08-16 02:00:00+00:00,2026-08-15 22:00:00-04:00
1786849200000,733.35,733.35,733.35,733.35,0.0381,27.940635,27.940635,2026-08-16 03:00:00+00:00,2026-08-15 23:00:00-04:00
1786852800000,733.39,733.5,733.39,733.5,0.2013,147.641306,147.641306,2026-08-16 04:00:00+00:00,2026-08-16 00:00:00-04:00
1786856400000,733.52,733.52,733.52,733.52,0.0381,27.947112,27.947112,2026-08-16 05:00:00+00:00,2026-08-16 01:00:00-04:00
1786860000000,733.54,733.54,733.54,733.54,0.0381,27.947874,27.947874,2026-08-16 06:00:00+00:00,2026-08-16 02:00:00-04:00
1786863600000,733.55,733.55,730.26,732.72,1.2931,947.767495,947.767495,2026-08-16 07:00:00+00:00,2026-08-16 03:00:00-04:00
1786867200000,732.83,732.93,732.18,732.93,0.2766,202.64571,202.64571,2026-08-16 08:00:00+00:00,2026-08-16 04:00:00-04:00
1786870800000,732.93,732.97,732.93,732.97,0.0926,67.871506,67.871506,2026-08-16 09:00:00+00:00,2026-08-16 05:00:00-04:00
1786874400000,733.05,733.1,733.05,733.1,0.0667,48.89634,48.89634,2026-08-16 10:00:00+00:00,2026-08-16 06:00:00-04:00
1786878000000,733.17,733.17,733.17,733.17,0.0653,47.876001,47.876001,2026-08-16 11:00:00+00:00,2026-08-16 07:00:00-04:00
1786881600000,733.19,733.4,733.19,733.4,0.1066,78.166727,78.166727,2026-08-16 12:00:00+00:00,2026-08-16 08:00:00-04:00
1786885200000,733.42,733.44,732.95,733.44,0.1577,115.634964,115.634964,2026-08-16 13:00:00+00:00,2026-08-16 09:00:00-04:00
1786888800000,733.47,733.65,733.39,733.65,1.4138,1037.059331,1037.059331,2026-08-16 14:00:00+00:00,2026-08-16 10:00:00-04:00
1786892400000,733.68,733.91,733.38,733.77,0.5051,370.524326,370.524326,2026-08-16 15:00:00+00:00,2026-08-16 11:00:00-04:00
1786896000000,733.89,735.18,733.56,735.18,20.8705,15332.015592,15332.015592,2026-08-16 16:00:00+00:00,2026-08-16 12:00:00-04:00
1786899600000,735.15,735.15,733.94,733.94,12.7325,9352.207768,9352.207768,2026-08-16 17:00:00+00:00,2026-08-16 13:00:00-04:00
1786903200000,734.64,734.64,734.64,734.64,0.0653,47.971992,47.971992,2026-08-16 18:00:00+00:00,2026-08-16 14:00:00-04:00
1786906800000,734.65,734.84,734.65,734.84,0.2807,206.231437,206.231437,2026-08-16 19:00:00+00:00,2026-08-16 15:00:00-04:00
1786910400000,734.84,735.51,734.84,735.51,65.5328,48170.631177,48170.631177,2026-08-16 20:00:00+00:00,2026-08-16 16:00:00-04:00
1786914000000,735.54,735.63,735.54,735.63,0.9352,687.880428,687.880428,2026-08-16 21:00:00+00:00,2026-08-16 17:00:00-04:00
1786917600000,735.68,735.68,735.2,735.68,1.7151,1260.972768,1260.972768,2026-08-16 22:00:00+00:00,2026-08-16 18:00:00-04:00
1786921200000,735.75,735.76,735.75,735.76,0.0651,47.897705,47.897705,2026-08-16 23:00:00+00:00,2026-08-16 19:00:00-04:00
1786924800000,732.47,733.05,732.02,732.44,28011.0,20523886.02000001,20523886.02000001,2026-08-17 00:00:00+00:00,2026-08-16 20:00:00-04:00
1786928400000,732.51,733.37,732.25,732.33,21295.0,15603444.98,15603444.98,2026-08-17 01:00:00+00:00,2026-08-16 21:00:00-04:00
1786932000000,732.34,733.26,732.19,733.02,18826.0,13795202.41,13795202.41,2026-08-17 02:00:00+00:00,2026-08-16 22:00:00-04:00
1786935600000,733.04,733.6,733.04,733.6,20573.0,15088769.68,15088769.68,2026-08-17 03:00:00+00:00,2026-08-16 23:00:00-04:00
1786939200000,733.59,733.77,733.31,733.36,11085.0,8131964.46,8131964.46,2026-08-17 04:00:00+00:00,2026-08-17 00:00:00-04:00
1786942800000,733.36,734.29,733.29,734.25,22470.0,16490941.56,16490941.56,2026-08-17 05:00:00+00:00,2026-08-17 01:00:00-04:00
1786946400000,734.26,735.55,734.16,735.43,36681.0,26952339.49,26952339.49,2026-08-17 06:00:00+00:00,2026-08-17 02:00:00-04:00
1786950000000,735.5,735.65,733.98,735.15,27447.0,20167152.75,20167152.75,2026-08-17 07:00:00+00:00,2026-08-17 03:00:00-04:00
1786953600000,735.19,735.518,731.54,734.9,197989.7547840001,145512887.06210852,145512887.06210853,2026-08-17 08:00:00+00:00,2026-08-17 04:00:00-04:00
1786957200000,734.71,734.928,734.148,734.54,56304.71071000001,41351209.92163,41351209.92163,2026-08-17 09:00:00+00:00,2026-08-17 05:00:00-04:00
1786960800000,734.63,735.741,734.32,735.15,85442.704075,62782461.61581007,62782461.61581007,2026-08-17 10:00:00+00:00,2026-08-17 06:00:00-04:00
1786964400000,735.23,735.43,734.562,734.58,213947.894812,157263555.4001926,157263555.40019258,2026-08-17 11:00:00+00:00,2026-08-17 07:00:00-04:00
1786968000000,734.55,734.565,732.059,732.46,301401.764925,221002994.83213872,221002994.83213871,2026-08-17 12:00:00+00:00,2026-08-17 08:00:00-04:00
1786971600000,732.507,733.99,731.67,733.197,4007977.082771,2937953873.479693,2937953873.4796926961,2026-08-17 13:00:00+00:00,2026-08-17 09:00:00-04:00
1786975200000,733.275,733.61,731.53,733.59,3662925.655235,2683169231.3132663,2683169231.31326639,2026-08-17 14:00:00+00:00,2026-08-17 10:00:00-04:00
1786978800000,733.57,734.56,732.72,733.5,3659186.6288139992,2685252026.9089217,2685252026.90892195,2026-08-17 15:00:00+00:00,2026-08-17 11:00:00-04:00
1786982400000,733.55,733.55,731.96,732.155,2615391.948799001,1915996649.271721,1915996649.27172127,2026-08-17 16:00:00+00:00,2026-08-17 12:00:00-04:00
1786986000000,732.14,732.205,729.82,730.205,4035782.935743001,2948824710.502752,2948824710.50275161,2026-08-17 17:00:00+00:00,2026-08-17 13:00:00-04:00
1786989600000,730.2,730.97,729.64,730.668,3169722.375875,2314505042.7591434,2314505042.7591432968,2026-08-17 18:00:00+00:00,2026-08-17 14:00:00-04:00
1786993200000,730.669,730.7,729.28,729.9,6103255.780598,4455416420.861461,4455416420.8614605783,2026-08-17 19:00:00+00:00,2026-08-17 15:00:00-04:00
1786996800000,729.76,729.983,729.033,729.35,1112312.5613790003,811611763.2358997,811611763.23589971,2026-08-17 20:00:00+00:00,2026-08-17 16:00:00-04:00
1787000400000,729.5,729.544,729.31,729.53,226277.66372,165058468.07821772,165058468.07821772,2026-08-17 21:00:00+00:00,2026-08-17 17:00:00-04:00
1787004000000,729.65,729.815,729.202,729.43,61417.63295499999,44806116.32140046,44806116.32140046,2026-08-17 22:00:00+00:00,2026-08-17 18:00:00-04:00
1787007600000,729.56,730.075,729.383,729.85,62702.407396,45759489.569675,45759489.569675,2026-08-17 23:00:00+00:00,2026-08-17 19:00:00-04:00
1787011200000,729.964,730.61,729.88,730.1,13129.0,9587893.04,9587893.04,2026-08-18 00:00:00+00:00,2026-08-17 20:00:00-04:00
1787014800000,730.15,730.35,727.07,727.99,37479.0,27308978.24,27308978.24,2026-08-18 01:00:00+00:00,2026-08-17 21:00:00-04:00
1787018400000,727.98,728.21,724.84,725.5,80668.0,58580041.88,58580041.88,2026-08-18 02:00:00+00:00,2026-08-17 22:00:00-04:00
1787022000000,725.59,725.64,724.17,725.13,50224.0,36410490.38,36410490.38,2026-08-18 03:00:00+00:00,2026-08-17 23:00:00-04:00
1787025600000,725.09,725.95,724.59,725.72,24780.0,17971177.68,17971177.68,2026-08-18 04:00:00+00:00,2026-08-18 00:00:00-04:00
1787029200000,725.67,725.76,723.71,723.71,24359.0,17650020.16,17650020.16,2026-08-18 05:00:00+00:00,2026-08-18 01:00:00-04:00
1787032800000,723.72,725.18,722.54,725.08,54030.0,39116263.42,39116263.42,2026-08-18 06:00:00+00:00,2026-08-18 02:00:00-04:00
1787036400000,724.99,725.18,723.1,723.13,52958.0,38346135.26,38346135.26,2026-08-18 07:00:00+00:00,2026-08-18 03:00:00-04:00
1787040000000,722.55,728.832,721.371,722.02,456019.18169900007,329456438.84478664,329456438.84478665,2026-08-18 08:00:00+00:00,2026-08-18 04:00:00-04:00
1787043600000,721.81,722.323,720.19,720.88,162859.44514499998,117439427.91501032,117439427.91501031,2026-08-18 09:00:00+00:00,2026-08-18 05:00:00-04:00
1787047200000,721.09,721.68,720.588,721.55,153265.53883,110521358.68536296,110521358.68536295,2026-08-18 10:00:00+00:00,2026-08-18 06:00:00-04:00
1787050800000,721.41,722.25,721.192,721.7,264802.9648949999,191156255.5816639,191156255.58166391,2026-08-18 11:00:00+00:00,2026-08-18 07:00:00-04:00
1787054400000,721.69,722.499,720.08,720.812,526537.244692,379644701.33379734,379644701.3337973708,2026-08-18 12:00:00+00:00,2026-08-18 08:00:00-04:00
1787058000000,720.813,722.13,718.15,719.125,6975639.420762,5022650901.0432005,5022650901.0432006599,2026-08-18 13:00:00+00:00,2026-08-18 09:00:00-04:00
1787061600000,719.16,720.402,716.47,716.61,7952986.560495999,5714446708.534693,5714446708.53469337,2026-08-18 14:00:00+00:00,2026-08-18 10:00:00-04:00
1787065200000,716.725,718.945,715.93,718.88,7545756.935488,5413664075.429802,5413664075.42980142,2026-08-18 15:00:00+00:00,2026-08-18 11:00:00-04:00
1787068800000,718.91,719.65,718.07,719.31,6477146.197681001,4656694384.797033,4656694384.79703353,2026-08-18 16:00:00+00:00,2026-08-18 12:00:00-04:00
1787072400000,719.258,719.44,717.135,717.164,6682468.908168,4799187647.646415,4799187647.6464153174,2026-08-18 17:00:00+00:00,2026-08-18 13:00:00-04:00
1787076000000,717.157,718.275,716.7,717.287,5958737.672318,4275983377.544521,4275983377.5445205414,2026-08-18 18:00:00+00:00,2026-08-18 14:00:00-04:00
1787079600000,717.2,718.13,716.93,717.64,7500446.930415,5382161161.721084,5382161161.7210839683,2026-08-18 19:00:00+00:00,2026-08-18 15:00:00-04:00
1787083200000,717.44,717.87,716.79,716.79,2222501.817122,1594446139.872402,1594446139.87240208,2026-08-18 20:00:00+00:00,2026-08-18 16:00:00-04:00
1787086800000,717.02,717.222,716.916,717.02,539801.064419,387040062.1937451,387040062.1937451,2026-08-18 21:00:00+00:00,2026-08-18 17:00:00-04:00
1787090400000,717.012,717.717,715.99,716.026,257966.286289,184932977.5408496,184932977.5408496225,2026-08-18 22:00:00+00:00,2026-08-18 18:00:00-04:00
1787094000000,716.1,717.109,715.962,716.36,118234.848034,84709865.28380585,84709865.28380585,2026-08-18 23:00:00+00:00,2026-08-18 19:00:00-04:00
1787097600000,716.207,717.76,714.41,716.69,64694.0,46318685.02,46318685.02,2026-08-19 00:00:00+00:00,2026-08-18 20:00:00-04:00
1787101200000,716.66,718.31,716.48,717.52,33595.0,24109882.6,24109882.6,2026-08-19 01:00:00+00:00,2026-08-18 21:00:00-04:00
1787104800000,717.66,717.66,716.06,716.37,17565.0,12583951.66,12583951.66,2026-08-19 02:00:00+00:00,2026-08-18 22:00:00-04:00
1787108400000,716.55,717.22,716.06,716.24,19286.0,13814347.8,13814347.8,2026-08-19 03:00:00+00:00,2026-08-18 23:00:00-04:00
1787112000000,716.3,716.66,714.82,715.84,16071.0,11499493.43,11499493.43,2026-08-19 04:00:00+00:00,2026-08-19 00:00:00-04:00
1787115600000,715.83,716.48,714.45,714.68,12868.0,9205193.36,9205193.36,2026-08-19 05:00:00+00:00,2026-08-19 01:00:00-04:00
1787119200000,714.69,717.11,713.99,717.03,30999.0,22173955.18,22173955.18,2026-08-19 06:00:00+00:00,2026-08-19 02:00:00-04:00
1787122800000,717.01,718.22,716.12,718.12,29437.0,21107234.97,21107234.97,2026-08-19 07:00:00+00:00,2026-08-19 03:00:00-04:00
1787126400000,718.03,719.018,716.492,718.63,257720.493427,185141969.68546984,185141969.68546984,2026-08-19 08:00:00+00:00,2026-08-19 04:00:00-04:00
1787130000000,718.0,718.78,716.598,716.73,76980.43687100001,55248174.41642856,55248174.41642856,2026-08-19 09:00:00+00:00,2026-08-19 05:00:00-04:00
1787133600000,716.49,717.038,715.991,716.91,91002.319246,65203079.83767168,65203079.83767168,2026-08-19 10:00:00+00:00,2026-08-19 06:00:00-04:00
1787137200000,716.169,717.56,715.866,716.521,228785.791663,163932474.30006456,163932474.3000645691,2026-08-19 11:00:00+00:00,2026-08-19 07:00:00-04:00
1787140800000,716.42,721.833,715.996,721.64,1025443.972725,737751769.4899048,737751769.48990482,2026-08-19 12:00:00+00:00,2026-08-19 08:00:00-04:00
1787144400000,721.569,721.63,713.38,715.625,1512137.606699,1087286530.750234,1087286530.7502339907,2026-08-19 13:00:00+00:00,2026-08-19 09:00:00-04:00
1787148000000,715.22,718.57,712.6,718.43,6811672.789502,4870680497.627895,4870680497.62789455,2026-08-19 14:00:00+00:00,2026-08-19 10:00:00-04:00
1787151600000,718.57,718.72,716.81,718.113,126213.0,90601884.36,90601884.36000001,2026-08-19 15:00:00+00:00,2026-08-19 11:00:00-04:00
1787155200000,718.121,719.675,716.9,717.105,118479.040282,84999951.73856275,84999951.7385627398,2026-08-19 16:00:00+00:00,2026-08-19 12:00:00-04:00
1787158800000,717.01,717.35,715.81,716.628,3236938.410604,2319026223.8382006,2319026223.8382011263,2026-08-19 17:00:00+00:00,2026-08-19 13:00:00-04:00
1787162400000,716.631,717.74,715.39,716.437,3553764.701891,2546249774.187073,2546249774.187073537981375,2026-08-19 18:00:00+00:00,2026-08-19 14:00:00-04:00
1787166000000,716.42,717.75,715.25,716.12,5609024.992208,4018493284.2918577,4018493284.2918576981,2026-08-19 19:00:00+00:00,2026-08-19 15:00:00-04:00
1787169600000,716.195,717.027,715.918,716.99,1831518.5058630009,1311772748.3951063,1311772748.3951065,2026-08-19 20:00:00+00:00,2026-08-19 16:00:00-04:00
1787173200000,716.97,717.195,716.851,717.06,838228.070567,600957657.9073104,600957657.9073104099,2026-08-19 21:00:00+00:00,2026-08-19 17:00:00-04:00
1787176800000,717.5,719.196,717.077,718.89,114823.64974500005,82488678.44673441,82488678.44673442,2026-08-19 22:00:00+00:00,2026-08-19 18:00:00-04:00
1787180400000,719.6,720.036,718.706,719.05,81017.64619200001,58279298.42587024,58279298.42587024,2026-08-19 23:00:00+00:00,2026-08-19 19:00:00-04:00
1787184000000,718.45,719.89,717.69,719.79,24912.0,17914437.38000001,17914437.38000001,2026-08-20 00:00:00+00:00,2026-08-19 20:00:00-04:00
1787187600000,719.75,720.11,718.7,719.17,21560.0,15511390.82,15511390.82,2026-08-20 01:00:00+00:00,2026-08-19 21:00:00-04:00
1787191200000,719.39,720.02,718.39,718.8,29443.0,21172759.07,21172759.07,2026-08-20 02:00:00+00:00,2026-08-19 22:00:00-04:00
1787194800000,718.75,719.43,717.99,718.42,11554.0,8302429.29,8302429.29,2026-08-20 03:00:00+00:00,2026-08-19 23:00:00-04:00
1787198400000,718.58,719.43,718.37,718.52,7018.0,5044990.59,5044990.59,2026-08-20 04:00:00+00:00,2026-08-20 00:00:00-04:00
1787202000000,718.4,719.03,717.85,718.23,11440.0,8218751.99,8218751.99,2026-08-20 05:00:00+00:00,2026-08-20 01:00:00-04:00
1787205600000,718.33,720.14,718.16,719.82,18585.0,13374827.77,13374827.77,2026-08-20 06:00:00+00:00,2026-08-20 02:00:00-04:00
1787209200000,719.76,719.76,718.0,718.02,21490.0,15447376.15,15447376.15,2026-08-20 07:00:00+00:00,2026-08-20 03:00:00-04:00
1787212800000,718.622,718.622,714.673,715.07,357445.300189,256103164.4337402,256103164.4337402179,2026-08-20 08:00:00+00:00,2026-08-20 04:00:00-04:00
1787216400000,716.19,716.757,714.988,716.67,42170.82225199999,30204442.38101915,30204442.38101915,2026-08-20 09:00:00+00:00,2026-08-20 05:00:00-04:00
1787220000000,716.87,717.161,716.023,717.15,81786.014337,58612486.96230567,58612486.96230567,2026-08-20 10:00:00+00:00,2026-08-20 06:00:00-04:00
1787223600000,717.48,717.48,712.111,712.34,422745.486857,301990563.6364757,301990563.63647566,2026-08-20 11:00:00+00:00,2026-08-20 07:00:00-04:00
1787227200000,712.29,712.599,709.47,711.85,1094104.974698,777444955.3220011,777444955.32200099,2026-08-20 12:00:00+00:00,2026-08-20 08:00:00-04:00
1787230800000,711.952,714.84,711.1,712.1,351027.046057,250093099.5676188,250093099.5676188162,2026-08-20 13:00:00+00:00,2026-08-20 09:00:00-04:00
1787234400000,712.28,714.03,711.04,713.13,4778301.816097999,3404790426.984988,3404790426.98498782,2026-08-20 14:00:00+00:00,2026-08-20 10:00:00-04:00
1787238000000,713.069,714.605,710.145,711.52,203121.0,144541774.565,144541774.56499999,2026-08-20 15:00:00+00:00,2026-08-20 11:00:00-04:00
1787241600000,711.59,712.99,710.975,712.857,1884921.468803,1342495486.774127,1342495486.7741270011,2026-08-20 16:00:00+00:00,2026-08-20 12:00:00-04:00
1787245200000,712.78,712.845,710.48,710.69,2278238.487198,1620178185.3009577,1620178185.30095777,2026-08-20 17:00:00+00:00,2026-08-20 13:00:00-04:00
1787248800000,710.71,710.71,708.58,709.533,3958676.675068,2808102602.7965055,2808102602.7965057917,2026-08-20 18:00:00+00:00,2026-08-20 14:00:00-04:00
1787252400000,710.96,711.175,710.58,710.94,6516453.876636,4631976119.357135,4631976119.3571353122,2026-08-20 19:00:00+00:00,2026-08-20 15:00:00-04:00
1787256000000,711.08,711.292,709.99,711.08,2212283.5386619987,1572398665.8290327,1572398665.8290326,2026-08-20 20:00:00+00:00,2026-08-20 16:00:00-04:00
1787259600000,711.06,711.22,710.986,711.03,373299.0132629999,265441169.41240144,265441169.41240144,2026-08-20 21:00:00+00:00,2026-08-20 17:00:00-04:00
1787263200000,711.59,711.88,710.306,711.28,93997.853029,66817236.45164299,66817236.45164299,2026-08-20 22:00:00+00:00,2026-08-20 18:00:00-04:00
1787266800000,711.385,711.484,710.584,710.702,67097.11647,47709177.40441894,47709177.4044189392,2026-08-20 23:00:00+00:00,2026-08-20 19:00:00-04:00
1787270400000,710.72,712.63,710.697,711.61,70.0,49749.07,49749.07,2026-08-21 00:00:00+00:00,2026-08-20 20:00:00-04:00
1787274000000,711.57,712.81,711.0,712.36,25580.0,18210711.62,18210711.62,2026-08-21 01:00:00+00:00,2026-08-20 21:00:00-04:00
1787277600000,712.45,713.45,712.15,713.19,20385.0,14535384.91,14535384.91,2026-08-21 02:00:00+00:00,2026-08-20 22:00:00-04:00
1787281200000,713.19,713.19,712.19,712.62,21880.0,15594468.44,15594468.44,2026-08-21 03:00:00+00:00,2026-08-20 23:00:00-04:00
1787284800000,712.33,712.8,711.67,712.47,19305.0,13744556.84,13744556.84,2026-08-21 04:00:00+00:00,2026-08-21 00:00:00-04:00
1787288400000,712.52,712.99,712.12,712.72,14407.0,10267450.92,10267450.92,2026-08-21 05:00:00+00:00,2026-08-21 01:00:00-04:00
1787292000000,712.6,713.52,712.5,713.2,9061.0,6461156.11,6461156.11,2026-08-21 06:00:00+00:00,2026-08-21 02:00:00-04:00
1787295600000,713.1,714.85,713.06,714.56,37127.0,26518339.85,26518339.85,2026-08-21 07:00:00+00:00,2026-08-21 03:00:00-04:00
1787299200000,714.59,715.11,711.355,714.69,246484.25957600007,176140609.70412457,176140609.70412456,2026-08-21 08:00:00+00:00,2026-08-21 04:00:00-04:00
1787302800000,714.01,715.77,713.911,715.76,65791.721656,47031317.49254625,47031317.49254625,2026-08-21 09:00:00+00:00,2026-08-21 05:00:00-04:00
1787306400000,715.85,716.274,715.241,715.5,85604.84248600001,61259107.77896181,61259107.77896181,2026-08-21 10:00:00+00:00,2026-08-21 06:00:00-04:00
1787310000000,715.4,716.794,714.815,715.951,737728.763452,528266211.7446009,528266211.7446008633,2026-08-21 11:00:00+00:00,2026-08-21 07:00:00-04:00
1787313600000,715.86,716.72,715.471,716.18,249459.97127000004,178655672.78644457,178655672.78644455,2026-08-21 12:00:00+00:00,2026-08-21 08:00:00-04:00
1787317200000,716.08,716.26,710.12,711.245,4278827.67056,3048641609.604579,3048641609.60457898,2026-08-21 13:00:00+00:00,2026-08-21 09:00:00-04:00
1787320800000,711.22,711.875,709.2,711.85,4445375.276307,3159489131.456387,3159489131.45638721,2026-08-21 14:00:00+00:00,2026-08-21 10:00:00-04:00
1787324400000,711.9,715.66,711.8,714.55,5754113.99532,4104826686.1264167,4104826686.1264167,2026-08-21 15:00:00+00:00,2026-08-21 11:00:00-04:00
1787328000000,714.588,714.77,713.06,713.757,5092625.236231,3634575896.1914134,3634575896.1914136892,2026-08-21 16:00:00+00:00,2026-08-21 12:00:00-04:00
1787331600000,713.766,714.075,713.0,713.136,2919637.436256,2083343850.0546525,2083343850.0546525588,2026-08-21 17:00:00+00:00,2026-08-21 13:00:00-04:00
1787335200000,713.133,713.62,712.42,713.552,4205823.140178,2999003334.8579593,2999003334.8579591912,2026-08-21 18:00:00+00:00,2026-08-21 14:00:00-04:00
1787338800000,713.59,714.31,712.95,713.4,5533637.563568001,3948732934.801312,3948732934.80131184,2026-08-21 19:00:00+00:00,2026-08-21 15:00:00-04:00
1787342400000,713.38,713.38,712.78,712.99,2912165.122946,2076772990.4988537,2076772990.49885368,2026-08-21 20:00:00+00:00,2026-08-21 16:00:00-04:00
1787346000000,712.982,713.545,712.92,713.35,271598.773959,193655331.89619127,193655331.8961912716,2026-08-21 21:00:00+00:00,2026-08-21 17:00:00-04:00
1787349600000,713.49,714.175,713.346,713.99,47561.483143000005,33952254.62490693,33952254.62490693,2026-08-21 22:00:00+00:00,2026-08-21 18:00:00-04:00
1787353200000,714.17,714.416,714.008,714.05,58063.201652,41467304.45877759,41467304.45877759,2026-08-21 23:00:00+00:00,2026-08-21 19:00:00-04:00
1787356800000,714.311,714.313,714.311,714.313,2.0,1428.622,1428.622,2026-08-22 00:00:00+00:00,2026-08-21 20:00:00-04:00
1787360400000,714.72,714.72,712.01,712.91,14.094,10036.45017,10036.45017,2026-08-22 01:00:00+00:00,2026-08-21 21:00:00-04:00
1787364000000,712.78,713.2,712.35,713.2,11.7258,8358.014354,8358.014354,2026-08-22 02:00:00+00:00,2026-08-21 22:00:00-04:00
1787367600000,712.32,713.2,712.32,712.72,1.4874,1060.064687,1060.064687,2026-08-22 03:00:00+00:00,2026-08-21 23:00:00-04:00
1787371200000,712.99,712.99,712.68,712.99,1.0435,743.841527,743.841527,2026-08-22 04:00:00+00:00,2026-08-22 00:00:00-04:00
1787374800000,712.5,712.64,712.5,712.64,1.1421,813.751738,813.751738,2026-08-22 05:00:00+00:00,2026-08-22 01:00:00-04:00
1787378400000,712.64,712.64,712.64,712.64,0.1861,132.622304,132.622304,2026-08-22 06:00:00+00:00,2026-08-22 02:00:00-04:00
1787382000000,712.64,712.64,712.25,712.64,0.2833,201.843332,201.843332,2026-08-22 07:00:00+00:00,2026-08-22 03:00:00-04:00
1787385600000,712.64,712.64,712.64,712.64,0.2565,182.79216,182.79216,2026-08-22 08:00:00+00:00,2026-08-22 04:00:00-04:00
1787389200000,712.25,712.64,712.25,712.64,0.6488,462.188725,462.188725,2026-08-22 09:00:00+00:00,2026-08-22 05:00:00-04:00
1787392800000,712.64,712.99,712.64,712.99,4.903,3495.007478,3495.007478,2026-08-22 10:00:00+00:00,2026-08-22 06:00:00-04:00
1787396400000,712.99,712.99,712.99,712.99,0.0392,27.949208,27.949208,2026-08-22 11:00:00+00:00,2026-08-22 07:00:00-04:00
1787400000000,712.99,712.99,712.73,712.99,0.267,190.341472,190.341472,2026-08-22 12:00:00+00:00,2026-08-22 08:00:00-04:00
1787403600000,712.99,712.99,712.36,712.99,0.5781,411.984818,411.984818,2026-08-22 13:00:00+00:00,2026-08-22 09:00:00-04:00
1787407200000,712.99,713.26,712.43,712.43,1.7324,1235.092181,1235.092181,2026-08-22 14:00:00+00:00,2026-08-22 10:00:00-04:00
1787410800000,713.26,713.26,712.3,713.26,0.4943,352.502114,352.502114,2026-08-22 15:00:00+00:00,2026-08-22 11:00:00-04:00
1787414400000,713.26,713.26,713.26,713.26,0.7291,520.037866,520.037866,2026-08-22 16:00:00+00:00,2026-08-22 12:00:00-04:00
1787418000000,713.26,713.26,713.26,713.26,0.1106,78.886556,78.886556,2026-08-22 17:00:00+00:00,2026-08-22 13:00:00-04:00
1787421600000,713.26,713.29,713.26,713.29,0.2761,196.932106,196.932106,2026-08-22 18:00:00+00:00,2026-08-22 14:00:00-04:00
1787425200000,713.29,713.29,712.59,713.29,0.2469,176.033531,176.033531,2026-08-22 19:00:00+00:00,2026-08-22 15:00:00-04:00
1787428800000,713.29,713.29,712.15,713.29,0.8664,617.22684,617.22684,2026-08-22 20:00:00+00:00,2026-08-22 16:00:00-04:00
1787432400000,713.29,713.29,713.29,713.29,0.3952,281.892208,281.892208,2026-08-22 21:00:00+00:00,2026-08-22 17:00:00-04:00
1787436000000,713.29,713.29,712.11,713.29,0.5886,419.39256,419.39256,2026-08-22 22:00:00+00:00,2026-08-22 18:00:00-04:00
1787439600000,713.29,713.29,713.29,713.29,0.0392,27.960968,27.960968,2026-08-22 23:00:00+00:00,2026-08-22 19:00:00-04:00
1787443200000,713.29,713.29,713.29,713.29,0.0672,47.933088,47.933088,2026-08-23 00:00:00+00:00,2026-08-22 20:00:00-04:00
1787446800000,713.29,714.05,713.03,713.03,5.7115,4074.959545,4074.959545,2026-08-23 01:00:00+00:00,2026-08-22 21:00:00-04:00
1787450400000,713.03,713.03,712.73,713.03,0.3794,270.431092,270.431092,2026-08-23 02:00:00+00:00,2026-08-22 22:00:00-04:00
1787454000000,712.71,713.0,712.65,713.0,1.1336,807.909351,807.909351,2026-08-23 03:00:00+00:00,2026-08-22 23:00:00-04:00
1787457600000,713.0,713.03,713.0,713.03,0.1723,122.854274,122.854274,2026-08-23 04:00:00+00:00,2026-08-23 00:00:00-04:00
1787461200000,713.03,713.03,713.03,713.03,0.0171,12.192813,12.192813,2026-08-23 05:00:00+00:00,2026-08-23 01:00:00-04:00
1787472000000,713.03,713.03,713.03,713.03,0.1402,99.966806,99.966806,2026-08-23 08:00:00+00:00,2026-08-23 04:00:00-04:00
1787475600000,713.03,713.03,713.03,713.03,0.0672,47.915616,47.915616,2026-08-23 09:00:00+00:00,2026-08-23 05:00:00-04:00
1787479200000,713.03,713.03,713.03,713.03,0.0392,27.950776,27.950776,2026-08-23 10:00:00+00:00,2026-08-23 06:00:00-04:00
1787482800000,713.03,713.03,712.43,713.03,0.4599,327.909957,327.909957,2026-08-23 11:00:00+00:00,2026-08-23 07:00:00-04:00
1787486400000,713.03,713.03,713.03,713.03,0.0392,27.950776,27.950776,2026-08-23 12:00:00+00:00,2026-08-23 08:00:00-04:00
1787490000000,713.03,713.03,712.43,713.03,0.7624,543.196952,543.196952,2026-08-23 13:00:00+00:00,2026-08-23 09:00:00-04:00
1787493600000,713.03,713.03,713.03,713.03,0.6957,496.054971,496.054971,2026-08-23 14:00:00+00:00,2026-08-23 10:00:00-04:00
1787497200000,713.03,713.73,713.03,713.73,1.2969,925.351607,925.351607,2026-08-23 15:00:00+00:00,2026-08-23 11:00:00-04:00
1787500800000,713.73,713.73,713.73,713.73,0.2073,147.956229,147.956229,2026-08-23 16:00:00+00:00,2026-08-23 12:00:00-04:00
1787504400000,713.73,713.73,713.73,713.73,0.0392,27.978216,27.978216,2026-08-23 17:00:00+00:00,2026-08-23 13:00:00-04:00
1787508000000,713.73,713.73,713.73,713.73,0.1092,77.939316,77.939316,2026-08-23 18:00:00+00:00,2026-08-23 14:00:00-04:00
1787511600000,713.73,713.73,712.44,713.73,0.1651,117.800832,117.800832,2026-08-23 19:00:00+00:00,2026-08-23 15:00:00-04:00
1787515200000,713.73,713.73,713.73,713.73,0.068,48.53364,48.53364,2026-08-23 20:00:00+00:00,2026-08-23 16:00:00-04:00
1787518800000,713.73,713.73,713.73,713.73,0.0392,27.978216,27.978216,2026-08-23 21:00:00+00:00,2026-08-23 17:00:00-04:00
1787522400000,713.73,713.73,713.73,713.73,0.1793,127.971789,127.971789,2026-08-23 22:00:00+00:00,2026-08-23 18:00:00-04:00
1787526000000,713.73,713.73,713.73,713.73,0.0392,27.978216,27.978216,2026-08-23 23:00:00+00:00,2026-08-23 19:00:00-04:00
1787529600000,715.01,715.25,712.1,714.22,32531.0,23205768.49,23205768.49,2026-08-24 00:00:00+00:00,2026-08-23 20:00:00-04:00
1787533200000,714.23,714.75,711.76,711.76,38963.0,27803221.43,27803221.43,2026-08-24 01:00:00+00:00,2026-08-23 21:00:00-04:00
1787536800000,711.76,713.06,711.29,712.81,52408.0,37318259.6,37318259.6,2026-08-24 02:00:00+00:00,2026-08-23 22:00:00-04:00
1787540400000,712.81,712.83,710.41,710.56,36155.0,25714079.95,25714079.95,2026-08-24 03:00:00+00:00,2026-08-23 23:00:00-04:00
1787544000000,710.63,711.27,710.38,710.4,22404.0,15925788.39,15925788.39,2026-08-24 04:00:00+00:00,2026-08-24 00:00:00-04:00
1787547600000,710.4,711.12,708.7,708.86,44515.0,31596262.76,31596262.76,2026-08-24 05:00:00+00:00,2026-08-24 01:00:00-04:00
1787551200000,708.79,709.17,707.02,707.93,48141.0,34078794.58,34078794.58,2026-08-24 06:00:00+00:00,2026-08-24 02:00:00-04:00
1787554800000,707.83,709.08,707.2,707.51,25493.0,18053138.89,18053138.89,2026-08-24 07:00:00+00:00,2026-08-24 03:00:00-04:00
1787558400000,707.02,713.188,706.906,709.32,292043.08329100005,206693988.67244688,206693988.67244688,2026-08-24 08:00:00+00:00,2026-08-24 04:00:00-04:00
1787562000000,709.79,709.929,708.876,709.03,36956.897089,26220208.91222139,26220208.91222139,2026-08-24 09:00:00+00:00,2026-08-24 05:00:00-04:00
1787565600000,709.77,709.851,708.311,708.44,102625.075549,72770866.37137282,72770866.37137282,2026-08-24 10:00:00+00:00,2026-08-24 06:00:00-04:00
1787569200000,708.32,710.655,707.56,709.91,263522.874745,186885020.5502217,186885020.55022173,2026-08-24 11:00:00+00:00,2026-08-24 07:00:00-04:00
1787572800000,709.899,709.899,708.185,708.947,491106.355854,348220554.98558104,348220554.9855810203,2026-08-24 12:00:00+00:00,2026-08-24 08:00:00-04:00
1787576400000,709.16,709.71,702.73,704.45,4996125.642096999,3524958491.724089,3524958491.72408932,2026-08-24 13:00:00+00:00,2026-08-24 09:00:00-04:00
1787580000000,704.44,706.545,702.896,705.934,7409656.103917,5221257006.456491,5221257006.4564911021,2026-08-24 14:00:00+00:00,2026-08-24 10:00:00-04:00
1787583600000,705.86,708.81,704.83,707.78,5108849.125437999,3610534028.0881433,3610534028.08814335,2026-08-24 15:00:00+00:00,2026-08-24 11:00:00-04:00
1787587200000,708.015,709.3,707.72,708.03,3209226.923239,2273451332.9959707,2273451332.99597091,2026-08-24 16:00:00+00:00,2026-08-24 12:00:00-04:00
1787590800000,708.047,708.96,706.76,706.91,4771355.807896,3375867617.7848096,3375867617.7848096367,2026-08-24 17:00:00+00:00,2026-08-24 13:00:00-04:00
1787594400000,706.885,709.53,706.885,707.661,5419360.788416,3839146877.397689,3839146877.3976888786,2026-08-24 18:00:00+00:00,2026-08-24 14:00:00-04:00
1787598000000,707.61,708.07,706.22,706.393,10873950.774573,7688720341.862575,7688720341.8625755685,2026-08-24 19:00:00+00:00,2026-08-24 15:00:00-04:00
1787601600000,706.34,707.063,705.889,706.95,2232097.988321998,1576914506.7960196,1576914506.79601974,2026-08-24 20:00:00+00:00,2026-08-24 16:00:00-04:00
1787605200000,707.08,707.098,706.646,707.09,413181.882031,292064389.49647766,292064389.49647769,2026-08-24 21:00:00+00:00,2026-08-24 17:00:00-04:00
1787608800000,707.19,707.424,706.617,706.78,45157.071415,31926609.43809055,31926609.43809055,2026-08-24 22:00:00+00:00,2026-08-24 18:00:00-04:00
1787612400000,706.46,706.969,705.801,706.11,78866.55664500002,55697794.22625207,55697794.22625207,2026-08-24 23:00:00+00:00,2026-08-24 19:00:00-04:00
1787616000000,706.51,707.32,704.39,707.15,39678.0,27994051.8,27994051.8,2026-08-25 00:00:00+00:00,2026-08-24 20:00:00-04:00
1787619600000,707.01,707.72,706.35,707.09,27363.0,19353124.44,19353124.44,2026-08-25 01:00:00+00:00,2026-08-24 21:00:00-04:00
1787623200000,707.08,708.03,706.29,706.45,15569.0,11008954.87,11008954.87,2026-08-25 02:00:00+00:00,2026-08-24 22:00:00-04:00
1787626800000,706.44,708.58,706.44,707.96,18865.0,13357292.39,13357292.39,2026-08-25 03:00:00+00:00,2026-08-24 23:00:00-04:00
1787630400000,707.93,709.22,707.91,708.67,14366.0,10183301.72,10183301.72,2026-08-25 04:00:00+00:00,2026-08-25 00:00:00-04:00
1787634000000,708.91,709.86,708.64,709.62,21531.0,15273111.14,15273111.14,2026-08-25 05:00:00+00:00,2026-08-25 01:00:00-04:00
1787637600000,709.85,710.98,709.72,710.35,22799.0,16192041.42000001,16192041.42000001,2026-08-25 06:00:00+00:00,2026-08-25 02:00:00-04:00
1787641200000,710.44,711.02,709.51,709.69,16260.0,11546565.33,11546565.33,2026-08-25 07:00:00+00:00,2026-08-25 03:00:00-04:00
1787644800000,709.93,711.621,706.825,711.55,235675.508407,167350209.0084048,167350209.00840479,2026-08-25 08:00:00+00:00,2026-08-25 04:00:00-04:00
1787648400000,711.312,714.07,711.006,713.508,291374.340671,207661306.56520775,207661306.565207761,2026-08-25 09:00:00+00:00,2026-08-25 05:00:00-04:00
1787652000000,713.4,713.925,712.423,712.74,89460.13175299998,63794959.28444769,63794959.28444769,2026-08-25 10:00:00+00:00,2026-08-25 06:00:00-04:00
1787655600000,712.63,713.395,711.34,712.95,217431.621926,154900766.18057236,154900766.18057237,2026-08-25 11:00:00+00:00,2026-08-25 07:00:00-04:00
1787659200000,712.97,713.92,711.669,712.32,238170.1087200001,169757936.1551803,169757936.1551803,2026-08-25 12:00:00+00:00,2026-08-25 08:00:00-04:00
1787662800000,711.94,714.0,710.77,711.45,3841330.869794,2736474224.498893,2736474224.49889271,2026-08-25 13:00:00+00:00,2026-08-25 09:00:00-04:00
1787666400000,711.415,711.56,707.5,709.82,5201118.463973001,3692372298.7134023,3692372298.7134025,2026-08-25 14:00:00+00:00,2026-08-25 10:00:00-04:00
1787670000000,709.705,711.54,708.88,710.4,4225031.355242,3000234948.109705,3000234948.1097052847,2026-08-25 15:00:00+00:00,2026-08-25 11:00:00-04:00
1787673600000,710.458,711.3,710.2,710.709,2656347.553155,1888046834.9608,1888046834.9607997129,2026-08-25 16:00:00+00:00,2026-08-25 12:00:00-04:00
1787677200000,710.709,710.75,709.295,709.552,2611791.015116,1853665398.6408725,1853665398.6408725629,2026-08-25 17:00:00+00:00,2026-08-25 13:00:00-04:00
1787680800000,709.48,710.656,708.97,710.24,1869391.1838160008,1326903583.106753,1326903583.10675307,2026-08-25 18:00:00+00:00,2026-08-25 14:00:00-04:00
1787684400000,710.38,711.065,709.2,710.67,3674308.113698,2609586949.7744074,2609586949.77440753,2026-08-25 19:00:00+00:00,2026-08-25 15:00:00-04:00
1787688000000,710.723,711.64,710.43,710.954,1784659.104758,1268755649.9875302,1268755649.9875302393,2026-08-25 20:00:00+00:00,2026-08-25 16:00:00-04:00
1787691600000,710.91,711.33,710.791,711.0,238752.53238599995,169750734.6268818,169750734.62688182,2026-08-25 21:00:00+00:00,2026-08-25 17:00:00-04:00
1787695200000,711.33,711.495,710.89,711.01,47090.92381600002,33489374.45377422,33489374.45377422,2026-08-25 22:00:00+00:00,2026-08-25 18:00:00-04:00
1787698800000,710.38,711.028,709.11,709.22,132879.14491499998,94329390.15290643,94329390.15290645,2026-08-25 23:00:00+00:00,2026-08-25 19:00:00-04:00
1787702400000,709.29,709.79,706.81,706.89,17.0,12056.706,12056.706,2026-08-26 00:00:00+00:00,2026-08-25 20:00:00-04:00
1787706000000,706.86,707.69,706.49,707.33,65943.0,46629041.59,46629041.59,2026-08-26 01:00:00+00:00,2026-08-25 21:00:00-04:00
1787709600000,707.39,709.7,707.04,709.47,53588.0,37966246.21,37966246.21,2026-08-26 02:00:00+00:00,2026-08-25 22:00:00-04:00
1787713200000,709.57,710.78,709.19,710.6,29148.0,20688196.45,20688196.45,2026-08-26 03:00:00+00:00,2026-08-25 23:00:00-04:00
1787716800000,710.56,710.97,709.46,709.7,18329.0,13022468.96,13022468.96,2026-08-26 04:00:00+00:00,2026-08-26 00:00:00-04:00
1787720400000,709.73,710.41,709.68,710.03,17763.0,12613802.34,12613802.34,2026-08-26 05:00:00+00:00,2026-08-26 01:00:00-04:00
1787724000000,709.98,710.81,709.08,710.34,36989.0,26259674.99,26259674.99,2026-08-26 06:00:00+00:00,2026-08-26 02:00:00-04:00
1787727600000,710.25,710.37,708.76,709.25,22619.0,16045423.36,16045423.36,2026-08-26 07:00:00+00:00,2026-08-26 03:00:00-04:00
1787731200000,709.35,710.154,708.752,708.76,191777.23727800004,136023279.4134467,136023279.41344667,2026-08-26 08:00:00+00:00,2026-08-26 04:00:00-04:00
1787734800000,709.56,709.881,708.84,709.29,21945.263446,15566951.62836851,15566951.62836851,2026-08-26 09:00:00+00:00,2026-08-26 05:00:00-04:00
1787738400000,709.5,709.984,708.803,709.65,50620.12428000001,35916400.60215228,35916400.60215228,2026-08-26 10:00:00+00:00,2026-08-26 06:00:00-04:00
1787742000000,709.905,710.837,708.74,709.505,209176.489225,148489193.1376337,148489193.1376337056,2026-08-26 11:00:00+00:00,2026-08-26 07:00:00-04:00
1787745600000,709.25,710.353,707.534,707.92,362903.43186,257144843.58534724,257144843.58534725,2026-08-26 12:00:00+00:00,2026-08-26 08:00:00-04:00
1787749200000,707.74,712.19,707.458,712.19,2528989.343402,1796279170.379527,1796279170.37952704,2026-08-26 13:00:00+00:00,2026-08-26 09:00:00-04:00
1787752800000,712.09,712.14,707.99,710.3,2957940.4580469998,2099781589.1822207,2099781589.18222064,2026-08-26 14:00:00+00:00,2026-08-26 10:00:00-04:00
1787756400000,710.33,711.18,709.41,709.46,1948883.131193,1384485991.7345676,1384485991.73456763,2026-08-26 15:00:00+00:00,2026-08-26 11:00:00-04:00
1787760000000,709.42,709.61,708.32,709.349,2260998.561469,1603142829.4209912,1603142829.4209911565,2026-08-26 16:00:00+00:00,2026-08-26 12:00:00-04:00
1787763600000,709.355,711.2,709.26,711.013,2544873.705933,1808031307.9188645,1808031307.9188644034,2026-08-26 17:00:00+00:00,2026-08-26 13:00:00-04:00
1787767200000,711.014,712.051,710.579,711.89,2503959.776148,1780787352.8125832,1780787352.8125833546,2026-08-26 18:00:00+00:00,2026-08-26 14:00:00-04:00
1787770800000,711.86,713.01,710.915,711.35,3589266.054958,2555484927.9557858,2555484927.95578585,2026-08-26 19:00:00+00:00,2026-08-26 15:00:00-04:00
1787774400000,711.52,714.464,711.224,714.4,1569618.6847280003,1118064503.0307105,1118064503.0307104,2026-08-26 20:00:00+00:00,2026-08-26 16:00:00-04:00
1787778000000,714.466,717.957,713.961,716.99,2024453.555597,1450324164.0597875,1450324164.0597876652709932,2026-08-26 21:00:00+00:00,2026-08-26 17:00:00-04:00
1787781600000,716.49,719.224,716.08,718.69,600171.8165040002,431015190.5377973,431015190.53779726,2026-08-26 22:00:00+00:00,2026-08-26 18:00:00-04:00
1787785200000,718.84,719.828,718.251,719.81,105017.592975,75491098.57637215,75491098.57637214,2026-08-26 23:00:00+00:00,2026-08-26 19:00:00-04:00
1787788800000,719.83,719.83,714.82,715.03,68478.0,49096186.21,49096186.21,2026-08-27 00:00:00+00:00,2026-08-26 20:00:00-04:00
1787792400000,714.93,717.55,714.69,716.98,91137.0,65253353.13,65253353.13,2026-08-27 01:00:00+00:00,2026-08-26 21:00:00-04:00
1787796000000,717.13,717.71,716.76,717.51,13984.0,10031143.06,10031143.06,2026-08-27 02:00:00+00:00,2026-08-26 22:00:00-04:00
1787799600000,717.47,718.07,716.95,717.15,21566.0,15471493.33,15471493.33,2026-08-27 03:00:00+00:00,2026-08-26 23:00:00-04:00
1787803200000,717.17,717.56,716.19,716.23,24023.0,17216511.65,17216511.65,2026-08-27 04:00:00+00:00,2026-08-27 00:00:00-04:00
1787806800000,716.26,716.26,714.63,714.76,60870.0,43545379.74,43545379.74,2026-08-27 05:00:00+00:00,2026-08-27 01:00:00-04:00
1787810400000,714.78,716.35,713.99,716.35,60159.0,43006028.28,43006028.28,2026-08-27 06:00:00+00:00,2026-08-27 02:00:00-04:00
1787814000000,716.19,717.48,715.75,717.43,65054.0,46638491.46,46638491.46,2026-08-27 07:00:00+00:00,2026-08-27 03:00:00-04:00
1787817600000,717.47,720.147,715.378,719.44,469560.63853400014,337069502.6773744,337069502.67737437,2026-08-27 08:00:00+00:00,2026-08-27 04:00:00-04:00
1787821200000,718.81,719.476,717.96,719.27,102807.06883799996,73888725.46223105,73888725.46223105,2026-08-27 09:00:00+00:00,2026-08-27 05:00:00-04:00
1787824800000,718.81,718.844,718.007,718.66,102520.799747,73655248.41183418,73655248.41183418,2026-08-27 10:00:00+00:00,2026-08-27 06:00:00-04:00
1787828400000,718.67,719.414,716.748,717.54,241515.781007,173414199.59650448,173414199.59650447,2026-08-27 11:00:00+00:00,2026-08-27 07:00:00-04:00
1787832000000,717.758,718.466,716.771,716.865,423296.775091,303820900.99472725,303820900.994727235,2026-08-27 12:00:00+00:00,2026-08-27 08:00:00-04:00
1787835600000,716.87,718.72,714.58,715.97,4658177.905175,3337929640.040661,3337929640.04066061,2026-08-27 13:00:00+00:00,2026-08-27 09:00:00-04:00
1787839200000,715.95,719.26,715.943,718.66,3661473.143126,2628549600.611296,2628549600.61129643,2026-08-27 14:00:00+00:00,2026-08-27 10:00:00-04:00
1787842800000,718.82,719.56,716.69,718.75,3198627.4972250005,2298012343.2238374,2298012343.22383768,2026-08-27 15:00:00+00:00,2026-08-27 11:00:00-04:00
1787846400000,718.75,720.17,718.115,720.02,2111573.286987,1518753732.1266308,1518753732.12663091,2026-08-27 16:00:00+00:00,2026-08-27 12:00:00-04:00
1787850000000,720.039,720.62,719.01,719.11,3648827.368642,2626514653.425217,2626514653.4252175226,2026-08-27 17:00:00+00:00,2026-08-27 13:00:00-04:00
1787853600000,719.11,719.32,717.118,718.144,4920118.663795,3533161543.2943306,3533161543.2943304024,2026-08-27 18:00:00+00:00,2026-08-27 14:00:00-04:00
1787857200000,718.105,721.34,718.03,721.13,6094120.707404,4386361978.716699,4386361978.7166987178,2026-08-27 19:00:00+00:00,2026-08-27 15:00:00-04:00
1787860800000,721.08,721.37,719.37,719.59,2096388.075608,1510872755.9772973,1510872755.9772973,2026-08-27 20:00:00+00:00,2026-08-27 16:00:00-04:00
1787864400000,719.89,719.948,719.505,719.89,346014.7237139999,249073889.2608632,249073889.2608632,2026-08-27 21:00:00+00:00,2026-08-27 17:00:00-04:00
1787868000000,719.59,719.838,718.95,719.653,111048.451393,79903244.87115583,79903244.8711558214,2026-08-27 22:00:00+00:00,2026-08-27 18:00:00-04:00
1787871600000,719.62,719.695,718.64,718.67,57966.449934,41678689.03284508,41678689.03284508,2026-08-27 23:00:00+00:00,2026-08-27 19:00:00-04:00
1787875200000,719.51,720.66,718.764,720.16,13476.0,9703613.22,9703613.22,2026-08-28 00:00:00+00:00,2026-08-27 20:00:00-04:00
1787878800000,720.14,720.95,720.05,720.94,25549.0,18406799.19,18406799.19,2026-08-28 01:00:00+00:00,2026-08-27 21:00:00-04:00
1787882400000,720.99,721.49,720.11,720.54,11979.0,8634966.13,8634966.13,2026-08-28 02:00:00+00:00,2026-08-27 22:00:00-04:00
1787886000000,720.51,721.6,720.04,720.73,8984.0,6477942.08,6477942.08,2026-08-28 03:00:00+00:00,2026-08-27 23:00:00-04:00
1787889600000,720.62,720.68,719.96,720.04,7814.0,5626995.62,5626995.62,2026-08-28 04:00:00+00:00,2026-08-28 00:00:00-04:00
1787893200000,720.01,720.06,719.0,719.0,8259.0,5941245.05,5941245.05,2026-08-28 05:00:00+00:00,2026-08-28 01:00:00-04:00
1787896800000,719.1,720.09,718.91,720.09,7334.0,5276426.93,5276426.93,2026-08-28 06:00:00+00:00,2026-08-28 02:00:00-04:00
1787900400000,720.17,720.28,718.91,719.22,21039.0,15138240.47,15138240.47,2026-08-28 07:00:00+00:00,2026-08-28 03:00:00-04:00
1787904000000,719.46,719.844,718.533,719.57,119861.32484699998,86213925.65274505,86213925.65274505,2026-08-28 08:00:00+00:00,2026-08-28 04:00:00-04:00
1787907600000,719.544,719.544,719.001,719.229,19851.185914,14279081.10529287,14279081.10529287,2026-08-28 09:00:00+00:00,2026-08-28 05:00:00-04:00
1787911200000,719.06,719.599,718.911,719.09,25130.303301000004,18075890.41834507,18075890.41834507,2026-08-28 10:00:00+00:00,2026-08-28 06:00:00-04:00
1787914800000,719.599,720.0,719.047,719.156,223111.015557,160516809.82416257,160516809.8241625698,2026-08-28 11:00:00+00:00,2026-08-28 07:00:00-04:00
1787918400000,719.06,720.56,719.06,720.47,148054.03244300003,106598622.05629838,106598622.05629838,2026-08-28 12:00:00+00:00,2026-08-28 08:00:00-04:00
1787922000000,720.34,721.53,718.27,719.89,3676154.4249,2647302836.5407143,2647302836.54071431,2026-08-28 13:00:00+00:00,2026-08-28 09:00:00-04:00
1787925600000,719.4,723.82,716.77,723.73,7108828.759798001,5120478692.43936,5120478692.43936042,2026-08-28 14:00:00+00:00,2026-08-28 10:00:00-04:00
1787929200000,723.725,724.12,717.71,717.85,4579448.2734900005,3303932714.095521,3303932714.09552126,2026-08-28 15:00:00+00:00,2026-08-28 11:00:00-04:00
1787932800000,717.931,718.78,715.73,716.73,5016199.887411,3597401176.259665,3597401176.259664669,2026-08-28 16:00:00+00:00,2026-08-28 12:00:00-04:00
1787936400000,716.712,717.28,715.18,716.966,3466724.661129,2482665940.274656,2482665940.274656254074699,2026-08-28 17:00:00+00:00,2026-08-28 13:00:00-04:00
1787940000000,716.963,717.02,715.15,715.525,2755799.827534,1973466313.8196063,1973466313.8196066157,2026-08-28 18:00:00+00:00,2026-08-28 14:00:00-04:00
1787943600000,715.515,717.08,715.24,716.43,7557716.763007,5414211952.746726,5414211952.746725637686464,2026-08-28 19:00:00+00:00,2026-08-28 15:00:00-04:00
1787947200000,716.56,717.008,716.059,716.9,3303878.5516529987,2366688137.340468,2366688137.34046797,2026-08-28 20:00:00+00:00,2026-08-28 16:00:00-04:00
1787950800000,716.93,716.945,716.173,716.33,284417.632744,203865578.59102717,203865578.5910271382,2026-08-28 21:00:00+00:00,2026-08-28 17:00:00-04:00
1787954400000,716.17,716.469,716.11,716.27,26777.56567600001,19178826.24245073,19178826.24245073,2026-08-28 22:00:00+00:00,2026-08-28 18:00:00-04:00
1787958000000,716.23,716.425,716.101,716.18,37797.516675,27072524.2349921,27072524.2349921,2026-08-28 23:00:00+00:00,2026-08-28 19:00:00-04:00
1787961600000,716.237,716.237,716.227,716.227,0.0669,47.932512,47.932512,2026-08-29 00:00:00+00:00,2026-08-28 20:00:00-04:00
1787965200000,716.51,716.51,716.51,716.51,0.0669,47.934519,47.934519,2026-08-29 01:00:00+00:00,2026-08-28 21:00:00-04:00
1787968800000,716.54,716.79,716.24,716.24,0.4414,316.30022,316.30022,2026-08-29 02:00:00+00:00,2026-08-28 22:00:00-04:00
1787972400000,716.24,716.81,714.27,715.05,7.0505,5037.144902,5037.144902,2026-08-29 03:00:00+00:00,2026-08-28 23:00:00-04:00
1787976000000,715.1,716.89,715.1,716.65,3.335,2389.52876,2389.52876,2026-08-29 04:00:00+00:00,2026-08-29 00:00:00-04:00
1787979600000,716.75,716.93,716.36,716.93,1.432,1026.385479,1026.385479,2026-08-29 05:00:00+00:00,2026-08-29 01:00:00-04:00
1787983200000,716.98,717.04,716.98,717.04,0.4063,291.311314,291.311314,2026-08-29 06:00:00+00:00,2026-08-29 02:00:00-04:00
1787986800000,717.09,717.09,717.09,717.09,0.039,27.96651,27.96651,2026-08-29 07:00:00+00:00,2026-08-29 03:00:00-04:00
1787990400000,717.02,717.11,717.02,717.11,0.0668,47.900446,47.900446,2026-08-29 08:00:00+00:00,2026-08-29 04:00:00-04:00
1787994000000,717.18,717.18,717.13,717.13,0.1087,77.955516,77.955516,2026-08-29 09:00:00+00:00,2026-08-29 05:00:00-04:00
1787997600000,716.62,716.87,716.61,716.87,0.547,392.038588,392.038588,2026-08-29 10:00:00+00:00,2026-08-29 06:00:00-04:00
1788001200000,716.87,717.12,716.53,717.12,0.3199,229.304689,229.304689,2026-08-29 11:00:00+00:00,2026-08-29 07:00:00-04:00
1788004800000,717.08,717.08,716.56,717.08,0.1497,107.303768,107.303768,2026-08-29 12:00:00+00:00,2026-08-29 08:00:00-04:00
1788008400000,717.0,717.0,716.56,717.0,0.2294,164.408256,164.408256,2026-08-29 13:00:00+00:00,2026-08-29 09:00:00-04:00
1788012000000,717.21,717.76,717.21,717.59,0.8496,609.452739,609.452739,2026-08-29 14:00:00+00:00,2026-08-29 10:00:00-04:00
1788015600000,717.59,717.73,717.59,717.73,0.4123,295.874446,295.874446,2026-08-29 15:00:00+00:00,2026-08-29 11:00:00-04:00
1788019200000,717.76,717.76,717.25,717.67,0.2545,182.653402,182.653402,2026-08-29 16:00:00+00:00,2026-08-29 12:00:00-04:00
1788022800000,717.34,717.78,717.34,717.78,0.0596,42.770624,42.770624,2026-08-29 17:00:00+00:00,2026-08-29 13:00:00-04:00
1788026400000,717.67,717.67,715.67,716.09,323.197,231404.895336,231404.895336,2026-08-29 18:00:00+00:00,2026-08-29 14:00:00-04:00
1788030000000,716.29,716.29,715.76,716.29,2.9742,2130.102249,2130.102249,2026-08-29 19:00:00+00:00,2026-08-29 15:00:00-04:00
1788033600000,716.29,716.29,716.29,716.29,0.0677,48.492833,48.492833,2026-08-29 20:00:00+00:00,2026-08-29 16:00:00-04:00
1788037200000,716.29,716.29,716.29,716.29,0.039,27.93531,27.93531,2026-08-29 21:00:00+00:00,2026-08-29 17:00:00-04:00
1788040800000,716.29,716.29,716.29,716.29,0.1786,127.929394,127.929394,2026-08-29 22:00:00+00:00,2026-08-29 18:00:00-04:00
1788044400000,716.29,716.29,716.29,716.29,0.039,27.93531,27.93531,2026-08-29 23:00:00+00:00,2026-08-29 19:00:00-04:00
1788048000000,716.29,716.29,716.29,716.29,0.0669,47.919801,47.919801,2026-08-30 00:00:00+00:00,2026-08-29 20:00:00-04:00
1788051600000,716.29,716.29,716.29,716.29,0.114,81.65706,81.65706,2026-08-30 01:00:00+00:00,2026-08-29 21:00:00-04:00
1788055200000,716.29,716.29,716.29,716.29,0.2564,183.656756,183.656756,2026-08-30 02:00:00+00:00,2026-08-29 22:00:00-04:00
1788058800000,716.29,716.29,716.29,716.29,0.039,27.93531,27.93531,2026-08-30 03:00:00+00:00,2026-08-29 23:00:00-04:00
1788062400000,716.29,716.29,716.29,716.29,0.2065,147.913885,147.913885,2026-08-30 04:00:00+00:00,2026-08-30 00:00:00-04:00
1788066000000,716.29,716.29,716.29,716.29,0.9472,678.469888,678.469888,2026-08-30 05:00:00+00:00,2026-08-30 01:00:00-04:00
1788069600000,716.29,716.29,716.29,716.29,0.5238,375.192702,375.192702,2026-08-30 06:00:00+00:00,2026-08-30 02:00:00-04:00
1788073200000,716.29,716.35,716.29,716.35,7.139,5113.596326,5113.596326,2026-08-30 07:00:00+00:00,2026-08-30 03:00:00-04:00
1788076800000,716.35,716.35,716.35,716.35,1.0869,778.600815,778.600815,2026-08-30 08:00:00+00:00,2026-08-30 04:00:00-04:00
1788080400000,716.35,716.35,716.35,716.35,3.3051,2367.608385,2367.608385,2026-08-30 09:00:00+00:00,2026-08-30 05:00:00-04:00
1788084000000,716.35,719.4,716.0,719.4,144.6341,103645.26781,103645.26781,2026-08-30 10:00:00+00:00,2026-08-30 06:00:00-04:00
1788087600000,719.17,719.17,718.18,718.66,0.8767,630.062751,630.062751,2026-08-30 11:00:00+00:00,2026-08-30 07:00:00-04:00
1788091200000,718.68,718.71,718.68,718.71,0.2766,198.788055,198.788055,2026-08-30 12:00:00+00:00,2026-08-30 08:00:00-04:00
1788094800000,718.91,718.91,718.91,718.91,0.0389,27.965599,27.965599,2026-08-30 13:00:00+00:00,2026-08-30 09:00:00-04:00
1788098400000,718.92,719.06,718.92,719.06,0.7275,523.031263,523.031263,2026-08-30 14:00:00+00:00,2026-08-30 10:00:00-04:00
1788102000000,719.16,719.27,718.5,719.27,0.8942,642.840317,642.840317,2026-08-30 15:00:00+00:00,2026-08-30 11:00:00-04:00
1788105600000,719.25,719.25,719.21,719.21,0.2335,167.942207,167.942207,2026-08-30 16:00:00+00:00,2026-08-30 12:00:00-04:00
1788109200000,719.39,719.39,719.39,719.39,0.0389,27.984271,27.984271,2026-08-30 17:00:00+00:00,2026-08-30 13:00:00-04:00
1788112800000,719.29,719.54,719.29,719.54,0.2598,186.888192,186.888192,2026-08-30 18:00:00+00:00,2026-08-30 14:00:00-04:00
1788116400000,719.81,719.81,719.49,719.59,0.1568,112.835456,112.835456,2026-08-30 19:00:00+00:00,2026-08-30 15:00:00-04:00
1788120000000,719.78,720.02,718.33,718.33,2.5234,1814.492458,1814.492458,2026-08-30 20:00:00+00:00,2026-08-30 16:00:00-04:00
1788123600000,718.16,718.16,717.2,717.2,6.8856,4941.327234,4941.327234,2026-08-30 21:00:00+00:00,2026-08-30 17:00:00-04:00
1788127200000,717.41,717.41,716.46,716.94,16.0745,11519.072732,11519.072732,2026-08-30 22:00:00+00:00,2026-08-30 18:00:00-04:00
1788130800000,716.85,716.85,716.46,716.46,0.2266,162.365046,162.365046,2026-08-30 23:00:00+00:00,2026-08-30 19:00:00-04:00
1788134400000,711.7,714.21,711.24,713.1,67995.0,48459239.80999999,48459239.80999999,2026-08-31 00:00:00+00:00,2026-08-30 20:00:00-04:00
1788138000000,712.99,712.99,711.68,712.4,41559.0,29604319.89,29604319.89,2026-08-31 01:00:00+00:00,2026-08-30 21:00:00-04:00
1788141600000,712.18,713.29,711.51,712.86,40193.0,28637091.05,28637091.05,2026-08-31 02:00:00+00:00,2026-08-30 22:00:00-04:00
1788145200000,712.91,713.4,712.72,713.1,19043.0,13578701.86,13578701.86,2026-08-31 03:00:00+00:00,2026-08-30 23:00:00-04:00
1788148800000,713.07,714.75,712.69,714.59,30847.0,22013433.06,22013433.06,2026-08-31 04:00:00+00:00,2026-08-31 00:00:00-04:00
1788152400000,714.6,716.12,714.41,715.68,26956.0,19283156.75,19283156.75,2026-08-31 05:00:00+00:00,2026-08-31 01:00:00-04:00
1788156000000,715.74,717.33,715.47,717.1,24892.0,17837022.24,17837022.24,2026-08-31 06:00:00+00:00,2026-08-31 02:00:00-04:00
1788159600000,717.02,717.13,716.226,716.74,10110.0,7246968.96,7246968.96,2026-08-31 07:00:00+00:00,2026-08-31 03:00:00-04:00
1788163200000,717.51,717.51,716.091,716.44,224881.288127,161222770.1210325,161222770.12103252,2026-08-31 08:00:00+00:00,2026-08-31 04:00:00-04:00
1788166800000,715.99,716.87,715.375,715.99,32613.398483,23354177.43978919,23354177.43978919,2026-08-31 09:00:00+00:00,2026-08-31 05:00:00-04:00
1788170400000,715.29,715.941,715.257,715.66,97873.519171,70026868.47908033,70026868.47908034,2026-08-31 10:00:00+00:00,2026-08-31 06:00:00-04:00
1788174000000,715.4,715.886,714.888,715.11,94013.371779,67254402.1775663,67254402.1775663,2026-08-31 11:00:00+00:00,2026-08-31 07:00:00-04:00
1788177600000,715.27,716.21,713.71,714.01,364510.29725800006,260591181.7880034,260591181.7880034,2026-08-31 12:00:00+00:00,2026-08-31 08:00:00-04:00
1788181200000,713.963,716.97,713.71,715.261,4610183.678364,3296826518.9134383,3296826518.9134383482277566,2026-08-31 13:00:00+00:00,2026-08-31 09:00:00-04:00
1788184800000,715.2,715.41,713.17,714.62,2962891.9583069994,2116219804.060737,2116219804.06073705,2026-08-31 14:00:00+00:00,2026-08-31 10:00:00-04:00
1788188400000,714.71,715.25,713.875,713.91,5451352.913664998,3894721814.844415,3894721814.84441465,2026-08-31 15:00:00+00:00,2026-08-31 11:00:00-04:00
1788192000000,713.93,715.26,713.4,715.23,4050426.669669,2893489123.5181,2893489123.51809997,2026-08-31 16:00:00+00:00,2026-08-31 12:00:00-04:00
1788195600000,715.045,715.6,714.009,715.25,2669960.193705,1908665098.8132155,1908665098.81321538,2026-08-31 17:00:00+00:00,2026-08-31 13:00:00-04:00
1788199200000,715.08,715.74,713.81,714.37,2438644.108731,1743184022.0063565,1743184022.00635635,2026-08-31 18:00:00+00:00,2026-08-31 14:00:00-04:00
1788202800000,714.364,717.58,714.364,716.71,8700318.471115,6229991701.98127,6229991701.9812699289,2026-08-31 19:00:00+00:00,2026-08-31 15:00:00-04:00
1788206400000,717.005,717.28,716.829,717.1,3525153.914663,2527729945.30946,2527729945.3094604,2026-08-31 20:00:00+00:00,2026-08-31 16:00:00-04:00
1788210000000,717.06,717.081,716.881,716.96,246462.63477799992,176710554.41410077,176710554.41410078,2026-08-31 21:00:00+00:00,2026-08-31 17:00:00-04:00
1788213600000,717.05,717.062,716.46,716.73,57955.74750799999,41539811.00423275,41539811.00423275,2026-08-31 22:00:00+00:00,2026-08-31 18:00:00-04:00
1788217200000,716.76,717.045,716.338,716.76,49011.507752,35126626.0242708,35126626.0242708,2026-08-31 23:00:00+00:00,2026-08-31 19:00:00-04:00
1788220800000,716.81,717.24,716.26,716.8,18111.0,12979713.94000001,12979713.94000001,2026-09-01 00:00:00+00:00,2026-08-31 20:00:00-04:00
1788224400000,716.93,717.09,716.15,716.8,18553.0,13296492.2,13296492.2,2026-09-01 01:00:00+00:00,2026-08-31 21:00:00-04:00
1788228000000,716.71,716.72,715.2,716.5,22776.0,16301810.78,16301810.78,2026-09-01 02:00:00+00:00,2026-08-31 22:00:00-04:00
1788231600000,716.47,716.54,715.78,716.4,13047.0,9344076.92,9344076.92,2026-09-01 03:00:00+00:00,2026-08-31 23:00:00-04:00
1788235200000,716.33,716.78,715.93,716.02,10449.0,7486600.62,7486600.62,2026-09-01 04:00:00+00:00,2026-09-01 00:00:00-04:00
1788238800000,715.99,718.28,715.48,718.16,22838.0,16372823.82,16372823.82,2026-09-01 05:00:00+00:00,2026-09-01 01:00:00-04:00
1788242400000,718.26,718.35,717.09,717.16,22194.0,15926171.21,15926171.21,2026-09-01 06:00:00+00:00,2026-09-01 02:00:00-04:00
1788246000000,717.14,718.07,715.07,715.22,36504.0,26153847.32,26153847.32,2026-09-01 07:00:00+00:00,2026-09-01 03:00:00-04:00
1788249600000,715.25,716.414,710.35,710.35,410938.0608360002,292978331.5668324,292978331.56683243,2026-09-01 08:00:00+00:00,2026-09-01 04:00:00-04:00
1788253200000,710.24,710.455,709.125,710.13,208147.45129199995,147747078.1728715,147747078.1728715,2026-09-01 09:00:00+00:00,2026-09-01 05:00:00-04:00
1788256800000,709.55,710.863,709.484,709.85,186899.883142,132745941.04141852,132745941.04141851,2026-09-01 10:00:00+00:00,2026-09-01 06:00:00-04:00
1788260400000,709.73,710.374,708.742,708.84,267467.2930189999,189796128.46274745,189796128.46274742,2026-09-01 11:00:00+00:00,2026-09-01 07:00:00-04:00
1788264000000,708.7,708.908,707.68,707.8,383196.337424,271395357.2135112,271395357.21351118,2026-09-01 12:00:00+00:00,2026-09-01 08:00:00-04:00
1788267600000,707.65,708.44,705.64,707.23,5027107.698474,3554291323.2243495,3554291323.2243497,2026-09-01 13:00:00+00:00,2026-09-01 09:00:00-04:00
1788271200000,707.3,711.05,706.805,710.129,5525148.928949,3917330861.4251304,3917330861.425130807704448,2026-09-01 14:00:00+00:00,2026-09-01 10:00:00-04:00
1788274800000,710.22,712.28,709.0,711.81,3576982.49909,2540986065.654062,2540986065.65406174,2026-09-01 15:00:00+00:00,2026-09-01 11:00:00-04:00
1788278400000,711.89,711.89,707.89,709.3,4529523.144396,3212233634.973322,3212233634.97332209,2026-09-01 16:00:00+00:00,2026-09-01 12:00:00-04:00
1788282000000,709.24,709.298,707.03,707.99,1921805.3783380005,1360815974.8608005,1360815974.86080048,2026-09-01 17:00:00+00:00,2026-09-01 13:00:00-04:00
1788285600000,708.0,708.23,704.68,706.443,5016051.803813,3542609060.943124,3542609060.9431237965,2026-09-01 18:00:00+00:00,2026-09-01 14:00:00-04:00
1788289200000,706.45,708.0,706.35,707.66,6620495.272987999,4682489608.617714,4682489608.61771343,2026-09-01 19:00:00+00:00,2026-09-01 15:00:00-04:00
1788292800000,708.12,708.41,707.429,707.86,3715189.125609,2629850492.804652,2629850492.80465198,2026-09-01 20:00:00+00:00,2026-09-01 16:00:00-04:00
1788296400000,707.98,708.154,707.631,707.71,672211.2009270001,475764939.00041455,475764939.00041461,2026-09-01 21:00:00+00:00,2026-09-01 17:00:00-04:00
1788300000000,707.8,708.049,707.135,707.83,110668.458365,78304950.67349784,78304950.67349784,2026-09-01 22:00:00+00:00,2026-09-01 18:00:00-04:00
1788303600000,707.5,708.063,707.5,707.86,43697.473335,30931190.95396975,30931190.95396975,2026-09-01 23:00:00+00:00,2026-09-01 19:00:00-04:00
1788307200000,710.98,710.98,707.17,707.17,17423.0,12338970.93,12338970.93,2026-09-02 00:00:00+00:00,2026-09-01 20:00:00-04:00
1788310800000,707.16,707.77,705.86,706.45,24419.0,17264932.92,17264932.92,2026-09-02 01:00:00+00:00,2026-09-01 21:00:00-04:00
1788314400000,706.51,707.06,705.78,706.59,14738.0,10410987.71,10410987.71,2026-09-02 02:00:00+00:00,2026-09-01 22:00:00-04:00
1788318000000,706.6,706.8,705.79,705.79,14976.0,10577096.31,10577096.31,2026-09-02 03:00:00+00:00,2026-09-01 23:00:00-04:00
1788321600000,705.85,706.12,705.57,706.1,8754.0,6179226.49,6179226.49,2026-09-02 04:00:00+00:00,2026-09-02 00:00:00-04:00
1788325200000,706.02,707.1,705.6,706.43,36503.0,25792021.87000002,25792021.87000002,2026-09-02 05:00:00+00:00,2026-09-02 01:00:00-04:00
1788328800000,706.48,707.01,705.07,706.55,27852.0,19655764.0,19655764,2026-09-02 06:00:00+00:00,2026-09-02 02:00:00-04:00
1788332400000,706.46,707.53,705.99,706.26,25741.0,18200377.5,18200377.5,2026-09-02 07:00:00+00:00,2026-09-02 03:00:00-04:00
1788336000000,706.14,707.561,703.652,703.96,254540.905405,179669403.50418544,179669403.50418544,2026-09-02 08:00:00+00:00,2026-09-02 04:00:00-04:00
1788339600000,704.028,705.286,703.302,704.003,162820.617008,114625326.287306,114625326.287306017,2026-09-02 09:00:00+00:00,2026-09-02 05:00:00-04:00
1788343200000,703.55,704.487,703.463,704.04,98669.47230299996,69463900.5181458,69463900.5181458,2026-09-02 10:00:00+00:00,2026-09-02 06:00:00-04:00
1788346800000,704.38,706.674,702.986,706.32,358877.622037,253025806.110894,253025806.11089396,2026-09-02 11:00:00+00:00,2026-09-02 07:00:00-04:00
1788350400000,706.681,708.103,705.522,705.66,516627.906361,365244638.838638,365244638.8386379867,2026-09-02 12:00:00+00:00,2026-09-02 08:00:00-04:00
1788354000000,706.9,707.556,705.1,706.18,3367409.0547970003,2378605417.1327477,2378605417.13274749,2026-09-02 13:00:00+00:00,2026-09-02 09:00:00-04:00
1788357600000,706.025,709.76,705.51,707.6,4703421.527229001,3330714784.926941,3330714784.92694082,2026-09-02 14:00:00+00:00,2026-09-02 10:00:00-04:00
1788361200000,707.545,709.707,707.315,709.22,2231437.701303,1581554231.4630544,1581554231.46305454,2026-09-02 15:00:00+00:00,2026-09-02 11:00:00-04:00
1788364800000,709.07,709.46,708.0,708.41,1636679.6184800002,1159951179.9043064,1159951179.9043064,2026-09-02 16:00:00+00:00,2026-09-02 12:00:00-04:00
1788368400000,708.66,709.09,707.74,708.55,1876132.046702,1328902976.9991884,1328902976.99918852,2026-09-02 17:00:00+00:00,2026-09-02 13:00:00-04:00
1788372000000,708.55,709.39,707.84,708.25,2342569.1617999994,1659488878.3495095,1659488878.34950947,2026-09-02 18:00:00+00:00,2026-09-02 14:00:00-04:00
1788375600000,708.23,709.42,708.1,709.23,4641617.967720001,3289898051.3672986,3289898051.36729838,2026-09-02 19:00:00+00:00,2026-09-02 15:00:00-04:00
1788379200000,709.52,709.746,707.7,708.16,1348832.345951,956383235.3845305,956383235.38453058,2026-09-02 20:00:00+00:00,2026-09-02 16:00:00-04:00
1788382800000,708.28,709.272,708.064,708.99,342423.08676899987,242612098.77599,242612098.77599,2026-09-02 21:00:00+00:00,2026-09-02 17:00:00-04:00
1788386400000,708.96,709.68,708.331,709.4,70359.57806199997,49877602.34196611,49877602.34196611,2026-09-02 22:00:00+00:00,2026-09-02 18:00:00-04:00
1788390000000,709.01,709.787,708.755,709.72,66306.167432,47037508.97824314,47037508.97824314,2026-09-02 23:00:00+00:00,2026-09-02 19:00:00-04:00
1788393600000,709.45,709.571,708.19,708.41,32123.0,22765317.41000001,22765317.41000001,2026-09-03 00:00:00+00:00,2026-09-02 20:00:00-04:00
1788397200000,708.38,709.59,708.09,708.11,25213.0,17875991.97,17875991.97,2026-09-03 01:00:00+00:00,2026-09-02 21:00:00-04:00
1788400800000,708.08,709.54,708.02,709.13,9687.0,6866927.92,6866927.92,2026-09-03 02:00:00+00:00,2026-09-02 22:00:00-04:00
1788404400000,709.23,710.58,709.14,710.41,12265.0,8710139.89,8710139.89,2026-09-03 03:00:00+00:00,2026-09-02 23:00:00-04:00
1788408000000,710.51,710.89,709.76,709.81,10513.0,7469895.19,7469895.19,2026-09-03 04:00:00+00:00,2026-09-03 00:00:00-04:00
1788411600000,709.78,709.79,706.67,709.22,53732.0,38033773.0,38033773,2026-09-03 05:00:00+00:00,2026-09-03 01:00:00-04:00
1788415200000,709.3,709.63,708.67,708.96,17899.0,12690937.26,12690937.26,2026-09-03 06:00:00+00:00,2026-09-03 02:00:00-04:00
1788418800000,708.67,710.68,708.67,710.04,25953.0,18421345.58,18421345.58,2026-09-03 07:00:00+00:00,2026-09-03 03:00:00-04:00
1788422400000,709.672,711.798,709.672,709.988,996526.404936,708239370.7157322,708239370.7157321557,2026-09-03 08:00:00+00:00,2026-09-03 04:00:00-04:00
1788426000000,709.984,710.146,707.843,708.077,175811.284333,124626646.0811512,124626646.0811512108,2026-09-03 09:00:00+00:00,2026-09-03 05:00:00-04:00
1788429600000,708.076,708.499,707.377,707.79,110728.439464,78386567.26592624,78386567.2659262286,2026-09-03 10:00:00+00:00,2026-09-03 06:00:00-04:00
1788433200000,707.812,709.25,707.3,707.335,298874.099429,211653045.25226325,211653045.2522632316,2026-09-03 11:00:00+00:00,2026-09-03 07:00:00-04:00
1788436800000,707.341,710.961,707.341,710.727,686882.269357,487116666.40246654,487116666.4024665473,2026-09-03 12:00:00+00:00,2026-09-03 08:00:00-04:00
1788440400000,710.721,713.8,709.641,712.74,4628859.149127,3296278602.6090083,3296278602.6090083335,2026-09-03 13:00:00+00:00,2026-09-03 09:00:00-04:00
1788444000000,712.59,713.64,710.66,713.526,6058287.279435,4314619954.152194,4314619954.1521942641,2026-09-03 14:00:00+00:00,2026-09-03 10:00:00-04:00
1788447600000,713.532,717.81,713.532,717.81,6575910.988929,4710486202.431445,4710486202.4314447923,2026-09-03 15:00:00+00:00,2026-09-03 11:00:00-04:00
1788451200000,717.752,717.925,716.43,717.552,3274005.680635,2347907753.678252,2347907753.678252153317525,2026-09-03 16:00:00+00:00,2026-09-03 12:00:00-04:00
1788454800000,717.554,718.13,716.36,717.92,2580551.587633,1850943357.068452,1850943357.0684516533,2026-09-03 17:00:00+00:00,2026-09-03 13:00:00-04:00
1788458400000,717.92,718.905,717.92,718.528,3946083.764509,2835587781.431864,2835587781.4318642373,2026-09-03 18:00:00+00:00,2026-09-03 14:00:00-04:00
1788462000000,718.529,718.547,717.14,717.62,6465731.548261,4639618292.262672,4639618292.2626727016,2026-09-03 19:00:00+00:00,2026-09-03 15:00:00-04:00
1788465600000,717.569,717.66,716.924,716.986,2442798.326828,1752404364.2410617,1752404364.2410616487,2026-09-03 20:00:00+00:00,2026-09-03 16:00:00-04:00
1788469200000,716.987,717.24,716.936,717.135,322138.590609,230971448.8765704,230971448.87657041603018,2026-09-03 21:00:00+00:00,2026-09-03 17:00:00-04:00
1788472800000,717.131,717.131,716.523,717.125,111519.342012,79931708.79217006,79931708.792170075,2026-09-03 22:00:00+00:00,2026-09-03 18:00:00-04:00
1788476400000,717.127,717.287,716.896,717.031,50387.51781,36133790.63306258,36133790.6330625809,2026-09-03 23:00:00+00:00,2026-09-03 19:00:00-04:00
1788480000000,717.19,718.26,717.15,718.0,16449.0,11806318.56,11806318.56,2026-09-04 00:00:00+00:00,2026-09-03 20:00:00-04:00
1788483600000,717.97,718.31,717.67,718.31,7326.0,5260168.48,5260168.48,2026-09-04 01:00:00+00:00,2026-09-03 21:00:00-04:00
1788487200000,718.37,718.84,718.18,718.75,5789.0,4159474.15,4159474.15,2026-09-04 02:00:00+00:00,2026-09-03 22:00:00-04:00
1788490800000,718.77,719.14,718.64,718.99,5305.0,3813825.07,3813825.07,2026-09-04 03:00:00+00:00,2026-09-03 23:00:00-04:00
1788494400000,718.93,719.65,718.62,719.63,20880.0,15023282.16,15023282.16,2026-09-04 04:00:00+00:00,2026-09-04 00:00:00-04:00
1788498000000,719.58,720.7,719.5,720.1,26141.0,18827830.11,18827830.11,2026-09-04 05:00:00+00:00,2026-09-04 01:00:00-04:00
1788501600000,720.06,720.67,719.04,719.06,30087.0,21658390.7,21658390.7,2026-09-04 06:00:00+00:00,2026-09-04 02:00:00-04:00
1788505200000,719.12,721.08,719.02,720.87,34478.0,24828577.51,24828577.51,2026-09-04 07:00:00+00:00,2026-09-04 03:00:00-04:00
1788508800000,720.8,721.4022,717.67,721.09,245232.627013,176768206.01519617,176768206.015196174,2026-09-04 08:00:00+00:00,2026-09-04 04:00:00-04:00
1788512400000,721.0392,721.12,720.08,721.0312,82927.547735,59755985.36043116,59755985.3604311623,2026-09-04 09:00:00+00:00,2026-09-04 05:00:00-04:00
1788516000000,721.036,722.08,721.0,721.61,86171.406748,62171115.52496936,62171115.524969364,2026-09-04 10:00:00+00:00,2026-09-04 06:00:00-04:00
1788519600000,721.59,721.78,717.67,721.67,195286.87056,140870583.6592754,140870583.659275425,2026-09-04 11:00:00+00:00,2026-09-04 07:00:00-04:00
1788523200000,721.6487,721.74,717.25,718.3437,1250212.14458,899199713.6080544,899199713.6080542907,2026-09-04 12:00:00+00:00,2026-09-04 08:00:00-04:00
1788526800000,718.3782,721.86,717.76,721.838,5256644.215288,3784764074.5593176,3784764074.5593177184,2026-09-04 13:00:00+00:00,2026-09-04 09:00:00-04:00
1788530400000,721.82,721.84,717.26,717.71,8686911.325664,6248012189.95422,6248012189.9542201232,2026-09-04 14:00:00+00:00,2026-09-04 10:00:00-04:00
1788534000000,717.76,718.32,716.79,717.6301,5599021.610368,4017514843.379855,4017514843.3798549821,2026-09-04 15:00:00+00:00,2026-09-04 11:00:00-04:00
1788537600000,717.65,719.605,717.43,719.16,4995123.436441,3590053880.152225,3590053880.1522247988,2026-09-04 16:00:00+00:00,2026-09-04 12:00:00-04:00
1788541200000,719.16,719.22,716.56,717.12,5296526.883167,3800896210.739285,3800896210.7392846045,2026-09-04 17:00:00+00:00,2026-09-04 13:00:00-04:00
1788544800000,717.11,718.32,716.64,718.23,4310297.065617,3092347760.400829,3092347760.4008287594,2026-09-04 18:00:00+00:00,2026-09-04 14:00:00-04:00
1788548400000,718.235,719.44,717.48,718.96,6781163.892853,4872525428.867603,4872525428.8676033404,2026-09-04 19:00:00+00:00,2026-09-04 15:00:00-04:00
1788552000000,718.82,718.96,717.66,717.94,2701913.30618,1940757973.5678315,1940757973.5678315878,2026-09-04 20:00:00+00:00,2026-09-04 16:00:00-04:00
1788555600000,717.9088,718.22,717.73,718.0,343734.742823,246822023.32488084,246822023.3248808364,2026-09-04 21:00:00+00:00,2026-09-04 17:00:00-04:00
1788559200000,718.1342,718.14,717.5,717.9075,50552.536072,36291500.72046644,36291500.7204664362,2026-09-04 22:00:00+00:00,2026-09-04 18:00:00-04:00
1788562800000,718.0267,718.86,716.83,717.54,112598.555805,80808692.98722501,80808692.9872250108215393,2026-09-04 23:00:00+00:00,2026-09-04 19:00:00-04:00
1788566400000,717.54,717.54,717.54,717.54,0.0668,47.931672,47.931672,2026-09-05 00:00:00+00:00,2026-09-04 20:00:00-04:00
1788570000000,717.66,717.66,717.39,717.39,0.2271,162.926775,162.926775,2026-09-05 01:00:00+00:00,2026-09-04 21:00:00-04:00
1788573600000,717.39,717.39,717.39,717.39,0.086,61.69554,61.69554,2026-09-05 02:00:00+00:00,2026-09-04 22:00:00-04:00
1788577200000,717.39,717.39,717.39,717.39,0.039,27.97821,27.97821,2026-09-05 03:00:00+00:00,2026-09-04 23:00:00-04:00
1788580800000,717.39,717.39,717.11,717.39,0.2257,161.909407,161.909407,2026-09-05 04:00:00+00:00,2026-09-05 00:00:00-04:00
1788584400000,717.39,717.39,717.39,717.39,0.039,27.97821,27.97821,2026-09-05 05:00:00+00:00,2026-09-05 01:00:00-04:00
1788588000000,717.39,717.39,716.34,716.78,0.8547,612.460294,612.460294,2026-09-05 06:00:00+00:00,2026-09-05 02:00:00-04:00
1788591600000,716.34,716.81,716.34,716.81,0.2314,165.789908,165.789908,2026-09-05 07:00:00+00:00,2026-09-05 03:00:00-04:00
1788595200000,716.81,717.64,716.07,717.64,0.5917,424.453369,424.453369,2026-09-05 08:00:00+00:00,2026-09-05 04:00:00-04:00
1788598800000,717.66,718.26,717.66,718.26,3.5382,2540.094652,2540.094652,2026-09-05 09:00:00+00:00,2026-09-05 05:00:00-04:00
1788602400000,718.26,718.66,717.9,717.9,2.5378,1822.771745,1822.771745,2026-09-05 10:00:00+00:00,2026-09-05 06:00:00-04:00
1788606000000,718.43,719.04,718.43,719.04,8.9089,6401.962556,6401.962556,2026-09-05 11:00:00+00:00,2026-09-05 07:00:00-04:00
1788609600000,719.26,719.33,719.26,719.33,1.5191,1092.658393,1092.658393,2026-09-05 12:00:00+00:00,2026-09-05 08:00:00-04:00
1788613200000,719.42,719.45,719.42,719.45,0.2836,204.029679,204.029679,2026-09-05 13:00:00+00:00,2026-09-05 09:00:00-04:00
1788616800000,719.52,719.96,719.26,719.96,1.9051,1370.891232,1370.891232,2026-09-05 14:00:00+00:00,2026-09-05 10:00:00-04:00
1788620400000,719.81,720.11,719.3,719.9,3.1693,2281.011213,2281.011213,2026-09-05 15:00:00+00:00,2026-09-05 11:00:00-04:00
1788624000000,720.4,720.5,720.4,720.46,0.2406,173.334098,173.334098,2026-09-05 16:00:00+00:00,2026-09-05 12:00:00-04:00
1788627600000,719.74,719.74,718.57,719.32,7.7952,5604.021291,5604.021291,2026-09-05 17:00:00+00:00,2026-09-05 13:00:00-04:00
1788631200000,718.57,719.47,718.57,719.47,9.5508,6870.037818,6870.037818,2026-09-05 18:00:00+00:00,2026-09-05 14:00:00-04:00
1788634800000,719.5,720.08,719.5,720.08,23.0791,16611.263589,16611.263589,2026-09-05 19:00:00+00:00,2026-09-05 15:00:00-04:00
1788638400000,720.23,720.25,720.23,720.25,0.0674,48.544278,48.544278,2026-09-05 20:00:00+00:00,2026-09-05 16:00:00-04:00
1788642000000,720.36,720.36,720.36,720.36,0.0388,27.949968,27.949968,2026-09-05 21:00:00+00:00,2026-09-05 17:00:00-04:00
1788645600000,720.37,720.41,720.37,720.41,0.1776,127.939264,127.939264,2026-09-05 22:00:00+00:00,2026-09-05 18:00:00-04:00
1788649200000,720.35,720.35,720.35,720.35,0.0388,27.94958,27.94958,2026-09-05 23:00:00+00:00,2026-09-05 19:00:00-04:00
1788652800000,720.42,720.42,720.42,720.42,0.0665,47.90793,47.90793,2026-09-06 00:00:00+00:00,2026-09-05 20:00:00-04:00
1788656400000,720.22,720.22,720.22,720.22,0.0665,47.89463,47.89463,2026-09-06 01:00:00+00:00,2026-09-05 21:00:00-04:00
1788660000000,719.72,720.53,719.72,720.53,0.4588,330.276569,330.276569,2026-09-06 02:00:00+00:00,2026-09-05 22:00:00-04:00
1788663600000,720.58,720.58,720.58,720.58,0.0388,27.958504,27.958504,2026-09-06 03:00:00+00:00,2026-09-05 23:00:00-04:00
1788667200000,720.63,720.66,720.55,720.55,0.219,157.813617,157.813617,2026-09-06 04:00:00+00:00,2026-09-06 00:00:00-04:00
1788670800000,720.15,720.72,720.15,720.72,0.0666,47.984106,47.984106,2026-09-06 05:00:00+00:00,2026-09-06 01:00:00-04:00
1788674400000,720.74,720.74,720.74,720.74,0.0388,27.964712,27.964712,2026-09-06 06:00:00+00:00,2026-09-06 02:00:00-04:00
1788678000000,720.15,720.15,720.13,720.13,1.399,1007.489074,1007.489074,2026-09-06 07:00:00+00:00,2026-09-06 03:00:00-04:00
1788681600000,720.3,720.3,719.72,720.29,0.122,87.858948,87.858948,2026-09-06 08:00:00+00:00,2026-09-06 04:00:00-04:00
1788685200000,720.16,720.27,720.16,720.27,0.2063,148.574711,148.574711,2026-09-06 09:00:00+00:00,2026-09-06 05:00:00-04:00
1788688800000,720.41,720.41,720.15,720.15,0.1637,117.898643,117.898643,2026-09-06 10:00:00+00:00,2026-09-06 06:00:00-04:00
1788692400000,719.72,720.43,719.72,720.43,0.1076,77.46942,77.46942,2026-09-06 11:00:00+00:00,2026-09-06 07:00:00-04:00
1788696000000,720.46,720.46,719.72,720.46,1.1186,805.1485,805.1485,2026-09-06 12:00:00+00:00,2026-09-06 08:00:00-04:00
1788699600000,720.37,720.37,719.72,720.01,0.3096,222.962924,222.962924,2026-09-06 13:00:00+00:00,2026-09-06 09:00:00-04:00
1788703200000,719.93,720.49,719.67,719.67,6.1162,4402.001967,4402.001967,2026-09-06 14:00:00+00:00,2026-09-06 10:00:00-04:00
1788706800000,720.12,720.26,719.56,720.26,1.7345,1248.453353,1248.453353,2026-09-06 15:00:00+00:00,2026-09-06 11:00:00-04:00
1788710400000,720.19,720.5,720.19,720.5,0.233,167.824885,167.824885,2026-09-06 16:00:00+00:00,2026-09-06 12:00:00-04:00
1788714000000,720.24,720.24,720.24,720.24,0.0388,27.945312,27.945312,2026-09-06 17:00:00+00:00,2026-09-06 13:00:00-04:00
1788717600000,720.29,720.31,720.29,720.31,0.204,146.939936,146.939936,2026-09-06 18:00:00+00:00,2026-09-06 14:00:00-04:00
1788721200000,720.4,720.51,720.4,720.51,0.0665,47.909647,47.909647,2026-09-06 19:00:00+00:00,2026-09-06 15:00:00-04:00
1788724800000,720.51,720.52,720.51,720.52,0.0673,48.490711,48.490711,2026-09-06 20:00:00+00:00,2026-09-06 16:00:00-04:00
1788728400000,720.55,720.55,720.55,720.55,0.0388,27.95734,27.95734,2026-09-06 21:00:00+00:00,2026-09-06 17:00:00-04:00
1788732000000,720.57,720.66,719.55,720.15,8.9421,6437.155939,6437.155939,2026-09-06 22:00:00+00:00,2026-09-06 18:00:00-04:00
1788735600000,719.55,720.19,719.55,720.19,0.3987,286.909417,286.909417,2026-09-06 23:00:00+00:00,2026-09-06 19:00:00-04:00
1788739200000,720.2,720.29,719.49,719.49,3.2869,2365.049799,2365.049799,2026-09-07 00:00:00+00:00,2026-09-06 20:00:00-04:00
1788742800000,720.15,720.64,719.05,719.05,50.0743,36067.38736,36067.38736,2026-09-07 01:00:00+00:00,2026-09-06 21:00:00-04:00
1788746400000,719.09,719.24,719.09,719.24,0.3069,220.709151,220.709151,2026-09-07 02:00:00+00:00,2026-09-06 22:00:00-04:00
1788750000000,719.04,719.49,719.04,719.49,1.6841,1211.325069,1211.325069,2026-09-07 03:00:00+00:00,2026-09-06 23:00:00-04:00
1788753600000,719.52,719.63,719.52,719.63,0.2054,147.800204,147.800204,2026-09-07 04:00:00+00:00,2026-09-07 00:00:00-04:00
1788757200000,719.81,719.81,719.81,719.81,0.0388,27.928628,27.928628,2026-09-07 05:00:00+00:00,2026-09-07 01:00:00-04:00
1788760800000,719.84,720.67,719.84,720.67,31.8255,22924.995529,22924.995529,2026-09-07 06:00:00+00:00,2026-09-07 02:00:00-04:00
1788764400000,720.73,720.85,720.43,720.85,2.4496,1765.03375,1765.03375,2026-09-07 07:00:00+00:00,2026-09-07 03:00:00-04:00
1788768000000,721.16,721.16,721.16,721.16,0.0665,47.95714,47.95714,2026-09-07 08:00:00+00:00,2026-09-07 04:00:00-04:00
1788771600000,721.01,721.21,720.43,720.43,1.9047,1372.770063,1372.770063,2026-09-07 09:00:00+00:00,2026-09-07 05:00:00-04:00
1788775200000,720.8,720.85,720.31,720.85,8.0535,5801.76568,5801.76568,2026-09-07 10:00:00+00:00,2026-09-07 06:00:00-04:00
1788778800000,720.75,720.75,720.06,720.06,12.2088,8792.705609,8792.705609,2026-09-07 11:00:00+00:00,2026-09-07 07:00:00-04:00
1788782400000,720.22,720.22,720.22,720.22,0.0665,47.89463,47.89463,2026-09-07 12:00:00+00:00,2026-09-07 08:00:00-04:00
1788786000000,720.24,720.5,719.98,720.5,11.3178,8154.379284,8154.379284,2026-09-07 13:00:00+00:00,2026-09-07 09:00:00-04:00
1788789600000,720.66,720.86,720.35,720.35,2.9322,2112.477417,2112.477417,2026-09-07 14:00:00+00:00,2026-09-07 10:00:00-04:00
1788793200000,720.88,721.14,720.1,720.61,12.3505,8896.229167,8896.229167,2026-09-07 15:00:00+00:00,2026-09-07 11:00:00-04:00
1788796800000,720.71,720.77,719.86,720.53,2.1381,1540.260802,1540.260802,2026-09-07 16:00:00+00:00,2026-09-07 12:00:00-04:00
1788800400000,720.63,720.66,720.63,720.66,0.0956,68.893932,68.893932,2026-09-07 17:00:00+00:00,2026-09-07 13:00:00-04:00
1788804000000,720.79,720.79,719.86,719.86,2.4563,1769.001694,1769.001694,2026-09-07 18:00:00+00:00,2026-09-07 14:00:00-04:00
1788807600000,720.56,720.75,720.11,720.75,0.515,370.937773,370.937773,2026-09-07 19:00:00+00:00,2026-09-07 15:00:00-04:00
1788811200000,720.75,720.78,720.75,720.78,0.0673,48.507639,48.507639,2026-09-07 20:00:00+00:00,2026-09-07 16:00:00-04:00
1788814800000,720.4,720.84,720.4,720.84,0.4674,336.736274,336.736274,2026-09-07 21:00:00+00:00,2026-09-07 17:00:00-04:00
1788818400000,720.89,720.89,719.93,720.27,1.8375,1323.214919,1323.214919,2026-09-07 22:00:00+00:00,2026-09-07 18:00:00-04:00
1788822000000,719.93,720.66,719.64,719.64,1.957,1408.683106,1408.683106,2026-09-07 23:00:00+00:00,2026-09-07 19:00:00-04:00
1788825600000,719.45,720.83,719.15,720.65,64492.0,46427676.14,46427676.14,2026-09-08 00:00:00+00:00,2026-09-07 20:00:00-04:00
1788829200000,720.66,722.4,720.16,722.4,66112.0,47686508.84,47686508.84,2026-09-08 01:00:00+00:00,2026-09-07 21:00:00-04:00
1788832800000,722.4,722.72,721.37,721.42,18384.0,13278438.92,13278438.92,2026-09-08 02:00:00+00:00,2026-09-07 22:00:00-04:00
1788836400000,721.3,723.33,721.28,723.33,33576.0,24262629.9,24262629.9,2026-09-08 03:00:00+00:00,2026-09-07 23:00:00-04:00
1788840000000,723.12,723.75,722.94,723.25,38369.0,27752236.54,27752236.54,2026-09-08 04:00:00+00:00,2026-09-08 00:00:00-04:00
1788843600000,723.1,723.11,720.08,720.08,94708.0,68354938.7,68354938.7,2026-09-08 05:00:00+00:00,2026-09-08 01:00:00-04:00
1788847200000,720.1,720.3,718.56,719.75,52946.0,38091242.85,38091242.85,2026-09-08 06:00:00+00:00,2026-09-08 02:00:00-04:00
1788850800000,719.83,720.73,718.15,718.25,31921.0,22966451.83,22966451.83,2026-09-08 07:00:00+00:00,2026-09-08 03:00:00-04:00
1788854400000,718.21,723.76,716.91,717.37,447443.99597,321210494.65860474,321210494.658604707480276,2026-09-08 08:00:00+00:00,2026-09-08 04:00:00-04:00
1788858000000,717.5285,719.79,717.05,719.79,105931.503267,76134926.01620507,76134926.0162050774,2026-09-08 09:00:00+00:00,2026-09-08 05:00:00-04:00
1788861600000,719.74,720.9412,718.56,719.05,146422.336218,105377934.49189152,105377934.4918915114,2026-09-08 10:00:00+00:00,2026-09-08 06:00:00-04:00
1788865200000,718.99,719.84,718.26,719.7993,242642.044982,174445260.90041935,174445260.9004193551,2026-09-08 11:00:00+00:00,2026-09-08 07:00:00-04:00
1788868800000,719.7879,721.08,718.6,721.08,287693.90972,207093093.89992112,207093093.8999211105,2026-09-08 12:00:00+00:00,2026-09-08 08:00:00-04:00
1788872400000,721.0934,721.886,716.33,717.47,3555711.807902,2556301277.8088174,2556301277.8088173264,2026-09-08 13:00:00+00:00,2026-09-08 09:00:00-04:00
1788876000000,717.46,718.9387,715.57,718.93,3705462.92821,2658096593.291997,2658096593.291996645495636,2026-09-08 14:00:00+00:00,2026-09-08 10:00:00-04:00
1788879600000,718.97,720.93,718.555,719.97,4938300.600748,3555297188.6735287,3555297188.6735291134,2026-09-08 15:00:00+00:00,2026-09-08 11:00:00-04:00
1788883200000,719.99,720.4,718.67,719.23,3591944.717484,2584415680.626071,2584415680.6260712117,2026-09-08 16:00:00+00:00,2026-09-08 12:00:00-04:00
1788886800000,719.24,720.85,719.22,719.66,2683907.26685,1933189440.9921708,1933189440.992170998083752,2026-09-08 17:00:00+00:00,2026-09-08 13:00:00-04:00
1788890400000,719.67,720.24,717.91,719.29,3242398.954842,2333213145.453837,2333213145.45383718609372,2026-09-08 18:00:00+00:00,2026-09-08 14:00:00-04:00
1788894000000,719.315,719.5463,717.25,718.36,4788662.819456,3440243629.318941,3440243629.3189413725,2026-09-08 19:00:00+00:00,2026-09-08 15:00:00-04:00
1788897600000,718.4,718.5886,717.5,717.9927,2589942.9149700003,1859940264.0953412,1859940264.09534153770815,2026-09-08 20:00:00+00:00,2026-09-08 16:00:00-04:00
1788901200000,718.06,718.3,717.93,718.088,555119.778637,398611019.60755485,398611019.6075548958,2026-09-08 21:00:00+00:00,2026-09-08 17:00:00-04:00
1788904800000,718.0,718.52,717.46,718.52,146286.077787,105023114.80949137,105023114.8094913706,2026-09-08 22:00:00+00:00,2026-09-08 18:00:00-04:00
1788908400000,718.4791,718.52,717.21,717.42,62043.59306,44535383.7982976,44535383.7982976004,2026-09-08 23:00:00+00:00,2026-09-08 19:00:00-04:00
1788912000000,717.59,718.97,717.59,718.9,22142.0,15907690.98,15907690.98,2026-09-09 00:00:00+00:00,2026-09-08 20:00:00-04:00
1788915600000,718.91,720.05,718.9,719.7,27751.0,19962147.43,19962147.43,2026-09-09 01:00:00+00:00,2026-09-08 21:00:00-04:00
1788919200000,719.71,720.47,719.5,720.2,8457.0,6089509.36,6089509.36,2026-09-09 02:00:00+00:00,2026-09-08 22:00:00-04:00
1788922800000,720.2,720.2,718.93,718.93,19473.0,14013739.02,14013739.02,2026-09-09 03:00:00+00:00,2026-09-08 23:00:00-04:00
1788926400000,718.95,720.33,718.66,720.3,11074.0,7969546.46,7969546.46,2026-09-09 04:00:00+00:00,2026-09-09 00:00:00-04:00
1788930000000,720.2,720.36,719.0,720.36,8544.0,6148680.34,6148680.34,2026-09-09 05:00:00+00:00,2026-09-09 01:00:00-04:00
1788933600000,720.4,720.67,719.37,719.37,14306.0,10299803.78,10299803.78,2026-09-09 06:00:00+00:00,2026-09-09 02:00:00-04:00
1788937200000,719.45,720.19,718.89,719.57,28504.0,20518601.54,20518601.54,2026-09-09 07:00:00+00:00,2026-09-09 03:00:00-04:00
1788940800000,719.58,720.67,718.36,719.01,162118.385144,116610005.65441376,116610005.6544137668,2026-09-09 08:00:00+00:00,2026-09-09 04:00:00-04:00
1788944400000,719.0582,719.27,714.8,715.0886,217062.347292,155655924.17663938,155655924.1766393801,2026-09-09 09:00:00+00:00,2026-09-09 05:00:00-04:00
1788948000000,715.1185,715.84,714.365,714.88,288953.894587,206644696.3798599,206644696.3798598931,2026-09-09 10:00:00+00:00,2026-09-09 06:00:00-04:00
1788951600000,714.83,718.36,714.51,715.0,373707.379932,267316242.1489512,267316242.1489511629,2026-09-09 11:00:00+00:00,2026-09-09 07:00:00-04:00
1788955200000,715.02,718.898,713.45,714.8831,540480.91543,386049853.1536712,386049853.1536711944557152,2026-09-09 12:00:00+00:00,2026-09-09 08:00:00-04:00
1788958800000,714.7495,719.06,714.695,718.88,3683533.015306,2640923592.0583863,2640923592.0583866818850732,2026-09-09 13:00:00+00:00,2026-09-09 09:00:00-04:00
1788962400000,718.87,719.7,716.49,718.17,4629107.611275,3323928998.224445,3323928998.22444488279889,2026-09-09 14:00:00+00:00,2026-09-09 10:00:00-04:00
1788966000000,718.1851,718.93,714.02,716.19,5249384.305636,3757992856.4192104,3757992856.419210720798705,2026-09-09 15:00:00+00:00,2026-09-09 11:00:00-04:00
1788969600000,716.1911,716.87,714.71,716.41,2652925.497134,1898906164.3853009,1898906164.3853008755,2026-09-09 16:00:00+00:00,2026-09-09 12:00:00-04:00
1788973200000,716.4,717.05,715.7275,716.7,2060520.204645,1476363985.813952,1476363985.813952176322885,2026-09-09 17:00:00+00:00,2026-09-09 13:00:00-04:00
1788976800000,716.69,716.8,715.93,716.15,1938540.073796,1388858503.2248616,1388858503.2248616587,2026-09-09 18:00:00+00:00,2026-09-09 14:00:00-04:00
1788980400000,716.16,716.745,715.53,716.31,5326618.121109,3814595903.903472,3814595903.9034718787,2026-09-09 19:00:00+00:00,2026-09-09 15:00:00-04:00
1788984000000,716.36,716.42,715.75,716.36,2468436.418995,1767820355.898847,1767820355.89884721684994,2026-09-09 20:00:00+00:00,2026-09-09 16:00:00-04:00
1788987600000,716.357,716.45,715.75,716.02,196110.057956,140451955.37389052,140451955.3738905278581832,2026-09-09 21:00:00+00:00,2026-09-09 17:00:00-04:00
1788991200000,716.0,716.711,715.5733,715.7614,177294.981841,126934660.11243244,126934660.11243244993787,2026-09-09 22:00:00+00:00,2026-09-09 18:00:00-04:00
1788994800000,715.74,716.66,715.4242,716.49,79788.74485,57111953.26810979,57111953.2681097916,2026-09-09 23:00:00+00:00,2026-09-09 19:00:00-04:00
1788998400000,719.77,719.77,715.33,715.38,36839.0,26392124.81,26392124.81,2026-09-10 00:00:00+00:00,2026-09-09 20:00:00-04:00
1789002000000,715.38,715.64,714.22,715.32,28257.0,20205595.17,20205595.17,2026-09-10 01:00:00+00:00,2026-09-09 21:00:00-04:00
1789005600000,715.29,715.62,714.44,715.48,16964.0,12128130.98,12128130.98,2026-09-10 02:00:00+00:00,2026-09-09 22:00:00-04:00
1789009200000,715.62,715.95,714.84,715.8,7111.0,5088160.02,5088160.02,2026-09-10 03:00:00+00:00,2026-09-09 23:00:00-04:00
1789012800000,715.76,716.6,715.63,716.5,9543.0,6832159.79,6832159.79,2026-09-10 04:00:00+00:00,2026-09-10 00:00:00-04:00
1789016400000,716.49,717.6,716.25,717.05,43479.0,31170541.45,31170541.45,2026-09-10 05:00:00+00:00,2026-09-10 01:00:00-04:00
1789020000000,717.01,717.25,715.98,716.92,8099.0,5804744.15,5804744.15,2026-09-10 06:00:00+00:00,2026-09-10 02:00:00-04:00
1789023600000,716.83,716.91,715.6,716.16,11732.0,8401131.72,8401131.72,2026-09-10 07:00:00+00:00,2026-09-10 03:00:00-04:00
1789027200000,716.1782,717.5,715.28,715.4065,147370.094008,105552294.65381308,105552294.653813086836373,2026-09-10 08:00:00+00:00,2026-09-10 04:00:00-04:00
1789030800000,715.4285,715.775,714.16,715.25,80248.520763,57372474.90850299,57372474.9085029907,2026-09-10 09:00:00+00:00,2026-09-10 05:00:00-04:00
1789034400000,715.2582,715.59,714.25,714.54,113527.873377,81159592.50027019,81159592.5002701797,2026-09-10 10:00:00+00:00,2026-09-10 06:00:00-04:00
1789038000000,714.5184,716.31,711.83,711.84,448913.189816,320296294.6403712,320296294.6403712181566552,2026-09-10 11:00:00+00:00,2026-09-10 07:00:00-04:00
1789041600000,711.9285,712.09,706.5,706.76,1395034.262299,989627839.1929657,989627839.192965840958597,2026-09-10 12:00:00+00:00,2026-09-10 08:00:00-04:00
1789045200000,706.83,710.36,706.53,707.83,5934270.894197,4204152690.3126287,4204152690.3126289318,2026-09-10 13:00:00+00:00,2026-09-10 09:00:00-04:00
1789048800000,707.76,712.06,707.76,711.8,5445176.470425,3867286334.6987,3867286334.698699615,2026-09-10 14:00:00+00:00,2026-09-10 10:00:00-04:00
1789052400000,711.77,711.98,709.92,710.395,4176387.804776,2970000044.7499647,2970000044.7499651463,2026-09-10 15:00:00+00:00,2026-09-10 11:00:00-04:00
1789056000000,710.38,711.25,708.63,711.03,3325784.853573,2361664730.862792,2361664730.8627917285,2026-09-10 16:00:00+00:00,2026-09-10 12:00:00-04:00
1789059600000,711.0079,711.81,709.67,709.8995,2637424.797956,1873637400.0136232,1873637400.0136230772,2026-09-10 17:00:00+00:00,2026-09-10 13:00:00-04:00
1789063200000,709.88,710.23,708.9213,709.575,2874450.619517,2039400896.7271848,2039400896.7271852452,2026-09-10 18:00:00+00:00,2026-09-10 14:00:00-04:00
1789066800000,709.57,709.6062,708.28,708.69,4993225.112558,3539789604.164234,3539789604.1642340837,2026-09-10 19:00:00+00:00,2026-09-10 15:00:00-04:00
1789070400000,708.62,709.1091,708.33,708.74,2605664.481305,1846946312.039264,1846946312.0392639008,2026-09-10 20:00:00+00:00,2026-09-10 16:00:00-04:00
1789074000000,708.85,709.36,708.4,708.848,675072.529146,478629889.7396327,478629889.739632693410087,2026-09-10 21:00:00+00:00,2026-09-10 17:00:00-04:00
1789077600000,708.8,709.1,707.7992,707.95,106788.499908,75636532.79378137,75636532.7937813782,2026-09-10 22:00:00+00:00,2026-09-10 18:00:00-04:00
1789081200000,707.9175,708.1,706.8497,706.8984,102825.83581,72756161.87293687,72756161.8729368845415996,2026-09-10 23:00:00+00:00,2026-09-10 19:00:00-04:00
1789084800000,707.35,709.51,707.21,709.43,38032.0,26950647.86,26950647.86,2026-09-11 00:00:00+00:00,2026-09-10 20:00:00-04:00
1789088400000,709.43,709.66,708.09,708.65,22337.0,15831574.6,15831574.6,2026-09-11 01:00:00+00:00,2026-09-10 21:00:00-04:00
1789092000000,708.69,708.82,707.54,707.79,25610.0,18137790.35,18137790.35,2026-09-11 02:00:00+00:00,2026-09-10 22:00:00-04:00
1789095600000,707.71,707.88,706.75,706.93,29069.0,20557195.09,20557195.09,2026-09-11 03:00:00+00:00,2026-09-10 23:00:00-04:00
1789099200000,706.98,709.11,706.58,708.5,33383.0,23647489.0,23647489,2026-09-11 04:00:00+00:00,2026-09-11 00:00:00-04:00
1789102800000,708.55,711.4,708.46,711.2,32789.0,23276159.63,23276159.63,2026-09-11 05:00:00+00:00,2026-09-11 01:00:00-04:00
1789106400000,711.14,711.82,710.78,711.8,14686.0,10448192.3,10448192.3,2026-09-11 06:00:00+00:00,2026-09-11 02:00:00-04:00
1789110000000,711.66,712.0,711.02,711.41,23596.0,16792258.54,16792258.54,2026-09-11 07:00:00+00:00,2026-09-11 03:00:00-04:00
1789113600000,711.5755,713.38,706.56,713.38,337276.315857,240143102.40524995,240143102.405249949531342,2026-09-11 08:00:00+00:00,2026-09-11 04:00:00-04:00
1789117200000,713.4,713.6,712.5315,713.3487,44433.435999,31684063.915209427,31684063.9152094281,2026-09-11 09:00:00+00:00,2026-09-11 05:00:00-04:00
1789120800000,713.1817,713.75,712.5,713.039,87566.178036,62451769.01689469,62451769.0168946875866709,2026-09-11 10:00:00+00:00,2026-09-11 06:00:00-04:00
1789124400000,713.02,713.72,708.69,713.3491,191070.386339,136242757.2833508,136242757.2833508170217594,2026-09-11 11:00:00+00:00,2026-09-11 07:00:00-04:00
1789128000000,713.4182,717.0661,709.221,716.88,1287440.079068,919094310.9143384,919094310.9143383768,2026-09-11 12:00:00+00:00,2026-09-11 08:00:00-04:00
1789131600000,716.9187,717.69,713.93,716.865,4635464.268697,3317044943.429516,3317044943.429516010340355,2026-09-11 13:00:00+00:00,2026-09-11 09:00:00-04:00
1789135200000,716.93,716.93,713.65,714.49,5425870.96946,3880465393.779023,3880465393.7790230517496,2026-09-11 14:00:00+00:00,2026-09-11 10:00:00-04:00
1789138800000,714.4493,717.62,714.27,716.46,3077052.5967,2204303620.4467263,2204303620.4467264774,2026-09-11 15:00:00+00:00,2026-09-11 11:00:00-04:00
1789142400000,716.46,717.26,715.05,716.085,2129975.862501,1524244439.8110893,1524244439.811089345832295,2026-09-11 16:00:00+00:00,2026-09-11 12:00:00-04:00
1789146000000,716.11,717.13,716.09,716.51,2220892.720199,1591684972.473171,1591684972.47317107273097,2026-09-11 17:00:00+00:00,2026-09-11 13:00:00-04:00
1789149600000,716.53,716.71,715.72,715.9401,2278186.75383,1631661759.2223349,1631661759.2223349635,2026-09-11 18:00:00+00:00,2026-09-11 14:00:00-04:00
1789153200000,715.98,716.05,714.74,714.88,5013712.799176,3587461835.151987,3587461835.1519870222,2026-09-11 19:00:00+00:00,2026-09-11 15:00:00-04:00
1789156800000,714.93,716.66,714.6412,715.0052,1755138.490142,1254757533.1902592,1254757533.1902593558,2026-09-11 20:00:00+00:00,2026-09-11 16:00:00-04:00
1789160400000,715.06,715.1923,714.8,714.9169,414079.59448,296082527.3305804,296082527.3305804527504,2026-09-11 21:00:00+00:00,2026-09-11 17:00:00-04:00
1789164000000,714.92,715.51,714.92,715.26,53387.9977,38189359.96836286,38189359.9683628619,2026-09-11 22:00:00+00:00,2026-09-11 18:00:00-04:00
1789167600000,715.256,715.4,714.8817,714.8865,17472.826268,12494656.833187725,12494656.8331877264928478,2026-09-11 23:00:00+00:00,2026-09-11 19:00:00-04:00
1789171200000,715.43,715.43,715.43,715.43,0.0811,58.021373,58.021373,2026-09-12 00:00:00+00:00,2026-09-11 20:00:00-04:00
1789174800000,715.44,715.45,715.44,715.45,0.0963,68.897542,68.897542,2026-09-12 01:00:00+00:00,2026-09-11 21:00:00-04:00
1789178400000,715.45,715.65,715.45,715.65,0.4076,291.641052,291.641052,2026-09-12 02:00:00+00:00,2026-09-11 22:00:00-04:00
1789182000000,715.73,715.76,715.59,715.76,0.1557,111.430562,111.430562,2026-09-12 03:00:00+00:00,2026-09-11 23:00:00-04:00
1789185600000,715.77,715.92,714.9,715.78,3.642,2605.855198,2605.855198,2026-09-12 04:00:00+00:00,2026-09-12 00:00:00-04:00
1789189200000,715.6,715.66,714.9,715.66,0.4033,288.476356,288.476356,2026-09-12 05:00:00+00:00,2026-09-12 01:00:00-04:00
1789192800000,715.7,715.7,715.7,715.7,0.0391,27.98387,27.98387,2026-09-12 06:00:00+00:00,2026-09-12 02:00:00-04:00
1789196400000,715.8,715.8,715.71,715.71,0.1089,77.947101,77.947101,2026-09-12 07:00:00+00:00,2026-09-12 03:00:00-04:00
1789200000000,715.67,715.67,715.67,715.67,0.0391,27.982697,27.982697,2026-09-12 08:00:00+00:00,2026-09-12 04:00:00-04:00
1789203600000,715.92,715.92,715.92,715.92,0.0531,38.015352,38.015352,2026-09-12 09:00:00+00:00,2026-09-12 05:00:00-04:00
1789207200000,714.9,715.09,714.9,715.09,7.0391,5032.260019,5032.260019,2026-09-12 10:00:00+00:00,2026-09-12 06:00:00-04:00
1789210800000,715.09,715.09,714.77,714.77,0.2391,170.946019,170.946019,2026-09-12 11:00:00+00:00,2026-09-12 07:00:00-04:00
1789214400000,715.09,715.09,715.09,715.09,0.067,47.91103,47.91103,2026-09-12 12:00:00+00:00,2026-09-12 08:00:00-04:00
1789218000000,715.09,715.09,715.09,715.09,0.0391,27.960019,27.960019,2026-09-12 13:00:00+00:00,2026-09-12 09:00:00-04:00
1789221600000,715.09,715.09,714.61,714.61,4.1687,2980.948739,2980.948739,2026-09-12 14:00:00+00:00,2026-09-12 10:00:00-04:00
1789225200000,715.09,715.09,714.59,715.09,0.7439,531.872401,531.872401,2026-09-12 15:00:00+00:00,2026-09-12 11:00:00-04:00
1789228800000,715.09,715.09,715.09,715.09,0.6555,468.741495,468.741495,2026-09-12 16:00:00+00:00,2026-09-12 12:00:00-04:00
1789232400000,715.09,715.09,715.09,715.09,0.0391,27.960019,27.960019,2026-09-12 17:00:00+00:00,2026-09-12 13:00:00-04:00
1789236000000,715.09,715.09,715.09,715.09,0.2055,146.950995,146.950995,2026-09-12 18:00:00+00:00,2026-09-12 14:00:00-04:00
1789239600000,715.09,715.09,714.34,715.09,9.0123,6439.059007,6439.059007,2026-09-12 19:00:00+00:00,2026-09-12 15:00:00-04:00
1789243200000,715.09,715.09,713.88,715.09,4.3379,3098.419211,3098.419211,2026-09-12 20:00:00+00:00,2026-09-12 16:00:00-04:00
1789246800000,715.09,715.09,715.09,715.09,0.0391,27.960019,27.960019,2026-09-12 21:00:00+00:00,2026-09-12 17:00:00-04:00
1789250400000,715.09,715.09,715.09,715.09,0.067,47.91103,47.91103,2026-09-12 22:00:00+00:00,2026-09-12 18:00:00-04:00
1789254000000,715.09,715.09,714.07,715.09,0.1845,131.859951,131.859951,2026-09-12 23:00:00+00:00,2026-09-12 19:00:00-04:00
1789257600000,715.09,715.09,715.09,715.09,0.249,178.05741,178.05741,2026-09-13 00:00:00+00:00,2026-09-12 20:00:00-04:00
1789261200000,715.09,715.09,715.09,715.09,0.0963,68.863167,68.863167,2026-09-13 01:00:00+00:00,2026-09-12 21:00:00-04:00
1789264800000,715.09,715.09,713.71,714.29,7.4237,5301.086463,5301.086463,2026-09-13 02:00:00+00:00,2026-09-12 22:00:00-04:00
1789268400000,714.29,714.29,713.25,713.25,8.5991,6135.405739,6135.405739,2026-09-13 03:00:00+00:00,2026-09-12 23:00:00-04:00
1789272000000,713.67,713.67,713.13,713.67,0.3572,254.841924,254.841924,2026-09-13 04:00:00+00:00,2026-09-13 00:00:00-04:00
1789275600000,713.67,713.81,712.72,712.99,4.8294,3443.943023,3443.943023,2026-09-13 05:00:00+00:00,2026-09-13 01:00:00-04:00
1789279200000,712.99,712.99,712.16,712.16,5.5993,3988.911607,3988.911607,2026-09-13 06:00:00+00:00,2026-09-13 02:00:00-04:00
1789282800000,712.53,712.53,711.8,711.85,2.2694,1615.817545,1615.817545,2026-09-13 07:00:00+00:00,2026-09-13 03:00:00-04:00
1789286400000,711.79,711.79,709.95,709.95,16.2093,11522.304733,11522.304733,2026-09-13 08:00:00+00:00,2026-09-13 04:00:00-04:00
1789290000000,710.27,710.27,709.03,709.03,21.4967,15251.017817,15251.017817,2026-09-13 09:00:00+00:00,2026-09-13 05:00:00-04:00
1789293600000,709.02,709.31,708.61,708.99,13.9101,9860.071761,9860.071761,2026-09-13 10:00:00+00:00,2026-09-13 06:00:00-04:00
1789297200000,708.99,709.16,707.61,708.35,26.8222,19005.746105,19005.746105,2026-09-13 11:00:00+00:00,2026-09-13 07:00:00-04:00
1789300800000,709.08,709.15,707.0,708.04,59.2584,41977.693807,41977.693807,2026-09-13 12:00:00+00:00,2026-09-13 08:00:00-04:00
1789304400000,708.04,708.9,706.08,708.9,44.6626,31597.495128,31597.495128,2026-09-13 13:00:00+00:00,2026-09-13 09:00:00-04:00
1789308000000,708.9,708.9,707.76,708.8,13.1491,9313.449252,9313.449252,2026-09-13 14:00:00+00:00,2026-09-13 10:00:00-04:00
1789311600000,708.8,708.9,707.42,708.51,16.3351,11573.122405,11573.122405,2026-09-13 15:00:00+00:00,2026-09-13 11:00:00-04:00
1789315200000,708.51,709.64,708.19,708.93,21.2438,15060.661925,15060.661925,2026-09-13 16:00:00+00:00,2026-09-13 12:00:00-04:00
1789318800000,708.93,708.93,708.18,708.82,0.9058,641.841223,641.841223,2026-09-13 17:00:00+00:00,2026-09-13 13:00:00-04:00
1789322400000,708.82,709.29,708.53,708.53,11.2808,7995.342869,7995.342869,2026-09-13 18:00:00+00:00,2026-09-13 14:00:00-04:00
1789326000000,708.49,708.93,708.27,708.73,8.9447,6336.029571,6336.029571,2026-09-13 19:00:00+00:00,2026-09-13 15:00:00-04:00
1789329600000,708.73,708.73,708.73,708.73,0.0685,48.548005,48.548005,2026-09-13 20:00:00+00:00,2026-09-13 16:00:00-04:00
1789333200000,708.73,708.86,708.73,708.86,5.2695,3735.020635,3735.020635,2026-09-13 21:00:00+00:00,2026-09-13 17:00:00-04:00
1789336800000,708.57,708.57,706.93,707.28,16.1585,11436.081292,11436.081292,2026-09-13 22:00:00+00:00,2026-09-13 18:00:00-04:00
1789340400000,707.28,707.5,707.28,707.5,1.5258,1079.21177,1079.21177,2026-09-13 23:00:00+00:00,2026-09-13 19:00:00-04:00
1789344000000,706.49,707.49,705.75,705.98,133975.0,94664057.77,94664057.77,2026-09-14 00:00:00+00:00,2026-09-13 20:00:00-04:00
1789347600000,705.96,707.35,705.6,707.3,66470.0,46939752.11,46939752.11,2026-09-14 01:00:00+00:00,2026-09-13 21:00:00-04:00
1789351200000,707.29,707.53,706.64,706.88,28681.0,20280381.8,20280381.8,2026-09-14 02:00:00+00:00,2026-09-13 22:00:00-04:00
1789354800000,706.9,707.05,705.87,706.05,39840.0,28142420.48,28142420.48,2026-09-14 03:00:00+00:00,2026-09-13 23:00:00-04:00
1789358400000,706.06,706.43,705.68,706.0,37820.0,26702929.72,26702929.72,2026-09-14 04:00:00+00:00,2026-09-14 00:00:00-04:00
1789362000000,706.02,706.24,705.31,705.86,20099.0,14184501.91,14184501.91,2026-09-14 05:00:00+00:00,2026-09-14 01:00:00-04:00
1789365600000,705.94,706.44,704.98,705.06,45410.0,32047371.67,32047371.67,2026-09-14 06:00:00+00:00,2026-09-14 02:00:00-04:00
1789369200000,705.06,705.23,703.33,703.57,45959.0,32370499.02,32370499.02,2026-09-14 07:00:00+00:00,2026-09-14 03:00:00-04:00
1789372800000,703.63,706.4677,702.0,702.64,501047.622667,352528691.2827863,352528691.2827862722,2026-09-14 08:00:00+00:00,2026-09-14 04:00:00-04:00
1789376400000,702.668,702.95,701.155,702.1065,176012.242724,123565339.20009616,123565339.2000961625,2026-09-14 09:00:00+00:00,2026-09-14 05:00:00-04:00
1789380000000,702.2,704.16,702.08,703.91,174995.265315,123064049.76490416,123064049.7649041601,2026-09-14 10:00:00+00:00,2026-09-14 06:00:00-04:00
1789383600000,703.86,705.06,703.5822,703.9007,501897.298116,353496890.4572505,353496890.4572505108,2026-09-14 11:00:00+00:00,2026-09-14 07:00:00-04:00
1789387200000,703.898,704.284,702.05,702.74,501831.092726,352835812.13011163,352835812.1301116394,2026-09-14 12:00:00+00:00,2026-09-14 08:00:00-04:00
1789390800000,702.76,706.74,701.5,705.785,6946396.65092,4891472791.299877,4891472791.2998768031,2026-09-14 13:00:00+00:00,2026-09-14 09:00:00-04:00
1789394400000,705.7401,707.7699,704.5901,705.91,5187631.679441,3663128054.2598686,3663128054.2598687802,2026-09-14 14:00:00+00:00,2026-09-14 10:00:00-04:00
1789398000000,705.905,710.6466,705.27,709.8376,5645080.201381,4000562762.942749,4000562762.9427490765,2026-09-14 15:00:00+00:00,2026-09-14 11:00:00-04:00
1789401600000,709.79,712.3,708.84,711.86,3692528.257406,2624081128.9698005,2624081128.969800536203908,2026-09-14 16:00:00+00:00,2026-09-14 12:00:00-04:00
1789405200000,711.8301,712.95,711.36,712.413,2603371.021422,1853984819.1089132,1853984819.1089134518,2026-09-14 17:00:00+00:00,2026-09-14 13:00:00-04:00
1789408800000,712.455,712.865,711.7425,711.84,2065531.23937,1470970674.3024356,1470970674.3024357008,2026-09-14 18:00:00+00:00,2026-09-14 14:00:00-04:00
1789412400000,711.83,711.86,709.09,709.18,8270520.091371,5875137757.779813,5875137757.7798129015,2026-09-14 19:00:00+00:00,2026-09-14 15:00:00-04:00
1789416000000,709.2,710.39,709.18,710.3,2177375.230287,1544762972.9953637,1544762972.99536368983368,2026-09-14 20:00:00+00:00,2026-09-14 16:00:00-04:00
1789419600000,710.3,710.3545,709.6288,709.96,671984.995866,477073025.8036313,477073025.8036313343,2026-09-14 21:00:00+00:00,2026-09-14 17:00:00-04:00
1789423200000,710.16,710.22,709.39,709.62,70575.939674,50088868.04203275,50088868.04203275078031,2026-09-14 22:00:00+00:00,2026-09-14 18:00:00-04:00
1789426800000,709.49,709.7613,709.26,709.6282,91888.901092,65194493.23260027,65194493.2326002729,2026-09-14 23:00:00+00:00,2026-09-14 19:00:00-04:00
1789430400000,709.67,710.38,708.91,709.86,33770.0,23969285.04,23969285.04,2026-09-15 00:00:00+00:00,2026-09-14 20:00:00-04:00
1789434000000,709.88,710.5,709.0,709.66,30559.0,21692801.44,21692801.44,2026-09-15 01:00:00+00:00,2026-09-14 21:00:00-04:00
1789437600000,709.71,710.0,709.5,709.72,5412.0,3841058.46,3841058.46,2026-09-15 02:00:00+00:00,2026-09-14 22:00:00-04:00
1789441200000,709.79,709.79,708.6,708.6,5629.0,3991691.33,3991691.33,2026-09-15 03:00:00+00:00,2026-09-14 23:00:00-04:00
1789444800000,708.58,709.03,707.12,707.16,31219.0,22097803.02,22097803.02,2026-09-15 04:00:00+00:00,2026-09-15 00:00:00-04:00
1789448400000,707.1,708.25,706.06,707.65,17566.0,12423513.78,12423513.78,2026-09-15 05:00:00+00:00,2026-09-15 01:00:00-04:00
1789452000000,707.8,708.03,706.84,707.11,10740.0,7597379.03,7597379.03,2026-09-15 06:00:00+00:00,2026-09-15 02:00:00-04:00
1789455600000,706.99,707.76,705.75,706.06,19740.0,13947086.03,13947086.03,2026-09-15 07:00:00+00:00,2026-09-15 03:00:00-04:00
1789459200000,706.26,709.18,704.15,705.15,221119.454813,155989976.05826923,155989976.0582692353,2026-09-15 08:00:00+00:00,2026-09-15 04:00:00-04:00
1789462800000,705.1477,706.9,704.3,706.71,151659.490393,106992515.43770002,106992515.4377000293,2026-09-15 09:00:00+00:00,2026-09-15 05:00:00-04:00
1789466400000,706.7853,708.15,706.58,708.13,111790.113112,79072486.3874201,79072486.3874200885,2026-09-15 10:00:00+00:00,2026-09-15 06:00:00-04:00
1789470000000,708.07,709.18,708.0,708.65,144409.327765,102309114.07847232,102309114.0784723298,2026-09-15 11:00:00+00:00,2026-09-15 07:00:00-04:00
1789473600000,708.6477,710.27,708.2,709.1,259426.872989,183930791.71178648,183930791.711786513791414,2026-09-15 12:00:00+00:00,2026-09-15 08:00:00-04:00
1789477200000,709.0575,709.5299,707.56,708.95,3362333.732168,2382809546.949077,2382809546.9490774969362616,2026-09-15 13:00:00+00:00,2026-09-15 09:00:00-04:00
1789480800000,708.95,709.01,703.906,704.48,4948285.053841,3494850359.6695094,3494850359.66950967813787,2026-09-15 14:00:00+00:00,2026-09-15 10:00:00-04:00
1789484400000,704.475,706.02,704.475,705.32,3012478.244942,2124857773.984102,2124857773.9841021917,2026-09-15 15:00:00+00:00,2026-09-15 11:00:00-04:00
1789488000000,705.35,706.0,704.46,705.44,1986981.915403,1401492178.9225812,1401492178.922581106140187,2026-09-15 16:00:00+00:00,2026-09-15 12:00:00-04:00
1789491600000,705.44,705.52,704.53,705.0,2411791.136359,1700069346.7202177,1700069346.7202175007,2026-09-15 17:00:00+00:00,2026-09-15 13:00:00-04:00
1789495200000,705.0,705.57,704.1906,704.7304,3123416.003151,2202009310.6135087,2202009310.613509041391988,2026-09-15 18:00:00+00:00,2026-09-15 14:00:00-04:00
1789498800000,704.73,704.88,703.635,704.54,6010756.935968,4235046169.717589,4235046169.717588573394642,2026-09-15 19:00:00+00:00,2026-09-15 15:00:00-04:00
1789502400000,704.61,708.68,704.54,705.3635,2368410.234575,1669825378.047068,1669825378.0470680986,2026-09-15 20:00:00+00:00,2026-09-15 16:00:00-04:00
1789506000000,705.187,705.41,704.6,704.7728,219651.992469,154879788.58967105,154879788.5896710509,2026-09-15 21:00:00+00:00,2026-09-15 17:00:00-04:00
1789509600000,704.8,705.54,704.76,705.35,126022.514091,88856379.8609876,88856379.860987603451096,2026-09-15 22:00:00+00:00,2026-09-15 18:00:00-04:00
1789513200000,705.3281,705.44,705.0,705.21,134284.600902,94710902.96744083,94710902.9674408319946731,2026-09-15 23:00:00+00:00,2026-09-15 19:00:00-04:00
1789516800000,705.4,705.65,704.89,705.3,6555.0,4623145.99,4623145.99,2026-09-16 00:00:00+00:00,2026-09-15 20:00:00-04:00
1789520400000,705.32,705.63,704.17,704.24,26310.0,18544545.56,18544545.56,2026-09-16 01:00:00+00:00,2026-09-15 21:00:00-04:00
1789524000000,704.24,705.5,704.22,705.5,23513.0,16576995.26,16576995.26,2026-09-16 02:00:00+00:00,2026-09-15 22:00:00-04:00
1789527600000,705.51,707.22,705.51,706.67,23225.0,16405473.28,16405473.28,2026-09-16 03:00:00+00:00,2026-09-15 23:00:00-04:00
1789531200000,706.67,706.88,705.91,705.99,10977.0,7755774.5,7755774.5,2026-09-16 04:00:00+00:00,2026-09-16 00:00:00-04:00
1789534800000,706.02,707.0,705.57,706.76,12573.0,8882676.14,8882676.14,2026-09-16 05:00:00+00:00,2026-09-16 01:00:00-04:00
1789538400000,706.88,707.61,706.63,707.46,28309.0,20018714.1,20018714.1,2026-09-16 06:00:00+00:00,2026-09-16 02:00:00-04:00
1789542000000,707.58,708.22,707.36,707.52,25782.0,18246262.41,18246262.41,2026-09-16 07:00:00+00:00,2026-09-16 03:00:00-04:00
1789545600000,706.2,708.21,704.54,707.66,161286.36841,114088398.90281837,114088398.9028183619,2026-09-16 08:00:00+00:00,2026-09-16 04:00:00-04:00
1789549200000,707.7085,708.13,706.85,707.9,58998.925845,41757915.16160445,41757915.1616044521,2026-09-16 09:00:00+00:00,2026-09-16 05:00:00-04:00
1789552800000,707.84,708.3,707.35,708.25,55489.90694,39269792.87945377,39269792.8794537692,2026-09-16 10:00:00+00:00,2026-09-16 06:00:00-04:00
1789556400000,708.29,708.75,704.54,708.66,557992.981579,395075057.3117869,395075057.3117868716,2026-09-16 11:00:00+00:00,2026-09-16 07:00:00-04:00
1789560000000,708.64,709.21,704.54,708.41,276516.827501,195922703.13473505,195922703.1347350684,2026-09-16 12:00:00+00:00,2026-09-16 08:00:00-04:00
1789563600000,708.28,710.25,707.45,710.21,2840796.660982,2013282377.4813013,2013282377.4813014120320492,2026-09-16 13:00:00+00:00,2026-09-16 09:00:00-04:00
1789567200000,710.22,710.73,708.75,710.6579,2736531.476396,1941938097.8210888,1941938097.82108880864603,2026-09-16 14:00:00+00:00,2026-09-16 10:00:00-04:00
1789570800000,710.72,711.03,710.35,710.74,189753.0,134872230.5764,134872230.5764,2026-09-16 15:00:00+00:00,2026-09-16 11:00:00-04:00
