ts,open,high,low,close,vol,quoteVol,col7,dt_utc,dt_et
1785236400000,738.72,739.478,737.598,739.47,190725.80536099995,140840383.83173987,140840383.83173986,2026-07-28 11:00:00+00:00,2026-07-28 07:00:00-04:00
1785240000000,739.33,740.69,739.19,740.02,472946.510052,349827513.83178014,349827513.83178014,2026-07-28 12:00:00+00:00,2026-07-28 08:00:00-04:00
1785243600000,739.54,740.438,736.0,736.49,6018318.546248,4440628977.818033,4440628977.81803392,2026-07-28 13:00:00+00:00,2026-07-28 09:00:00-04:00
1785247200000,736.49,739.81,736.275,738.615,6503939.003010998,4798986026.45929,4798986026.45929017,2026-07-28 14:00:00+00:00,2026-07-28 10:00:00-04:00
1785250800000,738.657,742.44,738.02,742.191,6894795.127436,5106535947.989304,5106535947.9893034716,2026-07-28 15:00:00+00:00,2026-07-28 11:00:00-04:00
1785254400000,742.215,742.78,740.915,742.6,4520127.989627,3353266027.8422303,3353266027.8422304426,2026-07-28 16:00:00+00:00,2026-07-28 12:00:00-04:00
1785258000000,742.48,742.75,740.53,741.18,2797100.9800790004,2073833881.1127207,2073833881.11272068,2026-07-28 17:00:00+00:00,2026-07-28 13:00:00-04:00
1785261600000,741.22,741.62,740.42,741.47,3092428.401537,2291122065.044814,2291122065.04481418,2026-07-28 18:00:00+00:00,2026-07-28 14:00:00-04:00
1785265200000,741.465,741.95,740.45,740.785,12333304.141358,9142447727.201242,9142447727.20124201,2026-07-28 19:00:00+00:00,2026-07-28 15:00:00-04:00
1785268800000,740.81,741.581,740.15,741.03,6516568.959376997,4826851301.113962,4826851301.11396294,2026-07-28 20:00:00+00:00,2026-07-28 16:00:00-04:00
1785272400000,741.05,741.17,740.865,740.954,513586.751704,380574665.0751368,380574665.07513679,2026-07-28 21:00:00+00:00,2026-07-28 17:00:00-04:00
1785276000000,741.27,741.59,739.339,739.85,283838.46784000006,210131805.42055097,210131805.42055096,2026-07-28 22:00:00+00:00,2026-07-28 18:00:00-04:00
1785279600000,739.39,743.557,739.221,743.04,192000.06279,142309736.13971567,142309736.13971568,2026-07-28 23:00:00+00:00,2026-07-28 19:00:00-04:00
1785283200000,743.53,744.35,742.79,742.96,25.0,18588.45,18588.45,2026-07-29 00:00:00+00:00,2026-07-28 20:00:00-04:00
1785286800000,742.83,743.13,739.88,739.88,16982.0,12589488.33,12589488.33,2026-07-29 01:00:00+00:00,2026-07-28 21:00:00-04:00
1785290400000,739.83,741.16,739.65,740.59,16355.0,12108985.75,12108985.75,2026-07-29 02:00:00+00:00,2026-07-28 22:00:00-04:00
1785294000000,740.61,741.08,738.88,739.12,12929.0,9565546.01,9565546.01,2026-07-29 03:00:00+00:00,2026-07-28 23:00:00-04:00
1785297600000,739.05,739.38,738.2,739.35,13963.0,10315602.35,10315602.35,2026-07-29 04:00:00+00:00,2026-07-29 00:00:00-04:00
1785301200000,739.37,740.61,739.21,740.09,9796.0,7250918.6,7250918.6,2026-07-29 05:00:00+00:00,2026-07-29 01:00:00-04:00
1785304800000,740.11,742.3,739.49,742.13,10708.0,7937749.41,7937749.41,2026-07-29 06:00:00+00:00,2026-07-29 02:00:00-04:00
1785308400000,742.14,742.76,741.8,742.47,9691.0,7193080.48,7193080.48,2026-07-29 07:00:00+00:00,2026-07-29 03:00:00-04:00
1785312000000,742.19,743.123,741.231,742.53,105267.75645200002,78135244.8691125,78135244.8691125,2026-07-29 08:00:00+00:00,2026-07-29 04:00:00-04:00
1785315600000,742.24,743.414,742.06,742.92,35274.271686999986,26194254.39093311,26194254.39093311,2026-07-29 09:00:00+00:00,2026-07-29 05:00:00-04:00
1785319200000,742.877,743.086,741.921,741.985,116918.671119,86810697.60844192,86810697.6084419096,2026-07-29 10:00:00+00:00,2026-07-29 06:00:00-04:00
1785322800000,742.11,742.71,741.953,742.24,164414.03372399998,122058068.50830068,122058068.50830067,2026-07-29 11:00:00+00:00,2026-07-29 07:00:00-04:00
1785326400000,742.28,742.388,739.979,740.62,274814.3922120001,203528418.27826235,203528418.27826235,2026-07-29 12:00:00+00:00,2026-07-29 08:00:00-04:00
1785330000000,740.51,740.75,736.62,737.44,4360227.898841,3222493140.1252933,3222493140.12529332,2026-07-29 13:00:00+00:00,2026-07-29 09:00:00-04:00
1785333600000,737.42,738.29,733.79,734.86,7303618.495781999,5373580340.0473385,5373580340.04733866,2026-07-29 14:00:00+00:00,2026-07-29 10:00:00-04:00
1785337200000,734.81,735.625,733.01,733.74,3432319.101392,2521277269.3818808,2521277269.38188088,2026-07-29 15:00:00+00:00,2026-07-29 11:00:00-04:00
1785340800000,733.77,734.87,731.73,734.829,6585974.773587,4828371951.258829,4828371951.2588287274,2026-07-29 16:00:00+00:00,2026-07-29 12:00:00-04:00
1785344400000,734.88,737.22,734.74,736.347,5699509.795454,4194855562.2799983,4194855562.2799980853,2026-07-29 17:00:00+00:00,2026-07-29 13:00:00-04:00
1785348000000,736.44,742.68,736.0,741.95,9407849.686261002,6953051941.34517,6953051941.34516974,2026-07-29 18:00:00+00:00,2026-07-29 14:00:00-04:00
1785351600000,742.0,742.56,729.11,729.49,25396235.24256,18606668573.143696,18606668573.14369978,2026-07-29 19:00:00+00:00,2026-07-29 15:00:00-04:00
1785355200000,729.56,730.04,726.974,728.74,10655658.938599002,7761386972.316936,7761386972.3169367,2026-07-29 20:00:00+00:00,2026-07-29 16:00:00-04:00
1785358800000,728.01,728.478,726.81,727.34,1233682.2575449997,898079355.137132,898079355.13713202,2026-07-29 21:00:00+00:00,2026-07-29 17:00:00-04:00
1785362400000,728.3,732.034,727.817,731.3,290690.386466,212487695.9373708,212487695.93737082,2026-07-29 22:00:00+00:00,2026-07-29 18:00:00-04:00
1785366000000,731.99,732.701,731.409,732.56,103630.416795,75879175.66625854,75879175.66625855,2026-07-29 23:00:00+00:00,2026-07-29 19:00:00-04:00
1785369600000,732.63,733.41,731.49,732.23,16751.0,12269556.84999999,12269556.84999999,2026-07-30 00:00:00+00:00,2026-07-29 20:00:00-04:00
1785373200000,732.26,733.93,732.12,733.57,24118.0,17685120.82,17685120.82,2026-07-30 01:00:00+00:00,2026-07-29 21:00:00-04:00
1785376800000,733.57,733.88,732.41,732.42,15883.0,11646656.81,11646656.81,2026-07-30 02:00:00+00:00,2026-07-29 22:00:00-04:00
1785380400000,732.42,732.97,731.56,732.01,10666.0,7808484.92,7808484.92,2026-07-30 03:00:00+00:00,2026-07-29 23:00:00-04:00
1785384000000,732.07,732.45,731.24,731.39,8230.0,6022868.31,6022868.31,2026-07-30 04:00:00+00:00,2026-07-30 00:00:00-04:00
1785387600000,731.4,732.33,730.88,731.5,19731.0,14431195.35,14431195.35,2026-07-30 05:00:00+00:00,2026-07-30 01:00:00-04:00
1785391200000,731.3,731.49,730.49,730.86,3379.0,2469657.07,2469657.07,2026-07-30 06:00:00+00:00,2026-07-30 02:00:00-04:00
1785394800000,731.02,732.78,730.1,730.5,22129.0,16182885.98,16182885.98,2026-07-30 07:00:00+00:00,2026-07-30 03:00:00-04:00
1785398400000,730.63,732.459,730.045,732.17,161475.8881710001,118020643.62522656,118020643.62522657,2026-07-30 08:00:00+00:00,2026-07-30 04:00:00-04:00
1785402000000,732.91,733.368,731.761,732.91,60480.07830900001,44318192.61475219,44318192.61475219,2026-07-30 09:00:00+00:00,2026-07-30 05:00:00-04:00
1785405600000,731.86,733.796,731.848,733.14,82939.911425,60811252.76712001,60811252.76712001,2026-07-30 10:00:00+00:00,2026-07-30 06:00:00-04:00
1785409200000,733.26,734.715,733.083,734.6,364479.3421680001,267584258.55347967,267584258.55347968,2026-07-30 11:00:00+00:00,2026-07-30 07:00:00-04:00
1785412800000,734.23,735.09,733.928,734.47,479890.3268770001,352478197.37630665,352478197.37630669,2026-07-30 12:00:00+00:00,2026-07-30 08:00:00-04:00
1785416400000,734.449,738.66,734.42,738.61,8189769.243688,6031408827.026658,6031408827.026658139,2026-07-30 13:00:00+00:00,2026-07-30 09:00:00-04:00
1785420000000,738.61,739.2,735.635,736.235,8989761.662916001,6632806172.657025,6632806172.65702544,2026-07-30 14:00:00+00:00,2026-07-30 10:00:00-04:00
1785423600000,736.24,737.62,734.615,737.1,6797178.902551002,5002911954.133138,5002911954.13313813,2026-07-30 15:00:00+00:00,2026-07-30 11:00:00-04:00
1785427200000,737.1,739.185,736.89,738.98,4500665.236372,3323298861.6679864,3323298861.66798663,2026-07-30 16:00:00+00:00,2026-07-30 12:00:00-04:00
1785430800000,738.972,740.38,738.972,739.78,6520326.973828,4823804983.43576,4823804983.435759286,2026-07-30 17:00:00+00:00,2026-07-30 13:00:00-04:00
1785434400000,739.8,740.83,739.705,740.77,4323424.847499,3200465827.4318504,3200465827.43185049,2026-07-30 18:00:00+00:00,2026-07-30 14:00:00-04:00
1785438000000,740.74,742.45,740.74,741.69,16025878.448521,11885611982.399736,11885611982.39973788,2026-07-30 19:00:00+00:00,2026-07-30 15:00:00-04:00
1785441600000,741.5,743.803,741.46,742.0,11974865.517463995,8896211416.982626,8896211416.98262562,2026-07-30 20:00:00+00:00,2026-07-30 16:00:00-04:00
1785445200000,742.09,742.379,741.525,741.65,752672.0182330001,558498518.9084707,558498518.90847079,2026-07-30 21:00:00+00:00,2026-07-30 17:00:00-04:00
1785448800000,741.91,743.02,741.454,742.55,103021.036398,76450468.81644623,76450468.81644623,2026-07-30 22:00:00+00:00,2026-07-30 18:00:00-04:00
1785452400000,742.97,743.69,742.609,743.6,47831.47710599999,35548564.24367846,35548564.24367846,2026-07-30 23:00:00+00:00,2026-07-30 19:00:00-04:00
1785456000000,743.06,744.6,743.06,744.33,150.0,111509.1,111509.1,2026-07-31 00:00:00+00:00,2026-07-30 20:00:00-04:00
1785459600000,744.49,745.2,744.21,744.5,15842.0,11798263.07,11798263.07,2026-07-31 01:00:00+00:00,2026-07-30 21:00:00-04:00
1785463200000,744.58,744.62,743.68,744.08,9241.0,6876076.83,6876076.83,2026-07-31 02:00:00+00:00,2026-07-30 22:00:00-04:00
1785466800000,744.05,744.65,743.69,744.51,4188.0,3116956.37,3116956.37,2026-07-31 03:00:00+00:00,2026-07-30 23:00:00-04:00
1785470400000,744.31,745.74,744.06,745.67,9511.0,7088195.57,7088195.57,2026-07-31 04:00:00+00:00,2026-07-31 00:00:00-04:00
1785474000000,745.69,745.83,745.4,745.61,7761.0,5787017.7,5787017.7,2026-07-31 05:00:00+00:00,2026-07-31 01:00:00-04:00
1785477600000,745.65,745.93,744.01,744.46,14503.0,10803225.32,10803225.32,2026-07-31 06:00:00+00:00,2026-07-31 02:00:00-04:00
1785481200000,744.43,745.68,744.14,745.55,9119.0,6796217.71,6796217.71,2026-07-31 07:00:00+00:00,2026-07-31 03:00:00-04:00
1785484800000,745.53,746.138,743.691,746.08,120697.014504,89984259.07808895,89984259.07808895,2026-07-31 08:00:00+00:00,2026-07-31 04:00:00-04:00
1785488400000,745.99,746.525,745.193,745.3,59176.729089,44142395.81476102,44142395.81476102,2026-07-31 09:00:00+00:00,2026-07-31 05:00:00-04:00
1785492000000,745.48,745.98,745.028,745.28,47753.66855800002,35600990.25841398,35600990.25841398,2026-07-31 10:00:00+00:00,2026-07-31 06:00:00-04:00
1785495600000,745.43,745.888,744.306,744.66,148013.89299,110265510.22324924,110265510.22324923,2026-07-31 11:00:00+00:00,2026-07-31 07:00:00-04:00
1785499200000,744.03,744.716,742.86,743.05,237101.55750200013,176300467.02428624,176300467.02428623,2026-07-31 12:00:00+00:00,2026-07-31 08:00:00-04:00
1785502800000,743.17,746.29,741.57,741.95,6953730.399907002,5172323746.0588255,5172323746.05882623,2026-07-31 13:00:00+00:00,2026-07-31 09:00:00-04:00
1785506400000,741.9,742.92,737.69,742.51,9501898.800379995,7032682167.479969,7032682167.47996885,2026-07-31 14:00:00+00:00,2026-07-31 10:00:00-04:00
1785510000000,742.544,743.32,739.815,743.11,6456974.927618,4788218544.620922,4788218544.6209225744,2026-07-31 15:00:00+00:00,2026-07-31 11:00:00-04:00
1785513600000,743.07,745.02,742.5,744.62,3788688.61744,2818398642.874105,2818398642.87410461,2026-07-31 16:00:00+00:00,2026-07-31 12:00:00-04:00
1785517200000,744.63,746.5,744.555,745.47,5105137.744674001,3806652595.995237,3806652595.99523692,2026-07-31 17:00:00+00:00,2026-07-31 13:00:00-04:00
1785520800000,745.415,746.54,745.32,746.175,5342942.766656999,3986071461.996408,3986071461.99640749,2026-07-31 18:00:00+00:00,2026-07-31 14:00:00-04:00
1785524400000,746.15,748.88,745.795,746.79,15456490.760028,11555348229.001656,11555348229.00165694,2026-07-31 19:00:00+00:00,2026-07-31 15:00:00-04:00
1785528000000,747.25,747.33,744.947,745.16,9914166.581855,7404506350.324123,7404506350.32412353,2026-07-31 20:00:00+00:00,2026-07-31 16:00:00-04:00
1785531600000,745.09,745.469,744.533,744.72,836287.1827729997,623034202.0520396,623034202.05203961,2026-07-31 21:00:00+00:00,2026-07-31 17:00:00-04:00
1785535200000,744.0,744.775,744.0,744.0,87686.817876,65273383.26971497,65273383.26971497,2026-07-31 22:00:00+00:00,2026-07-31 18:00:00-04:00
1785538800000,744.338,744.64,744.255,744.255,45026.509256,33522874.946187094,33522874.9461870931,2026-07-31 23:00:00+00:00,2026-07-31 19:00:00-04:00
1785542400000,744.245,744.66,744.245,744.66,0.0334,24.871644,24.871644,2026-08-01 00:00:00+00:00,2026-07-31 20:00:00-04:00
1785574800000,744.66,744.66,744.66,744.66,1.3428,999.929448,999.929448,2026-08-01 09:00:00+00:00,2026-08-01 05:00:00-04:00
1785589200000,744.57,744.57,744.57,744.57,0.0485,36.111645,36.111645,2026-08-01 13:00:00+00:00,2026-08-01 09:00:00-04:00
1785592800000,744.57,744.57,744.57,744.57,0.0789,58.746573,58.746573,2026-08-01 14:00:00+00:00,2026-08-01 10:00:00-04:00
1785600000000,744.86,744.86,744.86,744.86,0.4027,299.955122,299.955122,2026-08-01 16:00:00+00:00,2026-08-01 12:00:00-04:00
1785607200000,744.91,744.91,744.91,744.91,0.0426,31.733166,31.733166,2026-08-01 18:00:00+00:00,2026-08-01 14:00:00-04:00
1785636000000,745.0,745.0,745.0,745.0,0.358,266.71,266.71,2026-08-02 02:00:00+00:00,2026-08-01 22:00:00-04:00
1785639600000,744.95,746.7,744.95,746.7,149.0592,111186.87342,111186.87342,2026-08-02 03:00:00+00:00,2026-08-01 23:00:00-04:00
1785643200000,747.16,747.16,747.16,747.16,0.6896,515.241536,515.241536,2026-08-02 04:00:00+00:00,2026-08-02 00:00:00-04:00
1785646800000,747.2,747.2,747.2,747.2,0.11,82.192,82.192,2026-08-02 05:00:00+00:00,2026-08-02 01:00:00-04:00
1785675600000,746.89,746.89,746.89,746.89,1.5462,1154.841318,1154.841318,2026-08-02 13:00:00+00:00,2026-08-02 09:00:00-04:00
1785711600000,747.25,747.25,747.25,747.25,0.0336,25.1076,25.1076,2026-08-02 23:00:00+00:00,2026-08-02 19:00:00-04:00
1785715200000,749.64,750.5,748.9,750.22,44005.0,33004735.72,33004735.72,2026-08-03 00:00:00+00:00,2026-08-02 20:00:00-04:00
1785718800000,750.24,750.77,749.91,750.75,23464.0,17606788.18,17606788.18,2026-08-03 01:00:00+00:00,2026-08-02 21:00:00-04:00
1785722400000,750.69,751.01,750.55,750.87,24571.0,18447793.41,18447793.41,2026-08-03 02:00:00+00:00,2026-08-02 22:00:00-04:00
1785726000000,750.97,751.3,750.69,751.09,16217.0,12179051.52,12179051.52,2026-08-03 03:00:00+00:00,2026-08-02 23:00:00-04:00
1785729600000,751.04,751.52,750.99,751.16,15910.0,11952289.77,11952289.77,2026-08-03 04:00:00+00:00,2026-08-03 00:00:00-04:00
1785733200000,751.21,751.41,750.95,751.17,3975.0,2985928.05,2985928.05,2026-08-03 05:00:00+00:00,2026-08-03 01:00:00-04:00
1785736800000,751.21,751.42,750.5,750.55,4566.0,3429811.68,3429811.68,2026-08-03 06:00:00+00:00,2026-08-03 02:00:00-04:00
1785740400000,750.56,751.0,750.18,750.78,9936.0,7456730.74,7456730.74,2026-08-03 07:00:00+00:00,2026-08-03 03:00:00-04:00
1785744000000,750.49,750.771,745.428,750.46,152401.04308200005,114338714.93112317,114338714.93112315,2026-08-03 08:00:00+00:00,2026-08-03 04:00:00-04:00
1785747600000,750.88,750.88,750.261,750.63,32155.178004000005,24134859.8682811,24134859.8682811,2026-08-03 09:00:00+00:00,2026-08-03 05:00:00-04:00
1785751200000,750.61,751.147,750.453,751.06,62551.013831,46969424.92856885,46969424.92856885,2026-08-03 10:00:00+00:00,2026-08-03 06:00:00-04:00
1785754800000,751.15,751.55,750.454,750.59,265639.371923,199496071.48803753,199496071.48803752,2026-08-03 11:00:00+00:00,2026-08-03 07:00:00-04:00
1785758400000,750.608,751.44,750.197,751.174,600209.365213,450625429.6379863,450625429.6379863067,2026-08-03 12:00:00+00:00,2026-08-03 08:00:00-04:00
1785762000000,751.13,753.63,749.18,753.62,6767289.080681,5085715869.823441,5085715869.82344137,2026-08-03 13:00:00+00:00,2026-08-03 09:00:00-04:00
1785765600000,753.46,755.39,753.12,755.39,8513954.596300999,6423191280.041959,6423191280.04195898,2026-08-03 14:00:00+00:00,2026-08-03 10:00:00-04:00
1785769200000,755.37,756.21,754.8,755.96,7556005.241807998,5708231762.756875,5708231762.75687548,2026-08-03 15:00:00+00:00,2026-08-03 11:00:00-04:00
1785772800000,755.99,756.62,755.77,756.2,5058386.029994001,3825244084.345813,3825244084.34581245,2026-08-03 16:00:00+00:00,2026-08-03 12:00:00-04:00
1785776400000,756.23,757.78,756.0,757.67,6412411.864623001,4854840870.1531925,4854840870.15319283,2026-08-03 17:00:00+00:00,2026-08-03 13:00:00-04:00
1785780000000,757.645,758.335,757.34,757.96,5730164.969162999,4342982566.735149,4342982566.73514972,2026-08-03 18:00:00+00:00,2026-08-03 14:00:00-04:00
1785783600000,757.785,757.99,757.43,757.72,14747435.7837,11179956881.837975,11179956881.8379745153,2026-08-03 19:00:00+00:00,2026-08-03 15:00:00-04:00
1785787200000,757.61,758.49,757.367,757.97,6983498.573316998,5292707671.684501,5292707671.68450099,2026-08-03 20:00:00+00:00,2026-08-03 16:00:00-04:00
1785790800000,757.96,758.1,757.865,757.99,915582.076746,693986035.6663574,693986035.66635741,2026-08-03 21:00:00+00:00,2026-08-03 17:00:00-04:00
1785794400000,758.33,758.465,757.845,758.33,39066.932141,29621227.71392545,29621227.71392545,2026-08-03 22:00:00+00:00,2026-08-03 18:00:00-04:00
1785798000000,758.27,758.423,758.101,758.26,70064.650168,53127221.63638768,53127221.63638768,2026-08-03 23:00:00+00:00,2026-08-03 19:00:00-04:00
1785801600000,758.11,758.62,757.87,758.16,0.010364,7.85925957,7.85925957,2026-08-04 00:00:00+00:00,2026-08-03 20:00:00-04:00
1785805200000,758.09,759.65,757.84,759.59,25358.0,19247065.65,19247065.65,2026-08-04 01:00:00+00:00,2026-08-03 21:00:00-04:00
1785808800000,759.51,759.6,758.83,759.17,10321.0,7835011.45,7835011.45,2026-08-04 02:00:00+00:00,2026-08-03 22:00:00-04:00
1785812400000,759.17,759.44,758.75,759.35,4501.0,3416937.3,3416937.3,2026-08-04 03:00:00+00:00,2026-08-03 23:00:00-04:00
1785816000000,759.36,759.54,759.07,759.36,6512.0,4945370.17,4945370.17,2026-08-04 04:00:00+00:00,2026-08-04 00:00:00-04:00
1785819600000,759.38,759.79,759.15,759.7,6494.0,4932377.6,4932377.6,2026-08-04 05:00:00+00:00,2026-08-04 01:00:00-04:00
1785823200000,759.69,759.89,759.2,759.36,8172.0,6208096.42,6208096.42,2026-08-04 06:00:00+00:00,2026-08-04 02:00:00-04:00
1785826800000,759.35,759.7,759.07,759.21,6031.0,4579641.85,4579641.85,2026-08-04 07:00:00+00:00,2026-08-04 03:00:00-04:00
1785830400000,759.33,759.499,758.478,759.0,68057.391208,51665754.92407496,51665754.92407496,2026-08-04 08:00:00+00:00,2026-08-04 04:00:00-04:00
1785834000000,758.24,758.745,758.128,758.55,62983.17099499999,47762582.3125431,47762582.3125431,2026-08-04 09:00:00+00:00,2026-08-04 05:00:00-04:00
1785837600000,758.7,759.626,758.52,759.28,77407.068478,58743349.5680804,58743349.5680804,2026-08-04 10:00:00+00:00,2026-08-04 06:00:00-04:00
1785841200000,759.29,760.626,759.098,760.28,311194.61497700005,236553590.75199863,236553590.75199866,2026-08-04 11:00:00+00:00,2026-08-04 07:00:00-04:00
1785844800000,760.338,760.52,760.034,760.058,349075.328169,265390329.3448079,265390329.3448078787396617,2026-08-04 12:00:00+00:00,2026-08-04 08:00:00-04:00
1785848400000,760.08,763.46,759.895,763.37,5672207.665903,4322532511.17741,4322532511.17741089,2026-08-04 13:00:00+00:00,2026-08-04 09:00:00-04:00
1785852000000,763.38,766.41,763.1,766.33,8641633.671188002,6610243979.938471,6610243979.93847125,2026-08-04 14:00:00+00:00,2026-08-04 10:00:00-04:00
1785855600000,766.34,768.9,766.18,768.45,7601924.255177001,5835211971.923824,5835211971.92382388,2026-08-04 15:00:00+00:00,2026-08-04 11:00:00-04:00
1785859200000,768.42,770.33,768.15,770.275,6702431.421423001,5155464002.581765,5155464002.58176455,2026-08-04 16:00:00+00:00,2026-08-04 12:00:00-04:00
1785862800000,770.275,773.08,770.155,771.56,10207132.786703,7875627896.466925,7875627896.4669247871,2026-08-04 17:00:00+00:00,2026-08-04 13:00:00-04:00
1785866400000,771.668,772.46,771.09,772.067,8742845.684611,6749345216.906153,6749345216.9061526959,2026-08-04 18:00:00+00:00,2026-08-04 14:00:00-04:00
1785870000000,772.095,773.41,770.96,771.22,15232971.791208,11764532268.449656,11764532268.4496552,2026-08-04 19:00:00+00:00,2026-08-04 15:00:00-04:00
1785873600000,771.74,772.898,771.099,772.2,10201169.049396,7873937589.714902,7873937589.71490204,2026-08-04 20:00:00+00:00,2026-08-04 16:00:00-04:00
1785877200000,772.01,772.235,771.901,772.13,715987.5808800001,552792316.7737473,552792316.77374741,2026-08-04 21:00:00+00:00,2026-08-04 17:00:00-04:00
1785880800000,772.22,773.028,771.946,772.61,90276.373909,69736928.03579648,69736928.03579648,2026-08-04 22:00:00+00:00,2026-08-04 18:00:00-04:00
1785884400000,772.822,773.019,772.395,772.631,91210.823626,70481755.17310393,70481755.1731039426,2026-08-04 23:00:00+00:00,2026-08-04 19:00:00-04:00
1785888000000,772.59,773.47,772.43,773.3,38.0,29359.522,29359.522,2026-08-05 00:00:00+00:00,2026-08-04 20:00:00-04:00
1785891600000,773.23,773.41,772.67,773.3,11563.0,8938760.69,8938760.69,2026-08-05 01:00:00+00:00,2026-08-04 21:00:00-04:00
1785895200000,773.38,773.76,773.23,773.58,15570.0,12042889.73,12042889.73,2026-08-05 02:00:00+00:00,2026-08-04 22:00:00-04:00
1785898800000,773.55,774.13,773.55,774.13,8618.0,6669684.46,6669684.46,2026-08-05 03:00:00+00:00,2026-08-04 23:00:00-04:00
1785902400000,774.13,774.2,773.67,774.12,7954.0,6156479.59,6156479.59,2026-08-05 04:00:00+00:00,2026-08-05 00:00:00-04:00
1785906000000,774.04,774.84,773.99,774.78,9708.0,7518106.1,7518106.1,2026-08-05 05:00:00+00:00,2026-08-05 01:00:00-04:00
1785909600000,774.78,774.88,774.13,774.69,17488.0,13545094.73,13545094.73,2026-08-05 06:00:00+00:00,2026-08-05 02:00:00-04:00
1785913200000,774.69,774.79,773.7,774.15,9933.0,7690290.26,7690290.26,2026-08-05 07:00:00+00:00,2026-08-05 03:00:00-04:00
1785916800000,774.11,774.5,772.822,773.17,131126.81265900005,101480417.14833306,101480417.14833306,2026-08-05 08:00:00+00:00,2026-08-05 04:00:00-04:00
1785920400000,773.54,774.036,773.185,773.71,44106.277752,34126160.62806062,34126160.62806062,2026-08-05 09:00:00+00:00,2026-08-05 05:00:00-04:00
1785924000000,773.8,774.66,773.634,774.6,85168.98730999998,65935862.57179512,65935862.57179512,2026-08-05 10:00:00+00:00,2026-08-05 06:00:00-04:00
1785927600000,774.6,774.789,774.12,774.67,260545.95246299997,201798572.19354764,201798572.19354764,2026-08-05 11:00:00+00:00,2026-08-05 07:00:00-04:00
1785931200000,774.668,775.377,774.527,774.845,347687.90261,269442835.6631566,269442835.6631566196,2026-08-05 12:00:00+00:00,2026-08-05 08:00:00-04:00
1785934800000,774.99,776.82,774.41,776.69,6508419.614045999,5049185726.797626,5049185726.7976263,2026-08-05 13:00:00+00:00,2026-08-05 09:00:00-04:00
1785938400000,776.66,776.66,772.68,773.46,6452982.000183001,4999656235.960385,4999656235.96038594,2026-08-05 14:00:00+00:00,2026-08-05 10:00:00-04:00
1785942000000,773.619,773.9,770.34,770.692,6543452.265141,5052644986.71429,5052644986.714290386473038,2026-08-05 15:00:00+00:00,2026-08-05 11:00:00-04:00
1785945600000,770.6,772.215,769.91,771.846,6862515.222049,5292376473.127801,5292376473.1278007406,2026-08-05 16:00:00+00:00,2026-08-05 12:00:00-04:00
1785949200000,771.83,772.12,771.01,771.54,2863400.147974,2209276141.6303606,2209276141.63036072,2026-08-05 17:00:00+00:00,2026-08-05 13:00:00-04:00
1785952800000,771.69,772.25,771.21,771.395,4108843.623566,3170975824.3096814,3170975824.30968169,2026-08-05 18:00:00+00:00,2026-08-05 14:00:00-04:00
1785956400000,771.375,771.97,769.53,769.75,8264091.377372998,6374334164.426874,6374334164.42687491,2026-08-05 19:00:00+00:00,2026-08-05 15:00:00-04:00
1785960000000,769.736,771.085,769.658,770.805,7438453.151328,5729301795.463175,5729301795.4631753599,2026-08-05 20:00:00+00:00,2026-08-05 16:00:00-04:00
1785963600000,770.66,770.928,770.375,770.52,354614.1094340001,273323576.675322,273323576.67532199,2026-08-05 21:00:00+00:00,2026-08-05 17:00:00-04:00
1785967200000,770.79,771.964,770.514,771.67,66136.634293,51007852.74382253,51007852.74382253,2026-08-05 22:00:00+00:00,2026-08-05 18:00:00-04:00
1785970800000,771.43,771.68,770.99,771.47,22248.559708999997,17160285.18042407,17160285.18042407,2026-08-05 23:00:00+00:00,2026-08-05 19:00:00-04:00
1785974400000,771.0,771.64,770.69,770.7,15321.0,11811547.0,11811547,2026-08-06 00:00:00+00:00,2026-08-05 20:00:00-04:00
1785978000000,770.73,770.73,769.81,770.49,15514.0,11950430.29,11950430.29,2026-08-06 01:00:00+00:00,2026-08-05 21:00:00-04:00
1785981600000,770.46,771.73,770.46,771.44,11241.0,8669456.8,8669456.8,2026-08-06 02:00:00+00:00,2026-08-05 22:00:00-04:00
1785985200000,771.52,771.7,770.95,771.28,5609.0,4326475.06,4326475.06,2026-08-06 03:00:00+00:00,2026-08-05 23:00:00-04:00
1785988800000,771.34,771.51,770.95,771.25,4139.0,3191882.02,3191882.02,2026-08-06 04:00:00+00:00,2026-08-06 00:00:00-04:00
1785992400000,771.25,771.51,771.07,771.47,5364.0,4137164.74,4137164.74,2026-08-06 05:00:00+00:00,2026-08-06 01:00:00-04:00
1785996000000,771.47,771.47,770.39,770.92,4196.0,3234092.48,3234092.48,2026-08-06 06:00:00+00:00,2026-08-06 02:00:00-04:00
1785999600000,771.03,771.44,770.48,770.73,5303.0,4088863.18,4088863.18,2026-08-06 07:00:00+00:00,2026-08-06 03:00:00-04:00
1786003200000,770.48,771.525,770.112,771.46,62732.79911000002,48351436.65291065,48351436.65291065,2026-08-06 08:00:00+00:00,2026-08-06 04:00:00-04:00
1786006800000,771.2,771.699,770.579,771.66,19785.010987000005,15255822.31485377,15255822.31485377,2026-08-06 09:00:00+00:00,2026-08-06 05:00:00-04:00
1786010400000,771.63,771.674,770.9,771.04,17424.906815000002,13439219.0121803,13439219.0121803,2026-08-06 10:00:00+00:00,2026-08-06 06:00:00-04:00
1786014000000,771.08,771.515,770.076,770.57,145386.155985,112065233.74233824,112065233.74233824,2026-08-06 11:00:00+00:00,2026-08-06 07:00:00-04:00
1786017600000,770.6,771.122,770.236,770.42,212170.399383,163510561.04322475,163510561.04322474,2026-08-06 12:00:00+00:00,2026-08-06 08:00:00-04:00
1786021200000,770.43,771.51,769.07,770.885,3364803.5494270003,2592227493.9804587,2592227493.98045895,2026-08-06 13:00:00+00:00,2026-08-06 09:00:00-04:00
1786024800000,770.745,770.995,770.7,770.995,5310967.944081,4092842668.1647825,4092842668.164782166,2026-08-06 14:00:00+00:00,2026-08-06 10:00:00-04:00
1786028400000,771.0,771.205,767.99,768.125,6716610.545476,5166846060.267545,5166846060.2675453436,2026-08-06 15:00:00+00:00,2026-08-06 11:00:00-04:00
1786032000000,768.089,769.04,767.5,768.972,5655505.181973,4344617402.457289,4344617402.4572893022,2026-08-06 16:00:00+00:00,2026-08-06 12:00:00-04:00
1786035600000,768.99,769.17,767.72,768.65,3124029.8677540007,2400216514.828367,2400216514.82836722,2026-08-06 17:00:00+00:00,2026-08-06 13:00:00-04:00
1786039200000,768.66,769.71,768.52,768.92,3680324.8600399992,2830360458.198509,2830360458.19850946,2026-08-06 18:00:00+00:00,2026-08-06 14:00:00-04:00
1786042800000,768.97,769.78,767.7,768.63,8720425.827649001,6702738173.819296,6702738173.81929616,2026-08-06 19:00:00+00:00,2026-08-06 15:00:00-04:00
1786046400000,768.517,769.073,767.911,768.188,6499845.115566,4997057353.21908,4997057353.21907994458208,2026-08-06 20:00:00+00:00,2026-08-06 16:00:00-04:00
1786050000000,768.16,768.336,768.003,768.14,315874.262313,242661020.55637157,242661020.55637155,2026-08-06 21:00:00+00:00,2026-08-06 17:00:00-04:00
1786053600000,768.24,769.042,768.047,768.63,133912.75465599998,102953572.03728308,102953572.03728307,2026-08-06 22:00:00+00:00,2026-08-06 18:00:00-04:00
1786057200000,769.07,769.094,768.67,769.06,26833.185215,20631826.81296882,20631826.81296882,2026-08-06 23:00:00+00:00,2026-08-06 19:00:00-04:00
1786060800000,768.7,769.51,768.27,768.83,10.0,7689.72,7689.72,2026-08-07 00:00:00+00:00,2026-08-06 20:00:00-04:00
1786064400000,768.91,769.16,768.06,768.5,10272.0,7894117.07,7894117.07,2026-08-07 01:00:00+00:00,2026-08-06 21:00:00-04:00
1786068000000,768.51,768.78,767.98,768.5,6144.0,4721240.5,4721240.5,2026-08-07 02:00:00+00:00,2026-08-06 22:00:00-04:00
1786071600000,768.56,768.66,768.16,768.17,4360.0,3350018.8,3350018.8,2026-08-07 03:00:00+00:00,2026-08-06 23:00:00-04:00
1786075200000,768.23,768.57,767.81,768.38,6564.0,5042752.92,5042752.92,2026-08-07 04:00:00+00:00,2026-08-07 00:00:00-04:00
1786078800000,768.43,768.97,768.39,768.55,4090.0,3143675.43,3143675.43,2026-08-07 05:00:00+00:00,2026-08-07 01:00:00-04:00
1786082400000,768.52,769.25,768.43,769.07,7186.0,5525838.1,5525838.1,2026-08-07 06:00:00+00:00,2026-08-07 02:00:00-04:00
1786086000000,769.11,769.52,768.89,769.33,7230.0,5562001.71,5562001.71,2026-08-07 07:00:00+00:00,2026-08-07 03:00:00-04:00
1786089600000,769.45,769.979,769.037,769.57,199016.496583,153164747.60719845,153164747.60719844,2026-08-07 08:00:00+00:00,2026-08-07 04:00:00-04:00
1786093200000,769.82,770.124,769.735,769.882,34085.084221,26244203.399397776,26244203.3993977797,2026-08-07 09:00:00+00:00,2026-08-07 05:00:00-04:00
1786096800000,769.95,770.173,769.691,769.92,44042.961904,33910319.17236862,33910319.17236862,2026-08-07 10:00:00+00:00,2026-08-07 06:00:00-04:00
1786100400000,770.11,770.93,769.925,770.79,112001.073525,86310379.28090903,86310379.28090903,2026-08-07 11:00:00+00:00,2026-08-07 07:00:00-04:00
1786104000000,770.21,773.1,770.076,772.7,755318.3523189996,583171329.6232489,583171329.62324898,2026-08-07 12:00:00+00:00,2026-08-07 08:00:00-04:00
1786107600000,772.71,772.738,770.46,771.026,1771586.38441,1366033525.485728,1366033525.4857280132,2026-08-07 13:00:00+00:00,2026-08-07 09:00:00-04:00
1786111200000,771.035,773.35,769.61,772.814,5109587.228694,3943810437.875208,3943810437.87520791097595,2026-08-07 14:00:00+00:00,2026-08-07 10:00:00-04:00
1786114800000,772.855,773.91,772.4,773.05,4665774.436325,3607785354.2837934,3607785354.28379373,2026-08-07 15:00:00+00:00,2026-08-07 11:00:00-04:00
1786118400000,773.02,773.365,771.06,771.965,4891741.743966,3777600111.8828273,3777600111.88282703,2026-08-07 16:00:00+00:00,2026-08-07 12:00:00-04:00
1786122000000,771.98,772.46,771.73,772.27,2045375.110169,1579328414.3540635,1579328414.35406369,2026-08-07 17:00:00+00:00,2026-08-07 13:00:00-04:00
1786125600000,772.165,772.28,770.9,771.528,5124116.538829,3953632551.252446,3953632551.2524463944,2026-08-07 18:00:00+00:00,2026-08-07 14:00:00-04:00
1786129200000,771.556,773.78,771.556,773.21,10472578.834041,8093862619.298437,8093862619.298437795761614,2026-08-07 19:00:00+00:00,2026-08-07 15:00:00-04:00
1786132800000,773.17,773.34,772.55,772.99,7651237.865977999,5913647867.604688,5913647867.60468821,2026-08-07 20:00:00+00:00,2026-08-07 16:00:00-04:00
1786136400000,773.038,773.075,772.926,772.941,888254.7318489999,686601632.5915958,686601632.5915958,2026-08-07 21:00:00+00:00,2026-08-07 17:00:00-04:00
1786140000000,773.07,773.23,772.847,772.93,15759.74669,12183149.40146328,12183149.40146328,2026-08-07 22:00:00+00:00,2026-08-07 18:00:00-04:00
1786143600000,772.996,773.39,772.911,773.374,27980.157734,21632231.112899568,21632231.1128995706,2026-08-07 23:00:00+00:00,2026-08-07 19:00:00-04:00
1786154400000,773.54,773.54,773.54,773.54,0.0618,47.804772,47.804772,2026-08-08 02:00:00+00:00,2026-08-07 22:00:00-04:00
1786161600000,774.07,774.07,773.39,773.39,0.3248,251.310149,251.310149,2026-08-08 04:00:00+00:00,2026-08-08 00:00:00-04:00
1786165200000,773.39,773.53,773.38,773.38,0.3895,301.257776,301.257776,2026-08-08 05:00:00+00:00,2026-08-08 01:00:00-04:00
1786172400000,773.24,773.36,773.24,773.36,0.3365,260.197276,260.197276,2026-08-08 07:00:00+00:00,2026-08-08 03:00:00-04:00
1786176000000,773.21,773.21,773.21,773.21,0.264,204.12744,204.12744,2026-08-08 08:00:00+00:00,2026-08-08 04:00:00-04:00
1786190400000,773.21,773.36,773.07,773.18,1.1089,857.303179,857.303179,2026-08-08 12:00:00+00:00,2026-08-08 08:00:00-04:00
1786194000000,773.06,773.06,773.06,773.06,0.1293,99.956658,99.956658,2026-08-08 13:00:00+00:00,2026-08-08 09:00:00-04:00
1786197600000,773.18,773.18,773.06,773.06,0.3016,233.15924,233.15924,2026-08-08 14:00:00+00:00,2026-08-08 10:00:00-04:00
1786201200000,773.03,773.03,773.03,773.03,0.018,13.91454,13.91454,2026-08-08 15:00:00+00:00,2026-08-08 11:00:00-04:00
1786208400000,773.18,773.18,773.03,773.18,0.3164,244.613917,244.613917,2026-08-08 17:00:00+00:00,2026-08-08 13:00:00-04:00
1786222800000,773.18,773.18,773.18,773.18,0.0161,12.448198,12.448198,2026-08-08 21:00:00+00:00,2026-08-08 17:00:00-04:00
1786226400000,773.18,773.22,772.99,772.99,0.3346,258.696362,258.696362,2026-08-08 22:00:00+00:00,2026-08-08 18:00:00-04:00
1786248000000,772.97,772.97,772.97,772.97,0.6646,513.715862,513.715862,2026-08-09 04:00:00+00:00,2026-08-09 00:00:00-04:00
1786255200000,773.22,773.22,773.22,773.22,0.124,95.87928,95.87928,2026-08-09 06:00:00+00:00,2026-08-09 02:00:00-04:00
1786262400000,773.24,773.24,773.24,773.24,0.013,10.05212,10.05212,2026-08-09 08:00:00+00:00,2026-08-09 04:00:00-04:00
1786269600000,773.24,773.24,773.24,773.24,0.1132,87.530768,87.530768,2026-08-09 10:00:00+00:00,2026-08-09 06:00:00-04:00
1786276800000,773.22,773.22,772.93,772.93,0.2659,205.564485,205.564485,2026-08-09 12:00:00+00:00,2026-08-09 08:00:00-04:00
1786280400000,772.8,772.8,772.8,772.8,0.0207,15.99696,15.99696,2026-08-09 13:00:00+00:00,2026-08-09 09:00:00-04:00
1786284000000,772.8,773.42,772.75,773.42,0.4322,334.161185,334.161185,2026-08-09 14:00:00+00:00,2026-08-09 10:00:00-04:00
1786291200000,773.4,773.4,773.4,773.4,0.0142,10.98228,10.98228,2026-08-09 16:00:00+00:00,2026-08-09 12:00:00-04:00
1786294800000,773.4,773.4,773.4,773.4,0.0116,8.97144,8.97144,2026-08-09 17:00:00+00:00,2026-08-09 13:00:00-04:00
1786305600000,773.25,773.25,772.77,772.88,2.748,2123.707136,2123.707136,2026-08-09 20:00:00+00:00,2026-08-09 16:00:00-04:00
1786312800000,772.75,772.75,772.75,772.75,0.0352,27.2008,27.2008,2026-08-09 22:00:00+00:00,2026-08-09 18:00:00-04:00
1786316400000,772.88,772.88,772.33,772.33,0.2309,178.366527,178.366527,2026-08-09 23:00:00+00:00,2026-08-09 19:00:00-04:00
1786320000000,772.01,773.14,771.8,772.36,32371.0,25004437.83,25004437.83,2026-08-10 00:00:00+00:00,2026-08-09 20:00:00-04:00
1786323600000,772.43,773.44,772.32,773.4,15803.0,12216711.89,12216711.89,2026-08-10 01:00:00+00:00,2026-08-09 21:00:00-04:00
1786327200000,773.43,773.59,773.11,773.55,8877.0,6865232.79,6865232.79,2026-08-10 02:00:00+00:00,2026-08-09 22:00:00-04:00
1786330800000,773.54,773.91,773.41,773.71,9416.0,7285557.21,7285557.21,2026-08-10 03:00:00+00:00,2026-08-09 23:00:00-04:00
1786334400000,773.72,774.21,773.57,773.95,7430.0,5750303.51,5750303.51,2026-08-10 04:00:00+00:00,2026-08-10 00:00:00-04:00
1786338000000,774.08,774.46,774.08,774.4,7771.0,6017077.68,6017077.68,2026-08-10 05:00:00+00:00,2026-08-10 01:00:00-04:00
1786341600000,774.38,774.58,773.8,774.09,5770.0,4467133.13,4467133.13,2026-08-10 06:00:00+00:00,2026-08-10 02:00:00-04:00
1786345200000,774.05,774.89,773.71,774.48,6787.0,5255672.63,5255672.63,2026-08-10 07:00:00+00:00,2026-08-10 03:00:00-04:00
1786348800000,774.585,774.663,773.568,774.27,57699.867808,44685056.77529362,44685056.77529362,2026-08-10 08:00:00+00:00,2026-08-10 04:00:00-04:00
1786352400000,774.56,774.68,774.214,774.3,22491.404214,17418096.88536277,17418096.88536277,2026-08-10 09:00:00+00:00,2026-08-10 05:00:00-04:00
1786356000000,774.36,774.405,773.755,773.86,29432.111011,22784203.5734568,22784203.5734568,2026-08-10 10:00:00+00:00,2026-08-10 06:00:00-04:00
1786359600000,773.76,774.008,773.191,773.44,249172.42957200005,192785356.6081733,192785356.60817333,2026-08-10 11:00:00+00:00,2026-08-10 07:00:00-04:00
1786363200000,773.68,773.866,772.502,772.58,183435.86983999997,141798201.99110597,141798201.99110597,2026-08-10 12:00:00+00:00,2026-08-10 08:00:00-04:00
1786366800000,772.8,773.63,772.375,773.48,3486124.052641,2694648740.8380027,2694648740.83800296,2026-08-10 13:00:00+00:00,2026-08-10 09:00:00-04:00
1786370400000,773.48,775.02,773.39,773.52,8426211.535884,6523811150.179928,6523811150.179928121393425,2026-08-10 14:00:00+00:00,2026-08-10 10:00:00-04:00
1786374000000,773.57,774.38,773.18,774.326,4562350.297005,3530212672.561365,3530212672.5613654532,2026-08-10 15:00:00+00:00,2026-08-10 11:00:00-04:00
1786377600000,774.327,774.435,771.91,772.935,5031881.725391,3890170157.8123126,3890170157.8123131455,2026-08-10 16:00:00+00:00,2026-08-10 12:00:00-04:00
1786381200000,772.965,773.27,772.5,772.735,2400348.10315,1855211046.3138611,1855211046.31386138,2026-08-10 17:00:00+00:00,2026-08-10 13:00:00-04:00
1786384800000,772.72,773.32,772.315,773.19,4281465.392371999,3308442869.586508,3308442869.58650826,2026-08-10 18:00:00+00:00,2026-08-10 14:00:00-04:00
1786388400000,773.22,773.44,772.31,773.07,7369639.682531999,5695903127.096919,5695903127.09691863,2026-08-10 19:00:00+00:00,2026-08-10 15:00:00-04:00
1786392000000,773.07,773.113,772.628,773.036,12010567.028449,9282459138.720016,9282459138.7200171944,2026-08-10 20:00:00+00:00,2026-08-10 16:00:00-04:00
1786395600000,773.01,773.157,772.89,772.89,115594.77236199992,89357822.29729354,89357822.29729354,2026-08-10 21:00:00+00:00,2026-08-10 17:00:00-04:00
1786399200000,773.29,773.337,772.46,772.51,35325.73681699999,27301428.58011849,27301428.58011849,2026-08-10 22:00:00+00:00,2026-08-10 18:00:00-04:00
1786402800000,772.55,772.696,772.033,772.46,21806.89858200001,16843033.5101968,16843033.5101968,2026-08-10 23:00:00+00:00,2026-08-10 19:00:00-04:00
1786406400000,772.392,773.48,772.13,773.4,15093.0,11664237.28,11664237.28,2026-08-11 00:00:00+00:00,2026-08-10 20:00:00-04:00
1786410000000,773.32,774.01,773.15,773.67,18851.0,14585906.34,14585906.34,2026-08-11 01:00:00+00:00,2026-08-10 21:00:00-04:00
1786413600000,773.68,773.99,773.62,773.8,9293.0,7190886.87,7190886.87,2026-08-11 02:00:00+00:00,2026-08-10 22:00:00-04:00
1786417200000,773.81,774.27,773.81,774.04,5329.0,4125078.8,4125078.8,2026-08-11 03:00:00+00:00,2026-08-10 23:00:00-04:00
1786420800000,774.04,774.31,774.0,774.1,2604.0,2015827.46,2015827.46,2026-08-11 04:00:00+00:00,2026-08-11 00:00:00-04:00
1786424400000,774.09,774.21,773.43,773.5,4358.0,3372607.73,3372607.73,2026-08-11 05:00:00+00:00,2026-08-11 01:00:00-04:00
1786428000000,773.49,773.79,772.51,772.71,5941.0,4593148.71,4593148.71,2026-08-11 06:00:00+00:00,2026-08-11 02:00:00-04:00
1786431600000,773.04,773.15,772.53,773.01,3767.0,2911465.23,2911465.23,2026-08-11 07:00:00+00:00,2026-08-11 03:00:00-04:00
1786435200000,773.24,773.394,772.454,772.49,49936.194402,38596553.54308839,38596553.54308839,2026-08-11 08:00:00+00:00,2026-08-11 04:00:00-04:00
1786438800000,773.0,773.405,772.585,773.2,11449.134777999998,8850879.58061546,8850879.58061546,2026-08-11 09:00:00+00:00,2026-08-11 05:00:00-04:00
1786442400000,773.18,774.102,772.95,773.848,37477.168591,28992643.90874553,28992643.9087455355,2026-08-11 10:00:00+00:00,2026-08-11 06:00:00-04:00
1786446000000,774.48,774.911,773.862,774.22,179931.83211000008,139342899.38854232,139342899.38854232,2026-08-11 11:00:00+00:00,2026-08-11 07:00:00-04:00
1786449600000,774.4,774.833,773.953,774.17,221471.196236,171507471.54211536,171507471.54211536,2026-08-11 12:00:00+00:00,2026-08-11 08:00:00-04:00
1786453200000,774.15,774.633,772.58,773.64,2903223.3859790005,2245304773.207952,2245304773.20795174,2026-08-11 13:00:00+00:00,2026-08-11 09:00:00-04:00
1786456800000,773.61,774.05,773.22,773.64,3797210.735427999,2937852202.540009,2937852202.54000872,2026-08-11 14:00:00+00:00,2026-08-11 10:00:00-04:00
1786460400000,773.66,773.79,771.775,772.031,4925621.329304,3804677267.701916,3804677267.7019156905,2026-08-11 15:00:00+00:00,2026-08-11 11:00:00-04:00
1786464000000,772.027,772.435,771.04,771.129,6307568.159027,4868422718.527314,4868422718.527314863234585,2026-08-11 16:00:00+00:00,2026-08-11 12:00:00-04:00
1786467600000,771.16,771.35,770.3,771.245,2430672.372239001,1873833527.558564,1873833527.55856384,2026-08-11 17:00:00+00:00,2026-08-11 13:00:00-04:00
1786471200000,771.18,771.234,769.415,770.1,3916932.379927,3017018340.718486,3017018340.71848573,2026-08-11 18:00:00+00:00,2026-08-11 14:00:00-04:00
1786474800000,770.08,771.1,769.8,770.41,7010529.691947999,5400455689.193792,5400455689.19379223,2026-08-11 19:00:00+00:00,2026-08-11 15:00:00-04:00
1786478400000,770.418,771.19,770.21,770.779,7610118.704453,5864288657.046147,5864288657.0461470277,2026-08-11 20:00:00+00:00,2026-08-11 16:00:00-04:00
1786482000000,770.78,771.028,770.72,770.771,385027.6741709999,296802548.4197592,296802548.4197592,2026-08-11 21:00:00+00:00,2026-08-11 17:00:00-04:00
1786485600000,770.85,770.969,770.527,770.71,113967.690782,87842706.07250597,87842706.07250596,2026-08-11 22:00:00+00:00,2026-08-11 18:00:00-04:00
1786489200000,770.63,770.98,770.63,770.9,25241.258743,19456921.40693664,19456921.40693664,2026-08-11 23:00:00+00:00,2026-08-11 19:00:00-04:00
1786492800000,770.88,771.0,770.42,770.78,16933.0,13050848.73000001,13050848.73000001,2026-08-12 00:00:00+00:00,2026-08-11 20:00:00-04:00
1786496400000,770.75,770.9,770.42,770.5,8165.0,6292127.13,6292127.13,2026-08-12 01:00:00+00:00,2026-08-11 21:00:00-04:00
1786500000000,770.61,771.09,770.5,771.09,4289.0,3306252.29,3306252.29,2026-08-12 02:00:00+00:00,2026-08-11 22:00:00-04:00
1786503600000,771.13,771.2,770.96,771.0,3945.0,3041773.41,3041773.41,2026-08-12 03:00:00+00:00,2026-08-11 23:00:00-04:00
1786507200000,771.09,771.32,770.99,771.31,4938.0,3807924.38,3807924.38,2026-08-12 04:00:00+00:00,2026-08-12 00:00:00-04:00
1786510800000,771.27,771.29,770.86,771.25,4110.0,3169152.84,3169152.84,2026-08-12 05:00:00+00:00,2026-08-12 01:00:00-04:00
1786514400000,771.27,771.46,770.98,771.45,3354.0,2586847.31,2586847.31,2026-08-12 06:00:00+00:00,2026-08-12 02:00:00-04:00
1786518000000,771.49,771.7,771.27,771.32,5248.0,4048833.31,4048833.31,2026-08-12 07:00:00+00:00,2026-08-12 03:00:00-04:00
1786521600000,771.54,771.874,770.97,771.62,67832.98538799999,52334559.15293806,52334559.15293806,2026-08-12 08:00:00+00:00,2026-08-12 04:00:00-04:00
1786525200000,771.94,772.817,771.771,771.94,28830.327352000004,22265217.82690838,22265217.82690838,2026-08-12 09:00:00+00:00,2026-08-12 05:00:00-04:00
1786528800000,772.46,772.503,771.967,772.09,81708.944275,63102592.02941838,63102592.02941838,2026-08-12 10:00:00+00:00,2026-08-12 06:00:00-04:00
1786532400000,772.12,772.67,772.01,772.6,171622.755317,132554156.56430088,132554156.56430089,2026-08-12 11:00:00+00:00,2026-08-12 07:00:00-04:00
1786536000000,772.58,774.174,771.73,773.985,1092347.192029,844407232.4441243,844407232.4441243664,2026-08-12 12:00:00+00:00,2026-08-12 08:00:00-04:00
1786539600000,774.01,774.85,772.085,772.64,4053327.434806,3134235033.630996,3134235033.63099633,2026-08-12 13:00:00+00:00,2026-08-12 09:00:00-04:00
1786543200000,772.61,773.315,771.29,772.32,4813154.421909,3718237838.764569,3718237838.76456866,2026-08-12 14:00:00+00:00,2026-08-12 10:00:00-04:00
1786546800000,772.27,772.45,771.575,772.03,3490692.678239,2694708045.4286246,2694708045.428625116121333,2026-08-12 15:00:00+00:00,2026-08-12 11:00:00-04:00
1786550400000,772.029,773.19,771.97,772.922,3596300.924891,2778422317.4753146,2778422317.4753149004,2026-08-12 16:00:00+00:00,2026-08-12 12:00:00-04:00
1786554000000,772.91,773.295,772.625,772.825,2353521.6669109995,1819023245.9298437,1819023245.92984343,2026-08-12 17:00:00+00:00,2026-08-12 13:00:00-04:00
1786557600000,772.85,773.64,772.78,773.06,2661441.8543740003,2057920258.411065,2057920258.41106556,2026-08-12 18:00:00+00:00,2026-08-12 14:00:00-04:00
1786561200000,773.03,773.365,772.0,772.55,5727554.376906999,4425922397.075306,4425922397.07530591,2026-08-12 19:00:00+00:00,2026-08-12 15:00:00-04:00
1786564800000,772.57,773.258,772.217,772.232,8912453.150311,6886940363.458533,6886940363.4585339435,2026-08-12 20:00:00+00:00,2026-08-12 16:00:00-04:00
1786568400000,772.22,772.59,772.21,772.54,223918.67840100004,172934074.71918035,172934074.71918034,2026-08-12 21:00:00+00:00,2026-08-12 17:00:00-04:00
1786572000000,772.48,772.64,772.207,772.35,146971.397641,113531921.4555484,113531921.45554841,2026-08-12 22:00:00+00:00,2026-08-12 18:00:00-04:00
1786575600000,772.58,772.655,772.251,772.28,36812.368638,28436144.85913616,28436144.85913616,2026-08-12 23:00:00+00:00,2026-08-12 19:00:00-04:00
1786579200000,772.347,772.9,772.347,772.46,23915.0,18477752.66,18477752.66,2026-08-13 00:00:00+00:00,2026-08-12 20:00:00-04:00
1786582800000,772.63,772.67,772.06,772.61,13549.0,10464819.71,10464819.71,2026-08-13 01:00:00+00:00,2026-08-12 21:00:00-04:00
1786586400000,772.63,772.95,772.46,772.9,5920.0,4574740.29,4574740.29,2026-08-13 02:00:00+00:00,2026-08-12 22:00:00-04:00
1786590000000,772.84,773.11,772.8,773.05,4254.0,3288168.59,3288168.59,2026-08-13 03:00:00+00:00,2026-08-12 23:00:00-04:00
1786593600000,773.08,773.29,772.84,773.19,5724.0,4425407.47,4425407.47,2026-08-13 04:00:00+00:00,2026-08-13 00:00:00-04:00
1786597200000,773.14,773.61,773.14,773.25,12166.0,9409579.17,9409579.17,2026-08-13 05:00:00+00:00,2026-08-13 01:00:00-04:00
1786600800000,773.3,773.52,773.01,773.29,7792.0,6025389.85,6025389.85,2026-08-13 06:00:00+00:00,2026-08-13 02:00:00-04:00
1786604400000,773.4,773.58,772.95,773.37,7278.0,5627715.15,5627715.15,2026-08-13 07:00:00+00:00,2026-08-13 03:00:00-04:00
1786608000000,772.514,773.86,772.514,773.747,113951.5295,88140301.3426581,88140301.3426581069,2026-08-13 08:00:00+00:00,2026-08-13 04:00:00-04:00
1786611600000,773.57,773.995,773.375,773.68,23126.338338999994,17894411.31335601,17894411.31335601,2026-08-13 09:00:00+00:00,2026-08-13 05:00:00-04:00
1786615200000,773.91,774.117,773.865,774.03,21632.398207,16743199.31752095,16743199.31752095,2026-08-13 10:00:00+00:00,2026-08-13 06:00:00-04:00
1786618800000,774.07,774.421,773.83,774.15,77334.60869500003,59860204.24965174,59860204.24965174,2026-08-13 11:00:00+00:00,2026-08-13 07:00:00-04:00
1786622400000,773.87,774.51,773.416,774.32,260282.829523,201430278.93955448,201430278.93955447,2026-08-13 12:00:00+00:00,2026-08-13 08:00:00-04:00
1786626000000,774.44,777.68,774.14,777.63,3711181.870298,2880116131.4636946,2880116131.46369488,2026-08-13 13:00:00+00:00,2026-08-13 09:00:00-04:00
1786629600000,777.628,779.38,777.39,777.816,6089228.955147,4740086060.584873,4740086060.5848726214,2026-08-13 14:00:00+00:00,2026-08-13 10:00:00-04:00
1786633200000,777.775,778.2,775.4,775.48,5906618.900511,4586486510.681078,4586486510.6810784437,2026-08-13 15:00:00+00:00,2026-08-13 11:00:00-04:00
1786636800000,775.465,776.8,775.451,776.71,2679062.4663230004,2079688948.1386404,2079688948.1386405,2026-08-13 16:00:00+00:00,2026-08-13 12:00:00-04:00
1786640400000,776.71,777.45,776.62,776.735,1612286.464886,1252767220.4831724,1252767220.48317254,2026-08-13 17:00:00+00:00,2026-08-13 13:00:00-04:00
1786644000000,776.74,777.925,776.66,777.75,2951012.910919001,2293533431.4933605,2293533431.49336051,2026-08-13 18:00:00+00:00,2026-08-13 14:00:00-04:00
1786647600000,777.75,778.43,777.35,777.82,10536307.322448,8195323703.564323,8195323703.5643246571,2026-08-13 19:00:00+00:00,2026-08-13 15:00:00-04:00
1786651200000,777.81,778.027,777.35,778.02,4826543.222351001,3753868606.553925,3753868606.55392502,2026-08-13 20:00:00+00:00,2026-08-13 16:00:00-04:00
1786654800000,777.985,778.04,777.921,777.98,519762.7063380001,404356778.0260772,404356778.02607718,2026-08-13 21:00:00+00:00,2026-08-13 17:00:00-04:00
1786658400000,777.99,778.17,777.866,777.98,46921.19525899999,36502723.91342064,36502723.91342064,2026-08-13 22:00:00+00:00,2026-08-13 18:00:00-04:00
1786662000000,778.15,778.25,777.907,778.15,39195.579831,30499915.01963719,30499915.01963719,2026-08-13 23:00:00+00:00,2026-08-13 19:00:00-04:00
1786665600000,778.35,778.6,778.087,778.19,14443.0,11240455.14,11240455.14,2026-08-14 00:00:00+00:00,2026-08-13 20:00:00-04:00
1786669200000,778.16,778.22,777.77,778.1,10010.0,7787806.35,7787806.35,2026-08-14 01:00:00+00:00,2026-08-13 21:00:00-04:00
1786672800000,778.11,778.44,778.11,778.23,5368.0,4177728.39,4177728.39,2026-08-14 02:00:00+00:00,2026-08-13 22:00:00-04:00
1786676400000,778.25,778.52,778.2,778.22,1821.0,1417350.88,1417350.88,2026-08-14 03:00:00+00:00,2026-08-13 23:00:00-04:00
1786680000000,778.19,778.31,778.0,778.04,2539.0,1975832.84,1975832.84,2026-08-14 04:00:00+00:00,2026-08-14 00:00:00-04:00
1786683600000,778.12,778.35,777.93,778.24,3065.0,2384961.92,2384961.92,2026-08-14 05:00:00+00:00,2026-08-14 01:00:00-04:00
1786687200000,778.26,778.27,777.85,777.96,7880.0,6129978.75,6129978.75,2026-08-14 06:00:00+00:00,2026-08-14 02:00:00-04:00
1786690800000,777.96,778.24,777.8,778.13,9911.0,7710907.82,7710907.82,2026-08-14 07:00:00+00:00,2026-08-14 03:00:00-04:00
1786694400000,778.29,778.63,778.001,778.59,54742.21075799999,42603010.5637709,42603010.5637709,2026-08-14 08:00:00+00:00,2026-08-14 04:00:00-04:00
1786698000000,778.46,778.55,778.197,778.46,7714.490802000003,6004618.65978335,6004618.65978335,2026-08-14 09:00:00+00:00,2026-08-14 05:00:00-04:00
1786701600000,778.524,778.72,778.375,778.624,19888.934997,15484439.376007669,15484439.3760076672,2026-08-14 10:00:00+00:00,2026-08-14 06:00:00-04:00
1786705200000,778.65,778.828,778.428,778.67,67550.17119899996,52595245.55227048,52595245.55227048,2026-08-14 11:00:00+00:00,2026-08-14 07:00:00-04:00
1786708800000,778.7,778.883,777.93,778.79,204819.31728700004,159454091.5204197,159454091.52041969,2026-08-14 12:00:00+00:00,2026-08-14 08:00:00-04:00
1786712400000,778.6,778.795,777.68,778.42,2742335.7206149995,2134045071.2139275,2134045071.21392751,2026-08-14 13:00:00+00:00,2026-08-14 09:00:00-04:00
1786716000000,778.265,778.78,776.75,776.75,3555171.003043999,2764441245.0941625,2764441245.09416248,2026-08-14 14:00:00+00:00,2026-08-14 10:00:00-04:00
1786719600000,776.76,777.11,775.82,776.22,5081923.763581,3944882265.993688,3944882265.9936874228,2026-08-14 15:00:00+00:00,2026-08-14 11:00:00-04:00
1786723200000,776.233,776.83,775.66,775.715,3838162.041286,2979996948.811348,2979996948.8113482345,2026-08-14 16:00:00+00:00,2026-08-14 12:00:00-04:00
1786726800000,775.71,776.125,775.44,775.87,2084433.558184,1617061448.881272,1617061448.88127204,2026-08-14 17:00:00+00:00,2026-08-14 13:00:00-04:00
1786730400000,775.82,776.5,775.74,776.17,3040381.464751999,2359765318.5103745,2359765318.51037421,2026-08-14 18:00:00+00:00,2026-08-14 14:00:00-04:00
1786734000000,776.19,776.41,775.87,776.29,5564161.598692999,4318413143.100981,4318413143.10098071,2026-08-14 19:00:00+00:00,2026-08-14 15:00:00-04:00
1786737600000,776.32,776.324,775.772,776.034,8822350.799643,6845542415.33182,6845542415.33181900825066,2026-08-14 20:00:00+00:00,2026-08-14 16:00:00-04:00
1786741200000,775.95,776.085,775.945,775.95,1389898.335981001,1078631159.5973902,1078631159.59739022,2026-08-14 21:00:00+00:00,2026-08-14 17:00:00-04:00
1786744800000,776.12,776.19,776.045,776.12,14763.277854999997,11457976.29486097,11457976.29486097,2026-08-14 22:00:00+00:00,2026-08-14 18:00:00-04:00
1786748400000,776.145,776.269,776.032,776.033,23004.170821,17855144.96571849,17855144.96571849,2026-08-14 23:00:00+00:00,2026-08-14 19:00:00-04:00
1786752000000,776.035,777.02,774.86,774.86,0.0409,31.760414,31.760414,2026-08-15 00:00:00+00:00,2026-08-14 20:00:00-04:00
1786755600000,777.02,777.02,774.86,774.86,0.0515,39.977162,39.977162,2026-08-15 01:00:00+00:00,2026-08-14 21:00:00-04:00
1786759200000,777.55,777.55,777.55,777.55,0.1286,99.99293,99.99293,2026-08-15 02:00:00+00:00,2026-08-14 22:00:00-04:00
1786762800000,777.55,777.55,776.86,776.86,0.218,169.474083,169.474083,2026-08-15 03:00:00+00:00,2026-08-14 23:00:00-04:00
1786766400000,777.18,777.59,776.86,777.25,0.1884,146.466597,146.466597,2026-08-15 04:00:00+00:00,2026-08-15 00:00:00-04:00
1786770000000,776.95,777.04,776.79,777.04,0.0718,55.781878,55.781878,2026-08-15 05:00:00+00:00,2026-08-15 01:00:00-04:00
1786773600000,777.25,777.94,776.75,777.21,0.1981,154.027844,154.027844,2026-08-15 06:00:00+00:00,2026-08-15 02:00:00-04:00
1786777200000,777.21,777.79,776.78,777.79,0.0874,67.951723,67.951723,2026-08-15 07:00:00+00:00,2026-08-15 03:00:00-04:00
1786784400000,777.94,777.99,776.76,777.12,0.1742,135.462509,135.462509,2026-08-15 09:00:00+00:00,2026-08-15 05:00:00-04:00
1786788000000,777.99,778.01,776.88,777.74,0.1782,138.590332,138.590332,2026-08-15 10:00:00+00:00,2026-08-15 06:00:00-04:00
1786791600000,778.01,778.01,777.04,777.04,0.1435,111.595557,111.595557,2026-08-15 11:00:00+00:00,2026-08-15 07:00:00-04:00
1786798800000,776.78,778.19,776.78,777.71,0.4445,345.823792,345.823792,2026-08-15 13:00:00+00:00,2026-08-15 09:00:00-04:00
1786802400000,778.19,778.27,777.43,777.48,0.5692,442.645633,442.645633,2026-08-15 14:00:00+00:00,2026-08-15 10:00:00-04:00
1786813200000,777.47,777.47,777.47,777.47,0.0129,10.029363,10.029363,2026-08-15 17:00:00+00:00,2026-08-15 13:00:00-04:00
1786824000000,777.48,777.48,777.48,777.48,0.0321,24.957108,24.957108,2026-08-15 20:00:00+00:00,2026-08-15 16:00:00-04:00
1786845600000,777.48,777.48,777.43,777.43,0.0409,31.797912,31.797912,2026-08-16 02:00:00+00:00,2026-08-15 22:00:00-04:00
1786849200000,777.43,777.43,777.21,777.21,0.1281,99.575196,99.575196,2026-08-16 03:00:00+00:00,2026-08-15 23:00:00-04:00
1786856400000,777.48,778.11,777.48,778.11,0.1474,114.688248,114.688248,2026-08-16 05:00:00+00:00,2026-08-16 01:00:00-04:00
1786860000000,778.27,778.27,778.27,778.27,0.1143,88.956261,88.956261,2026-08-16 06:00:00+00:00,2026-08-16 02:00:00-04:00
1786863600000,777.88,778.28,777.88,778.28,0.2698,209.974784,209.974784,2026-08-16 07:00:00+00:00,2026-08-16 03:00:00-04:00
1786867200000,778.34,778.34,778.11,778.11,0.0403,31.36103,31.36103,2026-08-16 08:00:00+00:00,2026-08-16 04:00:00-04:00
1786870800000,778.11,778.34,778.11,778.34,0.0448,34.865216,34.865216,2026-08-16 09:00:00+00:00,2026-08-16 05:00:00-04:00
1786881600000,778.11,778.11,778.11,778.11,0.0129,10.037619,10.037619,2026-08-16 12:00:00+00:00,2026-08-16 08:00:00-04:00
1786888800000,778.34,778.34,778.34,778.34,0.2633,204.936922,204.936922,2026-08-16 14:00:00+00:00,2026-08-16 10:00:00-04:00
1786896000000,778.43,779.45,778.43,779.45,7.7788,6059.591328,6059.591328,2026-08-16 16:00:00+00:00,2026-08-16 12:00:00-04:00
1786906800000,778.91,778.91,778.91,778.91,0.4124,321.222484,321.222484,2026-08-16 19:00:00+00:00,2026-08-16 15:00:00-04:00
1786914000000,779.43,779.43,778.9,779.43,0.8878,691.967036,691.967036,2026-08-16 21:00:00+00:00,2026-08-16 17:00:00-04:00
1786924800000,777.0,777.19,776.46,776.94,10525.0,8177273.75,8177273.75,2026-08-17 00:00:00+00:00,2026-08-16 20:00:00-04:00
1786928400000,776.99,777.18,776.59,776.61,9391.0,7296112.47,7296112.47,2026-08-17 01:00:00+00:00,2026-08-16 21:00:00-04:00
1786932000000,776.6,776.81,776.5,776.71,3469.0,2694142.96,2694142.96,2026-08-17 02:00:00+00:00,2026-08-16 22:00:00-04:00
1786935600000,776.71,777.08,776.69,777.08,5739.0,4458917.97,4458917.97,2026-08-17 03:00:00+00:00,2026-08-16 23:00:00-04:00
1786939200000,777.09,777.19,776.99,777.08,2051.0,1593889.54,1593889.54,2026-08-17 04:00:00+00:00,2026-08-17 00:00:00-04:00
1786942800000,777.09,777.54,777.05,777.52,15845.0,12315691.7,12315691.7,2026-08-17 05:00:00+00:00,2026-08-17 01:00:00-04:00
1786946400000,777.56,777.85,777.46,777.8,8522.0,6627301.88,6627301.88,2026-08-17 06:00:00+00:00,2026-08-17 02:00:00-04:00
1786950000000,777.79,777.92,777.17,777.73,7432.0,5779201.28,5779201.28,2026-08-17 07:00:00+00:00,2026-08-17 03:00:00-04:00
1786953600000,777.525,777.762,776.325,777.29,56422.900857,43875672.0833518,43875672.0833518,2026-08-17 08:00:00+00:00,2026-08-17 04:00:00-04:00
1786957200000,777.37,777.632,777.25,777.52,12578.234333,9778915.57878158,9778915.57878158,2026-08-17 09:00:00+00:00,2026-08-17 05:00:00-04:00
1786960800000,777.4,778.15,777.11,777.49,32140.593625,24989973.63966618,24989973.63966618,2026-08-17 10:00:00+00:00,2026-08-17 06:00:00-04:00
1786964400000,777.44,777.628,777.135,777.21,149667.059251,116348747.25536752,116348747.25536753,2026-08-17 11:00:00+00:00,2026-08-17 07:00:00-04:00
1786968000000,777.18,777.29,776.015,776.18,277911.11897300003,215844144.91939595,215844144.91939594,2026-08-17 12:00:00+00:00,2026-08-17 08:00:00-04:00
1786971600000,776.2,776.74,775.19,775.26,3544022.729491,2749585009.999724,2749585009.9997240419,2026-08-17 13:00:00+00:00,2026-08-17 09:00:00-04:00
1786975200000,775.28,775.73,774.89,775.28,3509284.1850310005,2720636433.417451,2720636433.4174507,2026-08-17 14:00:00+00:00,2026-08-17 10:00:00-04:00
1786978800000,775.255,775.86,774.7,775.33,2749826.000448,2132045416.4831517,2132045416.48315133,2026-08-17 15:00:00+00:00,2026-08-17 11:00:00-04:00
1786982400000,775.33,775.61,774.62,774.66,2017302.7287470005,1563712411.9185104,1563712411.91851031,2026-08-17 16:00:00+00:00,2026-08-17 12:00:00-04:00
1786986000000,774.68,774.78,773.11,773.41,3621417.6159,2802545561.726784,2802545561.72678441,2026-08-17 17:00:00+00:00,2026-08-17 13:00:00-04:00
1786989600000,773.429,773.82,773.24,773.535,4540696.784407,3512380788.952573,3512380788.952573109,2026-08-17 18:00:00+00:00,2026-08-17 14:00:00-04:00
1786993200000,773.547,773.568,772.5,772.62,11720260.561299,9059581872.732841,9059581872.7328408913,2026-08-17 19:00:00+00:00,2026-08-17 15:00:00-04:00
1786996800000,772.64,772.8,772.236,772.34,4312372.961177001,3331617309.6505494,3331617309.65054966,2026-08-17 20:00:00+00:00,2026-08-17 16:00:00-04:00
1787000400000,772.52,772.591,772.38,772.52,944755.8468870004,729820679.5503284,729820679.55032832,2026-08-17 21:00:00+00:00,2026-08-17 17:00:00-04:00
1787004000000,772.66,772.688,772.186,772.33,58459.878685000025,45156041.32690933,45156041.32690933,2026-08-17 22:00:00+00:00,2026-08-17 18:00:00-04:00
1787007600000,772.3,772.676,772.26,772.4,67676.096998,52275413.05508893,52275413.05508893,2026-08-17 23:00:00+00:00,2026-08-17 19:00:00-04:00
1787011200000,772.41,773.0,772.41,772.67,10796.0,8343263.64,8343263.64,2026-08-18 00:00:00+00:00,2026-08-17 20:00:00-04:00
1787014800000,772.7,772.75,771.51,772.07,17978.0,13882440.59,13882440.59,2026-08-18 01:00:00+00:00,2026-08-17 21:00:00-04:00
1787018400000,772.08,772.13,770.34,770.84,23800.0,18348688.06,18348688.06,2026-08-18 02:00:00+00:00,2026-08-17 22:00:00-04:00
1787022000000,770.88,770.95,770.08,770.35,20118.0,15500110.31,15500110.31,2026-08-18 03:00:00+00:00,2026-08-17 23:00:00-04:00
1787025600000,770.38,770.42,769.97,770.33,5720.0,4405644.06,4405644.06,2026-08-18 04:00:00+00:00,2026-08-18 00:00:00-04:00
1787029200000,770.31,770.31,769.49,769.49,15898.0,12237917.18,12237917.18,2026-08-18 05:00:00+00:00,2026-08-18 01:00:00-04:00
1787032800000,769.42,770.13,768.72,770.13,20183.0,15525939.92,15525939.92,2026-08-18 06:00:00+00:00,2026-08-18 02:00:00-04:00
1787036400000,770.04,770.14,768.59,768.59,12637.0,9722230.61,9722230.61,2026-08-18 07:00:00+00:00,2026-08-18 03:00:00-04:00
1787040000000,767.915,771.991,767.865,768.87,158277.52668400004,121640030.43403643,121640030.43403644,2026-08-18 08:00:00+00:00,2026-08-18 04:00:00-04:00
1787043600000,768.85,769.129,768.317,768.9,34330.92887899999,26390037.40629311,26390037.40629311,2026-08-18 09:00:00+00:00,2026-08-18 05:00:00-04:00
1787047200000,769.09,769.392,768.839,769.19,141778.837389,109056267.54173505,109056267.54173506,2026-08-18 10:00:00+00:00,2026-08-18 06:00:00-04:00
1787050800000,769.18,769.837,769.148,769.59,220661.89832799995,169803082.01566753,169803082.01566754,2026-08-18 11:00:00+00:00,2026-08-18 07:00:00-04:00
1787054400000,769.532,769.873,768.94,769.581,368044.697602,283120409.66052926,283120409.6605292487,2026-08-18 12:00:00+00:00,2026-08-18 08:00:00-04:00
1787058000000,769.66,769.66,767.92,768.495,4728196.791529002,3634671258.076153,3634671258.07615324,2026-08-18 13:00:00+00:00,2026-08-18 09:00:00-04:00
1787061600000,768.28,769.26,767.64,767.91,5918647.708686998,4548641751.343634,4548641751.34363425,2026-08-18 14:00:00+00:00,2026-08-18 10:00:00-04:00
1787065200000,767.88,768.61,767.37,768.36,3936044.408741,3022653421.73294,3022653421.73294015,2026-08-18 15:00:00+00:00,2026-08-18 11:00:00-04:00
1787068800000,768.34,768.88,768.085,768.63,3011600.651469,2314423423.409856,2314423423.409855880384432,2026-08-18 16:00:00+00:00,2026-08-18 12:00:00-04:00
1787072400000,768.689,768.8,767.63,767.63,2698907.259213,2073574220.7276473,2073574220.7276471021,2026-08-18 17:00:00+00:00,2026-08-18 13:00:00-04:00
1787076000000,767.63,768.57,767.45,767.732,5303824.917101,4073117305.0403,4073117305.0403003351,2026-08-18 18:00:00+00:00,2026-08-18 14:00:00-04:00
1787079600000,767.727,768.2,766.935,767.355,9861021.239585,7570472918.810447,7570472918.8104449923,2026-08-18 19:00:00+00:00,2026-08-18 15:00:00-04:00
1787083200000,767.36,767.54,767.135,767.24,7901201.212503002,6062469221.73476,6062469221.73475964,2026-08-18 20:00:00+00:00,2026-08-18 16:00:00-04:00
1787086800000,767.26,767.359,767.14,767.26,574759.3282579998,440989324.9158375,440989324.91583749,2026-08-18 21:00:00+00:00,2026-08-18 17:00:00-04:00
1787090400000,767.36,767.709,766.74,766.754,87686.609213,67282959.56987388,67282959.5698738771,2026-08-18 22:00:00+00:00,2026-08-18 18:00:00-04:00
1787094000000,766.87,767.375,766.696,767.22,43566.90050000001,33418661.95879271,33418661.95879271,2026-08-18 23:00:00+00:00,2026-08-18 19:00:00-04:00
1787097600000,767.062,767.66,766.29,767.13,19070.0,14626397.49,14626397.49,2026-08-19 00:00:00+00:00,2026-08-18 20:00:00-04:00
1787101200000,767.13,767.71,767.04,767.18,9365.0,7186404.57,7186404.57,2026-08-19 01:00:00+00:00,2026-08-18 21:00:00-04:00
1787104800000,767.23,767.25,766.69,766.97,4889.0,3749513.01,3749513.01,2026-08-19 02:00:00+00:00,2026-08-18 22:00:00-04:00
1787108400000,767.0,767.22,766.66,766.71,3293.0,2525398.48,2525398.48,2026-08-19 03:00:00+00:00,2026-08-18 23:00:00-04:00
1787112000000,766.75,766.92,766.01,766.49,6912.0,5297612.08,5297612.08,2026-08-19 04:00:00+00:00,2026-08-19 00:00:00-04:00
1787115600000,766.49,766.87,765.86,766.0,11120.0,8520323.02,8520323.02,2026-08-19 05:00:00+00:00,2026-08-19 01:00:00-04:00
1787119200000,766.12,767.53,765.87,767.53,8495.0,6511686.89,6511686.89,2026-08-19 06:00:00+00:00,2026-08-19 02:00:00-04:00
1787122800000,767.51,767.92,767.0,767.91,19366.0,14862959.64,14862959.64,2026-08-19 07:00:00+00:00,2026-08-19 03:00:00-04:00
1787126400000,767.87,768.234,767.064,768.17,89783.098726,68945249.55958393,68945249.55958393,2026-08-19 08:00:00+00:00,2026-08-19 04:00:00-04:00
1787130000000,767.75,768.093,767.261,767.51,26809.912884,20575962.01956949,20575962.01956949,2026-08-19 09:00:00+00:00,2026-08-19 05:00:00-04:00
1787133600000,767.26,767.669,767.044,767.47,19144.520457,14689297.63549311,14689297.63549311,2026-08-19 10:00:00+00:00,2026-08-19 06:00:00-04:00
1787137200000,767.395,767.992,767.395,767.847,84831.470429,65125345.6384759,65125345.6384759018,2026-08-19 11:00:00+00:00,2026-08-19 07:00:00-04:00
1787140800000,767.87,771.78,767.571,770.99,1107569.7624539998,852722168.8784317,852722168.87843177,2026-08-19 12:00:00+00:00,2026-08-19 08:00:00-04:00
1787144400000,770.868,771.069,768.14,770.035,1585332.469718,1221298716.453971,1221298716.4539708193,2026-08-19 13:00:00+00:00,2026-08-19 09:00:00-04:00
1787148000000,769.87,772.23,768.74,772.19,2533030.123377,1949616799.3915253,1949616799.39152559,2026-08-19 14:00:00+00:00,2026-08-19 10:00:00-04:00
1787151600000,772.195,772.465,770.095,770.61,190005.0,146496316.175,146496316.175,2026-08-19 15:00:00+00:00,2026-08-19 11:00:00-04:00
1787155200000,770.6,771.99,769.505,769.7,3222121.2337200004,2483301723.312939,2483301723.31293919,2026-08-19 16:00:00+00:00,2026-08-19 12:00:00-04:00
1787158800000,769.737,770.23,769.04,769.523,2280666.307572,1754893946.2350059,1754893946.2350058903,2026-08-19 17:00:00+00:00,2026-08-19 13:00:00-04:00
1787162400000,769.522,770.56,768.95,769.523,3714267.651797,2858494963.5083785,2858494963.508378401397972,2026-08-19 18:00:00+00:00,2026-08-19 14:00:00-04:00
1787166000000,769.525,770.365,768.2,769.06,7642228.798105,5880010306.057572,5880010306.057573259407832,2026-08-19 19:00:00+00:00,2026-08-19 15:00:00-04:00
1787169600000,769.09,769.22,768.648,769.09,7321703.5839490015,5629936110.434577,5629936110.43457732,2026-08-19 20:00:00+00:00,2026-08-19 16:00:00-04:00
1787173200000,769.065,769.18,769.0,769.18,421207.496009,323937747.4355045,323937747.4355045241,2026-08-19 21:00:00+00:00,2026-08-19 17:00:00-04:00
1787176800000,769.7,770.258,769.192,769.98,64762.12852900001,49853303.68246745,49853303.68246745,2026-08-19 22:00:00+00:00,2026-08-19 18:00:00-04:00
1787180400000,770.48,770.56,770.025,770.26,34320.919522000004,26436477.64296951,26436477.64296951,2026-08-19 23:00:00+00:00,2026-08-19 19:00:00-04:00
1787184000000,769.7,770.36,769.53,770.27,14933.0,11498094.4,11498094.4,2026-08-20 00:00:00+00:00,2026-08-19 20:00:00-04:00
1787187600000,770.26,770.49,769.83,770.0,17622.0,13574572.5,13574572.5,2026-08-20 01:00:00+00:00,2026-08-19 21:00:00-04:00
1787191200000,770.03,770.4,769.66,769.88,16259.0,12523096.53,12523096.53,2026-08-20 02:00:00+00:00,2026-08-19 22:00:00-04:00
1787194800000,769.92,770.32,769.75,770.04,2116.0,1629446.94,1629446.94,2026-08-20 03:00:00+00:00,2026-08-19 23:00:00-04:00
1787198400000,770.05,770.41,769.93,770.08,2873.0,2212682.69,2212682.69,2026-08-20 04:00:00+00:00,2026-08-20 00:00:00-04:00
1787202000000,770.07,770.18,769.58,769.62,2697.0,2076263.39,2076263.39,2026-08-20 05:00:00+00:00,2026-08-20 01:00:00-04:00
1787205600000,769.71,770.63,769.71,770.4,3427.0,2639989.62,2639989.62,2026-08-20 06:00:00+00:00,2026-08-20 02:00:00-04:00
1787209200000,770.31,770.31,769.13,769.22,7343.0,5651296.67,5651296.67,2026-08-20 07:00:00+00:00,2026-08-20 03:00:00-04:00
1787212800000,769.88,769.88,767.734,767.981,122127.538741,93845392.84504877,93845392.8450487756,2026-08-20 08:00:00+00:00,2026-08-20 04:00:00-04:00
1787216400000,767.981,768.818,767.947,768.553,11163.379099,8579383.9245891,8579383.9245891,2026-08-20 09:00:00+00:00,2026-08-20 05:00:00-04:00
1787220000000,768.78,769.126,768.375,768.92,35050.502137,26946100.49753136,26946100.49753136,2026-08-20 10:00:00+00:00,2026-08-20 06:00:00-04:00
1787223600000,769.09,769.362,766.47,766.5,224060.466794,172012833.5931147,172012833.5931147,2026-08-20 11:00:00+00:00,2026-08-20 07:00:00-04:00
1787227200000,766.36,766.557,764.259,765.82,429042.4002319999,328270551.62662864,328270551.62662862,2026-08-20 12:00:00+00:00,2026-08-20 08:00:00-04:00
1787230800000,765.792,767.713,765.427,766.501,387843.765782,297250503.66064095,297250503.6606409733,2026-08-20 13:00:00+00:00,2026-08-20 09:00:00-04:00
1787234400000,766.48,767.47,765.39,767.21,3510046.819929,2690007919.5669036,2690007919.56690346,2026-08-20 14:00:00+00:00,2026-08-20 10:00:00-04:00
1787238000000,767.165,768.11,765.25,765.784,300864.0,230586972.74,230586972.74,2026-08-20 15:00:00+00:00,2026-08-20 11:00:00-04:00
1787241600000,765.793,766.64,765.37,766.461,1233334.384169,945150416.439964,945150416.4399639044,2026-08-20 16:00:00+00:00,2026-08-20 12:00:00-04:00
1787245200000,766.4,766.454,764.22,764.53,3448805.953012,2638401391.6060967,2638401391.60609663,2026-08-20 17:00:00+00:00,2026-08-20 13:00:00-04:00
1787248800000,764.544,764.544,763.2,763.288,5503298.088543,4202422883.467025,4202422883.4670247454,2026-08-20 18:00:00+00:00,2026-08-20 14:00:00-04:00
1787252400000,762.52,762.725,762.03,762.63,13340802.235299,10179969327.106943,10179969327.1069431008,2026-08-20 19:00:00+00:00,2026-08-20 15:00:00-04:00
1787256000000,762.78,762.98,762.037,762.92,5922207.350019001,4515101543.627717,4515101543.6277164,2026-08-20 20:00:00+00:00,2026-08-20 16:00:00-04:00
1787259600000,763.19,763.23,762.91,763.23,788005.621963,601210622.8890392,601210622.88903917,2026-08-20 21:00:00+00:00,2026-08-20 17:00:00-04:00
1787263200000,763.26,763.292,762.608,763.26,59294.45765099999,45241736.41161641,45241736.41161641,2026-08-20 22:00:00+00:00,2026-08-20 18:00:00-04:00
1787266800000,763.143,763.143,762.672,762.865,38443.708591,29330794.799586907,29330794.7995869096,2026-08-20 23:00:00+00:00,2026-08-20 19:00:00-04:00
1787270400000,762.56,763.75,762.56,762.92,21542.0,16445462.08,16445462.08,2026-08-21 00:00:00+00:00,2026-08-20 20:00:00-04:00
1787274000000,763.0,763.39,762.63,763.08,8802.0,6716196.98,6716196.98,2026-08-21 01:00:00+00:00,2026-08-20 21:00:00-04:00
1787277600000,763.26,763.74,763.23,763.6,7017.0,5357467.47,5357467.47,2026-08-21 02:00:00+00:00,2026-08-20 22:00:00-04:00
1787281200000,763.6,763.61,763.14,763.29,8944.0,6827150.17,6827150.17,2026-08-21 03:00:00+00:00,2026-08-20 23:00:00-04:00
1787284800000,763.3,763.49,762.91,763.36,6843.0,5223031.91,5223031.91,2026-08-21 04:00:00+00:00,2026-08-21 00:00:00-04:00
1787288400000,763.34,763.52,763.05,763.31,5615.0,4286444.81,4286444.81,2026-08-21 05:00:00+00:00,2026-08-21 01:00:00-04:00
1787292000000,763.3,763.96,763.22,763.78,9787.0,7472412.39,7472412.39,2026-08-21 06:00:00+00:00,2026-08-21 02:00:00-04:00
1787295600000,763.76,764.65,763.59,764.51,8158.0,6234534.06,6234534.06,2026-08-21 07:00:00+00:00,2026-08-21 03:00:00-04:00
1787299200000,764.77,765.294,762.846,765.21,101102.37627800004,77310216.93467662,77310216.93467661,2026-08-21 08:00:00+00:00,2026-08-21 04:00:00-04:00
1787302800000,765.18,765.308,764.698,764.97,22711.784156999995,17375972.97664788,17375972.97664788,2026-08-21 09:00:00+00:00,2026-08-21 05:00:00-04:00
1787306400000,765.37,765.636,765.031,765.18,28484.016445,21797903.44843061,21797903.44843061,2026-08-21 10:00:00+00:00,2026-08-21 06:00:00-04:00
1787310000000,765.21,766.307,764.911,765.952,534643.910735,409436140.25630593,409436140.2563059048,2026-08-21 11:00:00+00:00,2026-08-21 07:00:00-04:00
1787313600000,765.96,766.84,765.758,766.47,266624.024051,204318575.56349495,204318575.56349498,2026-08-21 12:00:00+00:00,2026-08-21 08:00:00-04:00
1787317200000,766.55,766.596,764.18,764.58,4461052.824705999,3413084154.284907,3413084154.28490677,2026-08-21 13:00:00+00:00,2026-08-21 09:00:00-04:00
1787320800000,764.53,765.82,764.21,765.805,4542886.792035001,3474521113.625716,3474521113.6257161,2026-08-21 14:00:00+00:00,2026-08-21 10:00:00-04:00
1787324400000,765.795,767.85,765.46,767.2,7369334.789427998,5647664369.112656,5647664369.11265571,2026-08-21 15:00:00+00:00,2026-08-21 11:00:00-04:00
1787328000000,767.21,767.33,765.81,766.332,6074141.131569,4654764090.254104,4654764090.2541033796,2026-08-21 16:00:00+00:00,2026-08-21 12:00:00-04:00
1787331600000,766.342,766.52,765.454,765.454,3196945.596813,2448577821.9649816,2448577821.964981719,2026-08-21 17:00:00+00:00,2026-08-21 13:00:00-04:00
1787335200000,765.45,766.21,765.05,766.175,3813363.426152,2919220182.1557164,2919220182.1557163129,2026-08-21 18:00:00+00:00,2026-08-21 14:00:00-04:00
1787338800000,766.23,766.79,765.37,765.68,8048302.466165001,6165979972.322769,6165979972.32276966,2026-08-21 19:00:00+00:00,2026-08-21 15:00:00-04:00
1787342400000,765.58,765.65,765.211,765.26,3935377.074229001,3012479596.882628,3012479596.88262787,2026-08-21 20:00:00+00:00,2026-08-21 16:00:00-04:00
1787346000000,765.262,766.48,765.262,766.364,682384.164504,522432364.76516736,522432364.7651674231,2026-08-21 21:00:00+00:00,2026-08-21 17:00:00-04:00
1787349600000,766.58,767.35,766.355,767.35,161152.82749000005,123587877.78812256,123587877.78812255,2026-08-21 22:00:00+00:00,2026-08-21 18:00:00-04:00
1787353200000,766.98,767.203,766.727,766.84,35157.380886,26961471.15942715,26961471.15942715,2026-08-21 23:00:00+00:00,2026-08-21 19:00:00-04:00
1787356800000,766.948,766.948,766.948,766.948,3.068,2353.886487,2353.886487,2026-08-22 00:00:00+00:00,2026-08-21 20:00:00-04:00
1787360400000,767.56,767.56,767.38,767.38,0.1687,129.480442,129.480442,2026-08-22 01:00:00+00:00,2026-08-21 21:00:00-04:00
1787364000000,767.58,768.12,766.92,767.92,2.0873,1602.356546,1602.356546,2026-08-22 02:00:00+00:00,2026-08-21 22:00:00-04:00
1787367600000,767.88,767.88,767.88,767.88,0.6511,499.966668,499.966668,2026-08-22 03:00:00+00:00,2026-08-21 23:00:00-04:00
1787371200000,768.41,768.41,768.41,768.41,0.0715,54.941315,54.941315,2026-08-22 04:00:00+00:00,2026-08-22 00:00:00-04:00
1787374800000,768.31,768.58,767.61,767.87,1.1221,861.801026,861.801026,2026-08-22 05:00:00+00:00,2026-08-22 01:00:00-04:00
1787378400000,768.32,768.32,768.32,768.32,0.1159,89.048288,89.048288,2026-08-22 06:00:00+00:00,2026-08-22 02:00:00-04:00
1787385600000,768.51,768.51,767.61,767.61,0.1472,113.07206,113.07206,2026-08-22 08:00:00+00:00,2026-08-22 04:00:00-04:00
1787392800000,768.51,768.51,767.6,767.6,0.175,134.430135,134.430135,2026-08-22 10:00:00+00:00,2026-08-22 06:00:00-04:00
1787396400000,767.96,767.96,767.96,767.96,0.065,49.9174,49.9174,2026-08-22 11:00:00+00:00,2026-08-22 07:00:00-04:00
1787403600000,767.96,767.96,767.47,767.47,0.3448,264.74992,264.74992,2026-08-22 13:00:00+00:00,2026-08-22 09:00:00-04:00
1787407200000,767.96,767.96,767.96,767.96,0.714,548.32344,548.32344,2026-08-22 14:00:00+00:00,2026-08-22 10:00:00-04:00
1787410800000,767.96,767.96,767.45,767.45,0.3334,255.901527,255.901527,2026-08-22 15:00:00+00:00,2026-08-22 11:00:00-04:00
1787414400000,767.96,767.96,767.54,767.54,0.0394,30.24935,30.24935,2026-08-22 16:00:00+00:00,2026-08-22 12:00:00-04:00
1787418000000,767.96,767.96,767.45,767.86,0.5118,392.939013,392.939013,2026-08-22 17:00:00+00:00,2026-08-22 13:00:00-04:00
1787421600000,767.93,767.93,767.43,767.43,0.4538,348.38362,348.38362,2026-08-22 18:00:00+00:00,2026-08-22 14:00:00-04:00
1787425200000,767.9,767.91,767.35,767.35,1.1172,857.653381,857.653381,2026-08-22 19:00:00+00:00,2026-08-22 15:00:00-04:00
1787428800000,767.9,767.96,767.04,767.04,4.5757,3512.565436,3512.565436,2026-08-22 20:00:00+00:00,2026-08-22 16:00:00-04:00
1787446800000,767.04,767.04,767.04,767.04,0.0349,26.769696,26.769696,2026-08-23 01:00:00+00:00,2026-08-22 21:00:00-04:00
1787450400000,767.96,767.96,767.96,767.96,0.0131,10.060276,10.060276,2026-08-23 02:00:00+00:00,2026-08-22 22:00:00-04:00
1787468400000,767.96,767.96,767.96,767.96,0.2276,174.787696,174.787696,2026-08-23 07:00:00+00:00,2026-08-23 03:00:00-04:00
1787493600000,767.96,767.96,767.96,767.96,0.0803,61.667188,61.667188,2026-08-23 14:00:00+00:00,2026-08-23 10:00:00-04:00
1787497200000,767.96,767.96,767.96,767.96,0.1445,110.97022,110.97022,2026-08-23 15:00:00+00:00,2026-08-23 11:00:00-04:00
1787500800000,767.96,767.96,767.0,767.0,0.0394,30.238712,30.238712,2026-08-23 16:00:00+00:00,2026-08-23 12:00:00-04:00
1787511600000,767.96,767.96,766.21,767.44,1.3982,1072.932835,1072.932835,2026-08-23 19:00:00+00:00,2026-08-23 15:00:00-04:00
1787522400000,767.78,767.78,767.18,767.18,0.0416,31.927168,31.927168,2026-08-23 22:00:00+00:00,2026-08-23 18:00:00-04:00
1787529600000,766.99,766.99,765.12,766.25,24400.0,18687566.94,18687566.94,2026-08-24 00:00:00+00:00,2026-08-23 20:00:00-04:00
1787533200000,766.48,766.79,765.61,765.61,9730.0,7457092.64,7457092.64,2026-08-24 01:00:00+00:00,2026-08-23 21:00:00-04:00
1787536800000,765.59,766.27,765.3,765.96,6215.0,4759516.36,4759516.36,2026-08-24 02:00:00+00:00,2026-08-23 22:00:00-04:00
1787540400000,766.16,766.17,764.81,764.87,10939.0,8371436.31,8371436.31,2026-08-24 03:00:00+00:00,2026-08-23 23:00:00-04:00
1787544000000,764.89,765.04,764.54,764.57,5427.0,4150607.63,4150607.63,2026-08-24 04:00:00+00:00,2026-08-24 00:00:00-04:00
1787547600000,764.58,765.05,764.12,764.27,6781.0,5184453.31,5184453.31,2026-08-24 05:00:00+00:00,2026-08-24 01:00:00-04:00
1787551200000,764.22,764.36,763.47,763.96,11468.0,8760195.92,8760195.92,2026-08-24 06:00:00+00:00,2026-08-24 02:00:00-04:00
1787554800000,763.86,764.47,763.64,763.67,3424.0,2615981.75,2615981.75,2026-08-24 07:00:00+00:00,2026-08-24 03:00:00-04:00
1787558400000,763.62,766.949,763.548,764.72,324630.32775900007,248112524.7787456,248112524.77874556,2026-08-24 08:00:00+00:00,2026-08-24 04:00:00-04:00
1787562000000,764.681,764.974,764.38,764.616,14314.45642,10945364.44506518,10945364.44506518,2026-08-24 09:00:00+00:00,2026-08-24 05:00:00-04:00
1787565600000,764.54,764.726,763.561,763.99,23809.24481,18194743.93471324,18194743.93471324,2026-08-24 10:00:00+00:00,2026-08-24 06:00:00-04:00
1787569200000,763.63,765.22,763.092,764.51,193950.255581,148242057.0333024,148242057.0333024,2026-08-24 11:00:00+00:00,2026-08-24 07:00:00-04:00
1787572800000,764.539,764.69,763.54,764.384,410204.473996,313505411.2583859,313505411.2583858747,2026-08-24 12:00:00+00:00,2026-08-24 08:00:00-04:00
1787576400000,764.46,764.8,762.08,763.38,4004199.348778001,3057052841.956945,3057052841.95694526,2026-08-24 13:00:00+00:00,2026-08-24 09:00:00-04:00
1787580000000,763.4,764.09,762.5,763.653,8068204.106923,6159173761.937305,6159173761.9373059923,2026-08-24 14:00:00+00:00,2026-08-24 10:00:00-04:00
1787583600000,763.68,764.74,762.4,764.53,3336125.603011999,2547410130.7749524,2547410130.77495244,2026-08-24 15:00:00+00:00,2026-08-24 11:00:00-04:00
1787587200000,764.515,765.193,764.13,764.2,2473127.8093709988,1891066050.360392,1891066050.36039206,2026-08-24 16:00:00+00:00,2026-08-24 12:00:00-04:00
1787590800000,764.203,764.75,763.05,763.299,3608202.465338,2755660088.6060743,2755660088.606074687,2026-08-24 17:00:00+00:00,2026-08-24 13:00:00-04:00
1787594400000,763.3,765.12,763.29,764.015,4122580.982943,3150911073.768532,3150911073.7685315188,2026-08-24 18:00:00+00:00,2026-08-24 14:00:00-04:00
1787598000000,764.01,764.245,763.37,763.46,7029774.705324,5369174866.079134,5369174866.0791338371,2026-08-24 19:00:00+00:00,2026-08-24 15:00:00-04:00
1787601600000,763.47,764.05,763.265,764.05,3675513.805014,2806526043.046999,2806526043.04699926,2026-08-24 20:00:00+00:00,2026-08-24 16:00:00-04:00
1787605200000,763.93,764.084,763.91,763.93,96408.43450300004,73651705.5807394,73651705.5807394,2026-08-24 21:00:00+00:00,2026-08-24 17:00:00-04:00
1787608800000,764.09,764.264,763.932,764.01,373303.936504,285261024.3481919,285261024.34819191,2026-08-24 22:00:00+00:00,2026-08-24 18:00:00-04:00
1787612400000,764.09,764.104,763.415,763.5,44544.571345,34023339.58942492,34023339.58942492,2026-08-24 23:00:00+00:00,2026-08-24 19:00:00-04:00
1787616000000,763.646,764.2,762.72,764.11,22851.0,17445167.69,17445167.69,2026-08-25 00:00:00+00:00,2026-08-24 20:00:00-04:00
1787619600000,764.06,764.31,763.77,764.01,6560.0,5012623.65,5012623.65,2026-08-25 01:00:00+00:00,2026-08-24 21:00:00-04:00
1787623200000,764.05,764.2,763.37,763.44,6682.0,5103216.48,5103216.48,2026-08-25 02:00:00+00:00,2026-08-24 22:00:00-04:00
1787626800000,763.55,764.5,763.55,764.1,7485.0,5720901.45,5720901.45,2026-08-25 03:00:00+00:00,2026-08-24 23:00:00-04:00
1787630400000,764.15,764.57,764.14,764.26,2772.0,2118884.91,2118884.91,2026-08-25 04:00:00+00:00,2026-08-25 00:00:00-04:00
1787634000000,764.35,764.69,764.35,764.68,6307.0,4821870.16,4821870.16,2026-08-25 05:00:00+00:00,2026-08-25 01:00:00-04:00
1787637600000,764.75,765.58,764.69,765.55,7001.0,5356341.93,5356341.93,2026-08-25 06:00:00+00:00,2026-08-25 02:00:00-04:00
1787641200000,765.58,765.87,764.83,764.98,6131.0,4692453.1,4692453.1,2026-08-25 07:00:00+00:00,2026-08-25 03:00:00-04:00
1787644800000,765.02,766.497,763.646,766.08,95543.147991,73122954.66617274,73122954.66617274,2026-08-25 08:00:00+00:00,2026-08-25 04:00:00-04:00
1787648400000,766.38,767.99,766.156,767.613,123985.874035,95114007.24518272,95114007.2451827355,2026-08-25 09:00:00+00:00,2026-08-25 05:00:00-04:00
1787652000000,767.34,767.609,766.676,766.84,56010.03129000001,42969652.58299337,42969652.58299337,2026-08-25 10:00:00+00:00,2026-08-25 06:00:00-04:00
1787655600000,766.29,767.33,766.238,767.03,205035.21547,157236339.85651317,157236339.85651316,2026-08-25 11:00:00+00:00,2026-08-25 07:00:00-04:00
1787659200000,767.11,767.378,766.18,766.49,205027.57623500004,157223469.57659316,157223469.57659317,2026-08-25 12:00:00+00:00,2026-08-25 08:00:00-04:00
1787662800000,766.44,766.73,765.52,765.7,2744519.681198,2102982716.6786048,2102982716.6786051,2026-08-25 13:00:00+00:00,2026-08-25 09:00:00-04:00
1787666400000,765.645,765.78,763.1,764.715,4906670.276858001,3752851550.576984,3752851550.57698381,2026-08-25 14:00:00+00:00,2026-08-25 10:00:00-04:00
1787670000000,764.718,765.84,764.3,765.466,3692107.582303,2824411416.5364084,2824411416.536408589,2026-08-25 15:00:00+00:00,2026-08-25 11:00:00-04:00
1787673600000,765.463,765.96,765.335,765.76,3009756.436167,2304192075.788728,2304192075.7887281121,2026-08-25 16:00:00+00:00,2026-08-25 12:00:00-04:00
1787677200000,765.766,765.82,764.66,765.043,4855538.648342,3714185457.1144176,3714185457.1144182441,2026-08-25 17:00:00+00:00,2026-08-25 13:00:00-04:00
1787680800000,765.035,765.87,764.72,765.645,2611578.5625370005,1998665622.7480545,1998665622.74805433,2026-08-25 18:00:00+00:00,2026-08-25 14:00:00-04:00
1787684400000,765.67,766.2,764.86,765.8,6313212.963728,4833071345.883821,4833071345.8838208,2026-08-25 19:00:00+00:00,2026-08-25 15:00:00-04:00
1787688000000,765.86,766.259,765.4,765.833,2607235.175366,1996875869.6916032,1996875869.6916030397,2026-08-25 20:00:00+00:00,2026-08-25 16:00:00-04:00
1787691600000,765.79,766.06,765.747,766.0,344163.6320379999,263572623.97454807,263572623.97454806,2026-08-25 21:00:00+00:00,2026-08-25 17:00:00-04:00
1787695200000,765.82,766.065,765.803,765.95,26180.766985,20053684.70557715,20053684.70557715,2026-08-25 22:00:00+00:00,2026-08-25 18:00:00-04:00
1787698800000,765.42,765.973,764.826,764.9,21831.730034,16709473.47381077,16709473.47381077,2026-08-25 23:00:00+00:00,2026-08-25 19:00:00-04:00
1787702400000,764.77,765.31,764.16,764.16,15461.0,11825436.84,11825436.84,2026-08-26 00:00:00+00:00,2026-08-25 20:00:00-04:00
1787706000000,764.22,764.58,763.9,764.23,9196.0,7028036.73,7028036.73,2026-08-26 01:00:00+00:00,2026-08-25 21:00:00-04:00
1787709600000,764.26,765.5,764.02,765.39,7357.0,5626557.63,5626557.63,2026-08-26 02:00:00+00:00,2026-08-25 22:00:00-04:00
1787713200000,765.36,765.97,765.25,765.8,3299.0,2525886.34,2525886.34,2026-08-26 03:00:00+00:00,2026-08-25 23:00:00-04:00
1787716800000,765.77,765.88,765.02,765.12,1496.0,1145142.66,1145142.66,2026-08-26 04:00:00+00:00,2026-08-26 00:00:00-04:00
1787720400000,765.14,765.52,765.14,765.31,5877.0,4497649.02,4497649.02,2026-08-26 05:00:00+00:00,2026-08-26 01:00:00-04:00
1787724000000,765.28,765.84,764.84,765.6,8002.0,6123379.47,6123379.47,2026-08-26 06:00:00+00:00,2026-08-26 02:00:00-04:00
1787727600000,765.48,765.67,764.87,765.42,5455.0,4174816.78,4174816.78,2026-08-26 07:00:00+00:00,2026-08-26 03:00:00-04:00
1787731200000,765.1,765.862,764.936,765.09,39787.924698,30451023.70927184,30451023.70927184,2026-08-26 08:00:00+00:00,2026-08-26 04:00:00-04:00
1787734800000,765.57,765.743,765.132,765.57,11042.119292,8452169.23203475,8452169.23203475,2026-08-26 09:00:00+00:00,2026-08-26 05:00:00-04:00
1787738400000,765.21,765.759,765.02,765.59,15381.981654999998,11774405.50430055,11774405.50430055,2026-08-26 10:00:00+00:00,2026-08-26 06:00:00-04:00
1787742000000,765.47,766.16,765.127,765.554,161013.975664,123265241.34390724,123265241.3439072576,2026-08-26 11:00:00+00:00,2026-08-26 07:00:00-04:00
1787745600000,765.57,766.412,764.53,764.9,231140.922389,176926171.84807736,176926171.84807736,2026-08-26 12:00:00+00:00,2026-08-26 08:00:00-04:00
1787749200000,764.85,766.89,764.522,766.89,2541551.4657139992,1946123650.5154808,1946123650.5154809,2026-08-26 13:00:00+00:00,2026-08-26 09:00:00-04:00
1787752800000,766.73,766.95,764.83,765.86,2771467.5188939995,2122289221.698089,2122289221.69808896,2026-08-26 14:00:00+00:00,2026-08-26 10:00:00-04:00
1787756400000,765.88,766.46,765.185,765.34,2696376.123011,2065142878.196796,2065142878.19679595,2026-08-26 15:00:00+00:00,2026-08-26 11:00:00-04:00
1787760000000,765.328,765.435,763.93,764.71,4101973.602499,3136548485.185612,3136548485.1856123663,2026-08-26 16:00:00+00:00,2026-08-26 12:00:00-04:00
1787763600000,764.69,765.85,764.58,765.668,3121910.645624,2389651265.2277527,2389651265.2277532053,2026-08-26 17:00:00+00:00,2026-08-26 13:00:00-04:00
1787767200000,765.68,766.635,765.345,766.49,3112817.6982330005,2384090888.424624,2384090888.42462427,2026-08-26 18:00:00+00:00,2026-08-26 14:00:00-04:00
1787770800000,766.53,767.33,765.48,765.94,6793229.529261,5207901705.892796,5207901705.89279516,2026-08-26 19:00:00+00:00,2026-08-26 15:00:00-04:00
1787774400000,765.98,767.659,765.791,767.55,3813831.676972002,2923287869.2218347,2923287869.22183474,2026-08-26 20:00:00+00:00,2026-08-26 16:00:00-04:00
1787778000000,767.663,770.35,767.557,770.015,1760508.423994,1354490473.4055493,1354490473.4055493026,2026-08-26 21:00:00+00:00,2026-08-26 17:00:00-04:00
1787781600000,769.01,770.865,769.01,770.47,403266.6292600001,310636929.7455849,310636929.74558492,2026-08-26 22:00:00+00:00,2026-08-26 18:00:00-04:00
1787785200000,770.37,770.675,770.136,770.24,61837.598492000005,47632370.4903352,47632370.4903352,2026-08-26 23:00:00+00:00,2026-08-26 19:00:00-04:00
1787788800000,770.76,770.76,768.35,768.54,15.0,11559.69,11559.69,2026-08-27 00:00:00+00:00,2026-08-26 20:00:00-04:00
1787792400000,768.51,769.49,768.36,769.41,14717.0,11315887.95,11315887.95,2026-08-27 01:00:00+00:00,2026-08-26 21:00:00-04:00
1787796000000,769.33,769.82,769.25,769.7,4535.0,3490001.49,3490001.49,2026-08-27 02:00:00+00:00,2026-08-26 22:00:00-04:00
1787799600000,769.64,769.93,769.39,769.42,4173.0,3211762.3,3211762.3,2026-08-27 03:00:00+00:00,2026-08-26 23:00:00-04:00
1787803200000,769.53,769.58,768.78,768.82,10797.0,8306285.85,8306285.85,2026-08-27 04:00:00+00:00,2026-08-27 00:00:00-04:00
1787806800000,768.94,768.94,767.88,768.04,15020.0,11540558.63,11540558.63,2026-08-27 05:00:00+00:00,2026-08-27 01:00:00-04:00
1787810400000,768.0,768.63,767.6,768.61,8374.0,6429841.78,6429841.78,2026-08-27 06:00:00+00:00,2026-08-27 02:00:00-04:00
1787814000000,768.54,769.06,768.28,768.87,9915.0,7622137.22,7622137.22,2026-08-27 07:00:00+00:00,2026-08-27 03:00:00-04:00
1787817600000,769.23,770.636,768.975,769.87,108950.05745599994,83822742.27983649,83822742.27983649,2026-08-27 08:00:00+00:00,2026-08-27 04:00:00-04:00
1787821200000,769.54,769.702,768.757,769.62,76418.89092299998,58780944.74273695,58780944.74273695,2026-08-27 09:00:00+00:00,2026-08-27 05:00:00-04:00
1787824800000,769.16,769.267,768.687,769.22,37651.34831500001,28953687.30208894,28953687.30208894,2026-08-27 10:00:00+00:00,2026-08-27 06:00:00-04:00
1787828400000,769.29,769.777,768.382,768.68,254608.245347,195846546.42192796,195846546.42192794,2026-08-27 11:00:00+00:00,2026-08-27 07:00:00-04:00
1787832000000,769.069,769.462,767.974,768.01,462570.35751,355686005.08125305,355686005.0812530882,2026-08-27 12:00:00+00:00,2026-08-27 08:00:00-04:00
1787835600000,768.08,769.69,767.15,768.32,5138642.900474999,3948407821.8382177,3948407821.83821764,2026-08-27 13:00:00+00:00,2026-08-27 09:00:00-04:00
1787839200000,768.39,770.415,768.09,770.315,3774766.766851,2903863147.7500844,2903863147.75008446,2026-08-27 14:00:00+00:00,2026-08-27 10:00:00-04:00
1787842800000,770.4,771.085,769.39,770.68,3467480.1382770003,2671179912.7339497,2671179912.73394991,2026-08-27 15:00:00+00:00,2026-08-27 11:00:00-04:00
1787846400000,770.615,772.02,770.35,772.02,2278172.389929,1756860480.1139364,1756860480.1139364,2026-08-27 16:00:00+00:00,2026-08-27 12:00:00-04:00
1787850000000,771.999,772.35,771.09,771.23,4545708.057064,3508412085.0425863,3508412085.0425864543,2026-08-27 17:00:00+00:00,2026-08-27 13:00:00-04:00
1787853600000,771.23,771.37,769.185,769.695,5187784.717447,3994555910.213528,3994555910.2135276943,2026-08-27 18:00:00+00:00,2026-08-27 14:00:00-04:00
1787857200000,769.687,771.37,769.52,771.09,9298977.819405,7165176931.505985,7165176931.5059863835,2026-08-27 19:00:00+00:00,2026-08-27 15:00:00-04:00
1787860800000,771.04,771.176,770.066,770.23,4341743.305883999,3346218904.837229,3346218904.83722863,2026-08-27 20:00:00+00:00,2026-08-27 16:00:00-04:00
1787864400000,770.208,770.434,770.208,770.327,458523.9026049999,353224576.1576156,353224576.15761558,2026-08-27 21:00:00+00:00,2026-08-27 17:00:00-04:00
1787868000000,770.313,770.344,769.801,770.147,50147.055428,38618382.20568024,38618382.205680238,2026-08-27 22:00:00+00:00,2026-08-27 18:00:00-04:00
1787871600000,770.19,770.19,769.636,770.0,45130.785931000006,34744034.8367094,34744034.8367094,2026-08-27 23:00:00+00:00,2026-08-27 19:00:00-04:00
1787875200000,770.18,770.83,769.788,770.71,12176.0,9380952.85,9380952.85,2026-08-28 00:00:00+00:00,2026-08-27 20:00:00-04:00
1787878800000,770.73,771.38,770.71,771.37,5443.0,4196537.04,4196537.04,2026-08-28 01:00:00+00:00,2026-08-27 21:00:00-04:00
1787882400000,771.46,771.8,771.01,771.2,5509.0,4250737.99,4250737.99,2026-08-28 02:00:00+00:00,2026-08-27 22:00:00-04:00
1787886000000,771.23,771.85,770.99,771.3,3884.0,2996387.65,2996387.65,2026-08-28 03:00:00+00:00,2026-08-27 23:00:00-04:00
1787889600000,771.28,771.31,770.87,770.9,2819.0,2173642.3,2173642.3,2026-08-28 04:00:00+00:00,2026-08-28 00:00:00-04:00
1787893200000,770.92,770.92,770.31,770.33,2172.0,1673650.58,1673650.58,2026-08-28 05:00:00+00:00,2026-08-28 01:00:00-04:00
1787896800000,770.31,771.38,770.26,771.38,3270.0,2520480.11,2520480.11,2026-08-28 06:00:00+00:00,2026-08-28 02:00:00-04:00
1787900400000,771.5,771.5,771.0,771.14,3910.0,3015363.35,3015363.35,2026-08-28 07:00:00+00:00,2026-08-28 03:00:00-04:00
1787904000000,771.0,771.593,769.795,771.47,39089.68851,30142148.71634457,30142148.71634457,2026-08-28 08:00:00+00:00,2026-08-28 04:00:00-04:00
1787907600000,771.04,771.166,770.773,771.04,7252.334141000001,5591523.51430809,5591523.51430809,2026-08-28 09:00:00+00:00,2026-08-28 05:00:00-04:00
1787911200000,770.9,771.135,770.781,770.9,9384.096529000004,7234385.81931738,7234385.81931738,2026-08-28 10:00:00+00:00,2026-08-28 06:00:00-04:00
1787914800000,771.063,771.45,770.841,771.098,235224.161266,181392715.59425965,181392715.5942596489,2026-08-28 11:00:00+00:00,2026-08-28 07:00:00-04:00
1787918400000,771.11,772.23,771.067,772.23,223382.75217700007,172381632.89403832,172381632.89403831,2026-08-28 12:00:00+00:00,2026-08-28 08:00:00-04:00
1787922000000,772.45,772.87,771.44,771.68,2426487.5546000004,1873452945.0520527,1873452945.05205309,2026-08-28 13:00:00+00:00,2026-08-28 09:00:00-04:00
1787925600000,771.74,774.99,769.77,774.93,6929955.107387,5350833167.021832,5350833167.0218317,2026-08-28 14:00:00+00:00,2026-08-28 10:00:00-04:00
1787929200000,774.94,775.29,770.85,771.09,4803177.210575001,3715961718.1588335,3715961718.15883357,2026-08-28 15:00:00+00:00,2026-08-28 11:00:00-04:00
1787932800000,771.084,771.62,769.16,769.743,5813797.602108,4478753115.488101,4478753115.4881011254,2026-08-28 16:00:00+00:00,2026-08-28 12:00:00-04:00
1787936400000,769.734,769.734,768.38,769.535,3756074.203537,2888616807.18746,2888616807.1874600182,2026-08-28 17:00:00+00:00,2026-08-28 13:00:00-04:00
1787940000000,769.55,769.771,768.3,768.685,3464072.339809,2664374643.7791266,2664374643.7791269601,2026-08-28 18:00:00+00:00,2026-08-28 14:00:00-04:00
1787943600000,768.683,769.89,768.48,769.36,9873222.969714,7596371945.276161,7596371945.276161582774364,2026-08-28 19:00:00+00:00,2026-08-28 15:00:00-04:00
1787947200000,769.24,769.622,769.03,769.49,4169255.684208,3207017738.603604,3207017738.60360411,2026-08-28 20:00:00+00:00,2026-08-28 16:00:00-04:00
1787950800000,769.529,769.669,769.051,769.4,719757.343634,553859359.48168,553859359.481680099,2026-08-28 21:00:00+00:00,2026-08-28 17:00:00-04:00
1787954400000,769.4,769.495,769.275,769.315,9539.622666,7339143.66261498,7339143.66261498,2026-08-28 22:00:00+00:00,2026-08-28 18:00:00-04:00
1787958000000,769.28,769.429,769.256,769.28,24354.991552,18737271.63611484,18737271.63611484,2026-08-28 23:00:00+00:00,2026-08-28 19:00:00-04:00
1787961600000,769.419,769.419,767.31,767.31,0.0155,11.893305,11.893305,2026-08-29 00:00:00+00:00,2026-08-28 20:00:00-04:00
1787968800000,771.09,771.09,769.19,769.19,0.2936,226.253645,226.253645,2026-08-29 02:00:00+00:00,2026-08-28 22:00:00-04:00
1787983200000,770.76,770.76,769.37,770.11,1.8731,1443.115741,1443.115741,2026-08-29 06:00:00+00:00,2026-08-29 02:00:00-04:00
1787994000000,770.73,770.73,769.9,769.9,0.0692,53.333379,53.333379,2026-08-29 09:00:00+00:00,2026-08-29 05:00:00-04:00
1787997600000,769.77,769.77,769.03,769.03,0.8916,685.727294,685.727294,2026-08-29 10:00:00+00:00,2026-08-29 06:00:00-04:00
1788001200000,769.03,769.03,769.03,769.03,0.0261,20.071683,20.071683,2026-08-29 11:00:00+00:00,2026-08-29 07:00:00-04:00
1788004800000,769.48,769.48,769.48,769.48,0.0142,10.926616,10.926616,2026-08-29 12:00:00+00:00,2026-08-29 08:00:00-04:00
1788015600000,768.9,769.5,768.77,769.01,0.3156,242.734504,242.734504,2026-08-29 15:00:00+00:00,2026-08-29 11:00:00-04:00
1788019200000,769.38,769.52,768.51,768.51,1.5398,1183.917415,1183.917415,2026-08-29 16:00:00+00:00,2026-08-29 12:00:00-04:00
1788022800000,768.64,768.64,768.64,768.64,0.0142,10.914688,10.914688,2026-08-29 17:00:00+00:00,2026-08-29 13:00:00-04:00
1788033600000,768.64,770.76,768.32,770.76,3.7034,2853.946208,2853.946208,2026-08-29 20:00:00+00:00,2026-08-29 16:00:00-04:00
1788051600000,770.21,770.67,770.04,770.04,1.5888,1223.740773,1223.740773,2026-08-30 01:00:00+00:00,2026-08-29 21:00:00-04:00
1788058800000,770.37,770.49,770.0,770.0,1.0934,842.136919,842.136919,2026-08-30 03:00:00+00:00,2026-08-29 23:00:00-04:00
1788062400000,770.55,770.55,770.0,770.0,0.041,31.581275,31.581275,2026-08-30 04:00:00+00:00,2026-08-30 00:00:00-04:00
1788076800000,770.31,770.31,770.31,770.31,0.0131,10.091061,10.091061,2026-08-30 08:00:00+00:00,2026-08-30 04:00:00-04:00
1788102000000,770.31,770.31,770.31,770.31,0.2,154.062,154.062,2026-08-30 15:00:00+00:00,2026-08-30 11:00:00-04:00
1788109200000,770.41,770.41,770.09,770.09,0.1499,115.448107,115.448107,2026-08-30 17:00:00+00:00,2026-08-30 13:00:00-04:00
1788112800000,770.5,770.5,770.09,770.09,0.0408,31.428036,31.428036,2026-08-30 18:00:00+00:00,2026-08-30 14:00:00-04:00
1788120000000,770.09,770.09,768.31,768.31,2.8573,2198.056415,2198.056415,2026-08-30 20:00:00+00:00,2026-08-30 16:00:00-04:00
1788130800000,768.8,768.8,768.74,768.74,0.3238,248.929466,248.929466,2026-08-30 23:00:00+00:00,2026-08-30 19:00:00-04:00
1788134400000,766.31,767.57,765.64,766.92,35222.0,26991667.43,26991667.43,2026-08-31 00:00:00+00:00,2026-08-30 20:00:00-04:00
1788138000000,766.84,766.84,765.87,766.21,23803.0,18237505.96,18237505.96,2026-08-31 01:00:00+00:00,2026-08-30 21:00:00-04:00
1788141600000,766.0,766.81,765.62,766.36,10974.0,8405965.36,8405965.36,2026-08-31 02:00:00+00:00,2026-08-30 22:00:00-04:00
1788145200000,766.41,766.75,766.33,766.49,4464.0,3421717.59,3421717.59,2026-08-31 03:00:00+00:00,2026-08-30 23:00:00-04:00
1788148800000,766.5,767.35,766.29,767.33,4833.0,3705627.3,3705627.3,2026-08-31 04:00:00+00:00,2026-08-31 00:00:00-04:00
1788152400000,767.16,768.17,767.14,767.6,8474.0,6504496.07,6504496.07,2026-08-31 05:00:00+00:00,2026-08-31 01:00:00-04:00
1788156000000,767.64,768.34,767.5,768.3,10089.0,7749565.61,7749565.61,2026-08-31 06:00:00+00:00,2026-08-31 02:00:00-04:00
1788159600000,768.3,769.411,767.93,768.12,4646.0,3568579.4,3568579.4,2026-08-31 07:00:00+00:00,2026-08-31 03:00:00-04:00
1788163200000,768.03,769.411,768.03,768.53,63109.33664899998,48491680.72421101,48491680.72421101,2026-08-31 08:00:00+00:00,2026-08-31 04:00:00-04:00
1788166800000,768.0,768.74,767.905,768.0,9159.876773,7037151.35783447,7037151.35783447,2026-08-31 09:00:00+00:00,2026-08-31 05:00:00-04:00
1788170400000,767.923,768.269,767.74,768.164,11314.234736000002,8689495.2022282,8689495.2022282,2026-08-31 10:00:00+00:00,2026-08-31 06:00:00-04:00
1788174000000,768.09,768.286,767.261,767.57,87566.36807899998,67226311.99542093,67226311.99542094,2026-08-31 11:00:00+00:00,2026-08-31 07:00:00-04:00
1788177600000,767.45,768.044,766.355,766.51,360710.5540160001,276745577.66803926,276745577.66803925,2026-08-31 12:00:00+00:00,2026-08-31 08:00:00-04:00
1788181200000,766.561,767.61,765.49,766.21,5174319.79569,3966253315.5301247,3966253315.5301254292,2026-08-31 13:00:00+00:00,2026-08-31 09:00:00-04:00
1788184800000,766.24,766.39,764.73,765.95,3498281.4292909987,2678227590.106034,2678227590.10603409,2026-08-31 14:00:00+00:00,2026-08-31 10:00:00-04:00
1788188400000,765.93,766.47,765.32,765.36,2498191.216753001,1913191278.4406807,1913191278.44068081,2026-08-31 15:00:00+00:00,2026-08-31 11:00:00-04:00
1788192000000,765.41,765.97,764.98,765.88,2451989.021641,1877111123.1578877,1877111123.15788748,2026-08-31 16:00:00+00:00,2026-08-31 12:00:00-04:00
1788195600000,765.77,766.81,765.2,766.5,1883786.7242970003,1442914886.6548243,1442914886.65482426,2026-08-31 17:00:00+00:00,2026-08-31 13:00:00-04:00
1788199200000,766.49,766.79,765.07,765.69,3342570.8181170006,2560474092.5514936,2560474092.55149393,2026-08-31 18:00:00+00:00,2026-08-31 14:00:00-04:00
1788202800000,767.25,767.995,766.58,766.79,15384552.550604,11799494216.312029,11799494216.3120288719,2026-08-31 19:00:00+00:00,2026-08-31 15:00:00-04:00
1788206400000,767.15,767.61,766.9,767.38,8221283.933229,6308271730.549157,6308271730.54915734,2026-08-31 20:00:00+00:00,2026-08-31 16:00:00-04:00
1788210000000,767.43,767.45,767.282,767.37,120147.203561,92194452.0342784,92194452.03427839,2026-08-31 21:00:00+00:00,2026-08-31 17:00:00-04:00
1788213600000,767.45,767.45,767.236,767.24,24530.2749,18822955.66158393,18822955.66158393,2026-08-31 22:00:00+00:00,2026-08-31 18:00:00-04:00
1788217200000,767.32,767.68,767.27,767.59,22597.536998,17343342.99502842,17343342.99502842,2026-08-31 23:00:00+00:00,2026-08-31 19:00:00-04:00
1788220800000,767.68,768.05,766.57,767.71,11825.0,9079425.84,9079425.84,2026-09-01 00:00:00+00:00,2026-08-31 20:00:00-04:00
1788224400000,767.8,767.83,767.12,767.61,9371.0,7193083.14,7193083.14,2026-09-01 01:00:00+00:00,2026-08-31 21:00:00-04:00
1788228000000,767.6,767.62,766.64,767.24,5354.0,4107023.22,4107023.22,2026-09-01 02:00:00+00:00,2026-08-31 22:00:00-04:00
1788231600000,767.26,767.26,766.81,766.93,3588.0,2751835.41,2751835.41,2026-09-01 03:00:00+00:00,2026-08-31 23:00:00-04:00
1788235200000,766.98,767.09,766.48,766.56,3586.0,2749662.84,2749662.84,2026-09-01 04:00:00+00:00,2026-09-01 00:00:00-04:00
1788238800000,766.54,767.87,766.31,767.8,5942.0,4556916.43,4556916.43,2026-09-01 05:00:00+00:00,2026-09-01 01:00:00-04:00
1788242400000,767.82,767.82,766.9,767.07,5373.0,4122594.8,4122594.8,2026-09-01 06:00:00+00:00,2026-09-01 02:00:00-04:00
1788246000000,767.01,767.76,766.02,766.36,8583.0,6583704.95,6583704.95,2026-09-01 07:00:00+00:00,2026-09-01 03:00:00-04:00
1788249600000,766.14,767.338,763.204,763.32,113823.983721,87086263.26660384,87086263.26660384,2026-09-01 08:00:00+00:00,2026-09-01 04:00:00-04:00
1788253200000,763.11,763.23,762.21,762.86,84859.730816,64718613.14574566,64718613.14574566,2026-09-01 09:00:00+00:00,2026-09-01 05:00:00-04:00
1788256800000,762.76,763.71,762.432,763.46,96225.848072,73446004.75778642,73446004.75778642,2026-09-01 10:00:00+00:00,2026-09-01 06:00:00-04:00
1788260400000,762.83,763.607,762.464,762.59,292635.756561,223272039.81116527,223272039.81116527,2026-09-01 11:00:00+00:00,2026-09-01 07:00:00-04:00
1788264000000,762.37,762.78,761.842,762.06,466775.742865,355828750.0949039,355828750.09490388,2026-09-01 12:00:00+00:00,2026-09-01 08:00:00-04:00
1788267600000,762.049,762.47,761.2,762.042,5117438.847644,3898873168.653776,3898873168.6537759519,2026-09-01 13:00:00+00:00,2026-09-01 09:00:00-04:00
1788271200000,762.08,764.56,761.77,763.475,4407798.667708002,3365509437.3081627,3365509437.30816285,2026-09-01 14:00:00+00:00,2026-09-01 10:00:00-04:00
1788274800000,763.53,764.67,762.68,764.265,3275334.067216,2501189535.958502,2501189535.95850183,2026-09-01 15:00:00+00:00,2026-09-01 11:00:00-04:00
1788278400000,764.29,764.34,761.62,762.3,3926500.560552001,2994820507.5442224,2994820507.5442222,2026-09-01 16:00:00+00:00,2026-09-01 12:00:00-04:00
1788282000000,762.26,762.287,760.86,761.82,4959051.305163,3777661621.0882096,3777661621.0882102983,2026-09-01 17:00:00+00:00,2026-09-01 13:00:00-04:00
1788285600000,761.8,762.025,759.48,760.72,4792328.948675002,3646180701.090148,3646180701.09014763,2026-09-01 18:00:00+00:00,2026-09-01 14:00:00-04:00
1788289200000,760.66,761.76,760.59,761.64,8775967.846681999,6679583954.595865,6679583954.59586578,2026-09-01 19:00:00+00:00,2026-09-01 15:00:00-04:00
1788292800000,761.67,762.16,761.361,762.06,6771391.46346,5157991656.49663,5157991656.49662983,2026-09-01 20:00:00+00:00,2026-09-01 16:00:00-04:00
1788296400000,761.99,762.06,761.798,761.9,896656.6601770001,683220812.740436,683220812.74043585,2026-09-01 21:00:00+00:00,2026-09-01 17:00:00-04:00
1788300000000,761.65,762.032,761.443,761.86,63992.339552000005,48742811.45514348,48742811.45514348,2026-09-01 22:00:00+00:00,2026-09-01 18:00:00-04:00
1788303600000,761.79,761.96,761.698,761.74,53244.353214,40563917.65214322,40563917.65214322,2026-09-01 23:00:00+00:00,2026-09-01 19:00:00-04:00
1788307200000,762.01,762.4,761.39,761.39,17218.0,13118208.15,13118208.15,2026-09-02 00:00:00+00:00,2026-09-01 20:00:00-04:00
1788310800000,761.35,761.63,760.65,761.01,8460.0,6439904.67,6439904.67,2026-09-02 01:00:00+00:00,2026-09-01 21:00:00-04:00
1788314400000,761.0,761.51,760.73,761.44,2908.0,2213670.85,2213670.85,2026-09-02 02:00:00+00:00,2026-09-01 22:00:00-04:00
1788318000000,761.48,761.52,760.8,760.87,4319.0,3287161.79,3287161.79,2026-09-02 03:00:00+00:00,2026-09-01 23:00:00-04:00
1788321600000,760.84,760.99,760.64,760.87,2109.0,1604700.51,1604700.51,2026-09-02 04:00:00+00:00,2026-09-02 00:00:00-04:00
1788325200000,760.91,761.58,760.69,761.13,12233.0,9313247.16,9313247.16,2026-09-02 05:00:00+00:00,2026-09-02 01:00:00-04:00
1788328800000,761.13,761.62,760.51,761.45,4879.0,3713432.66,3713432.66,2026-09-02 06:00:00+00:00,2026-09-02 02:00:00-04:00
1788332400000,761.33,762.06,760.99,761.42,3152.0,2400440.18,2400440.18,2026-09-02 07:00:00+00:00,2026-09-02 03:00:00-04:00
1788336000000,761.01,761.76,759.746,761.34,57622.90289600002,43843797.42954257,43843797.42954257,2026-09-02 08:00:00+00:00,2026-09-02 04:00:00-04:00
1788339600000,759.75,760.619,759.56,759.91,22462.690293999996,17069578.05593295,17069578.05593295,2026-09-02 09:00:00+00:00,2026-09-02 05:00:00-04:00
1788343200000,759.8,760.171,759.52,760.05,37560.007385,28538600.6712227,28538600.6712227,2026-09-02 10:00:00+00:00,2026-09-02 06:00:00-04:00
1788346800000,759.66,761.959,759.287,761.74,228825.7029150001,174078283.95491523,174078283.95491525,2026-09-02 11:00:00+00:00,2026-09-02 07:00:00-04:00
1788350400000,761.964,763.143,761.368,761.402,316653.485766,241352514.85396168,241352514.8539617163,2026-09-02 12:00:00+00:00,2026-09-02 08:00:00-04:00
1788354000000,761.403,763.0651,761.403,763.065,3020264.59817,2302437405.0435567,2302437405.04355665,2026-09-02 13:00:00+00:00,2026-09-02 09:00:00-04:00
1788357600000,763.02,766.31,762.89,765.31,4453639.881720001,3406554407.1365514,3406554407.13655135,2026-09-02 14:00:00+00:00,2026-09-02 10:00:00-04:00
1788361200000,765.34,766.43,764.97,765.91,2505887.224767,1918672397.2497275,1918672397.24972735,2026-09-02 15:00:00+00:00,2026-09-02 11:00:00-04:00
1788364800000,765.92,765.93,764.68,764.94,1441244.7026500003,1102855291.2882175,1102855291.28821752,2026-09-02 16:00:00+00:00,2026-09-02 12:00:00-04:00
1788368400000,765.01,765.462,764.36,765.17,1754784.7391210005,1342141667.884006,1342141667.88400596,2026-09-02 17:00:00+00:00,2026-09-02 13:00:00-04:00
1788372000000,765.19,766.06,764.6,764.78,3645221.740025,2788925981.775293,2788925981.77529304,2026-09-02 18:00:00+00:00,2026-09-02 14:00:00-04:00
1788375600000,764.8,765.495,764.68,765.12,5654401.449627999,4326445478.77779,4326445478.77778974,2026-09-02 19:00:00+00:00,2026-09-02 15:00:00-04:00
1788379200000,765.13,765.55,764.16,764.34,6116638.910494,4679996404.711177,4679996404.711177,2026-09-02 20:00:00+00:00,2026-09-02 16:00:00-04:00
1788382800000,765.01,765.195,764.204,765.01,255467.824539,195323009.0610008,195323009.06100078,2026-09-02 21:00:00+00:00,2026-09-02 17:00:00-04:00
1788386400000,764.66,765.281,764.547,765.12,65519.23545599998,50116940.82538578,50116940.82538578,2026-09-02 22:00:00+00:00,2026-09-02 18:00:00-04:00
1788390000000,764.8,765.429,764.8,765.38,71136.77009300001,54425803.79278908,54425803.79278908,2026-09-02 23:00:00+00:00,2026-09-02 19:00:00-04:00
1788393600000,765.17,765.376,764.61,764.7,11884.0,9089563.28,9089563.28,2026-09-03 00:00:00+00:00,2026-09-02 20:00:00-04:00
1788397200000,764.64,765.36,764.64,764.65,5614.0,4294743.3,4294743.3,2026-09-03 01:00:00+00:00,2026-09-02 21:00:00-04:00
1788400800000,764.6,765.4,764.6,765.26,3846.0,2942584.53,2942584.53,2026-09-03 02:00:00+00:00,2026-09-02 22:00:00-04:00
1788404400000,765.26,765.8,765.24,765.67,6139.0,4699843.28,4699843.28,2026-09-03 03:00:00+00:00,2026-09-02 23:00:00-04:00
1788408000000,765.72,765.85,765.39,765.4,3601.0,2757132.3,2757132.3,2026-09-03 04:00:00+00:00,2026-09-03 00:00:00-04:00
1788411600000,765.39,765.4,763.59,765.31,8303.0,6346972.83,6346972.83,2026-09-03 05:00:00+00:00,2026-09-03 01:00:00-04:00
1788415200000,765.31,765.45,764.7,764.79,6367.0,4871031.83,4871031.83,2026-09-03 06:00:00+00:00,2026-09-03 02:00:00-04:00
1788418800000,764.73,766.01,764.7,765.7,8392.0,6422816.93,6422816.93,2026-09-03 07:00:00+00:00,2026-09-03 03:00:00-04:00
1788422400000,765.41,766.805,765.41,765.789,112565.333204,86238357.40476309,86238357.4047630951,2026-09-03 08:00:00+00:00,2026-09-03 04:00:00-04:00
1788426000000,765.786,766.089,764.697,764.838,26349.380784,20173788.95397116,20173788.9539711572,2026-09-03 09:00:00+00:00,2026-09-03 05:00:00-04:00
1788429600000,764.837,765.149,764.389,764.711,26940.433326,20600742.007764693,20600742.0077646939,2026-09-03 10:00:00+00:00,2026-09-03 06:00:00-04:00
1788433200000,764.714,765.902,764.21,764.824,124758.126684,95492442.57287459,95492442.5728746078,2026-09-03 11:00:00+00:00,2026-09-03 07:00:00-04:00
1788436800000,764.821,767.747,764.818,767.558,340046.754989,260627248.12613815,260627248.1261381698,2026-09-03 12:00:00+00:00,2026-09-03 08:00:00-04:00
1788440400000,767.559,770.04,766.97,769.455,6974423.787766,5365660641.188111,5365660641.1881112835,2026-09-03 13:00:00+00:00,2026-09-03 09:00:00-04:00
1788444000000,769.54,769.54,767.46,769.267,6752017.611299,5188020754.276665,5188020754.2766645332,2026-09-03 14:00:00+00:00,2026-09-03 10:00:00-04:00
1788447600000,769.265,773.3,769.245,773.274,8028740.138887,6197269863.12149,6197269863.1214899521,2026-09-03 15:00:00+00:00,2026-09-03 11:00:00-04:00
1788451200000,773.279,773.279,772.235,772.894,4171786.350515,3223598344.514272,3223598344.5142717674,2026-09-03 16:00:00+00:00,2026-09-03 12:00:00-04:00
1788454800000,772.893,773.5,772.135,773.262,3183411.921366,2460268749.718701,2460268749.718701274471849,2026-09-03 17:00:00+00:00,2026-09-03 13:00:00-04:00
1788458400000,773.263,774.025,773.263,773.68,4196597.269807,3246998237.2875967,3246998237.2875971331,2026-09-03 18:00:00+00:00,2026-09-03 14:00:00-04:00
1788462000000,773.66,773.7,772.69,773.125,12724949.011404,9839488413.246569,9839488413.246570545641988,2026-09-03 19:00:00+00:00,2026-09-03 15:00:00-04:00
1788465600000,773.009,773.068,771.82,772.4,7729849.522117,5973803612.178282,5973803612.1782823718,2026-09-03 20:00:00+00:00,2026-09-03 16:00:00-04:00
1788469200000,772.4,772.65,772.323,772.538,2501826.278173,1932694514.3729925,1932694514.37299239082578,2026-09-03 21:00:00+00:00,2026-09-03 17:00:00-04:00
1788472800000,772.536,772.715,772.311,772.715,1246280.291458,962717885.1652997,962717885.1652996995725499,2026-09-03 22:00:00+00:00,2026-09-03 18:00:00-04:00
1788476400000,772.714,772.819,772.597,772.716,42032.727053,32479456.697878085,32479456.6978780854,2026-09-03 23:00:00+00:00,2026-09-03 19:00:00-04:00
1788480000000,772.718,773.51,772.718,773.48,19299.0,14921312.13,14921312.13,2026-09-04 00:00:00+00:00,2026-09-03 20:00:00-04:00
1788483600000,773.43,773.55,773.15,773.44,6616.0,5116590.99,5116590.99,2026-09-04 01:00:00+00:00,2026-09-03 21:00:00-04:00
1788487200000,773.43,773.67,773.37,773.65,10001.0,7736035.99,7736035.99,2026-09-04 02:00:00+00:00,2026-09-03 22:00:00-04:00
1788490800000,773.63,773.72,773.51,773.61,1804.0,1395622.86,1395622.86,2026-09-04 03:00:00+00:00,2026-09-03 23:00:00-04:00
1788494400000,773.59,773.99,773.44,773.88,4099.0,3171178.07,3171178.07,2026-09-04 04:00:00+00:00,2026-09-04 00:00:00-04:00
1788498000000,773.9,774.27,773.78,773.91,5963.0,4615822.63,4615822.63,2026-09-04 05:00:00+00:00,2026-09-04 01:00:00-04:00
1788501600000,773.93,774.19,773.33,773.33,12989.0,10052242.54,10052242.54,2026-09-04 06:00:00+00:00,2026-09-04 02:00:00-04:00
1788505200000,773.34,774.07,773.31,773.81,11350.0,8781001.17,8781001.17,2026-09-04 07:00:00+00:00,2026-09-04 03:00:00-04:00
1788508800000,773.79,774.24,773.17,773.97,146069.708326,113023159.58891682,113023159.588916829837459,2026-09-04 08:00:00+00:00,2026-09-04 04:00:00-04:00
1788512400000,773.94,773.959,773.3292,773.6487,20737.005687,16041743.060906151,16041743.0609061525,2026-09-04 09:00:00+00:00,2026-09-04 05:00:00-04:00
1788516000000,773.6,774.1287,773.6,773.942,70436.422674,54506588.07620297,54506588.0762029755,2026-09-04 10:00:00+00:00,2026-09-04 06:00:00-04:00
1788519600000,773.955,774.15,773.17,773.9942,166786.354723,129055861.39160432,129055861.3916043276,2026-09-04 11:00:00+00:00,2026-09-04 07:00:00-04:00
1788523200000,773.9778,774.02,770.87,771.656,1501470.982114,1159185805.2008617,1159185805.2008617423,2026-09-04 12:00:00+00:00,2026-09-04 08:00:00-04:00
1788526800000,771.6071,772.87,771.25,772.31,5061617.719082,3908997345.027845,3908997345.0278451022,2026-09-04 13:00:00+00:00,2026-09-04 09:00:00-04:00
1788530400000,772.32,772.36,769.3,769.45,5660238.869678,4364215143.658441,4364215143.6584407005,2026-09-04 14:00:00+00:00,2026-09-04 10:00:00-04:00
1788534000000,769.46,770.06,769.0,769.9575,5161872.519268,3972334796.0600834,3972334796.0600830701,2026-09-04 15:00:00+00:00,2026-09-04 11:00:00-04:00
1788537600000,769.955,771.32,769.83,770.89,3190779.692204,2459266298.962599,2459266298.9625989058,2026-09-04 16:00:00+00:00,2026-09-04 12:00:00-04:00
1788541200000,770.9,770.97,769.13,769.4421,3818545.849123,2939530082.239254,2939530082.2392540788,2026-09-04 17:00:00+00:00,2026-09-04 13:00:00-04:00
1788544800000,769.44,770.3699,769.2101,770.25,3624222.264546,2790119404.027691,2790119404.0276907925,2026-09-04 18:00:00+00:00,2026-09-04 14:00:00-04:00
1788548400000,770.26,770.48,769.59,770.19,8811500.664706,6784814032.6825905,6784814032.6825900128,2026-09-04 19:00:00+00:00,2026-09-04 15:00:00-04:00
1788552000000,769.95,770.3311,769.2237,769.4,6403979.077832,4929244554.756768,4929244554.7567678917,2026-09-04 20:00:00+00:00,2026-09-04 16:00:00-04:00
1788555600000,769.54,770.0,769.23,769.8467,1213933.96695,934429195.5958974,934429195.5958972907,2026-09-04 21:00:00+00:00,2026-09-04 17:00:00-04:00
1788559200000,769.8467,769.9,769.07,769.8237,83705.175578,64420774.470965736,64420774.4709657396230163,2026-09-04 22:00:00+00:00,2026-09-04 18:00:00-04:00
1788562800000,769.85,774.0,768.27,769.55,34037.223404,26200689.30048788,26200689.3004878805,2026-09-04 23:00:00+00:00,2026-09-04 19:00:00-04:00
1788566400000,769.49,770.84,768.92,769.99,0.6766,520.922126,520.922126,2026-09-05 00:00:00+00:00,2026-09-04 20:00:00-04:00
1788573600000,770.66,770.66,770.66,770.66,0.0131,10.095646,10.095646,2026-09-05 02:00:00+00:00,2026-09-04 22:00:00-04:00
1788577200000,769.9,769.9,769.85,769.85,0.0335,25.79093,25.79093,2026-09-05 03:00:00+00:00,2026-09-04 23:00:00-04:00
1788580800000,770.66,770.66,770.66,770.66,0.1051,80.996366,80.996366,2026-09-05 04:00:00+00:00,2026-09-05 00:00:00-04:00
1788602400000,770.71,770.71,770.71,770.71,0.0131,10.096301,10.096301,2026-09-05 10:00:00+00:00,2026-09-05 06:00:00-04:00
1788609600000,770.71,770.71,770.71,770.71,0.6487,499.959577,499.959577,2026-09-05 12:00:00+00:00,2026-09-05 08:00:00-04:00
1788616800000,770.76,770.76,770.6,770.76,0.171,131.795624,131.795624,2026-09-05 14:00:00+00:00,2026-09-05 10:00:00-04:00
1788624000000,770.76,770.76,770.76,770.76,0.0194,14.952744,14.952744,2026-09-05 16:00:00+00:00,2026-09-05 12:00:00-04:00
1788627600000,770.76,770.76,770.76,770.76,0.0389,29.982564,29.982564,2026-09-05 17:00:00+00:00,2026-09-05 13:00:00-04:00
1788631200000,770.78,770.78,770.6,770.6,0.064,49.32416,49.32416,2026-09-05 18:00:00+00:00,2026-09-05 14:00:00-04:00
1788638400000,770.6,770.6,770.18,770.18,0.1943,149.666918,149.666918,2026-09-05 20:00:00+00:00,2026-09-05 16:00:00-04:00
1788685200000,770.6,770.6,770.6,770.6,0.013,10.0178,10.0178,2026-09-06 09:00:00+00:00,2026-09-06 05:00:00-04:00
1788688800000,770.78,770.78,770.78,770.78,0.1297,99.970166,99.970166,2026-09-06 10:00:00+00:00,2026-09-06 06:00:00-04:00
1788692400000,770.6,770.6,770.6,770.6,0.0938,72.28228,72.28228,2026-09-06 11:00:00+00:00,2026-09-06 07:00:00-04:00
1788696000000,770.6,770.6,770.6,770.6,0.0259,19.95854,19.95854,2026-09-06 12:00:00+00:00,2026-09-06 08:00:00-04:00
1788703200000,770.6,770.8,770.47,770.47,0.1885,145.250194,145.250194,2026-09-06 14:00:00+00:00,2026-09-06 10:00:00-04:00
1788721200000,770.8,771.82,770.63,770.65,1.9445,1499.043301,1499.043301,2026-09-06 19:00:00+00:00,2026-09-06 15:00:00-04:00
1788724800000,771.13,771.13,771.13,771.13,12.9614,9994.924382,9994.924382,2026-09-06 20:00:00+00:00,2026-09-06 16:00:00-04:00
1788742800000,771.18,771.37,771.18,771.37,14.71,11345.841243,11345.841243,2026-09-07 01:00:00+00:00,2026-09-06 21:00:00-04:00
1788757200000,770.89,770.89,770.89,770.89,0.0972,74.930508,74.930508,2026-09-07 05:00:00+00:00,2026-09-07 01:00:00-04:00
1788764400000,771.24,771.24,771.24,771.24,0.0259,19.975116,19.975116,2026-09-07 07:00:00+00:00,2026-09-07 03:00:00-04:00
1788768000000,771.24,771.24,771.24,771.24,0.0324,24.988176,24.988176,2026-09-07 08:00:00+00:00,2026-09-07 04:00:00-04:00
1788771600000,771.17,771.17,771.17,771.17,0.1037,79.970329,79.970329,2026-09-07 09:00:00+00:00,2026-09-07 05:00:00-04:00
1788775200000,771.56,771.56,771.56,771.56,0.1296,99.994176,99.994176,2026-09-07 10:00:00+00:00,2026-09-07 06:00:00-04:00
1788778800000,770.92,770.92,770.92,770.92,0.063,48.56796,48.56796,2026-09-07 11:00:00+00:00,2026-09-07 07:00:00-04:00
1788782400000,770.92,770.92,770.92,770.92,1.2972,1000.037424,1000.037424,2026-09-07 12:00:00+00:00,2026-09-07 08:00:00-04:00
1788786000000,771.53,771.6,771.53,771.6,30.8198,23779.04568,23779.04568,2026-09-07 13:00:00+00:00,2026-09-07 09:00:00-04:00
1788789600000,771.63,771.63,771.63,771.63,0.0142,10.957146,10.957146,2026-09-07 14:00:00+00:00,2026-09-07 10:00:00-04:00
1788793200000,771.27,771.27,771.27,771.27,0.3197,246.575019,246.575019,2026-09-07 15:00:00+00:00,2026-09-07 11:00:00-04:00
1788796800000,771.27,771.27,771.27,771.27,0.9339,720.289053,720.289053,2026-09-07 16:00:00+00:00,2026-09-07 12:00:00-04:00
1788825600000,768.75,769.34,768.37,769.05,20593.0,15835934.47,15835934.47,2026-09-08 00:00:00+00:00,2026-09-07 20:00:00-04:00
1788829200000,769.01,769.99,768.35,769.99,13758.0,10584424.7,10584424.7,2026-09-08 01:00:00+00:00,2026-09-07 21:00:00-04:00
1788832800000,770.01,770.01,769.23,769.24,5970.0,4595481.22,4595481.22,2026-09-08 02:00:00+00:00,2026-09-07 22:00:00-04:00
1788836400000,769.27,770.21,769.27,770.19,10123.0,7794620.02,7794620.02,2026-09-08 03:00:00+00:00,2026-09-07 23:00:00-04:00
1788840000000,770.19,770.49,770.09,770.3,4187.0,3225115.35,3225115.35,2026-09-08 04:00:00+00:00,2026-09-08 00:00:00-04:00
1788843600000,770.22,770.22,768.49,768.56,11982.0,9219349.03,9219349.03,2026-09-08 05:00:00+00:00,2026-09-08 01:00:00-04:00
1788847200000,768.5,768.56,767.48,768.25,10371.0,7964755.69,7964755.69,2026-09-08 06:00:00+00:00,2026-09-08 02:00:00-04:00
1788850800000,768.17,768.9,766.98,767.14,7074.0,5433724.14,5433724.14,2026-09-08 07:00:00+00:00,2026-09-08 03:00:00-04:00
1788854400000,767.21,770.4777,766.701,767.023,121055.387609,92873720.5945372,92873720.5945372,2026-09-08 08:00:00+00:00,2026-09-08 04:00:00-04:00
1788858000000,767.1167,768.81,766.872,768.81,49790.446381,38243022.272882625,38243022.2728826233,2026-09-08 09:00:00+00:00,2026-09-08 05:00:00-04:00
1788861600000,768.7956,769.7,767.5797,767.86,91450.260447,70295722.65714553,70295722.6571455257,2026-09-08 10:00:00+00:00,2026-09-08 06:00:00-04:00
1788865200000,767.819,770.19,767.2914,768.54,249612.797328,191661248.36124793,191661248.3612479156,2026-09-08 11:00:00+00:00,2026-09-08 07:00:00-04:00
1788868800000,768.5,770.19,767.65,769.3285,347541.711403,267085743.90423653,267085743.9042365319,2026-09-08 12:00:00+00:00,2026-09-08 08:00:00-04:00
1788872400000,769.34,769.7,766.82,767.47,5587000.174412,4291571859.481655,4291571859.481655151,2026-09-08 13:00:00+00:00,2026-09-08 09:00:00-04:00
1788876000000,767.45,767.949,765.99,767.65,5060246.373547,3880027278.8300905,3880027278.8300906475,2026-09-08 14:00:00+00:00,2026-09-08 10:00:00-04:00
1788879600000,767.67,768.37,767.34,767.39,4542660.073179,3487967734.490544,3487967734.4905438263,2026-09-08 15:00:00+00:00,2026-09-08 11:00:00-04:00
1788883200000,767.4,767.79,766.56,766.96,4537877.650479,3481201464.664561,3481201464.6645610223,2026-09-08 16:00:00+00:00,2026-09-08 12:00:00-04:00
1788886800000,766.9292,768.12,766.9292,767.46,2772930.632179,2128491387.9023807,2128491387.9023812939,2026-09-08 17:00:00+00:00,2026-09-08 13:00:00-04:00
1788890400000,767.48,767.89,765.67,766.77,4711549.645752,3614235368.615193,3614235368.615193023475468,2026-09-08 18:00:00+00:00,2026-09-08 14:00:00-04:00
1788894000000,766.79,767.15,765.15,765.96,10160189.042941,7786132285.1047325,7786132285.1047328955,2026-09-08 19:00:00+00:00,2026-09-08 15:00:00-04:00
1788897600000,766.0,766.16,765.35,765.8176,11654271.281418,8924378703.427034,8924378703.4270343916,2026-09-08 20:00:00+00:00,2026-09-08 16:00:00-04:00
1788901200000,765.82,765.9428,765.7,765.83,1184824.638101,907282059.9068781,907282059.9068781593,2026-09-08 21:00:00+00:00,2026-09-08 17:00:00-04:00
1788904800000,765.7897,766.19,765.62,766.16,53593.034429,41042242.10643985,41042242.1064398480971273,2026-09-08 22:00:00+00:00,2026-09-08 18:00:00-04:00
1788908400000,766.14,766.1906,765.2334,765.4116,24835.841724,19016238.77143616,19016238.7714361590467661,2026-09-08 23:00:00+00:00,2026-09-08 19:00:00-04:00
1788912000000,765.4,766.37,765.4,766.17,20318.0,15562344.7,15562344.7,2026-09-09 00:00:00+00:00,2026-09-08 20:00:00-04:00
1788915600000,766.24,766.8,766.15,766.47,13072.0,10018789.79,10018789.79,2026-09-09 01:00:00+00:00,2026-09-08 21:00:00-04:00
1788919200000,766.5,766.7,766.28,766.59,5651.0,4331739.19,4331739.19,2026-09-09 02:00:00+00:00,2026-09-08 22:00:00-04:00
1788922800000,766.6,766.61,766.22,766.27,4043.0,3098614.73,3098614.73,2026-09-09 03:00:00+00:00,2026-09-08 23:00:00-04:00
1788926400000,766.27,766.92,766.06,766.84,3114.0,2386935.26,2386935.26,2026-09-09 04:00:00+00:00,2026-09-09 00:00:00-04:00
1788930000000,766.84,767.07,766.39,767.07,6853.0,5254630.98,5254630.98,2026-09-09 05:00:00+00:00,2026-09-09 01:00:00-04:00
1788933600000,767.1,767.13,766.45,766.48,3968.0,3042546.13,3042546.13,2026-09-09 06:00:00+00:00,2026-09-09 02:00:00-04:00
1788937200000,766.46,767.07,766.21,766.51,3270.0,2506863.96,2506863.96,2026-09-09 07:00:00+00:00,2026-09-09 03:00:00-04:00
1788940800000,766.44,767.1485,765.8792,766.3,54555.647885,41806685.98784321,41806685.9878432136,2026-09-09 08:00:00+00:00,2026-09-09 04:00:00-04:00
1788944400000,766.21,766.3792,763.75,763.9756,44250.67505,33855283.17166724,33855283.1716672411,2026-09-09 09:00:00+00:00,2026-09-09 05:00:00-04:00
1788948000000,763.942,764.53,762.85,763.05,71200.926569,54381853.083805166,54381853.0838051691,2026-09-09 10:00:00+00:00,2026-09-09 06:00:00-04:00
1788951600000,763.13,765.96,762.9431,763.3229,245470.300335,187443309.50693727,187443309.5069372737369159,2026-09-09 11:00:00+00:00,2026-09-09 07:00:00-04:00
1788955200000,763.3423,763.6899,762.5,763.5904,295866.574603,225777582.04793647,225777582.0479364959,2026-09-09 12:00:00+00:00,2026-09-09 08:00:00-04:00
1788958800000,763.48,764.38,763.231,764.1,2928410.679458,2236753361.554622,2236753361.5546220067291095,2026-09-09 13:00:00+00:00,2026-09-09 09:00:00-04:00
1788962400000,764.095,764.2,762.5,763.77,3847876.681231,2937728422.662429,2937728422.6624288471,2026-09-09 14:00:00+00:00,2026-09-09 10:00:00-04:00
1788966000000,763.79,764.465,760.94,762.18,5530177.268663,4214364798.2069135,4214364798.2069140453,2026-09-09 15:00:00+00:00,2026-09-09 11:00:00-04:00
1788969600000,762.17,762.86,761.32,762.566,2777456.975099,2116409129.0260503,2116409129.026050431154616,2026-09-09 16:00:00+00:00,2026-09-09 12:00:00-04:00
1788973200000,762.575,763.32,762.372,763.02,2381263.559575,1816613104.741394,1816613104.7413941397,2026-09-09 17:00:00+00:00,2026-09-09 13:00:00-04:00
1788976800000,763.02,763.39,762.28,762.91,2912969.415737,2222148882.3530183,2222148882.353018302761648,2026-09-09 18:00:00+00:00,2026-09-09 14:00:00-04:00
1788980400000,762.92,763.4097,762.1,762.4,9300169.2223,7096422421.1745,7096422421.1744997694,2026-09-09 19:00:00+00:00,2026-09-09 15:00:00-04:00
1788984000000,762.45,762.7697,762.2,762.7632,4627926.360065,3528496065.7293544,3528496065.7293546368,2026-09-09 20:00:00+00:00,2026-09-09 16:00:00-04:00
1788987600000,762.763,762.9308,762.19,762.6028,803823.286602,613095204.5108289,613095204.5108289042185547,2026-09-09 21:00:00+00:00,2026-09-09 17:00:00-04:00
1788991200000,762.8,763.04,762.58,762.6773,48459.084122,36960922.42953191,36960922.4295319059,2026-09-09 22:00:00+00:00,2026-09-09 18:00:00-04:00
1788994800000,762.7004,763.255,762.5687,763.12,28235.924162,21537284.720038865,21537284.7200388649373485,2026-09-09 23:00:00+00:00,2026-09-09 19:00:00-04:00
1788998400000,763.13,763.66,762.8,762.83,26249.0,20036205.34,20036205.34,2026-09-10 00:00:00+00:00,2026-09-09 20:00:00-04:00
1789002000000,762.85,763.22,762.46,763.2,8163.0,6226584.99,6226584.99,2026-09-10 01:00:00+00:00,2026-09-09 21:00:00-04:00
1789005600000,763.12,763.56,762.91,763.48,5393.0,4115593.38,4115593.38,2026-09-10 02:00:00+00:00,2026-09-09 22:00:00-04:00
1789009200000,763.53,763.67,763.26,763.59,5035.0,3843874.63,3843874.63,2026-09-10 03:00:00+00:00,2026-09-09 23:00:00-04:00
1789012800000,763.59,764.0,763.53,763.95,1331.0,1016557.76,1016557.76,2026-09-10 04:00:00+00:00,2026-09-10 00:00:00-04:00
1789016400000,763.97,764.55,763.83,764.35,5345.0,4084811.79,4084811.79,2026-09-10 05:00:00+00:00,2026-09-10 01:00:00-04:00
1789020000000,764.35,764.61,763.96,764.41,3386.0,2588179.69,2588179.69,2026-09-10 06:00:00+00:00,2026-09-10 02:00:00-04:00
1789023600000,764.4,764.43,763.72,763.98,6404.0,4893244.17,4893244.17,2026-09-10 07:00:00+00:00,2026-09-10 03:00:00-04:00
1789027200000,763.991,764.7172,762.4,763.2812,46768.261744,35727569.3692412,35727569.3692411989,2026-09-10 08:00:00+00:00,2026-09-10 04:00:00-04:00
1789030800000,763.2787,763.63,762.7,763.26,13370.99012,10204877.214785226,10204877.2147852267,2026-09-10 09:00:00+00:00,2026-09-10 05:00:00-04:00
1789034400000,763.22,763.65,762.7295,762.9515,49971.462302,38136893.16290527,38136893.1629052686,2026-09-10 10:00:00+00:00,2026-09-10 06:00:00-04:00
1789038000000,762.9223,762.9368,761.2812,761.3387,176756.916822,134762026.503752,134762026.5037520031,2026-09-10 11:00:00+00:00,2026-09-10 07:00:00-04:00
1789041600000,761.35,762.4,757.86,758.23,1002014.211853,760918725.596677,760918725.5966769058,2026-09-10 12:00:00+00:00,2026-09-10 08:00:00-04:00
1789045200000,758.25,759.01,756.7022,756.76,7290826.928574,5527075934.820889,5527075934.8208894738584178,2026-09-10 13:00:00+00:00,2026-09-10 09:00:00-04:00
1789048800000,756.752,760.09,756.64,759.3995,8508864.884571,6454296339.082157,6454296339.08215700792711,2026-09-10 14:00:00+00:00,2026-09-10 10:00:00-04:00
1789052400000,759.39,759.97,758.22,758.54,5111682.323631,3880207520.666696,3880207520.666695566729763,2026-09-10 15:00:00+00:00,2026-09-10 11:00:00-04:00
1789056000000,758.55,759.345,757.26,759.21,3687741.475578,2796887622.6913266,2796887622.6913262743,2026-09-10 16:00:00+00:00,2026-09-10 12:00:00-04:00
1789059600000,759.2,759.85,758.03,758.275,2825357.212006,2143648690.2101288,2143648690.2101287291,2026-09-10 17:00:00+00:00,2026-09-10 13:00:00-04:00
1789063200000,758.27,758.5599,757.2599,757.8001,3605488.500682,2732350731.77831,2732350731.7783097232,2026-09-10 18:00:00+00:00,2026-09-10 14:00:00-04:00
1789066800000,757.775,758.28,757.31,757.83,9043734.391744,6857815597.796505,6857815597.796504670129035,2026-09-10 19:00:00+00:00,2026-09-10 15:00:00-04:00
1789070400000,757.87,758.64,757.58,758.1207,3435213.560318,2604333270.2291694,2604333270.22916989857496,2026-09-10 20:00:00+00:00,2026-09-10 16:00:00-04:00
1789074000000,758.1663,758.5,757.66,758.5,815727.9579339998,618461592.1566529,618461592.156652893973436,2026-09-10 21:00:00+00:00,2026-09-10 17:00:00-04:00
1789077600000,758.2,758.7445,757.85,758.0,91275.893315,69212718.57421206,69212718.5742120648,2026-09-10 22:00:00+00:00,2026-09-10 18:00:00-04:00
1789081200000,758.0,758.2,757.4611,757.54,25929.137199,19653982.970056698,19653982.9700566967,2026-09-10 23:00:00+00:00,2026-09-10 19:00:00-04:00
1789084800000,757.88,759.64,757.78,759.63,29800.0,22612343.53,22612343.53,2026-09-11 00:00:00+00:00,2026-09-10 20:00:00-04:00
1789088400000,759.65,759.87,758.97,759.27,12780.0,9706392.38,9706392.38,2026-09-11 01:00:00+00:00,2026-09-10 21:00:00-04:00
1789092000000,759.27,759.38,758.58,758.7,8536.0,6478785.61,6478785.61,2026-09-11 02:00:00+00:00,2026-09-10 22:00:00-04:00
1789095600000,758.58,758.7,758.1,758.44,6205.0,4705872.68,4705872.68,2026-09-11 03:00:00+00:00,2026-09-10 23:00:00-04:00
1789099200000,758.39,759.7,758.27,759.4,6373.0,4837630.04,4837630.04,2026-09-11 04:00:00+00:00,2026-09-11 00:00:00-04:00
1789102800000,759.41,761.0,759.36,760.87,18013.0,13689412.74,13689412.74,2026-09-11 05:00:00+00:00,2026-09-11 01:00:00-04:00
1789106400000,760.88,761.46,760.6,761.43,9682.0,7367950.1,7367950.1,2026-09-11 06:00:00+00:00,2026-09-11 02:00:00-04:00
1789110000000,761.36,761.52,760.75,760.84,4534.0,3451345.36,3451345.36,2026-09-11 07:00:00+00:00,2026-09-11 03:00:00-04:00
1789113600000,760.95,762.6,757.83,762.6,142050.288804,108149505.84850912,108149505.848509122356152,2026-09-11 08:00:00+00:00,2026-09-11 04:00:00-04:00
1789117200000,762.651,762.87,761.9292,762.38,33703.67943,25695275.131402556,25695275.1314025537,2026-09-11 09:00:00+00:00,2026-09-11 05:00:00-04:00
1789120800000,762.37,762.73,761.9,762.1787,37957.213142,28937637.541071255,28937637.5410712596,2026-09-11 10:00:00+00:00,2026-09-11 06:00:00-04:00
1789124400000,762.1113,762.4684,757.83,762.3592,180882.81971,137855817.356547,137855817.3565470187,2026-09-11 11:00:00+00:00,2026-09-11 07:00:00-04:00
1789128000000,762.3273,765.9301,760.58,765.8133,1472621.550686,1123162234.1791303,1123162234.179130507,2026-09-11 12:00:00+00:00,2026-09-11 08:00:00-04:00
1789131600000,765.83,766.5585,764.225,766.31,5895829.856552,4511927640.622434,4511927640.6224343983778,2026-09-11 13:00:00+00:00,2026-09-11 09:00:00-04:00
1789135200000,766.2891,766.33,763.6,763.96,5545922.17627,4241964251.417041,4241964251.4170410612,2026-09-11 14:00:00+00:00,2026-09-11 10:00:00-04:00
1789138800000,763.9543,766.26,763.81,765.725,3602276.207075,2757618563.5992327,2757618563.599233161115632,2026-09-11 15:00:00+00:00,2026-09-11 11:00:00-04:00
1789142400000,765.73,766.2,764.81,765.61,4998521.053849,3821110098.0541086,3821110098.0541093539,2026-09-11 16:00:00+00:00,2026-09-11 12:00:00-04:00
1789146000000,765.67,766.33,765.52,765.74,4573212.008348,3502249239.440552,3502249239.4405517382696,2026-09-11 17:00:00+00:00,2026-09-11 13:00:00-04:00
1789149600000,765.75,765.97,764.94,765.04,3952839.207044,3025453544.036288,3025453544.0362878326,2026-09-11 18:00:00+00:00,2026-09-11 14:00:00-04:00
1789153200000,765.04,765.3,764.04,764.29,10604488.027266,8103815701.547599,8103815701.54759877119872,2026-09-11 19:00:00+00:00,2026-09-11 15:00:00-04:00
1789156800000,764.195,764.6,764.0,764.42,6286540.196211,4805028163.110984,4805028163.1109840595,2026-09-11 20:00:00+00:00,2026-09-11 16:00:00-04:00
1789160400000,764.5299,764.65,764.0,764.5,378687.915687,289470429.93580365,289470429.935803678266485,2026-09-11 21:00:00+00:00,2026-09-11 17:00:00-04:00
1789164000000,764.4203,764.8767,764.3,764.73,41989.920553,32107086.801932417,32107086.8019324196,2026-09-11 22:00:00+00:00,2026-09-11 18:00:00-04:00
1789167600000,764.7127,764.7242,764.2501,764.4825,4523.646732,3458088.8161540898,3458088.8161540896152922,2026-09-11 23:00:00+00:00,2026-09-11 19:00:00-04:00
1789171200000,764.76,764.76,764.76,764.76,0.0134,10.247784,10.247784,2026-09-12 00:00:00+00:00,2026-09-11 20:00:00-04:00
1789174800000,764.76,764.9,764.34,764.34,2.8466,2176.46764,2176.46764,2026-09-12 01:00:00+00:00,2026-09-11 21:00:00-04:00
1789182000000,764.91,764.91,764.91,764.91,0.0655,50.101605,50.101605,2026-09-12 03:00:00+00:00,2026-09-11 23:00:00-04:00
1789185600000,765.12,765.23,764.34,765.23,0.4402,336.69793,336.69793,2026-09-12 04:00:00+00:00,2026-09-12 00:00:00-04:00
1789196400000,765.24,765.24,764.34,764.34,0.2942,225.001218,225.001218,2026-09-12 07:00:00+00:00,2026-09-12 03:00:00-04:00
1789200000000,765.26,765.66,764.34,764.34,2.9717,2273.084345,2273.084345,2026-09-12 08:00:00+00:00,2026-09-12 04:00:00-04:00
1789203600000,765.59,765.67,764.34,765.67,0.8104,620.281136,620.281136,2026-09-12 09:00:00+00:00,2026-09-12 05:00:00-04:00
1789218000000,765.72,765.72,765.72,765.72,0.0131,10.030932,10.030932,2026-09-12 13:00:00+00:00,2026-09-12 09:00:00-04:00
1789228800000,765.72,765.72,765.72,765.72,0.0143,10.949796,10.949796,2026-09-12 16:00:00+00:00,2026-09-12 12:00:00-04:00
1789261200000,765.72,765.87,764.34,764.34,2.8422,2174.474826,2174.474826,2026-09-13 01:00:00+00:00,2026-09-12 21:00:00-04:00
1789264800000,765.93,765.93,765.93,765.93,0.0261,19.990773,19.990773,2026-09-13 02:00:00+00:00,2026-09-12 22:00:00-04:00
1789279200000,764.34,764.34,764.34,764.34,0.0155,11.84727,11.84727,2026-09-13 06:00:00+00:00,2026-09-13 02:00:00-04:00
1789290000000,765.93,765.93,765.93,765.93,0.384,294.11712,294.11712,2026-09-13 09:00:00+00:00,2026-09-13 05:00:00-04:00
1789297200000,766.04,766.04,764.43,766.04,13.3589,10233.424547,10233.424547,2026-09-13 11:00:00+00:00,2026-09-13 07:00:00-04:00
1789304400000,766.07,766.07,766.07,766.07,0.0195,14.938365,14.938365,2026-09-13 13:00:00+00:00,2026-09-13 09:00:00-04:00
1789308000000,766.07,766.07,766.07,766.07,0.0261,19.994427,19.994427,2026-09-13 14:00:00+00:00,2026-09-13 10:00:00-04:00
1789311600000,765.77,765.77,765.77,765.77,0.384,294.05568,294.05568,2026-09-13 15:00:00+00:00,2026-09-13 11:00:00-04:00
1789315200000,766.07,766.07,766.07,766.07,0.0131,10.035517,10.035517,2026-09-13 16:00:00+00:00,2026-09-13 12:00:00-04:00
1789318800000,765.77,765.77,765.77,765.77,0.0769,58.887713,58.887713,2026-09-13 17:00:00+00:00,2026-09-13 13:00:00-04:00
1789333200000,765.77,765.77,765.77,765.77,0.0458,35.072266,35.072266,2026-09-13 21:00:00+00:00,2026-09-13 17:00:00-04:00
1789344000000,759.72,760.83,759.72,760.51,24380.0,18538886.62,18538886.62,2026-09-14 00:00:00+00:00,2026-09-13 20:00:00-04:00
1789347600000,760.5,761.81,760.39,761.69,19754.0,15026823.75,15026823.75,2026-09-14 01:00:00+00:00,2026-09-13 21:00:00-04:00
1789351200000,761.64,761.72,761.28,761.3,7836.0,5967366.3,5967366.3,2026-09-14 02:00:00+00:00,2026-09-13 22:00:00-04:00
1789354800000,761.32,761.32,760.55,760.63,6183.0,4704254.76,4704254.76,2026-09-14 03:00:00+00:00,2026-09-13 23:00:00-04:00
1789358400000,760.66,760.8,760.32,760.37,10912.0,8299633.8,8299633.8,2026-09-14 04:00:00+00:00,2026-09-14 00:00:00-04:00
1789362000000,760.38,760.47,759.9,760.4,18259.0,13881023.75,13881023.75,2026-09-14 05:00:00+00:00,2026-09-14 01:00:00-04:00
1789365600000,760.44,760.77,759.21,759.37,15595.0,11852474.65,11852474.65,2026-09-14 06:00:00+00:00,2026-09-14 02:00:00-04:00
1789369200000,759.37,759.89,758.77,759.18,11906.0,9039667.07,9039667.07,2026-09-14 07:00:00+00:00,2026-09-14 03:00:00-04:00
1789372800000,759.3284,760.8285,758.6,759.0718,109560.77807,83190119.58801053,83190119.588010538606157,2026-09-14 08:00:00+00:00,2026-09-14 04:00:00-04:00
1789376400000,759.15,759.34,757.77,757.8917,70408.158013,53386056.02976897,53386056.0297689841,2026-09-14 09:00:00+00:00,2026-09-14 05:00:00-04:00
1789380000000,758.1752,759.44,757.9937,759.35,69531.314632,52756123.258165255,52756123.2581652556,2026-09-14 10:00:00+00:00,2026-09-14 06:00:00-04:00
1789383600000,759.3188,764.29,759.0933,759.473,371091.995234,281904827.85404015,281904827.8540401405,2026-09-14 11:00:00+00:00,2026-09-14 07:00:00-04:00
1789387200000,759.5,759.8,758.06,759.0459,456837.068426,346702817.48213613,346702817.4821361812,2026-09-14 12:00:00+00:00,2026-09-14 08:00:00-04:00
1789390800000,759.0459,760.59,758.03,760.0,4191837.974974,3182710572.925561,3182710572.9255610543170058,2026-09-14 13:00:00+00:00,2026-09-14 09:00:00-04:00
1789394400000,759.9864,761.115,757.93,758.57,5946175.312618,4514151716.435809,4514151716.43580870595472,2026-09-14 14:00:00+00:00,2026-09-14 10:00:00-04:00
1789398000000,758.59,762.23,758.15,761.75,6162965.69866,4684825279.066365,4684825279.0663650389,2026-09-14 15:00:00+00:00,2026-09-14 11:00:00-04:00
1789401600000,761.765,763.52,761.21,762.9,3474395.765637,2648360702.8773994,2648360702.877399425,2026-09-14 16:00:00+00:00,2026-09-14 12:00:00-04:00
1789405200000,762.9,763.06,761.904,762.3499,2675611.092369,2040334015.5013404,2040334015.5013404117,2026-09-14 17:00:00+00:00,2026-09-14 13:00:00-04:00
1789408800000,762.355,762.83,761.9175,762.128,5196309.044002,3963925581.026688,3963925581.0266881625,2026-09-14 18:00:00+00:00,2026-09-14 14:00:00-04:00
1789412400000,762.14,762.21,760.66,760.88,10171248.461642,7747842440.507043,7747842440.50704461,2026-09-14 19:00:00+00:00,2026-09-14 15:00:00-04:00
1789416000000,760.81,761.4888,760.48,761.485,4015281.231257,3054848725.3766418,3054848725.3766418575,2026-09-14 20:00:00+00:00,2026-09-14 16:00:00-04:00
1789419600000,761.38,761.46,760.71,761.2111,655621.510387,498968122.3914359,498968122.3914359009,2026-09-14 21:00:00+00:00,2026-09-14 17:00:00-04:00
1789423200000,761.32,761.44,761.0219,761.2167,51476.242435,39183202.92541483,39183202.925414831,2026-09-14 22:00:00+00:00,2026-09-14 18:00:00-04:00
1789426800000,761.1716,761.25,760.9501,761.1598,35450.808907,26981060.52220685,26981060.5222068558,2026-09-14 23:00:00+00:00,2026-09-14 19:00:00-04:00
1789430400000,761.3,761.69,760.87,761.45,17096.0,13013883.6,13013883.6,2026-09-15 00:00:00+00:00,2026-09-14 20:00:00-04:00
1789434000000,761.41,761.69,760.7,760.92,11139.0,8480762.55,8480762.55,2026-09-15 01:00:00+00:00,2026-09-14 21:00:00-04:00
1789437600000,760.97,761.16,760.65,760.69,3597.0,2736772.14,2736772.14,2026-09-15 02:00:00+00:00,2026-09-14 22:00:00-04:00
1789441200000,760.69,760.71,759.82,759.84,5005.0,3805474.25,3805474.25,2026-09-15 03:00:00+00:00,2026-09-14 23:00:00-04:00
1789444800000,759.83,760.08,758.6,758.6,4906.0,3724531.03,3724531.03,2026-09-15 04:00:00+00:00,2026-09-15 00:00:00-04:00
1789448400000,758.59,759.55,758.02,759.22,5634.0,4273878.44,4273878.44,2026-09-15 05:00:00+00:00,2026-09-15 01:00:00-04:00
1789452000000,759.34,759.42,758.2,758.52,3348.0,2540339.65,2540339.65,2026-09-15 06:00:00+00:00,2026-09-15 02:00:00-04:00
1789455600000,758.4,758.63,757.06,757.5,8981.0,6805863.59,6805863.59,2026-09-15 07:00:00+00:00,2026-09-15 03:00:00-04:00
1789459200000,757.59,760.88,756.2034,756.7212,140212.73315400002,106153247.07934828,106153247.079348293044154,2026-09-15 08:00:00+00:00,2026-09-15 04:00:00-04:00
1789462800000,756.79,758.32,756.2815,758.2112,38168.392872,28897912.59550781,28897912.5955078150433131,2026-09-15 09:00:00+00:00,2026-09-15 05:00:00-04:00
1789466400000,758.281,759.51,758.17,759.2946,49161.278964,37302903.43079132,37302903.4307913181,2026-09-15 10:00:00+00:00,2026-09-15 06:00:00-04:00
1789470000000,759.29,760.88,759.2769,759.86,157953.82215,119974263.0147064,119974263.0147064049,2026-09-15 11:00:00+00:00,2026-09-15 07:00:00-04:00
1789473600000,759.8,761.3823,759.5415,760.59,186515.03548,141814137.38393888,141814137.3839388715,2026-09-15 12:00:00+00:00,2026-09-15 08:00:00-04:00
1789477200000,760.55,761.485,758.73,759.51,3085149.247957,2343718025.966877,2343718025.9668771393,2026-09-15 13:00:00+00:00,2026-09-15 09:00:00-04:00
1789480800000,759.5406,759.5406,756.15,756.44,7090621.08911,5372275192.2271595,5372275192.2271585592,2026-09-15 14:00:00+00:00,2026-09-15 10:00:00-04:00
1789484400000,756.45,757.75,756.435,757.115,4465977.718767,3381590698.899265,3381590698.8992648218,2026-09-15 15:00:00+00:00,2026-09-15 11:00:00-04:00
1789488000000,757.115,758.06,756.63,757.74,3166171.452306,2398252696.14345,2398252696.1434498345,2026-09-15 16:00:00+00:00,2026-09-15 12:00:00-04:00
1789491600000,757.74,757.85,756.6,757.27,2321539.974766,1757717514.8126316,1757717514.8126315256,2026-09-15 17:00:00+00:00,2026-09-15 13:00:00-04:00
1789495200000,757.3,757.935,756.74,757.49,9341656.023059,7074417004.513737,7074417004.5137372297,2026-09-15 18:00:00+00:00,2026-09-15 14:00:00-04:00
1789498800000,757.47,757.62,756.52,757.39,8779000.563904,6646795577.295767,6646795577.295766658750902,2026-09-15 19:00:00+00:00,2026-09-15 15:00:00-04:00
1789502400000,757.39,758.22,757.39,758.04,8169767.098044998,6192061610.514568,6192061610.51456905922513,2026-09-15 20:00:00+00:00,2026-09-15 16:00:00-04:00
1789506000000,758.05,758.07,757.39,757.91,1558206.767885,1180999085.9935024,1180999085.9935024083,2026-09-15 21:00:00+00:00,2026-09-15 17:00:00-04:00
1789509600000,757.98,758.38,757.861,758.3368,40182.009003,30463539.322606113,30463539.3226061121,2026-09-15 22:00:00+00:00,2026-09-15 18:00:00-04:00
1789513200000,758.339,758.36,757.9617,758.2251,41357.136454,31355338.94317148,31355338.9431714784,2026-09-15 23:00:00+00:00,2026-09-15 19:00:00-04:00
1789516800000,757.97,758.54,757.97,758.34,11288.0,8560233.06,8560233.06,2026-09-16 00:00:00+00:00,2026-09-15 20:00:00-04:00
1789520400000,758.29,758.57,757.68,757.74,8899.0,6746711.66,6746711.66,2026-09-16 01:00:00+00:00,2026-09-15 21:00:00-04:00
1789524000000,757.86,758.66,757.85,758.59,6707.0,5085904.15,5085904.15,2026-09-16 02:00:00+00:00,2026-09-15 22:00:00-04:00
1789527600000,758.63,759.6,758.63,759.08,9136.0,6935945.71,6935945.71,2026-09-16 03:00:00+00:00,2026-09-15 23:00:00-04:00
1789531200000,759.13,759.25,758.53,758.74,3726.0,2827633.5,2827633.5,2026-09-16 04:00:00+00:00,2026-09-16 00:00:00-04:00
1789534800000,758.6,759.2,758.36,758.94,6391.0,4849660.32,4849660.32,2026-09-16 05:00:00+00:00,2026-09-16 01:00:00-04:00
1789538400000,758.9,759.26,758.77,759.08,4054.0,3077068.56,3077068.56,2026-09-16 06:00:00+00:00,2026-09-16 02:00:00-04:00
1789542000000,759.29,759.57,758.8,758.87,5851.0,4442148.54,4442148.54,2026-09-16 07:00:00+00:00,2026-09-16 03:00:00-04:00
1789545600000,759.11,759.588,757.39,759.03,52043.44147,39486941.98276866,39486941.9827686655,2026-09-16 08:00:00+00:00,2026-09-16 04:00:00-04:00
1789549200000,759.05,759.29,758.4095,759.189,21301.608713,16163989.62657047,16163989.62657047012409843,2026-09-16 09:00:00+00:00,2026-09-16 05:00:00-04:00
1789552800000,759.1218,759.4517,758.8012,759.44,21826.023356,16567800.961143108,16567800.9611431079036468,2026-09-16 10:00:00+00:00,2026-09-16 06:00:00-04:00
1789556400000,759.44,760.1523,757.39,760.1162,144013.949633,109402009.08374251,109402009.0837425136,2026-09-16 11:00:00+00:00,2026-09-16 07:00:00-04:00
1789560000000,760.1799,760.53,757.39,759.86,222522.902108,169108227.75675702,169108227.7567570225,2026-09-16 12:00:00+00:00,2026-09-16 08:00:00-04:00
1789563600000,759.81,760.43,758.723,760.2,2853448.680485,2167042800.5793896,2167042800.579389689195048,2026-09-16 13:00:00+00:00,2026-09-16 09:00:00-04:00
1789567200000,760.23,760.42,758.76,760.21,3986783.050792,3028008502.949045,3028008502.94904553867358,2026-09-16 14:00:00+00:00,2026-09-16 10:00:00-04:00
1789570800000,760.22,760.61,760.16,760.44,525478.0,399584023.0012,399584023.0012,2026-09-16 15:00:00+00:00,2026-09-16 11:00:00-04:00
