ts,open,high,low,close,vol,quoteVol,extra,dt_utc,dt_et
1789101000000,759.34,759.5,759.34,759.42,1261.0,957618.84,957618.84,2026-09-11 04:30:00+00:00,2026-09-11 00:30:00-04:00
1789101300000,759.3,759.39,759.3,759.34,36.0,27336.38,27336.38,2026-09-11 04:35:00+00:00,2026-09-11 00:35:00-04:00
1789101600000,759.37,759.5,759.37,759.49,51.0,38731.72,38731.72,2026-09-11 04:40:00+00:00,2026-09-11 00:40:00-04:00
1789101900000,759.49,759.54,759.44,759.54,143.0,108603.15,108603.15,2026-09-11 04:45:00+00:00,2026-09-11 00:45:00-04:00
1789102200000,759.52,759.7,759.52,759.54,504.0,382854.52,382854.52,2026-09-11 04:50:00+00:00,2026-09-11 00:50:00-04:00
1789102500000,759.58,759.58,759.4,759.4,131.0,99498.79,99498.79,2026-09-11 04:55:00+00:00,2026-09-11 00:55:00-04:00
1789102800000,759.41,759.42,759.36,759.38,106.0,80494.39,80494.39,2026-09-11 05:00:00+00:00,2026-09-11 01:00:00-04:00
1789103100000,759.47,759.76,759.47,759.74,3700.0,2810561.7,2810561.7,2026-09-11 05:05:00+00:00,2026-09-11 01:05:00-04:00
1789103400000,759.71,759.88,759.67,759.88,3260.0,2476644.8,2476644.8,2026-09-11 05:10:00+00:00,2026-09-11 01:10:00-04:00
1789103700000,759.93,759.93,759.7,759.7,271.0,205889.39,205889.39,2026-09-11 05:15:00+00:00,2026-09-11 01:15:00-04:00
1789104000000,759.69,759.72,759.6,759.68,378.0,287154.63,287154.63,2026-09-11 05:20:00+00:00,2026-09-11 01:20:00-04:00
1789104300000,759.63,759.63,759.49,759.49,510.0,387386.62,387386.62,2026-09-11 05:25:00+00:00,2026-09-11 01:25:00-04:00
1789104600000,759.53,759.77,759.53,759.77,663.0,503663.18,503663.18,2026-09-11 05:30:00+00:00,2026-09-11 01:30:00-04:00
1789104900000,759.85,759.95,759.78,759.95,622.0,472647.03,472647.03,2026-09-11 05:35:00+00:00,2026-09-11 01:35:00-04:00
1789105200000,760.0,760.3,759.95,760.3,6291.0,4782573.25,4782573.25,2026-09-11 05:40:00+00:00,2026-09-11 01:40:00-04:00
1789105500000,760.25,760.52,760.06,760.52,955.0,726154.78,726154.78,2026-09-11 05:45:00+00:00,2026-09-11 01:45:00-04:00
1789105800000,760.51,760.81,760.4,760.8,586.0,445689.25,445689.25,2026-09-11 05:50:00+00:00,2026-09-11 01:50:00-04:00
1789106100000,760.76,761.0,760.76,760.87,671.0,510553.72,510553.72,2026-09-11 05:55:00+00:00,2026-09-11 01:55:00-04:00
1789106400000,760.88,760.89,760.67,760.67,946.0,719690.7,719690.7,2026-09-11 06:00:00+00:00,2026-09-11 02:00:00-04:00
1789106700000,760.62,761.1,760.6,760.89,2716.0,2066846.22,2066846.22,2026-09-11 06:05:00+00:00,2026-09-11 02:05:00-04:00
1789107000000,760.88,761.16,760.8,761.11,599.0,455844.54,455844.54,2026-09-11 06:10:00+00:00,2026-09-11 02:10:00-04:00
1789107300000,761.11,761.13,760.96,761.04,900.0,684996.16,684996.16,2026-09-11 06:15:00+00:00,2026-09-11 02:15:00-04:00
1789107600000,761.05,761.05,760.88,760.93,505.0,384263.11,384263.11,2026-09-11 06:20:00+00:00,2026-09-11 02:20:00-04:00
1789107900000,760.88,761.0,760.84,760.95,889.0,676459.45,676459.45,2026-09-11 06:25:00+00:00,2026-09-11 02:25:00-04:00
1789108200000,760.98,761.15,760.64,760.7,428.0,325608.53,325608.53,2026-09-11 06:30:00+00:00,2026-09-11 02:30:00-04:00
1789108500000,760.8,760.9,760.77,760.9,476.0,362151.67,362151.67,2026-09-11 06:35:00+00:00,2026-09-11 02:35:00-04:00
1789108800000,760.95,760.97,760.95,760.97,88.0,66963.62,66963.62,2026-09-11 06:40:00+00:00,2026-09-11 02:40:00-04:00
1789109100000,761.02,761.46,761.02,761.4,1554.0,1182794.82,1182794.82,2026-09-11 06:45:00+00:00,2026-09-11 02:45:00-04:00
1789109400000,761.31,761.35,761.26,761.28,163.0,124091.94,124091.94,2026-09-11 06:50:00+00:00,2026-09-11 02:50:00-04:00
1789109700000,761.3,761.43,761.27,761.43,418.0,318239.34,318239.34,2026-09-11 06:55:00+00:00,2026-09-11 02:55:00-04:00
1789110000000,761.36,761.52,761.3,761.52,1241.0,944933.33,944933.33,2026-09-11 07:00:00+00:00,2026-09-11 03:00:00-04:00
1789110300000,761.5,761.51,761.36,761.43,287.0,218533.18,218533.18,2026-09-11 07:05:00+00:00,2026-09-11 03:05:00-04:00
1789110600000,761.41,761.5,761.32,761.32,328.0,249738.23,249738.23,2026-09-11 07:10:00+00:00,2026-09-11 03:10:00-04:00
1789110900000,761.26,761.38,761.26,761.29,445.0,338785.52,338785.52,2026-09-11 07:15:00+00:00,2026-09-11 03:15:00-04:00
1789111200000,761.31,761.32,761.26,761.29,308.0,234475.01,234475.01,2026-09-11 07:20:00+00:00,2026-09-11 03:20:00-04:00
1789111500000,761.17,761.17,761.03,761.03,696.0,529698.93,529698.93,2026-09-11 07:25:00+00:00,2026-09-11 03:25:00-04:00
1789111800000,761.06,761.08,760.85,760.85,465.0,353872.46,353872.46,2026-09-11 07:30:00+00:00,2026-09-11 03:30:00-04:00
1789112100000,760.85,761.02,760.85,760.97,289.0,219909.0,219909,2026-09-11 07:35:00+00:00,2026-09-11 03:35:00-04:00
1789112400000,760.99,761.0,760.84,760.96,159.0,120981.42,120981.42,2026-09-11 07:40:00+00:00,2026-09-11 03:40:00-04:00
1789112700000,760.84,760.86,760.75,760.75,132.0,100428.44,100428.44,2026-09-11 07:45:00+00:00,2026-09-11 03:45:00-04:00
1789113000000,760.75,760.81,760.75,760.77,71.0,54016.57,54016.57,2026-09-11 07:50:00+00:00,2026-09-11 03:50:00-04:00
1789113300000,760.89,760.89,760.82,760.84,113.0,85973.27,85973.27,2026-09-11 07:55:00+00:00,2026-09-11 03:55:00-04:00
1789113600000,760.95,761.539,757.83,760.86,8638.0,6566621.8961,6566621.8961,2026-09-11 08:00:00+00:00,2026-09-11 04:00:00-04:00
1789113900000,760.8185,761.45,760.679,760.679,5276.99376,4015004.0707774144,4015004.0707774142,2026-09-11 08:05:00+00:00,2026-09-11 04:05:00-04:00
1789114200000,760.88,761.0194,760.6382,761.0194,4456.008059,3390490.5732367556,3390490.5732367554,2026-09-11 08:10:00+00:00,2026-09-11 04:10:00-04:00
1789114500000,760.965,761.34,760.965,761.149,667.0,507670.519,507670.519,2026-09-11 08:15:00+00:00,2026-09-11 04:15:00-04:00
1789114800000,761.17,762.56,761.1415,761.8077,3401.0,2591911.6203,2591911.6203,2026-09-11 08:20:00+00:00,2026-09-11 04:20:00-04:00
1789115100000,761.7882,761.81,761.339,761.3885,4366.565358999999,3326379.5146453558,3326379.5146453553382121,2026-09-11 08:25:00+00:00,2026-09-11 04:25:00-04:00
1789115400000,761.37,762.03,761.37,761.939,6070.130055,4624650.5846378235,4624650.5846378225,2026-09-11 08:30:00+00:00,2026-09-11 04:30:00-04:00
1789115700000,761.9561,762.02,761.75,761.75,2660.187766,2026725.9142630703,2026725.9142630704,2026-09-11 08:35:00+00:00,2026-09-11 04:35:00-04:00
1789116000000,761.83,761.83,761.7087,761.7087,1068.001995,813572.8387333445,813572.8387333445,2026-09-11 08:40:00+00:00,2026-09-11 04:40:00-04:00
1789116300000,761.6892,761.97,761.6487,761.949,1886.272184,1437020.879908904,1437020.8799089041523662,2026-09-11 08:45:00+00:00,2026-09-11 04:45:00-04:00
1789116600000,761.9687,762.4,761.9687,762.2987,8216.099519,6262842.322205336,6262842.3222053359,2026-09-11 08:50:00+00:00,2026-09-11 04:50:00-04:00
1789116900000,762.27,762.6,762.27,762.6,654.066228,498684.69104847,498684.69104847,2026-09-11 08:55:00+00:00,2026-09-11 04:55:00-04:00
1789117200000,762.651,762.87,762.5,762.54,2035.0,1552095.0168,1552095.0168,2026-09-11 09:00:00+00:00,2026-09-11 05:00:00-04:00
1789117500000,762.549,762.549,762.219,762.219,596.06263,454475.90737396,454475.90737396,2026-09-11 09:05:00+00:00,2026-09-11 05:05:00-04:00
1789117800000,762.1992,762.2,761.98,762.0017,1719.154445,1310199.9118095124,1310199.9118095125,2026-09-11 09:10:00+00:00,2026-09-11 05:10:00-04:00
1789118100000,762.0195,762.225,761.9292,762.225,1245.141893,948807.5662065432,948807.5662065432,2026-09-11 09:15:00+00:00,2026-09-11 05:15:00-04:00
1789118400000,762.19,762.26,762.15,762.17,165.0,125759.3577,125759.3577,2026-09-11 09:20:00+00:00,2026-09-11 05:20:00-04:00
1789118700000,762.16,762.2092,762.16,762.1888,55.0,41919.92,41919.92,2026-09-11 09:25:00+00:00,2026-09-11 05:25:00-04:00
1789119000000,762.19,762.275,762.1425,762.22,239.0,182173.908,182173.908,2026-09-11 09:30:00+00:00,2026-09-11 05:30:00-04:00
1789119300000,762.24,762.26,762.1887,762.1887,101.0,76985.0727,76985.0727,2026-09-11 09:35:00+00:00,2026-09-11 05:35:00-04:00
1789119600000,762.2492,762.25,762.1792,762.1792,334.027491,254619.0136140538,254619.0136140538,2026-09-11 09:40:00+00:00,2026-09-11 05:40:00-04:00
1789119900000,762.1992,762.3015,762.1992,762.2312,258.204892,196808.7779927876,196808.7779927876,2026-09-11 09:45:00+00:00,2026-09-11 05:45:00-04:00
1789120200000,762.23,762.24,762.2,762.23,3955.0,3014657.9057,3014657.9057,2026-09-11 09:50:00+00:00,2026-09-11 05:50:00-04:00
1789120500000,762.24,762.475,762.2226,762.38,571.703677,435834.0995213682,435834.0995213682,2026-09-11 09:55:00+00:00,2026-09-11 05:55:00-04:00
1789120800000,762.37,762.73,761.9,762.73,795.0,606168.1266,606168.1266,2026-09-11 10:00:00+00:00,2026-09-11 06:00:00-04:00
1789121100000,762.6064,762.645,762.5923,762.645,605.0,461381.356,461381.356,2026-09-11 10:05:00+00:00,2026-09-11 06:05:00-04:00
1789121400000,762.6,762.6,762.412,762.4807,86.063965,65622.028891519,65622.028891519,2026-09-11 10:10:00+00:00,2026-09-11 06:10:00-04:00
1789121700000,762.51,762.559,762.4092,762.51,487.0,371341.0727,371341.0727,2026-09-11 10:15:00+00:00,2026-09-11 06:15:00-04:00
1789122000000,762.4092,762.5,762.329,762.4019,551.0,420122.0323,420122.0323,2026-09-11 10:20:00+00:00,2026-09-11 06:20:00-04:00
1789122300000,762.4787,762.4787,762.2455,762.319,715.006164,545147.6824752288,545147.6824752288,2026-09-11 10:25:00+00:00,2026-09-11 06:25:00-04:00
1789122600000,762.31,762.5,762.31,762.5,2265.035872,1726809.6674626337,1726809.6674626336,2026-09-11 10:30:00+00:00,2026-09-11 06:30:00-04:00
1789122900000,762.5,762.5487,762.35,762.4599,1090.0,831025.0323,831025.0323,2026-09-11 10:35:00+00:00,2026-09-11 06:35:00-04:00
1789123200000,762.3695,762.42,762.3,762.3,550.0,419308.4723,419308.4723,2026-09-11 10:40:00+00:00,2026-09-11 06:40:00-04:00
1789123500000,762.2519,762.2592,762.09,762.1201,739.0,563208.0516,563208.0516,2026-09-11 10:45:00+00:00,2026-09-11 06:45:00-04:00
1789123800000,762.179,762.179,762.1,762.1195,376.0,286564.1845,286564.1845,2026-09-11 10:50:00+00:00,2026-09-11 06:50:00-04:00
1789124100000,762.1007,762.19,762.089,762.1787,524.032761,399380.1406738489,399380.1406738489,2026-09-11 10:55:00+00:00,2026-09-11 06:55:00-04:00
1789124400000,762.1113,762.22,757.83,762.1,6546.0,4988802.7616,4988802.7616,2026-09-11 11:00:00+00:00,2026-09-11 07:00:00-04:00
1789124700000,762.088,762.0892,761.8395,761.8717,1667.669281,1270794.1437623897,1270794.1437623897,2026-09-11 11:05:00+00:00,2026-09-11 07:05:00-04:00
1789125000000,761.86,761.9793,761.844,761.9192,2493.680924,1899918.728710652,1899918.728710652,2026-09-11 11:10:00+00:00,2026-09-11 07:10:00-04:00
1789125300000,761.8846,762.06,761.8195,762.06,1497.880518,1141210.7274463063,1141210.7274463062,2026-09-11 11:15:00+00:00,2026-09-11 07:15:00-04:00
1789125600000,762.1355,762.14,761.8839,762.0305,6926.023925,5277464.1856758,5277464.1856758,2026-09-11 11:20:00+00:00,2026-09-11 07:20:00-04:00
1789125900000,762.0504,762.3269,762.0504,762.1784,1978.0,1507684.1836,1507684.1836,2026-09-11 11:25:00+00:00,2026-09-11 07:25:00-04:00
1789126200000,762.2099,762.29,761.89,761.89,1557.0,1186736.039,1186736.039,2026-09-11 11:30:00+00:00,2026-09-11 07:30:00-04:00
1789126500000,761.9192,762.07,761.78,762.0465,11109.863014,8464385.265102204,8464385.2651022058,2026-09-11 11:35:00+00:00,2026-09-11 07:35:00-04:00
1789126800000,762.0187,762.2827,762.0187,762.2827,2927.760637,2231404.2446657117,2231404.2446657113,2026-09-11 11:40:00+00:00,2026-09-11 07:40:00-04:00
1789127100000,762.2984,762.3969,762.0203,762.3545,8744.484513,6665261.774969216,6665261.774969216237791,2026-09-11 11:45:00+00:00,2026-09-11 07:45:00-04:00
1789127400000,762.35,762.3856,762.1942,762.2805,22230.411420000004,16946382.57455795,16946382.5745579490492252,2026-09-11 11:50:00+00:00,2026-09-11 07:50:00-04:00
1789127700000,762.3279,762.4684,762.2707,762.3592,1648.0,1256362.5079,1256362.5079,2026-09-11 11:55:00+00:00,2026-09-11 07:55:00-04:00
1789128000000,762.3273,762.3978,762.04,762.2284,7942.0,6053449.4736,6053449.4736,2026-09-11 12:00:00+00:00,2026-09-11 08:00:00-04:00
1789128300000,762.24,762.32,762.15,762.32,10844.319747,8265703.458884622,8265703.4588846222,2026-09-11 12:05:00+00:00,2026-09-11 08:05:00-04:00
1789128600000,762.33,762.6986,762.23,762.45,12356.473028,9420046.986652642,9420046.9866526448,2026-09-11 12:10:00+00:00,2026-09-11 08:10:00-04:00
1789128900000,762.4695,762.8307,762.34,762.74,26386.753151,20121164.046380877,20121164.0463808744124349,2026-09-11 12:15:00+00:00,2026-09-11 08:15:00-04:00
1789129200000,762.76,762.8984,762.61,762.6184,49237.043304,37559025.90419152,37559025.9041915224,2026-09-11 12:20:00+00:00,2026-09-11 08:20:00-04:00
1789129500000,762.62,763.7221,762.5626,763.5,19610.0,14966585.7359,14966585.7359,2026-09-11 12:25:00+00:00,2026-09-11 08:25:00-04:00
1789129800000,762.36,763.64,760.58,762.5,84864.0,64642652.1091,64642652.1091,2026-09-11 12:30:00+00:00,2026-09-11 08:30:00-04:00
1789130100000,762.5289,763.32,762.33,763.05,28638.091264,21844002.96412323,21844002.964123232,2026-09-11 12:35:00+00:00,2026-09-11 08:35:00-04:00
1789130400000,763.0275,763.232,762.73,762.895,29600.372906,22586758.61054806,22586758.6105480614,2026-09-11 12:40:00+00:00,2026-09-11 08:40:00-04:00
1789130700000,762.88,764.05,762.7295,763.86,81041.526715,61862365.081469454,61862365.081469461,2026-09-11 12:45:00+00:00,2026-09-11 08:45:00-04:00
1789131000000,763.89,765.0685,763.841,764.97,103128.799838,78843211.37261006,78843211.3726100766,2026-09-11 12:50:00+00:00,2026-09-11 08:50:00-04:00
1789131300000,764.9387,765.9301,764.919,765.8133,23487.0,17975317.7393,17975317.7393,2026-09-11 12:55:00+00:00,2026-09-11 08:55:00-04:00
1789131600000,765.83,766.5585,765.81,765.9222,49164.0,37663502.083,37663502.083,2026-09-11 13:00:00+00:00,2026-09-11 09:00:00-04:00
1789131900000,765.9392,766.23,765.3497,765.53,45857.325659,35119912.62099127,35119912.6209912632,2026-09-11 13:05:00+00:00,2026-09-11 09:05:00-04:00
1789132200000,765.5354,765.64,764.7815,764.89,63336.156852,48469916.28855581,48469916.288555804,2026-09-11 13:10:00+00:00,2026-09-11 09:10:00-04:00
1789132500000,764.9795,765.0985,764.74,764.76,50488.132876,38620370.72180949,38620370.7218094876,2026-09-11 13:15:00+00:00,2026-09-11 09:15:00-04:00
1789132800000,764.79,765.0,764.76,764.9284,159419.349444,121933127.69276424,121933127.69276423,2026-09-11 13:20:00+00:00,2026-09-11 09:20:00-04:00
1789133100000,764.89,765.4702,764.67,764.8192,17275.0,13214567.2312,13214567.2312,2026-09-11 13:25:00+00:00,2026-09-11 09:25:00-04:00
1789133400000,764.725,765.86,764.225,765.77,1015121.0,776338330.7492,776338330.7492,2026-09-11 13:30:00+00:00,2026-09-11 09:30:00-04:00
1789133700000,765.76,765.99,765.38,765.56,694283.114304,531651970.39186823,531651970.3918682688,2026-09-11 13:35:00+00:00,2026-09-11 09:35:00-04:00
1789134000000,765.61,765.81,764.68,765.45,627013.0,479828175.5507,479828175.5507,2026-09-11 13:40:00+00:00,2026-09-11 09:40:00-04:00
1789134300000,765.49,765.93,764.8,764.97,494391.0,378350975.1434,378350975.1434,2026-09-11 13:45:00+00:00,2026-09-11 09:45:00-04:00
1789134600000,764.99,765.2899,764.73,765.13,428631.0,327914676.4791,327914676.4791,2026-09-11 13:50:00+00:00,2026-09-11 09:50:00-04:00
1789134900000,765.13,766.37,765.025,766.31,362703.0,277776381.4861,277776381.4861,2026-09-11 13:55:00+00:00,2026-09-11 09:55:00-04:00
1789135200000,766.2891,766.33,765.38,765.45,515969.0,395108848.6993,395108848.6993,2026-09-11 14:00:00+00:00,2026-09-11 10:00:00-04:00
1789135500000,765.45,765.6,764.94,765.41,375422.0,287281675.1351,287281675.1351,2026-09-11 14:05:00+00:00,2026-09-11 10:05:00-04:00
1789135800000,765.4,765.69,764.78,764.89,357312.0,273411917.9949,273411917.9949,2026-09-11 14:10:00+00:00,2026-09-11 10:10:00-04:00
1789136100000,764.9,765.75,764.63,765.72,425941.0,325852215.6114,325852215.6114,2026-09-11 14:15:00+00:00,2026-09-11 10:15:00-04:00
1789136400000,765.6801,766.025,765.585,765.76,320232.0,245234286.733,245234286.733,2026-09-11 14:20:00+00:00,2026-09-11 10:20:00-04:00
1789136700000,765.76,766.1,765.57,765.73,195760.0,149919091.9024,149919091.9024,2026-09-11 14:25:00+00:00,2026-09-11 10:25:00-04:00
1789137000000,765.75,765.775,764.7,764.73,381958.0,292247092.6438,292247092.6438,2026-09-11 14:30:00+00:00,2026-09-11 10:30:00-04:00
1789137300000,764.73,764.73,764.04,764.3,559802.0,427938565.5928,427938565.5928,2026-09-11 14:35:00+00:00,2026-09-11 10:35:00-04:00
1789137600000,764.33,764.74,763.88,764.0499,279735.0,213777351.3007,213777351.3007,2026-09-11 14:40:00+00:00,2026-09-11 10:40:00-04:00
1789137900000,764.04,764.8295,763.6,764.67,647152.0,494548096.2896,494548096.2896,2026-09-11 14:45:00+00:00,2026-09-11 10:45:00-04:00
1789138200000,764.715,764.74,764.0,764.07,252897.821171,193313381.01750293,193313381.017502939,2026-09-11 14:50:00+00:00,2026-09-11 10:50:00-04:00
1789138500000,764.0403,764.21,763.7,763.96,250779.0,191576834.1338,191576834.1338,2026-09-11 14:55:00+00:00,2026-09-11 10:55:00-04:00
1789138800000,763.9543,764.668,763.81,764.668,111464.0,85182234.5747,85182234.5747,2026-09-11 15:00:00+00:00,2026-09-11 11:00:00-04:00
1789139100000,764.66,765.25,764.6034,764.9,224500.175636,171739474.11633095,171739474.1163309492,2026-09-11 15:05:00+00:00,2026-09-11 11:05:00-04:00
1789139400000,764.96,764.96,764.12,764.61,222909.0,170426349.3267,170426349.3267,2026-09-11 15:10:00+00:00,2026-09-11 11:10:00-04:00
1789139700000,764.61,765.55,764.61,765.3405,203055.0,155397031.4418,155397031.4418,2026-09-11 15:15:00+00:00,2026-09-11 11:15:00-04:00
1789140000000,765.4,765.888,765.35,765.835,152236.0,116545884.864,116545884.864,2026-09-11 15:20:00+00:00,2026-09-11 11:20:00-04:00
1789140300000,765.86,766.24,765.69,766.01,206372.0,158077335.0952,158077335.0952,2026-09-11 15:25:00+00:00,2026-09-11 11:25:00-04:00
1789140600000,765.97,766.19,765.76,765.9025,152060.0,116469572.6344,116469572.6344,2026-09-11 15:30:00+00:00,2026-09-11 11:30:00-04:00
1789140900000,765.89,766.048,765.62,765.95,669046.237975,512318088.8794097,512318088.879409665,2026-09-11 15:35:00+00:00,2026-09-11 11:35:00-04:00
1789141200000,765.9401,766.26,765.86,766.12,152334.0,116703780.0508,116703780.0508,2026-09-11 15:40:00+00:00,2026-09-11 11:40:00-04:00
1789141500000,766.12,766.14,765.76,765.87,157921.0,120954456.4042,120954456.4042,2026-09-11 15:45:00+00:00,2026-09-11 11:45:00-04:00
1789141800000,765.8799,765.96,765.425,765.53,479167.0,364939472.6712,364939472.6712,2026-09-11 15:50:00+00:00,2026-09-11 11:50:00-04:00
1789142100000,765.54,765.805,765.382,765.725,212226.0,162491039.5857,162491039.5857,2026-09-11 15:55:00+00:00,2026-09-11 11:55:00-04:00
1789142400000,765.73,766.2,765.73,766.1401,1482437.322401,1135520148.9865403,1135520148.986540381,2026-09-11 16:00:00+00:00,2026-09-11 12:00:00-04:00
1789142700000,766.14,766.175,765.74,765.9,241357.0,184846693.7343,184846693.7343,2026-09-11 16:05:00+00:00,2026-09-11 12:05:00-04:00
1789143000000,765.92,765.985,765.53,765.58,98318.397573,75292027.51075932,75292027.510759338570456,2026-09-11 16:10:00+00:00,2026-09-11 12:10:00-04:00
1789143300000,765.585,765.65,765.4,765.49,122244.178081,93579217.11168082,93579217.1116808259,2026-09-11 16:15:00+00:00,2026-09-11 12:15:00-04:00
1789143600000,765.52,765.6,765.26,765.33,182806.195317,139920847.02253574,139920847.0225357409,2026-09-11 16:20:00+00:00,2026-09-11 12:20:00-04:00
1789143900000,765.37,765.59,764.87,764.93,187793.0,143713245.4765,143713245.4765,2026-09-11 16:25:00+00:00,2026-09-11 12:25:00-04:00
1789144200000,764.96,765.76,764.81,765.5801,249318.0,190786064.3169,190786064.3169,2026-09-11 16:30:00+00:00,2026-09-11 12:30:00-04:00
1789144500000,765.58,765.58,764.92,764.95,161294.0,123423903.6097,123423903.6097,2026-09-11 16:35:00+00:00,2026-09-11 12:35:00-04:00
1789144800000,764.94,765.47,764.855,765.45,194371.072924,148720959.37284896,148720959.372848950450547,2026-09-11 16:40:00+00:00,2026-09-11 12:40:00-04:00
1789145100000,765.44,765.605,765.3,765.3,107722.567408,82456666.4098314,82456666.4098314,2026-09-11 16:45:00+00:00,2026-09-11 12:45:00-04:00
1789145400000,765.325,765.55,765.2705,765.41,456249.0,346367291.473,346367291.473,2026-09-11 16:50:00+00:00,2026-09-11 12:50:00-04:00
1789145700000,765.41,765.67,765.38,765.61,464734.0,352874605.2763,352874605.2763,2026-09-11 16:55:00+00:00,2026-09-11 12:55:00-04:00
1789146000000,765.67,765.8401,765.55,765.64,525883.0,399712625.6555,399712625.6555,2026-09-11 17:00:00+00:00,2026-09-11 13:00:00-04:00
1789146300000,765.64,766.08,765.6,765.74,140316.86275899998,107440105.8634878,107440105.863487800486076,2026-09-11 17:05:00+00:00,2026-09-11 13:05:00-04:00
1789146600000,765.735,765.87,765.52,765.5583,144613.0,110722172.9143,110722172.9143,2026-09-11 17:10:00+00:00,2026-09-11 13:10:00-04:00
1789146900000,765.57,765.9201,765.565,765.92,360503.0,274065547.4514,274065547.4514,2026-09-11 17:15:00+00:00,2026-09-11 13:15:00-04:00
1789147200000,765.92,766.25,765.88,766.2395,221405.695216,169604695.40898615,169604695.4089861712,2026-09-11 17:20:00+00:00,2026-09-11 13:20:00-04:00
1789147500000,766.222,766.33,765.91,765.995,271823.0,208231236.5849,208231236.5849,2026-09-11 17:25:00+00:00,2026-09-11 13:25:00-04:00
1789147800000,765.995,766.26,765.915,765.9795,161699.0,123878044.3536,123878044.3536,2026-09-11 17:30:00+00:00,2026-09-11 13:30:00-04:00
1789148100000,765.98,766.04,765.78,765.81,426355.3649,326548713.16765374,326548713.16765373063652,2026-09-11 17:35:00+00:00,2026-09-11 13:35:00-04:00
1789148400000,765.81,766.0,765.79,765.87,224206.0,170707469.4804,170707469.4804,2026-09-11 17:40:00+00:00,2026-09-11 13:40:00-04:00
1789148700000,765.86,765.94,765.72,765.905,379992.0,290003523.6198,290003523.6198,2026-09-11 17:45:00+00:00,2026-09-11 13:45:00-04:00
1789149000000,765.92,765.98,765.82,765.85,156697.0,120012704.2498,120012704.2498,2026-09-11 17:50:00+00:00,2026-09-11 13:50:00-04:00
1789149300000,765.86,765.88,765.64,765.74,170929.121966,130891004.87766072,130891004.8776607364,2026-09-11 17:55:00+00:00,2026-09-11 13:55:00-04:00
1789149600000,765.75,765.97,765.7,765.86,238917.0,182977370.9541,182977370.9541,2026-09-11 18:00:00+00:00,2026-09-11 14:00:00-04:00
1789149900000,765.85,765.85,765.5995,765.7,116865.0,89485686.0199,89485686.0199,2026-09-11 18:05:00+00:00,2026-09-11 14:05:00-04:00
1789150200000,765.7,765.73,765.5085,765.57,349391.0,265547841.8001,265547841.8001,2026-09-11 18:10:00+00:00,2026-09-11 14:10:00-04:00
1789150500000,765.55,765.725,765.53,765.59,240437.0,183107313.1434,183107313.1434,2026-09-11 18:15:00+00:00,2026-09-11 14:15:00-04:00
1789150800000,765.59,765.6001,765.15,765.365,567880.004665,434660389.20703626,434660389.2070362505,2026-09-11 18:20:00+00:00,2026-09-11 14:20:00-04:00
1789151100000,765.37,765.535,765.195,765.41,447396.0,340532483.1259,340532483.1259,2026-09-11 18:25:00+00:00,2026-09-11 14:25:00-04:00
1789151400000,765.42,765.57,765.15,765.4501,174525.0,133570281.7594,133570281.7594,2026-09-11 18:30:00+00:00,2026-09-11 14:30:00-04:00
1789151700000,765.46,765.56,765.25,765.3,86804.0,66439009.889,66439009.889,2026-09-11 18:35:00+00:00,2026-09-11 14:35:00-04:00
1789152000000,765.3,765.41,765.1,765.15,345037.0,262181159.7217,262181159.7217,2026-09-11 18:40:00+00:00,2026-09-11 14:40:00-04:00
1789152300000,765.15,765.32,764.96,765.04,231667.0,177253061.1962,177253061.1962,2026-09-11 18:45:00+00:00,2026-09-11 14:45:00-04:00
1789152600000,765.04,765.17,765.03,765.06,300326.640091,229783180.59746557,229783180.597465556,2026-09-11 18:50:00+00:00,2026-09-11 14:50:00-04:00
1789152900000,765.035,765.26,764.94,765.04,307816.0,235518958.205,235518958.205,2026-09-11 18:55:00+00:00,2026-09-11 14:55:00-04:00
1789153200000,765.04,765.19,765.0,765.13,178131.0,136287388.2935,136287388.2935,2026-09-11 19:00:00+00:00,2026-09-11 15:00:00-04:00
1789153500000,765.13,765.14,764.72,764.76,442439.79413900006,338418696.78109187,338418696.7810918408943,2026-09-11 19:05:00+00:00,2026-09-11 15:05:00-04:00
1789153800000,764.7401,764.9159,764.55,764.9,353970.0,269830644.7724,269830644.7724,2026-09-11 19:10:00+00:00,2026-09-11 15:10:00-04:00
1789154100000,764.9,765.1,764.88,765.0,194417.0,148728391.324,148728391.324,2026-09-11 19:15:00+00:00,2026-09-11 15:15:00-04:00
1789154400000,765.0,765.22,764.9,765.2,238498.0,182459363.7307,182459363.7307,2026-09-11 19:20:00+00:00,2026-09-11 15:20:00-04:00
1789154700000,765.2,765.3,765.0201,765.03,396782.0,302681515.6869,302681515.6869,2026-09-11 19:25:00+00:00,2026-09-11 15:25:00-04:00
1789155000000,765.025,765.13,764.9,764.98,516696.0,394372888.2717,394372888.2717,2026-09-11 19:30:00+00:00,2026-09-11 15:30:00-04:00
1789155300000,764.98,765.03,764.87,764.935,417652.0,318587760.3135,318587760.3135,2026-09-11 19:35:00+00:00,2026-09-11 15:35:00-04:00
1789155600000,764.93,765.05,764.88,765.01,394800.0,301115175.418,301115175.418,2026-09-11 19:40:00+00:00,2026-09-11 15:40:00-04:00
1789155900000,765.01,765.04,764.72,764.75,1051637.0,801698717.0405,801698717.0405,2026-09-11 19:45:00+00:00,2026-09-11 15:45:00-04:00
1789156200000,764.74,764.82,764.4238,764.67,1655825.0,1263459282.2696,1263459282.2696,2026-09-11 19:50:00+00:00,2026-09-11 15:50:00-04:00
1789156500000,764.66,764.7,764.04,764.29,3019428.0,2301487014.0385,2301487014.0385,2026-09-11 19:55:00+00:00,2026-09-11 15:55:00-04:00
1789156800000,764.195,764.38,764.14,764.3531,2377218.305404,1814500283.397628,1814500283.3976282652,2026-09-11 20:00:00+00:00,2026-09-11 16:00:00-04:00
1789157100000,764.36,764.4392,764.33,764.3846,107564.0,82212018.5011,82212018.5011,2026-09-11 20:05:00+00:00,2026-09-11 16:05:00-04:00
1789157400000,764.3905,764.4584,764.0,764.36,2054689.355575,1570525933.4981823,1570525933.4981825925,2026-09-11 20:10:00+00:00,2026-09-11 16:10:00-04:00
1789157700000,764.32,764.3439,764.26,764.28,53160.471534,40630794.74410848,40630794.744108475057232,2026-09-11 20:15:00+00:00,2026-09-11 16:15:00-04:00
1789158000000,764.2968,764.45,764.2861,764.42,34483.921264,26359443.821182687,26359443.8211826928,2026-09-11 20:20:00+00:00,2026-09-11 16:20:00-04:00
1789158300000,764.4492,764.45,764.311,764.35,3912.0,2990480.7136,2990480.7136,2026-09-11 20:25:00+00:00,2026-09-11 16:25:00-04:00
1789158600000,764.35,764.6,764.32,764.5054,4799.0,3668981.1914,3668981.1914,2026-09-11 20:30:00+00:00,2026-09-11 16:30:00-04:00
1789158900000,764.5,764.5295,764.4212,764.44,5389.974526,4121004.946688789,4121004.946688789,2026-09-11 20:35:00+00:00,2026-09-11 16:35:00-04:00
1789159200000,764.4666,764.494,764.26,764.34,19013.060545,14534083.429310013,14534083.4293100114710972,2026-09-11 20:40:00+00:00,2026-09-11 16:40:00-04:00
1789159500000,764.35,764.37,764.25,764.28,6280.055497,4799975.61918274,4799975.6191827405,2026-09-11 20:45:00+00:00,2026-09-11 16:45:00-04:00
1789159800000,764.27,764.4068,764.25,764.4068,146410.982234,111903339.23327386,111903339.2332738698,2026-09-11 20:50:00+00:00,2026-09-11 16:50:00-04:00
1789160100000,764.4,764.4398,764.29,764.42,1145.0,875152.5979,875152.5979,2026-09-11 20:55:00+00:00,2026-09-11 16:55:00-04:00
1789160400000,764.5299,764.5299,764.24,764.36,292151.0,223288115.2485,223288115.2485,2026-09-11 21:00:00+00:00,2026-09-11 17:00:00-04:00
1789160700000,764.49,764.49,764.19,764.1947,1896.151742,1449177.1962044374,1449177.1962044374,2026-09-11 21:05:00+00:00,2026-09-11 17:05:00-04:00
1789161000000,764.2907,764.31,764.18,764.22,2712.259463,2072793.8023192957,2072793.8023192954235772,2026-09-11 21:10:00+00:00,2026-09-11 17:10:00-04:00
1789161300000,764.2199,764.435,764.2197,764.298,5973.961478,4565836.306828325,4565836.3068283244,2026-09-11 21:15:00+00:00,2026-09-11 17:15:00-04:00
1789161600000,764.2477,764.25,764.1507,764.1597,6840.547407,5227649.428049985,5227649.4280499864,2026-09-11 21:20:00+00:00,2026-09-11 17:20:00-04:00
1789161900000,764.1599,764.1599,764.0,764.0057,341.0,260544.15,260544.15,2026-09-11 21:25:00+00:00,2026-09-11 17:25:00-04:00
1789162200000,764.04,764.15,764.02,764.12,169.0,129342.8048,129342.8048,2026-09-11 21:30:00+00:00,2026-09-11 17:30:00-04:00
1789162500000,764.1467,764.15,764.04,764.12,106.0,80994.9956,80994.9956,2026-09-11 21:35:00+00:00,2026-09-11 17:35:00-04:00
1789162800000,764.15,764.2837,764.04,764.18,191.449835,146298.5404980555,146298.5404980554847167,2026-09-11 21:40:00+00:00,2026-09-11 17:40:00-04:00
1789163100000,764.18,764.27,764.03,764.27,4314.08942,3296696.940670336,3296696.940670336,2026-09-11 21:45:00+00:00,2026-09-11 17:45:00-04:00
1789163400000,764.27,764.65,764.27,764.4,22357.343566,17087959.23600431,17087959.2360043128,2026-09-11 21:50:00+00:00,2026-09-11 17:50:00-04:00
1789163700000,764.4168,764.5175,764.4,764.5,173.0,132242.5685,132242.5685,2026-09-11 21:55:00+00:00,2026-09-11 17:55:00-04:00
1789164000000,764.4203,764.5093,764.42,764.4597,64.0,48926.2693,48926.2693,2026-09-11 22:00:00+00:00,2026-09-11 18:00:00-04:00
1789164300000,764.4669,764.5795,764.4669,764.55,21.0,16054.9913,16054.9913,2026-09-11 22:05:00+00:00,2026-09-11 18:05:00-04:00
1789164600000,764.5461,764.58,764.5,764.57,198.223122,151547.1974983766,151547.1974983766,2026-09-11 22:10:00+00:00,2026-09-11 18:10:00-04:00
1789164900000,764.5501,764.6759,764.55,764.6759,608.5873999999999,465302.4409677799,465302.440967779923544,2026-09-11 22:15:00+00:00,2026-09-11 18:15:00-04:00
1789165200000,764.6498,764.75,764.5525,764.67,1304.598221,997536.3727812732,997536.3727812731,2026-09-11 22:20:00+00:00,2026-09-11 18:20:00-04:00
1789165500000,764.67,764.75,764.3,764.5437,124.0,94796.9167,94796.9167,2026-09-11 22:25:00+00:00,2026-09-11 18:25:00-04:00
1789165800000,764.5304,764.5437,764.31,764.5385,61.0,46630.8184,46630.8184,2026-09-11 22:30:00+00:00,2026-09-11 18:30:00-04:00
1789166100000,764.49,764.744,764.4302,764.7,115.440251,88257.0601567881,88257.0601567881,2026-09-11 22:35:00+00:00,2026-09-11 18:35:00-04:00
1789166400000,764.63,764.8767,764.45,764.75,2781.9307780000004,2127332.5455827103,2127332.545582710305878,2026-09-11 22:40:00+00:00,2026-09-11 18:40:00-04:00
1789166700000,764.75,764.8,764.75,764.75,37.0,28295.8111,28295.8111,2026-09-11 22:45:00+00:00,2026-09-11 18:45:00-04:00
1789167000000,764.7605,764.8377,764.75,764.7888,315.35404,241174.632547212,241174.632547212,2026-09-11 22:50:00+00:00,2026-09-11 18:50:00-04:00
1789167300000,764.75,764.7531,764.52,764.73,121.30689,92770.2089653,92770.2089653,2026-09-11 22:55:00+00:00,2026-09-11 18:55:00-04:00
1789167600000,764.7127,764.7242,764.5045,764.5136,241.323547,184518.3490069606,184518.3490069606152922,2026-09-11 23:00:00+00:00,2026-09-11 19:00:00-04:00
1789167900000,764.6664,764.6755,764.5136,764.636,23.0,17586.2081,17586.2081,2026-09-11 23:05:00+00:00,2026-09-11 19:05:00-04:00
1789168200000,764.6,764.65,764.447,764.447,212.554222,162503.7801034826,162503.7801034826,2026-09-11 23:10:00+00:00,2026-09-11 19:10:00-04:00
1789168500000,764.6,764.6445,764.43,764.6,21.0,16055.8722,16055.8722,2026-09-11 23:15:00+00:00,2026-09-11 19:15:00-04:00
1789168800000,764.55,764.6487,764.44,764.55,96.011765,73405.997224865,73405.997224865,2026-09-11 23:20:00+00:00,2026-09-11 19:20:00-04:00
1789169100000,764.6337,764.65,764.4452,764.6,54.0,41288.1808,41288.1808,2026-09-11 23:25:00+00:00,2026-09-11 19:25:00-04:00
1789169400000,764.6,764.6472,764.44,764.6012,45.0,34406.9268,34406.9268,2026-09-11 23:30:00+00:00,2026-09-11 19:30:00-04:00
1789169700000,764.4725,764.4725,764.47,764.47,8.0,6116.36,6116.36,2026-09-11 23:35:00+00:00,2026-09-11 19:35:00-04:00
1789170000000,764.5475,764.55,764.43,764.43,134.188274,102582.1010412082,102582.1010412082,2026-09-11 23:40:00+00:00,2026-09-11 19:40:00-04:00
1789170300000,764.54,764.54,764.2545,764.42,266.1503,203445.40702,203445.40702,2026-09-11 23:45:00+00:00,2026-09-11 19:45:00-04:00
1789170600000,764.2703,764.4105,764.2501,764.39,26.0,19873.4341,19873.4341,2026-09-11 23:50:00+00:00,2026-09-11 19:50:00-04:00
1789170900000,764.3639,764.5183,764.35,764.4825,44.0,33636.7989,33636.7989,2026-09-11 23:55:00+00:00,2026-09-11 19:55:00-04:00
1789172100000,764.76,764.76,764.76,764.76,0.0134,10.247784,10.247784,2026-09-12 00:15:00+00:00,2026-09-11 20:15:00-04:00
1789175100000,764.76,764.9,764.34,764.34,2.8466,2176.46764,2176.46764,2026-09-12 01:05:00+00:00,2026-09-11 21:05:00-04:00
1789182300000,764.91,764.91,764.91,764.91,0.0655,50.101605,50.101605,2026-09-12 03:05:00+00:00,2026-09-11 23:05:00-04:00
1789185900000,765.12,765.21,764.34,764.34,0.3749,286.728411,286.728411,2026-09-12 04:05:00+00:00,2026-09-12 00:05:00-04:00
1789188300000,765.23,765.23,765.23,765.23,0.0653,49.969519,49.969519,2026-09-12 04:45:00+00:00,2026-09-12 00:45:00-04:00
1789197900000,765.24,765.24,764.34,764.34,0.2942,225.001218,225.001218,2026-09-12 07:25:00+00:00,2026-09-12 03:25:00-04:00
1789200300000,765.26,765.26,764.34,764.34,0.2984,228.217056,228.217056,2026-09-12 08:05:00+00:00,2026-09-12 04:05:00-04:00
1789201500000,765.27,765.63,764.34,764.34,2.3894,1827.682799,1827.682799,2026-09-12 08:25:00+00:00,2026-09-12 04:25:00-04:00
1789202100000,765.66,765.66,764.34,764.34,0.2839,217.18449,217.18449,2026-09-12 08:35:00+00:00,2026-09-12 04:35:00-04:00
1789205100000,765.59,765.59,764.34,764.34,0.3104,237.446136,237.446136,2026-09-12 09:25:00+00:00,2026-09-12 05:25:00-04:00
1789205400000,765.67,765.67,765.67,765.67,0.5,382.835,382.835,2026-09-12 09:30:00+00:00,2026-09-12 05:30:00-04:00
1789219200000,765.72,765.72,765.72,765.72,0.0131,10.030932,10.030932,2026-09-12 13:20:00+00:00,2026-09-12 09:20:00-04:00
1789232100000,765.72,765.72,765.72,765.72,0.0143,10.949796,10.949796,2026-09-12 16:55:00+00:00,2026-09-12 12:55:00-04:00
1789263900000,765.72,765.87,764.34,764.34,2.8422,2174.474826,2174.474826,2026-09-13 01:45:00+00:00,2026-09-12 21:45:00-04:00
1789266000000,765.93,765.93,765.93,765.93,0.0261,19.990773,19.990773,2026-09-13 02:20:00+00:00,2026-09-12 22:20:00-04:00
1789280400000,764.34,764.34,764.34,764.34,0.0155,11.84727,11.84727,2026-09-13 06:20:00+00:00,2026-09-13 02:20:00-04:00
1789290600000,765.93,765.93,765.93,765.93,0.384,294.11712,294.11712,2026-09-13 09:10:00+00:00,2026-09-13 05:10:00-04:00
1789299900000,766.04,766.04,764.43,764.43,0.043,32.912511,32.912511,2026-09-13 11:45:00+00:00,2026-09-13 07:45:00-04:00
1789300500000,766.04,766.04,766.04,766.04,13.3159,10200.512036,10200.512036,2026-09-13 11:55:00+00:00,2026-09-13 07:55:00-04:00
1789307100000,766.07,766.07,766.07,766.07,0.0195,14.938365,14.938365,2026-09-13 13:45:00+00:00,2026-09-13 09:45:00-04:00
1789309500000,766.07,766.07,766.07,766.07,0.0261,19.994427,19.994427,2026-09-13 14:25:00+00:00,2026-09-13 10:25:00-04:00
1789313700000,765.77,765.77,765.77,765.77,0.384,294.05568,294.05568,2026-09-13 15:35:00+00:00,2026-09-13 11:35:00-04:00
1789315500000,766.07,766.07,766.07,766.07,0.0131,10.035517,10.035517,2026-09-13 16:05:00+00:00,2026-09-13 12:05:00-04:00
1789321500000,765.77,765.77,765.77,765.77,0.0769,58.887713,58.887713,2026-09-13 17:45:00+00:00,2026-09-13 13:45:00-04:00
1789335000000,765.77,765.77,765.77,765.77,0.0458,35.072266,35.072266,2026-09-13 21:30:00+00:00,2026-09-13 17:30:00-04:00
1789344000000,759.72,760.3,759.72,760.19,1843.0,1400881.13,1400881.13,2026-09-14 00:00:00+00:00,2026-09-13 20:00:00-04:00
1789344300000,760.2,760.64,760.18,760.64,3388.0,2576173.72,2576173.72,2026-09-14 00:05:00+00:00,2026-09-13 20:05:00-04:00
1789344600000,760.58,760.64,760.38,760.41,1146.0,871499.77,871499.77,2026-09-14 00:10:00+00:00,2026-09-13 20:10:00-04:00
1789344900000,760.52,760.65,760.38,760.59,979.0,744588.96,744588.96,2026-09-14 00:15:00+00:00,2026-09-13 20:15:00-04:00
1789345200000,760.54,760.54,760.32,760.4,8406.0,6392005.36,6392005.36,2026-09-14 00:20:00+00:00,2026-09-13 20:20:00-04:00
1789345500000,760.45,760.45,760.16,760.35,2479.0,1884681.64,1884681.64,2026-09-14 00:25:00+00:00,2026-09-13 20:25:00-04:00
1789345800000,760.35,760.58,760.33,760.5,393.0,298871.47,298871.47,2026-09-14 00:30:00+00:00,2026-09-13 20:30:00-04:00
1789346100000,760.51,760.56,760.31,760.35,1467.0,1115498.19,1115498.19,2026-09-14 00:35:00+00:00,2026-09-13 20:35:00-04:00
1789346400000,760.35,760.68,760.32,760.68,1264.0,961187.93,961187.93,2026-09-14 00:40:00+00:00,2026-09-13 20:40:00-04:00
1789346700000,760.69,760.8,760.59,760.7,571.0,434360.41,434360.41,2026-09-14 00:45:00+00:00,2026-09-13 20:45:00-04:00
1789347000000,760.7,760.83,760.66,760.76,1422.0,1081744.78,1081744.78,2026-09-14 00:50:00+00:00,2026-09-13 20:50:00-04:00
1789347300000,760.78,760.8,760.51,760.51,1022.0,777393.26,777393.26,2026-09-14 00:55:00+00:00,2026-09-13 20:55:00-04:00
1789347600000,760.5,760.78,760.45,760.7,1960.0,1490796.02,1490796.02,2026-09-14 01:00:00+00:00,2026-09-13 21:00:00-04:00
1789347900000,760.64,760.74,760.59,760.74,1321.0,1004828.67,1004828.67,2026-09-14 01:05:00+00:00,2026-09-13 21:05:00-04:00
1789348200000,760.8,760.9,760.57,760.61,1774.0,1349457.38,1349457.38,2026-09-14 01:10:00+00:00,2026-09-13 21:10:00-04:00
1789348500000,760.55,760.6,760.45,760.47,2429.0,1847324.64,1847324.64,2026-09-14 01:15:00+00:00,2026-09-13 21:15:00-04:00
1789348800000,760.49,760.58,760.39,760.58,1148.0,872970.68,872970.68,2026-09-14 01:20:00+00:00,2026-09-13 21:20:00-04:00
1789349100000,760.5,760.73,760.49,760.72,6747.0,5131353.54,5131353.54,2026-09-14 01:25:00+00:00,2026-09-13 21:25:00-04:00
1789349400000,760.74,760.78,760.55,760.56,960.0,730217.89,730217.89,2026-09-14 01:30:00+00:00,2026-09-13 21:30:00-04:00
1789349700000,760.6,761.01,760.6,761.01,654.0,497566.42,497566.42,2026-09-14 01:35:00+00:00,2026-09-13 21:35:00-04:00
1789350000000,761.03,761.12,760.94,761.03,249.0,189495.52,189495.52,2026-09-14 01:40:00+00:00,2026-09-13 21:40:00-04:00
1789350300000,761.03,761.41,761.03,761.41,771.0,586929.29,586929.29,2026-09-14 01:45:00+00:00,2026-09-13 21:45:00-04:00
1789350600000,761.36,761.58,761.35,761.54,765.0,582499.61,582499.61,2026-09-14 01:50:00+00:00,2026-09-13 21:50:00-04:00
1789350900000,761.53,761.81,761.53,761.69,976.0,743384.09,743384.09,2026-09-14 01:55:00+00:00,2026-09-13 21:55:00-04:00
1789351200000,761.64,761.7,761.49,761.51,771.0,587205.31,587205.31,2026-09-14 02:00:00+00:00,2026-09-13 22:00:00-04:00
1789351500000,761.49,761.71,761.49,761.67,1136.0,865216.82,865216.82,2026-09-14 02:05:00+00:00,2026-09-13 22:05:00-04:00
1789351800000,761.64,761.72,761.6,761.6,170.0,129480.41,129480.41,2026-09-14 02:10:00+00:00,2026-09-13 22:10:00-04:00
1789352100000,761.62,761.62,761.5,761.5,115.0,87578.03,87578.03,2026-09-14 02:15:00+00:00,2026-09-13 22:15:00-04:00
1789352400000,761.57,761.62,761.52,761.54,630.0,479804.9,479804.9,2026-09-14 02:20:00+00:00,2026-09-13 22:20:00-04:00
1789352700000,761.58,761.65,761.55,761.59,849.0,646596.81,646596.81,2026-09-14 02:25:00+00:00,2026-09-13 22:25:00-04:00
1789353000000,761.56,761.71,761.5,761.53,843.0,642004.61,642004.61,2026-09-14 02:30:00+00:00,2026-09-13 22:30:00-04:00
1789353300000,761.52,761.54,761.49,761.5,371.0,282516.63,282516.63,2026-09-14 02:35:00+00:00,2026-09-13 22:35:00-04:00
1789353600000,761.45,761.45,761.28,761.36,819.0,623544.2,623544.2,2026-09-14 02:40:00+00:00,2026-09-13 22:40:00-04:00
1789353900000,761.32,761.51,761.32,761.46,673.0,512423.37,512423.37,2026-09-14 02:45:00+00:00,2026-09-13 22:45:00-04:00
1789354200000,761.51,761.53,761.44,761.46,1108.0,843741.64,843741.64,2026-09-14 02:50:00+00:00,2026-09-13 22:50:00-04:00
1789354500000,761.46,761.46,761.29,761.3,351.0,267253.57,267253.57,2026-09-14 02:55:00+00:00,2026-09-13 22:55:00-04:00
1789354800000,761.32,761.32,761.1,761.11,432.0,328841.53,328841.53,2026-09-14 03:00:00+00:00,2026-09-13 23:00:00-04:00
1789355100000,761.1,761.2,761.1,761.17,629.0,478753.12,478753.12,2026-09-14 03:05:00+00:00,2026-09-13 23:05:00-04:00
1789355400000,761.1,761.1,760.91,760.91,770.0,585979.27,585979.27,2026-09-14 03:10:00+00:00,2026-09-13 23:10:00-04:00
1789355700000,760.94,760.96,760.78,760.82,383.0,291411.71,291411.71,2026-09-14 03:15:00+00:00,2026-09-13 23:15:00-04:00
1789356000000,760.81,760.93,760.81,760.91,418.0,318043.34,318043.34,2026-09-14 03:20:00+00:00,2026-09-13 23:20:00-04:00
1789356300000,760.88,760.96,760.88,760.96,166.0,126313.95,126313.95,2026-09-14 03:25:00+00:00,2026-09-13 23:25:00-04:00
1789356600000,760.9,760.9,760.75,760.82,549.0,417682.56,417682.56,2026-09-14 03:30:00+00:00,2026-09-13 23:30:00-04:00
1789356900000,760.82,760.82,760.71,760.77,273.0,207680.7,207680.7,2026-09-14 03:35:00+00:00,2026-09-13 23:35:00-04:00
1789357200000,760.74,760.74,760.61,760.61,441.0,335458.36,335458.36,2026-09-14 03:40:00+00:00,2026-09-13 23:40:00-04:00
1789357500000,760.61,760.62,760.55,760.62,250.0,190142.52,190142.52,2026-09-14 03:45:00+00:00,2026-09-13 23:45:00-04:00
1789357800000,760.6,760.73,760.59,760.73,1593.0,1211723.55,1211723.55,2026-09-14 03:50:00+00:00,2026-09-13 23:50:00-04:00
1789358100000,760.7,760.7,760.63,760.63,279.0,212224.15,212224.15,2026-09-14 03:55:00+00:00,2026-09-13 23:55:00-04:00
1789358400000,760.66,760.77,760.63,760.77,3377.0,2568903.55,2568903.55,2026-09-14 04:00:00+00:00,2026-09-14 00:00:00-04:00
1789358700000,760.77,760.8,760.66,760.66,1831.0,1392863.69,1392863.69,2026-09-14 04:05:00+00:00,2026-09-14 00:05:00-04:00
1789359000000,760.66,760.68,760.49,760.52,418.0,317913.42,317913.42,2026-09-14 04:10:00+00:00,2026-09-14 00:10:00-04:00
1789359300000,760.52,760.53,760.5,760.5,157.0,119400.35,119400.35,2026-09-14 04:15:00+00:00,2026-09-14 00:15:00-04:00
1789359600000,760.56,760.62,760.5,760.59,1118.0,850297.29,850297.29,2026-09-14 04:20:00+00:00,2026-09-14 00:20:00-04:00
1789359900000,760.63,760.66,760.58,760.6,323.0,245675.98,245675.98,2026-09-14 04:25:00+00:00,2026-09-14 00:25:00-04:00
1789360200000,760.57,760.57,760.32,760.32,1835.0,1395394.11,1395394.11,2026-09-14 04:30:00+00:00,2026-09-14 00:30:00-04:00
1789360500000,760.42,760.45,760.32,760.45,146.0,111013.09,111013.09,2026-09-14 04:35:00+00:00,2026-09-14 00:35:00-04:00
1789360800000,760.55,760.62,760.32,760.33,659.0,501202.63,501202.63,2026-09-14 04:40:00+00:00,2026-09-14 00:40:00-04:00
1789361100000,760.5,760.5,760.5,760.5,7.0,5323.5,5323.5,2026-09-14 04:45:00+00:00,2026-09-14 00:45:00-04:00
1789361400000,760.59,760.66,760.4,760.43,707.0,537670.99,537670.99,2026-09-14 04:50:00+00:00,2026-09-14 00:50:00-04:00
1789361700000,760.42,760.43,760.37,760.37,334.0,253975.2,253975.2,2026-09-14 04:55:00+00:00,2026-09-14 00:55:00-04:00
1789362000000,760.38,760.4,760.38,760.39,37.0,28134.41,28134.41,2026-09-14 05:00:00+00:00,2026-09-14 01:00:00-04:00
1789362300000,760.38,760.47,760.38,760.41,137.0,104180.57,104180.57,2026-09-14 05:05:00+00:00,2026-09-14 01:05:00-04:00
1789362600000,760.39,760.4,760.25,760.38,468.0,355827.5,355827.5,2026-09-14 05:10:00+00:00,2026-09-14 01:10:00-04:00
1789362900000,760.26,760.26,760.26,760.26,9.0,6842.34,6842.34,2026-09-14 05:15:00+00:00,2026-09-14 01:15:00-04:00
1789363200000,760.24,760.24,760.02,760.02,1081.0,821687.2,821687.2,2026-09-14 05:20:00+00:00,2026-09-14 01:20:00-04:00
1789363500000,760.06,760.34,760.06,760.2,203.0,154306.74,154306.74,2026-09-14 05:25:00+00:00,2026-09-14 01:25:00-04:00
1789363800000,760.27,760.29,760.17,760.26,268.0,203744.59,203744.59,2026-09-14 05:30:00+00:00,2026-09-14 01:30:00-04:00
1789364100000,760.25,760.34,760.19,760.34,332.0,252405.88,252405.88,2026-09-14 05:35:00+00:00,2026-09-14 01:35:00-04:00
1789364400000,760.25,760.25,759.9,760.01,2588.0,1966908.99,1966908.99,2026-09-14 05:40:00+00:00,2026-09-14 01:40:00-04:00
1789364700000,760.11,760.12,759.9,759.96,625.0,474996.24,474996.24,2026-09-14 05:45:00+00:00,2026-09-14 01:45:00-04:00
1789365000000,759.98,760.3,759.94,760.3,700.0,532153.61,532153.61,2026-09-14 05:50:00+00:00,2026-09-14 01:50:00-04:00
1789365300000,760.31,760.4,760.22,760.4,11811.0,8979835.68,8979835.68,2026-09-14 05:55:00+00:00,2026-09-14 01:55:00-04:00
1789365600000,760.44,760.61,760.38,760.6,1764.0,1341441.09,1341441.09,2026-09-14 06:00:00+00:00,2026-09-14 02:00:00-04:00
1789365900000,760.61,760.71,760.52,760.6,200.0,152124.31,152124.31,2026-09-14 06:05:00+00:00,2026-09-14 02:05:00-04:00
1789366200000,760.58,760.77,760.58,760.7,1975.0,1502444.39,1502444.39,2026-09-14 06:10:00+00:00,2026-09-14 02:10:00-04:00
1789366500000,760.65,760.74,760.65,760.74,26.0,19779.11,19779.11,2026-09-14 06:15:00+00:00,2026-09-14 02:15:00-04:00
1789366800000,760.69,760.72,760.47,760.72,211.0,160493.17,160493.17,2026-09-14 06:20:00+00:00,2026-09-14 02:20:00-04:00
1789367100000,760.66,760.68,760.51,760.51,223.0,169614.18,169614.18,2026-09-14 06:25:00+00:00,2026-09-14 02:25:00-04:00
1789367400000,760.49,760.49,760.02,760.02,1439.0,1094065.32,1094065.32,2026-09-14 06:30:00+00:00,2026-09-14 02:30:00-04:00
1789367700000,760.09,760.16,760.0,760.0,319.0,242469.94,242469.94,2026-09-14 06:35:00+00:00,2026-09-14 02:35:00-04:00
1789368000000,760.08,760.1,759.63,759.66,1025.0,778739.33,778739.33,2026-09-14 06:40:00+00:00,2026-09-14 02:40:00-04:00
1789368300000,759.9,759.9,759.59,759.59,4099.0,3114820.28,3114820.28,2026-09-14 06:45:00+00:00,2026-09-14 02:45:00-04:00
1789368600000,759.63,759.74,759.53,759.6,2668.0,2026592.57,2026592.57,2026-09-14 06:50:00+00:00,2026-09-14 02:50:00-04:00
1789368900000,759.64,759.64,759.21,759.37,1646.0,1249890.96,1249890.96,2026-09-14 06:55:00+00:00,2026-09-14 02:55:00-04:00
1789369200000,759.37,759.59,759.11,759.59,6094.0,4626861.28,4626861.28,2026-09-14 07:00:00+00:00,2026-09-14 03:00:00-04:00
1789369500000,759.78,759.78,759.55,759.59,316.0,240053.63,240053.63,2026-09-14 07:05:00+00:00,2026-09-14 03:05:00-04:00
1789369800000,759.58,759.89,759.52,759.89,993.0,754324.22,754324.22,2026-09-14 07:10:00+00:00,2026-09-14 03:10:00-04:00
1789370100000,759.77,759.85,759.59,759.59,291.0,221059.95,221059.95,2026-09-14 07:15:00+00:00,2026-09-14 03:15:00-04:00
1789370400000,759.59,759.77,759.59,759.73,79.0,60013.4,60013.4,2026-09-14 07:20:00+00:00,2026-09-14 03:20:00-04:00
1789370700000,759.75,759.75,759.58,759.58,228.0,173193.2,173193.2,2026-09-14 07:25:00+00:00,2026-09-14 03:25:00-04:00
1789371000000,759.45,759.59,759.45,759.45,222.0,168606.69,168606.69,2026-09-14 07:30:00+00:00,2026-09-14 03:30:00-04:00
1789371300000,759.51,759.52,759.35,759.35,284.0,215677.7,215677.7,2026-09-14 07:35:00+00:00,2026-09-14 03:35:00-04:00
1789371600000,759.37,759.37,758.9,758.9,1148.0,871371.22,871371.22,2026-09-14 07:40:00+00:00,2026-09-14 03:40:00-04:00
1789371900000,759.02,759.16,758.87,759.16,720.0,546501.83,546501.83,2026-09-14 07:45:00+00:00,2026-09-14 03:45:00-04:00
1789372200000,759.04,759.04,758.77,758.93,632.0,479622.19,479622.19,2026-09-14 07:50:00+00:00,2026-09-14 03:50:00-04:00
1789372500000,758.97,759.3,758.97,759.18,899.0,682381.76,682381.76,2026-09-14 07:55:00+00:00,2026-09-14 03:55:00-04:00
1789372800000,759.3284,760.8285,758.808,759.4977,4583.0,3482526.9716,3482526.9716,2026-09-14 08:00:00+00:00,2026-09-14 04:00:00-04:00
1789373100000,759.5532,760.4,759.18,759.665,4609.94125,3501530.202808875,3501530.202808875,2026-09-14 08:05:00+00:00,2026-09-14 04:05:00-04:00
1789373400000,759.638,759.638,759.31,759.4287,207.0,157181.712,157181.712,2026-09-14 08:10:00+00:00,2026-09-14 04:10:00-04:00
1789373700000,759.3715,759.39,759.06,759.0787,252.0,191324.9802,191324.9802,2026-09-14 08:15:00+00:00,2026-09-14 04:15:00-04:00
1789374000000,759.1016,759.24,759.01,759.0384,574.556124,436176.1581290028,436176.1581290028,2026-09-14 08:20:00+00:00,2026-09-14 04:20:00-04:00
1789374300000,759.0515,759.1385,758.77,758.84,1381.0,1048079.6583,1048079.6583,2026-09-14 08:25:00+00:00,2026-09-14 04:25:00-04:00
1789374600000,758.8085,759.01,758.8085,758.94,518.958936,393823.697541788,393823.697541788,2026-09-14 08:30:00+00:00,2026-09-14 04:30:00-04:00
1789374900000,758.9812,759.2323,758.9812,759.2207,38.0,28846.8058,28846.8058,2026-09-14 08:35:00+00:00,2026-09-14 04:35:00-04:00
1789375200000,759.3728,759.3728,759.138,759.2,452.0,343182.2234,343182.2234,2026-09-14 08:40:00+00:00,2026-09-14 04:40:00-04:00
1789375500000,759.1887,759.2,758.65,758.7,176.0,133567.7536,133567.7536,2026-09-14 08:45:00+00:00,2026-09-14 04:45:00-04:00
1789375800000,758.86,758.92,758.6,758.6,948.0,719423.9695,719423.9695,2026-09-14 08:50:00+00:00,2026-09-14 04:50:00-04:00
1789376100000,758.6168,759.0718,758.61,759.0718,494.298514,375031.945441861,375031.945441861,2026-09-14 08:55:00+00:00,2026-09-14 04:55:00-04:00
1789376400000,759.15,759.34,759.08,759.1082,3794.03596,2880479.234624652,2880479.234624652,2026-09-14 09:00:00+00:00,2026-09-14 05:00:00-04:00
1789376700000,759.0344,759.15,758.95,758.973,792.7035539999999,601723.9517522295,601723.9517522295240948,2026-09-14 09:05:00+00:00,2026-09-14 05:05:00-04:00
1789377000000,758.98,758.9848,758.3451,758.3451,3286.153846,2492533.078737096,2492533.0787370961241125,2026-09-14 09:10:00+00:00,2026-09-14 05:10:00-04:00
1789377300000,758.459,758.459,758.239,758.239,588.0,445878.3959,445878.3959,2026-09-14 09:15:00+00:00,2026-09-14 05:15:00-04:00
1789377600000,758.2,758.26,757.77,757.9,1062.0,804913.4569,804913.4569,2026-09-14 09:20:00+00:00,2026-09-14 05:20:00-04:00
1789377900000,757.87,758.37,757.82,758.365,502.239769,380657.2118267826,380657.2118267826,2026-09-14 09:25:00+00:00,2026-09-14 05:25:00-04:00
1789378200000,758.32,758.47,758.2908,758.33,3358.8206330000003,2547297.651835313,2547297.6518353133275172,2026-09-14 09:30:00+00:00,2026-09-14 05:30:00-04:00
1789378500000,758.269,758.269,757.9997,757.9997,1139.0,863533.8439,863533.8439,2026-09-14 09:35:00+00:00,2026-09-14 05:35:00-04:00
1789378800000,758.01,758.27,757.9,757.9,500.0,379005.6595,379005.6595,2026-09-14 09:40:00+00:00,2026-09-14 05:40:00-04:00
1789379100000,757.94,758.16,757.8476,757.945,1890.0,1432574.7466,1432574.7466,2026-09-14 09:45:00+00:00,2026-09-14 05:45:00-04:00
1789379400000,757.8792,758.22,757.87,758.21,380.006557,288083.7485230712,288083.7485230712,2026-09-14 09:50:00+00:00,2026-09-14 05:50:00-04:00
1789379700000,758.17,758.17,757.8912,757.8917,445.088304,337409.7975373728,337409.7975373728,2026-09-14 09:55:00+00:00,2026-09-14 05:55:00-04:00
1789380000000,758.1752,758.24,757.9937,758.1,2541.077,1926419.4279778,1926419.4279778,2026-09-14 10:00:00+00:00,2026-09-14 06:00:00-04:00
1789380300000,758.1887,758.1887,758.0717,758.1857,459.718262,348550.571037946,348550.571037946,2026-09-14 10:05:00+00:00,2026-09-14 06:05:00-04:00
1789380600000,758.1696,758.41,758.1696,758.2644,3232.0,2450505.1237,2450505.1237,2026-09-14 10:10:00+00:00,2026-09-14 06:10:00-04:00
1789380900000,758.274,758.3,758.0042,758.1,2957.0,2241701.3155,2241701.3155,2026-09-14 10:15:00+00:00,2026-09-14 06:15:00-04:00
1789381200000,758.3117,758.625,758.3117,758.5612,3458.0,2622989.279,2622989.279,2026-09-14 10:20:00+00:00,2026-09-14 06:20:00-04:00
1789381500000,758.6929,758.83,758.661,758.7315,448.0,339875.5237,339875.5237,2026-09-14 10:25:00+00:00,2026-09-14 06:25:00-04:00
1789381800000,758.7595,758.8912,758.7319,758.8778,638.785815,484692.385990528,484692.385990528,2026-09-14 10:30:00+00:00,2026-09-14 06:30:00-04:00
1789382100000,758.92,759.07,758.8997,758.8997,5477.133193000001,4157005.4470172175,4157005.4470172178589747,2026-09-14 10:35:00+00:00,2026-09-14 06:35:00-04:00
1789382400000,758.89,759.22,758.8658,759.05,336.0,255068.6144,255068.6144,2026-09-14 10:40:00+00:00,2026-09-14 06:40:00-04:00
1789382700000,759.18,759.3305,759.1615,759.289,2692.0,2043795.4845,2043795.4845,2026-09-14 10:45:00+00:00,2026-09-14 06:45:00-04:00
1789383000000,759.3,759.3088,759.05,759.05,1014.999988,770674.0363883688,770674.0363883688,2026-09-14 10:50:00+00:00,2026-09-14 06:50:00-04:00
1789383300000,759.06,759.44,759.06,759.35,796.366329,604587.548719588,604587.548719588,2026-09-14 10:55:00+00:00,2026-09-14 06:55:00-04:00
1789383600000,759.3188,764.29,759.0933,759.5805,26552.429786,20162497.58429485,20162497.584294849,2026-09-14 11:00:00+00:00,2026-09-14 07:00:00-04:00
1789383900000,759.57,759.6878,759.474,759.62,32928.516508,25012804.097428676,25012804.0974286736,2026-09-14 11:05:00+00:00,2026-09-14 07:05:00-04:00
1789384200000,759.6421,759.73,759.3957,759.52,7951.0,6039228.9051,6039228.9051,2026-09-14 11:10:00+00:00,2026-09-14 07:10:00-04:00
1789384500000,759.55,759.74,759.535,759.7,4116.0,3126536.5133,3126536.5133,2026-09-14 11:15:00+00:00,2026-09-14 07:15:00-04:00
1789384800000,759.668,759.84,759.58,759.82,3388.527372,2574228.63971113,2574228.63971113,2026-09-14 11:20:00+00:00,2026-09-14 07:20:00-04:00
1789385100000,759.84,760.1,759.8,760.05,4665.16801,3544987.573337744,3544987.573337744,2026-09-14 11:25:00+00:00,2026-09-14 07:25:00-04:00
1789385400000,760.0068,760.1,759.6735,759.72,18208.351771,13838783.154311577,13838783.1543115757799474,2026-09-14 11:30:00+00:00,2026-09-14 07:30:00-04:00
1789385700000,759.7475,759.8304,759.414,759.75,12764.864155,9696454.318560712,9696454.3185607125,2026-09-14 11:35:00+00:00,2026-09-14 07:35:00-04:00
1789386000000,759.7765,760.02,759.7018,759.8412,659.0,500755.6694,500755.6694,2026-09-14 11:40:00+00:00,2026-09-14 07:40:00-04:00
1789386300000,759.849,759.9819,759.68,759.9618,688.0,522760.2363,522760.2363,2026-09-14 11:45:00+00:00,2026-09-14 07:45:00-04:00
1789386600000,759.8675,759.8705,759.5684,759.6916,3727.386854,2831593.6508201277,2831593.6508201274,2026-09-14 11:50:00+00:00,2026-09-14 07:50:00-04:00
1789386900000,759.7231,759.7531,759.473,759.473,4324.79729,3284985.466143404,3284985.466143404,2026-09-14 11:55:00+00:00,2026-09-14 07:55:00-04:00
1789387200000,759.5,759.5155,759.01,759.1685,9344.776822,7096149.300579177,7096149.3005791774,2026-09-14 12:00:00+00:00,2026-09-14 08:00:00-04:00
1789387500000,759.1569,759.37,759.04,759.31,2690.0,2042239.2433,2042239.2433,2026-09-14 12:05:00+00:00,2026-09-14 08:05:00-04:00
1789387800000,759.3107,759.56,759.19,759.2882,9520.355905,7229570.275722371,7229570.2757223725,2026-09-14 12:10:00+00:00,2026-09-14 08:10:00-04:00
1789388100000,759.33,759.8,759.311,759.3956,31019.510568,23561753.79211786,23561753.79211786,2026-09-14 12:15:00+00:00,2026-09-14 08:15:00-04:00
1789388400000,759.54,759.5599,759.2798,759.4014,10356.040993,7864515.1933704,7864515.1933703999,2026-09-14 12:20:00+00:00,2026-09-14 08:20:00-04:00
1789388700000,759.4009,759.4143,759.13,759.3005,1363.0,1034896.5466,1034896.5466,2026-09-14 12:25:00+00:00,2026-09-14 08:25:00-04:00
1789389000000,759.31,759.5328,758.97,759.0857,3504.0,2660146.3251,2660146.3251,2026-09-14 12:30:00+00:00,2026-09-14 08:30:00-04:00
1789389300000,759.09,759.09,758.06,758.5,40227.471935,30587747.8937588,30587747.893758798,2026-09-14 12:35:00+00:00,2026-09-14 08:35:00-04:00
1789389600000,758.46,759.16,758.18,759.12,33500.072727,25412415.784494936,25412415.7844949393,2026-09-14 12:40:00+00:00,2026-09-14 08:40:00-04:00
1789389900000,759.1,759.2458,758.75,758.94,6325.173394,4800988.083344692,4800988.0833446932204778,2026-09-14 12:45:00+00:00,2026-09-14 08:45:00-04:00
1789390200000,758.99,759.0367,758.7006,758.74,9874.122945,7493863.049383949,7493863.0493839482589555,2026-09-14 12:50:00+00:00,2026-09-14 08:50:00-04:00
1789390500000,758.79,759.0459,758.52,759.0459,3272.0,2482569.3247,2482569.3247,2026-09-14 12:55:00+00:00,2026-09-14 08:55:00-04:00
1789390800000,759.0459,759.0459,758.16,758.211,2313.0,1754361.1467,1754361.1467,2026-09-14 13:00:00+00:00,2026-09-14 09:00:00-04:00
1789391100000,758.2679,758.539,758.03,758.3,7900.052669,5989973.207282344,5989973.2072823434,2026-09-14 13:05:00+00:00,2026-09-14 09:05:00-04:00
1789391400000,758.2784,759.0188,758.24,758.9987,8259.600685,6265937.272545442,6265937.2725454425,2026-09-14 13:10:00+00:00,2026-09-14 09:10:00-04:00
1789391700000,759.0,759.2167,758.8665,759.1409,12374.68755,9392662.59548847,9392662.59548847,2026-09-14 13:15:00+00:00,2026-09-14 09:15:00-04:00
1789392000000,759.1478,759.26,759.05,759.1022,21337.890443,16198940.63280112,16198940.6328011204,2026-09-14 13:20:00+00:00,2026-09-14 09:20:00-04:00
1789392300000,759.08,759.2028,758.93,759.04,10190.0,7735123.9054,7735123.9054,2026-09-14 13:25:00+00:00,2026-09-14 09:25:00-04:00
1789392600000,759.07,759.19,758.61,758.685,1339395.0,1016487776.0824,1016487776.0824,2026-09-14 13:30:00+00:00,2026-09-14 09:30:00-04:00
1789392900000,758.685,758.8999,758.4542,758.57,611056.0,463567233.1791,463567233.1791,2026-09-14 13:35:00+00:00,2026-09-14 09:35:00-04:00
1789393200000,758.55,759.5188,758.48,759.3901,556818.0,422663777.1734,422663777.1734,2026-09-14 13:40:00+00:00,2026-09-14 09:40:00-04:00
1789393500000,759.43,760.56,759.43,760.29,656908.0,499179486.6796,499179486.6796,2026-09-14 13:45:00+00:00,2026-09-14 09:45:00-04:00
1789393800000,760.2831,760.59,760.09,760.17,360098.0,273790846.5182,273790846.5182,2026-09-14 13:50:00+00:00,2026-09-14 09:50:00-04:00
1789394100000,760.18,760.24,759.76,760.0,398042.0,302510927.3749,302510927.3749,2026-09-14 13:55:00+00:00,2026-09-14 09:55:00-04:00
1789394400000,759.9864,760.59,759.91,760.47,425032.0,323174803.9128,323174803.9128,2026-09-14 14:00:00+00:00,2026-09-14 10:00:00-04:00
1789394700000,760.4613,761.115,760.32,760.87,410069.65226,311970523.8653622,311970523.865362206,2026-09-14 14:05:00+00:00,2026-09-14 10:05:00-04:00
1789395000000,760.87,761.0,760.42,760.44,376421.0,286337167.7909,286337167.7909,2026-09-14 14:10:00+00:00,2026-09-14 10:10:00-04:00
1789395300000,760.47,760.65,759.7701,759.845,287969.0,218904319.8883,218904319.8883,2026-09-14 14:15:00+00:00,2026-09-14 10:15:00-04:00
1789395600000,759.85,759.85,758.82,758.82,676155.0,513391114.9501,513391114.9501,2026-09-14 14:20:00+00:00,2026-09-14 10:20:00-04:00
1789395900000,758.8201,758.87,758.24,758.84,625947.0,474831647.6955,474831647.6955,2026-09-14 14:25:00+00:00,2026-09-14 10:25:00-04:00
1789396200000,758.8364,759.135,758.53,759.1,324472.0,246232574.8165,246232574.8165,2026-09-14 14:30:00+00:00,2026-09-14 10:30:00-04:00
1789396500000,759.1,759.1,758.3,758.465,426388.0,323426075.8043,323426075.8043,2026-09-14 14:35:00+00:00,2026-09-14 10:35:00-04:00
1789396800000,758.48,758.68,758.13,758.68,424447.0,321879811.6171,321879811.6171,2026-09-14 14:40:00+00:00,2026-09-14 10:40:00-04:00
1789397100000,758.68,759.03,758.4636,758.61,327094.0,248186746.5146,248186746.5146,2026-09-14 14:45:00+00:00,2026-09-14 10:45:00-04:00
1789397400000,758.63,758.655,758.11,758.2,582668.0,441848620.7129,441848620.7129,2026-09-14 14:50:00+00:00,2026-09-14 10:50:00-04:00
1789397700000,758.23,758.59,757.93,758.57,446947.0,338852899.0793,338852899.0793,2026-09-14 14:55:00+00:00,2026-09-14 10:55:00-04:00
1789398000000,758.59,758.605,758.15,758.18,232588.0,176394312.1486,176394312.1486,2026-09-14 15:00:00+00:00,2026-09-14 11:00:00-04:00
1789398300000,758.18,759.87,758.17,759.11,1085405.0,824109814.4406,824109814.4406,2026-09-14 15:05:00+00:00,2026-09-14 11:05:00-04:00
1789398600000,759.13,759.2018,758.63,758.6301,277971.0,210961007.8018,210961007.8018,2026-09-14 15:10:00+00:00,2026-09-14 11:10:00-04:00
1789398900000,758.62,759.17,758.52,759.0701,230703.0,175072308.7812,175072308.7812,2026-09-14 15:15:00+00:00,2026-09-14 11:15:00-04:00
1789399200000,759.09,759.58,758.99,759.545,201136.223574,152701307.31511015,152701307.3151101576,2026-09-14 15:20:00+00:00,2026-09-14 11:20:00-04:00
1789399500000,759.54,759.8952,759.32,759.595,244858.0,186015509.4755,186015509.4755,2026-09-14 15:25:00+00:00,2026-09-14 11:25:00-04:00
1789399800000,759.57,760.89,759.45,760.82,934147.0,710008213.2266,710008213.2266,2026-09-14 15:30:00+00:00,2026-09-14 11:30:00-04:00
1789400100000,760.807,761.2395,760.46,761.2,693156.0,527421960.2558,527421960.2558,2026-09-14 15:35:00+00:00,2026-09-14 11:35:00-04:00
1789400400000,761.22,762.23,760.97,762.09,642079.0,489033073.9185,489033073.9185,2026-09-14 15:40:00+00:00,2026-09-14 11:40:00-04:00
1789400700000,762.1,762.15,761.47,761.48,416332.0,317132544.4664,317132544.4664,2026-09-14 15:45:00+00:00,2026-09-14 11:45:00-04:00
1789401000000,761.475,761.88,761.29,761.81,353680.0,269372670.9403,269372670.9403,2026-09-14 15:50:00+00:00,2026-09-14 11:50:00-04:00
1789401300000,761.82,762.03,761.69,761.75,187453.0,142806742.8866,142806742.8866,2026-09-14 15:55:00+00:00,2026-09-14 11:55:00-04:00
1789401600000,761.765,761.9,761.33,761.33,162172.468826,123510435.15287682,123510435.1528768244,2026-09-14 16:00:00+00:00,2026-09-14 12:00:00-04:00
1789401900000,761.32,761.52,761.21,761.4,140932.0,107299362.0436,107299362.0436,2026-09-14 16:05:00+00:00,2026-09-14 12:05:00-04:00
1789402200000,761.4,761.67,761.36,761.4674,109740.121999,83568219.4928963,83568219.4928963112925755,2026-09-14 16:10:00+00:00,2026-09-14 12:10:00-04:00
1789402500000,761.48,762.45,761.48,762.35,251727.964743,191826546.00232047,191826546.0023204998,2026-09-14 16:15:00+00:00,2026-09-14 12:15:00-04:00
1789402800000,762.36,762.6,762.02,762.41,271516.0,206951845.3046,206951845.3046,2026-09-14 16:20:00+00:00,2026-09-14 12:20:00-04:00
1789403100000,762.41,762.45,761.89,762.02,257790.0,196452549.4376,196452549.4376,2026-09-14 16:25:00+00:00,2026-09-14 12:25:00-04:00
1789403400000,762.0,762.45,761.95,761.95,186241.0,141949465.091,141949465.091,2026-09-14 16:30:00+00:00,2026-09-14 12:30:00-04:00
1789403700000,761.97,762.11,761.835,762.05,106099.398928,80842021.72449219,80842021.7244922048,2026-09-14 16:35:00+00:00,2026-09-14 12:35:00-04:00
1789404000000,762.05,762.31,761.92,762.31,97925.831538,74628120.49754092,74628120.4975409192,2026-09-14 16:40:00+00:00,2026-09-14 12:40:00-04:00
1789404300000,762.32,763.5,762.05,763.2639,548863.0,418930943.5454,418930943.5454,2026-09-14 16:45:00+00:00,2026-09-14 12:45:00-04:00
1789404600000,763.28,763.52,763.02,763.06,254094.0,193941524.745,193941524.745,2026-09-14 16:50:00+00:00,2026-09-14 12:50:00-04:00
1789404900000,763.06,763.1,762.57,762.9,262620.0,200326930.1944,200326930.1944,2026-09-14 16:55:00+00:00,2026-09-14 12:55:00-04:00
1789405200000,762.9,763.06,762.53,762.66,197471.0,150620007.4765,150620007.4765,2026-09-14 17:00:00+00:00,2026-09-14 13:00:00-04:00
1789405500000,762.68,762.81,762.34,762.445,214442.0,163522968.1967,163522968.1967,2026-09-14 17:05:00+00:00,2026-09-14 13:05:00-04:00
1789405800000,762.455,762.86,762.18,762.1814,447191.0,341467645.5772,341467645.5772,2026-09-14 17:10:00+00:00,2026-09-14 13:10:00-04:00
1789406100000,762.1807,762.27,761.904,762.05,160315.0,122178403.4647,122178403.4647,2026-09-14 17:15:00+00:00,2026-09-14 13:15:00-04:00
1789406400000,762.085,762.42,762.055,762.29,110362.0,84124469.0388,84124469.0388,2026-09-14 17:20:00+00:00,2026-09-14 13:20:00-04:00
1789406700000,762.32,762.72,762.19,762.69,132829.0,101267937.9631,101267937.9631,2026-09-14 17:25:00+00:00,2026-09-14 13:25:00-04:00
1789407000000,762.715,762.83,762.49,762.64,151854.0,115815636.4995,115815636.4995,2026-09-14 17:30:00+00:00,2026-09-14 13:30:00-04:00
1789407300000,762.66,762.87,762.51,762.81,216792.0,165351706.2987,165351706.2987,2026-09-14 17:35:00+00:00,2026-09-14 13:35:00-04:00
1789407600000,762.83,762.8346,762.54,762.6,259266.0,197950882.3211,197950882.3211,2026-09-14 17:40:00+00:00,2026-09-14 13:40:00-04:00
1789407900000,762.65,762.85,762.55,762.63,163058.0,124360572.858,124360572.858,2026-09-14 17:45:00+00:00,2026-09-14 13:45:00-04:00
1789408200000,762.64,762.8699,762.575,762.785,179113.0,136614931.7766,136614931.7766,2026-09-14 17:50:00+00:00,2026-09-14 13:50:00-04:00
1789408500000,762.78,762.85,762.34,762.3499,176787.0,134799907.1849,134799907.1849,2026-09-14 17:55:00+00:00,2026-09-14 13:55:00-04:00
1789408800000,762.355,762.83,762.21,762.24,1148168.0,877125013.0601,877125013.0601,2026-09-14 18:00:00+00:00,2026-09-14 14:00:00-04:00
1789409100000,762.2531,762.588,762.125,762.43,273412.0,208688451.1584,208688451.1584,2026-09-14 18:05:00+00:00,2026-09-14 14:05:00-04:00
1789409400000,762.42,762.44,762.16,762.31,127522.0,97211488.381,97211488.381,2026-09-14 18:10:00+00:00,2026-09-14 14:10:00-04:00
1789409700000,762.35,762.48,762.1871,762.28,90002.158437,68609147.09778684,68609147.0977868416,2026-09-14 18:15:00+00:00,2026-09-14 14:15:00-04:00
1789410000000,762.27,762.33,762.1,762.117,369797.0,282405540.8132,282405540.8132,2026-09-14 18:20:00+00:00,2026-09-14 14:20:00-04:00
1789410300000,762.13,762.19,761.9175,762.0108,371527.0,283707015.3905,283707015.3905,2026-09-14 18:25:00+00:00,2026-09-14 14:25:00-04:00
1789410600000,762.06,762.35,761.97,762.2263,192667.0,146838954.8954,146838954.8954,2026-09-14 18:30:00+00:00,2026-09-14 14:30:00-04:00
1789410900000,762.22,762.4699,762.2,762.35,142786.0,108853401.5845,108853401.5845,2026-09-14 18:35:00+00:00,2026-09-14 14:35:00-04:00
1789411200000,762.32,762.52,762.25,762.35,182925.0,139458837.2531,139458837.2531,2026-09-14 18:40:00+00:00,2026-09-14 14:40:00-04:00
1789411500000,762.34,762.53,762.1141,762.5,290513.042674,221463498.13181537,221463498.131815360131615,2026-09-14 18:45:00+00:00,2026-09-14 14:45:00-04:00
1789411800000,762.5,762.54,762.291,762.32,1448993.360495,1107300612.823616,1107300612.823616158,2026-09-14 18:50:00+00:00,2026-09-14 14:50:00-04:00
1789412100000,762.31,762.47,762.09,762.128,274015.0,208880817.4943,208880817.4943,2026-09-14 18:55:00+00:00,2026-09-14 14:55:00-04:00
1789412400000,762.14,762.21,761.855,761.93,267505.0,203840182.0254,203840182.0254,2026-09-14 19:00:00+00:00,2026-09-14 15:00:00-04:00
1789412700000,761.94,761.98,761.61,761.83,239157.141167,182190627.22903,182190627.2290299843,2026-09-14 19:05:00+00:00,2026-09-14 15:05:00-04:00
1789413000000,761.85,762.09,761.82,762.02,306410.0,233773445.6031,233773445.6031,2026-09-14 19:10:00+00:00,2026-09-14 15:10:00-04:00
1789413300000,762.025,762.025,761.77,761.8738,204706.0,155960670.0508,155960670.0508,2026-09-14 19:15:00+00:00,2026-09-14 15:15:00-04:00
1789413600000,761.86,761.93,761.649,761.81,344531.0,262453245.8154,262453245.8154,2026-09-14 19:20:00+00:00,2026-09-14 15:20:00-04:00
1789413900000,761.79,761.86,761.69,761.725,163172.955743,124300694.98465943,124300694.9846594388,2026-09-14 19:25:00+00:00,2026-09-14 15:25:00-04:00
1789414200000,761.725,761.93,761.66,761.69,257311.712271,196026192.60248768,196026192.60248770114468,2026-09-14 19:30:00+00:00,2026-09-14 15:30:00-04:00
1789414500000,761.7,761.73,761.55,761.6,400965.0,305384827.0497,305384827.0497,2026-09-14 19:35:00+00:00,2026-09-14 15:35:00-04:00
1789414800000,761.605,761.72,761.54,761.6,426087.0,324516885.1873,324516885.1873,2026-09-14 19:40:00+00:00,2026-09-14 15:40:00-04:00
1789415100000,761.5902,761.83,761.55,761.71,782886.0,596655926.3325,596655926.3325,2026-09-14 19:45:00+00:00,2026-09-14 15:45:00-04:00
1789415400000,761.71,761.8,761.115,761.25,1045747.0,796225719.8808,796225719.8808,2026-09-14 19:50:00+00:00,2026-09-14 15:50:00-04:00
1789415700000,761.245,761.34,760.66,760.88,2878665.59001,2193234023.675661,2193234023.67566131289611,2026-09-14 19:55:00+00:00,2026-09-14 15:55:00-04:00
1789416000000,760.81,760.97,760.59,760.7639,171781.0,130702194.5929,130702194.5929,2026-09-14 20:00:00+00:00,2026-09-14 16:00:00-04:00
1789416300000,760.7546,760.8,760.6,760.6532,51027.250332,38817173.350109905,38817173.3501099032,2026-09-14 20:05:00+00:00,2026-09-14 16:05:00-04:00
1789416600000,760.6623,760.88,760.61,760.75,32703.0,24877305.1653,24877305.1653,2026-09-14 20:10:00+00:00,2026-09-14 16:10:00-04:00
1789416900000,760.77,760.88,760.48,760.7159,266525.0,203667833.0754,203667833.0754,2026-09-14 20:15:00+00:00,2026-09-14 16:15:00-04:00
1789417200000,760.7484,761.0,760.74,760.9953,22827.153368,17366981.206647556,17366981.2066475576,2026-09-14 20:20:00+00:00,2026-09-14 16:20:00-04:00
1789417500000,760.99,761.0994,760.9424,761.0739,28188.186390000003,21450578.953291494,21450578.9532914972829115,2026-09-14 20:25:00+00:00,2026-09-14 16:25:00-04:00
1789417800000,761.0993,761.1,760.9577,761.0042,75573.608782,57516597.25474748,57516597.254747477,2026-09-14 20:30:00+00:00,2026-09-14 16:30:00-04:00
1789418100000,761.0318,761.05,760.97,761.0392,14627.254816,11131401.054795263,11131401.054795264,2026-09-14 20:35:00+00:00,2026-09-14 16:35:00-04:00
1789418400000,761.0398,761.0842,761.0004,761.0004,137265.659495,104465203.94234684,104465203.9423468305,2026-09-14 20:40:00+00:00,2026-09-14 16:40:00-04:00
1789418700000,761.0284,761.34,761.0239,761.3,44309.0,33717147.9792,33717147.9792,2026-09-14 20:45:00+00:00,2026-09-14 16:45:00-04:00
1789419000000,761.32,761.4361,761.2708,761.41,33468.180952,25472204.97506045,25472204.9750604544,2026-09-14 20:50:00+00:00,2026-09-14 16:50:00-04:00
1789419300000,761.4084,761.4888,761.33,761.485,167990.879429,127824787.60300235,127824787.6030023641,2026-09-14 20:55:00+00:00,2026-09-14 16:55:00-04:00
1789419600000,761.38,761.46,761.3254,761.37,761.359923,577697.7915642231,577697.7915642231,2026-09-14 21:00:00+00:00,2026-09-14 17:00:00-04:00
1789419900000,761.37,761.37,761.09,761.24,27528.997557,20959321.37580656,20959321.3758065591,2026-09-14 21:05:00+00:00,2026-09-14 17:05:00-04:00
1789420200000,761.25,761.25,761.08,761.16,10130.582698,7712308.8141858755,7712308.8141858752,2026-09-14 21:10:00+00:00,2026-09-14 17:10:00-04:00
1789420500000,761.15,761.15,761.0853,761.09,90.0,68499.3826,68499.3826,2026-09-14 21:15:00+00:00,2026-09-14 17:15:00-04:00
1789420800000,761.0995,761.24,760.71,761.0069,795.959808,603782.79517072,603782.79517072,2026-09-14 21:20:00+00:00,2026-09-14 17:20:00-04:00
1789421100000,761.0069,761.0095,760.93,760.9876,2529.299804,1924746.9907279983,1924746.9907279984,2026-09-14 21:25:00+00:00,2026-09-14 17:25:00-04:00
1789421400000,760.99,761.03,760.95,761.0269,9688.943613,7373008.629316946,7373008.6293169456,2026-09-14 21:30:00+00:00,2026-09-14 17:30:00-04:00
1789421700000,761.0,761.0,760.9901,760.9918,5433.394637,4134805.704804508,4134805.7048045082,2026-09-14 21:35:00+00:00,2026-09-14 17:35:00-04:00
1789422000000,760.9984,761.05,760.99,761.05,1076.0,818874.739,818874.739,2026-09-14 21:40:00+00:00,2026-09-14 17:40:00-04:00
1789422300000,761.0394,761.15,760.9507,761.14,567454.0,431764689.7971,431764689.7971,2026-09-14 21:45:00+00:00,2026-09-14 17:45:00-04:00
1789422600000,761.1461,761.15,761.1,761.146,283702.534143,215910460.74021283,215910460.7402128493,2026-09-14 21:50:00+00:00,2026-09-14 17:50:00-04:00
1789422900000,761.1049,761.34,761.1049,761.2111,1301.051386,990299.1928625555,990299.1928625555238865,2026-09-14 21:55:00+00:00,2026-09-14 17:55:00-04:00
1789423200000,761.32,761.44,761.19,761.2314,19728.407799,15017561.958156563,15017561.9581565649,2026-09-14 22:00:00+00:00,2026-09-14 18:00:00-04:00
1789423500000,761.17,761.2121,761.05,761.1505,9383.986137999998,7142979.517209169,7142979.5172091700776236,2026-09-14 22:05:00+00:00,2026-09-14 18:05:00-04:00
1789423800000,761.1114,761.2149,761.11,761.2085,424.068919,322775.9062182001,322775.9062182001543319,2026-09-14 22:10:00+00:00,2026-09-14 18:10:00-04:00
1789424100000,761.235,761.2414,761.0457,761.09,176.0,133956.3006,133956.3006,2026-09-14 22:15:00+00:00,2026-09-14 18:15:00-04:00
1789424400000,761.1249,761.2,761.0984,761.1758,140.39621,106861.443677505,106861.443677505,2026-09-14 22:20:00+00:00,2026-09-14 18:20:00-04:00
1789424700000,761.1587,761.19,761.0219,761.1415,534.391888,406742.011440432,406742.011440432,2026-09-14 22:25:00+00:00,2026-09-14 18:25:00-04:00
1789425000000,761.15,761.25,761.14,761.1997,1480.278769,1126751.0489541905,1126751.0489541905,2026-09-14 22:30:00+00:00,2026-09-14 18:30:00-04:00
1789425300000,761.1957,761.2427,761.1442,761.1585,1461.1130429999998,1112176.6010794332,1112176.6010794333477631,2026-09-14 22:35:00+00:00,2026-09-14 18:35:00-04:00
1789425600000,761.1587,761.169,761.1023,761.11,97.0,73830.3533,73830.3533,2026-09-14 22:40:00+00:00,2026-09-14 18:40:00-04:00
1789425900000,761.11,761.2777,761.11,761.2749,75.0,57091.9752,57091.9752,2026-09-14 22:45:00+00:00,2026-09-14 18:45:00-04:00
1789426200000,761.2748,761.36,761.25,761.3009,71.41754,54369.215932998,54369.215932998,2026-09-14 22:50:00+00:00,2026-09-14 18:50:00-04:00
1789426500000,761.2869,761.3122,761.2,761.2167,98.105951,74684.9859674083,74684.9859674083,2026-09-14 22:55:00+00:00,2026-09-14 18:55:00-04:00
1789426800000,761.1716,761.1885,761.069,761.11,2201.681896,1675736.8917332632,1675736.8917332632,2026-09-14 23:00:00+00:00,2026-09-14 19:00:00-04:00
1789427100000,761.11,761.16,761.0605,761.16,1276.0827339999998,971237.265434092,971237.2654340920477783,2026-09-14 23:05:00+00:00,2026-09-14 19:05:00-04:00
1789427400000,761.1452,761.25,761.09,761.23,173.693188,132214.290868816,132214.2908688159923887,2026-09-14 23:10:00+00:00,2026-09-14 19:10:00-04:00
1789427700000,761.23,761.25,761.02,761.03,868.0,660592.8592,660592.8592,2026-09-14 23:15:00+00:00,2026-09-14 19:15:00-04:00
1789428000000,761.0232,761.18,760.9897,761.1657,1875.998447,1427691.1441256902,1427691.1441256902,2026-09-14 23:20:00+00:00,2026-09-14 19:20:00-04:00
1789428300000,761.1657,761.17,761.0171,761.045,1119.944311,852441.971373339,852441.971373339,2026-09-14 23:25:00+00:00,2026-09-14 19:25:00-04:00
1789428600000,761.02,761.0999,761.02,761.021,8898.547493999999,6772305.375860155,6772305.3758601548389426,2026-09-14 23:30:00+00:00,2026-09-14 19:30:00-04:00
1789428900000,761.1005,761.1584,761.0815,761.1584,199.0,151465.0422,151465.0422,2026-09-14 23:35:00+00:00,2026-09-14 19:35:00-04:00
1789429200000,761.19,761.19,761.0666,761.14,35.0,26639.496,26639.496,2026-09-14 23:40:00+00:00,2026-09-14 19:40:00-04:00
1789429500000,761.1485,761.1485,761.0054,761.1085,72.0,54797.1226,54797.1226,2026-09-14 23:45:00+00:00,2026-09-14 19:45:00-04:00
1789429800000,761.059,761.06,760.9501,761.0,707.0,538011.6226,538011.6226,2026-09-14 23:50:00+00:00,2026-09-14 19:50:00-04:00
1789430100000,761.06,761.18,761.0323,761.1598,905.012757,688825.8087580877,688825.8087580877,2026-09-14 23:55:00+00:00,2026-09-14 19:55:00-04:00
1789430400000,761.3,761.3,760.99,761.08,2250.0,1712568.78,1712568.78,2026-09-15 00:00:00+00:00,2026-09-14 20:00:00-04:00
1789430700000,761.03,761.31,760.87,761.27,1976.0,1503653.14,1503653.14,2026-09-15 00:05:00+00:00,2026-09-14 20:05:00-04:00
1789431000000,761.24,761.26,761.09,761.25,2018.0,1536093.22,1536093.22,2026-09-15 00:10:00+00:00,2026-09-14 20:10:00-04:00
1789431300000,761.24,761.24,761.0,761.06,1150.0,875258.6,875258.6,2026-09-15 00:15:00+00:00,2026-09-14 20:15:00-04:00
1789431600000,761.06,761.23,760.98,761.23,455.0,346321.84,346321.84,2026-09-15 00:20:00+00:00,2026-09-14 20:20:00-04:00
1789431900000,761.24,761.28,761.13,761.16,4675.0,3558553.28,3558553.28,2026-09-15 00:25:00+00:00,2026-09-14 20:25:00-04:00
1789432200000,761.15,761.2,761.07,761.07,426.0,324248.87,324248.87,2026-09-15 00:30:00+00:00,2026-09-14 20:30:00-04:00
1789432500000,761.06,761.36,761.06,761.36,788.0,599889.33,599889.33,2026-09-15 00:35:00+00:00,2026-09-14 20:35:00-04:00
1789432800000,761.4,761.62,761.4,761.56,1243.0,946614.95,946614.95,2026-09-15 00:40:00+00:00,2026-09-14 20:40:00-04:00
1789433100000,761.53,761.54,761.42,761.49,715.0,544468.92,544468.92,2026-09-15 00:45:00+00:00,2026-09-14 20:45:00-04:00
1789433400000,761.57,761.69,761.53,761.6,1031.0,785183.06,785183.06,2026-09-15 00:50:00+00:00,2026-09-14 20:50:00-04:00
1789433700000,761.61,761.64,761.45,761.45,369.0,281029.61,281029.61,2026-09-15 00:55:00+00:00,2026-09-14 20:55:00-04:00
1789434000000,761.41,761.69,761.29,761.65,5444.0,4146395.37,4146395.37,2026-09-15 01:00:00+00:00,2026-09-14 21:00:00-04:00
1789434300000,761.63,761.63,761.4,761.55,338.0,257374.34,257374.34,2026-09-15 01:05:00+00:00,2026-09-14 21:05:00-04:00
1789434600000,761.52,761.62,761.51,761.62,153.0,116522.98,116522.98,2026-09-15 01:10:00+00:00,2026-09-14 21:10:00-04:00
1789434900000,761.68,761.69,761.62,761.68,171.0,130248.33,130248.33,2026-09-15 01:15:00+00:00,2026-09-14 21:15:00-04:00
1789435200000,761.64,761.67,761.58,761.61,107.0,81496.96,81496.96,2026-09-15 01:20:00+00:00,2026-09-14 21:20:00-04:00
1789435500000,761.61,761.63,761.41,761.42,552.0,420330.75,420330.75,2026-09-15 01:25:00+00:00,2026-09-14 21:25:00-04:00
1789435800000,761.42,761.43,761.21,761.21,693.0,527656.03,527656.03,2026-09-15 01:30:00+00:00,2026-09-14 21:30:00-04:00
1789436100000,761.15,761.15,760.98,761.01,254.0,193306.75,193306.75,2026-09-15 01:35:00+00:00,2026-09-14 21:35:00-04:00
1789436400000,761.05,761.05,760.7,760.81,2413.0,1835954.48,1835954.48,2026-09-15 01:40:00+00:00,2026-09-14 21:40:00-04:00
1789436700000,760.79,760.91,760.79,760.91,163.0,124016.19,124016.19,2026-09-15 01:45:00+00:00,2026-09-14 21:45:00-04:00
1789437000000,760.76,761.1,760.75,761.02,724.0,550813.39,550813.39,2026-09-15 01:50:00+00:00,2026-09-14 21:50:00-04:00
1789437300000,761.0,761.06,760.92,760.92,127.0,96646.98,96646.98,2026-09-15 01:55:00+00:00,2026-09-14 21:55:00-04:00
1789437600000,760.97,761.16,760.92,761.16,314.0,238951.8,238951.8,2026-09-15 02:00:00+00:00,2026-09-14 22:00:00-04:00
1789437900000,761.02,761.05,761.0,761.0,231.0,175796.56,175796.56,2026-09-15 02:05:00+00:00,2026-09-14 22:05:00-04:00
1789438200000,761.06,761.1,760.95,760.96,520.0,395729.36,395729.36,2026-09-15 02:10:00+00:00,2026-09-14 22:10:00-04:00
1789438500000,760.97,760.97,760.88,760.88,95.0,72288.39,72288.39,2026-09-15 02:15:00+00:00,2026-09-14 22:15:00-04:00
1789438800000,760.87,760.87,760.8,760.85,33.0,25107.56,25107.56,2026-09-15 02:20:00+00:00,2026-09-14 22:20:00-04:00
1789439100000,760.93,760.93,760.93,760.93,5.0,3804.65,3804.65,2026-09-15 02:25:00+00:00,2026-09-14 22:25:00-04:00
1789439400000,760.86,760.86,760.8,760.8,604.0,459553.31,459553.31,2026-09-15 02:30:00+00:00,2026-09-14 22:30:00-04:00
1789439700000,760.83,760.88,760.72,760.75,372.0,283003.4,283003.4,2026-09-15 02:35:00+00:00,2026-09-14 22:35:00-04:00
1789440000000,760.8,760.8,760.65,760.79,609.0,463299.29,463299.29,2026-09-15 02:40:00+00:00,2026-09-14 22:40:00-04:00
1789440300000,760.69,760.72,760.66,760.72,25.0,19017.15,19017.15,2026-09-15 02:45:00+00:00,2026-09-14 22:45:00-04:00
1789440600000,760.66,760.78,760.65,760.71,614.0,467085.36,467085.36,2026-09-15 02:50:00+00:00,2026-09-14 22:50:00-04:00
1789440900000,760.79,760.79,760.69,760.69,175.0,133135.31,133135.31,2026-09-15 02:55:00+00:00,2026-09-14 22:55:00-04:00
1789441200000,760.69,760.71,760.63,760.63,50.0,38035.28,38035.28,2026-09-15 03:00:00+00:00,2026-09-14 23:00:00-04:00
1789441500000,760.63,760.63,760.47,760.47,1170.0,889921.39,889921.39,2026-09-15 03:05:00+00:00,2026-09-14 23:05:00-04:00
1789441800000,760.51,760.51,760.46,760.51,19.0,14449.11,14449.11,2026-09-15 03:10:00+00:00,2026-09-14 23:10:00-04:00
1789442100000,760.51,760.55,760.43,760.49,639.0,485953.45,485953.45,2026-09-15 03:15:00+00:00,2026-09-14 23:15:00-04:00
1789442400000,760.46,760.48,760.39,760.39,748.0,568812.93,568812.93,2026-09-15 03:20:00+00:00,2026-09-14 23:20:00-04:00
1789443000000,760.4,760.48,760.38,760.42,75.0,57030.48,57030.48,2026-09-15 03:30:00+00:00,2026-09-14 23:30:00-04:00
1789443300000,760.43,760.51,760.39,760.39,346.0,263118.62,263118.62,2026-09-15 03:35:00+00:00,2026-09-14 23:35:00-04:00
1789443600000,760.4,760.4,760.38,760.4,58.0,44102.77,44102.77,2026-09-15 03:40:00+00:00,2026-09-14 23:40:00-04:00
1789443900000,760.46,760.46,760.25,760.25,337.0,256218.24,256218.24,2026-09-15 03:45:00+00:00,2026-09-14 23:45:00-04:00
1789444200000,760.26,760.26,760.0,760.0,808.0,614110.4,614110.4,2026-09-15 03:50:00+00:00,2026-09-14 23:50:00-04:00
1789444500000,759.99,759.99,759.82,759.84,755.0,573721.58,573721.58,2026-09-15 03:55:00+00:00,2026-09-14 23:55:00-04:00
1789444800000,759.83,759.84,759.72,759.82,213.0,161832.09,161832.09,2026-09-15 04:00:00+00:00,2026-09-15 00:00:00-04:00
1789445100000,759.9,760.08,759.9,759.95,289.0,219643.83,219643.83,2026-09-15 04:05:00+00:00,2026-09-15 00:05:00-04:00
1789445400000,759.89,759.89,759.7,759.7,181.0,137513.96,137513.96,2026-09-15 04:10:00+00:00,2026-09-15 00:10:00-04:00
1789445700000,759.67,759.7,759.61,759.62,119.0,90400.32,90400.32,2026-09-15 04:15:00+00:00,2026-09-15 00:15:00-04:00
1789446000000,759.62,759.62,759.4,759.4,132.0,100249.1,100249.1,2026-09-15 04:20:00+00:00,2026-09-15 00:20:00-04:00
1789446300000,759.27,759.27,759.06,759.19,338.0,256607.21,256607.21,2026-09-15 04:25:00+00:00,2026-09-15 00:25:00-04:00
1789446600000,759.2,759.29,759.11,759.11,310.0,235346.27,235346.27,2026-09-15 04:30:00+00:00,2026-09-15 00:30:00-04:00
1789446900000,759.15,759.15,758.88,759.01,541.0,410613.54,410613.54,2026-09-15 04:35:00+00:00,2026-09-15 00:35:00-04:00
1789447200000,759.0,759.32,759.0,759.31,578.0,438861.25,438861.25,2026-09-15 04:40:00+00:00,2026-09-15 00:40:00-04:00
1789447500000,759.19,759.3,759.13,759.15,747.0,567174.0,567174,2026-09-15 04:45:00+00:00,2026-09-15 00:45:00-04:00
1789447800000,759.12,759.12,758.83,758.87,163.0,123700.55,123700.55,2026-09-15 04:50:00+00:00,2026-09-15 00:50:00-04:00
1789448100000,758.87,758.87,758.6,758.6,1295.0,982588.91,982588.91,2026-09-15 04:55:00+00:00,2026-09-15 00:55:00-04:00
1789448400000,758.59,758.77,758.58,758.59,339.0,257167.38,257167.38,2026-09-15 05:00:00+00:00,2026-09-15 01:00:00-04:00
1789448700000,758.57,758.63,758.29,758.29,451.0,342053.27,342053.27,2026-09-15 05:05:00+00:00,2026-09-15 01:05:00-04:00
1789449000000,758.29,758.31,758.15,758.24,732.0,555035.02,555035.02,2026-09-15 05:10:00+00:00,2026-09-15 01:10:00-04:00
1789449300000,758.24,758.24,758.02,758.02,786.0,595866.01,595866.01,2026-09-15 05:15:00+00:00,2026-09-15 01:15:00-04:00
1789449600000,758.11,758.2,758.09,758.16,233.0,176649.17,176649.17,2026-09-15 05:20:00+00:00,2026-09-15 01:20:00-04:00
1789449900000,758.16,758.51,758.16,758.46,359.0,272261.04,272261.04,2026-09-15 05:25:00+00:00,2026-09-15 01:25:00-04:00
1789450200000,758.46,758.63,758.46,758.62,184.0,139563.35,139563.35,2026-09-15 05:30:00+00:00,2026-09-15 01:30:00-04:00
1789450500000,758.52,758.55,758.29,758.55,820.0,621922.41,621922.41,2026-09-15 05:35:00+00:00,2026-09-15 01:35:00-04:00
1789450800000,758.55,759.16,758.55,759.16,604.0,458338.51,458338.51,2026-09-15 05:40:00+00:00,2026-09-15 01:40:00-04:00
1789451100000,759.16,759.35,759.07,759.16,346.0,262668.9,262668.9,2026-09-15 05:45:00+00:00,2026-09-15 01:45:00-04:00
1789451400000,759.16,759.54,759.16,759.54,574.0,435892.46,435892.46,2026-09-15 05:50:00+00:00,2026-09-15 01:50:00-04:00
1789451700000,759.55,759.55,759.22,759.22,206.0,156460.92,156460.92,2026-09-15 05:55:00+00:00,2026-09-15 01:55:00-04:00
1789452000000,759.34,759.42,759.27,759.42,42.0,31893.26,31893.26,2026-09-15 06:00:00+00:00,2026-09-15 02:00:00-04:00
1789452300000,759.35,759.35,759.08,759.1,157.0,119200.33,119200.33,2026-09-15 06:05:00+00:00,2026-09-15 02:05:00-04:00
1789452600000,759.09,759.22,758.99,759.22,366.0,277826.14,277826.14,2026-09-15 06:10:00+00:00,2026-09-15 02:10:00-04:00
1789452900000,759.09,759.16,759.09,759.16,50.0,37955.59,37955.59,2026-09-15 06:15:00+00:00,2026-09-15 02:15:00-04:00
1789453200000,759.15,759.15,758.98,758.98,834.0,633082.29,633082.29,2026-09-15 06:20:00+00:00,2026-09-15 02:20:00-04:00
1789453500000,758.96,758.96,758.87,758.88,31.0,23526.48,23526.48,2026-09-15 06:25:00+00:00,2026-09-15 02:25:00-04:00
1789453800000,758.82,758.82,758.69,758.69,191.0,144928.28,144928.28,2026-09-15 06:30:00+00:00,2026-09-15 02:30:00-04:00
1789454100000,758.69,758.69,758.51,758.6,566.0,429349.85,429349.85,2026-09-15 06:35:00+00:00,2026-09-15 02:35:00-04:00
1789454400000,758.62,758.73,758.48,758.48,343.0,260192.95,260192.95,2026-09-15 06:40:00+00:00,2026-09-15 02:40:00-04:00
1789454700000,758.61,758.61,758.61,758.61,40.0,30344.4,30344.4,2026-09-15 06:45:00+00:00,2026-09-15 02:45:00-04:00
1789455000000,758.51,758.51,758.29,758.29,523.0,396606.3,396606.3,2026-09-15 06:50:00+00:00,2026-09-15 02:50:00-04:00
1789455300000,758.22,758.52,758.2,758.52,205.0,155433.78,155433.78,2026-09-15 06:55:00+00:00,2026-09-15 02:55:00-04:00
1789455600000,758.4,758.63,758.15,758.6,1111.0,842418.29,842418.29,2026-09-15 07:00:00+00:00,2026-09-15 03:00:00-04:00
1789455900000,758.49,758.49,758.13,758.24,915.0,693777.19,693777.19,2026-09-15 07:05:00+00:00,2026-09-15 03:05:00-04:00
1789456200000,758.19,758.19,757.74,757.74,1591.0,1205954.99,1205954.99,2026-09-15 07:10:00+00:00,2026-09-15 03:10:00-04:00
1789456500000,757.9,758.0,757.78,758.0,788.0,597156.52,597156.52,2026-09-15 07:15:00+00:00,2026-09-15 03:15:00-04:00
1789456800000,758.08,758.3,758.06,758.3,215.0,163006.73,163006.73,2026-09-15 07:20:00+00:00,2026-09-15 03:20:00-04:00
1789457100000,758.38,758.38,758.0,758.16,187.0,141790.65,141790.65,2026-09-15 07:25:00+00:00,2026-09-15 03:25:00-04:00
1789457400000,758.19,758.3,758.05,758.17,146.0,110706.33,110706.33,2026-09-15 07:30:00+00:00,2026-09-15 03:30:00-04:00
1789457700000,758.05,758.19,757.67,757.67,674.0,510806.52,510806.52,2026-09-15 07:35:00+00:00,2026-09-15 03:35:00-04:00
1789458000000,757.79,757.79,757.3,757.3,954.0,722608.08,722608.08,2026-09-15 07:40:00+00:00,2026-09-15 03:40:00-04:00
1789458300000,757.33,757.49,757.3,757.41,430.0,325682.7,325682.7,2026-09-15 07:45:00+00:00,2026-09-15 03:45:00-04:00
1789458600000,757.52,757.52,757.06,757.33,493.0,373328.12,373328.12,2026-09-15 07:50:00+00:00,2026-09-15 03:50:00-04:00
1789458900000,757.26,757.5,757.12,757.5,1477.0,1118627.47,1118627.47,2026-09-15 07:55:00+00:00,2026-09-15 03:55:00-04:00
1789459200000,757.59,760.88,757.0,757.08,7911.0,5999125.1449,5999125.1449,2026-09-15 08:00:00+00:00,2026-09-15 04:00:00-04:00
1789459500000,757.0766,759.23,756.43,756.4372,4789.0,3624580.4561,3624580.4561,2026-09-15 08:05:00+00:00,2026-09-15 04:05:00-04:00
1789459800000,756.3349,756.9512,756.2034,756.9512,527.0,398638.3904,398638.3904,2026-09-15 08:10:00+00:00,2026-09-15 04:10:00-04:00
1789460100000,757.0,757.38,757.0,757.38,159.0,120406.595,120406.595,2026-09-15 08:15:00+00:00,2026-09-15 04:15:00-04:00
1789460400000,757.46,757.6285,757.162,757.162,959.438597,726796.30217138,726796.30217138,2026-09-15 08:20:00+00:00,2026-09-15 04:20:00-04:00
1789460700000,757.1769,757.33,756.8014,757.092,7483.297827,5666338.431348753,5666338.4313487544,2026-09-15 08:25:00+00:00,2026-09-15 04:25:00-04:00
1789461000000,757.14,757.14,756.9258,756.9892,185.0,140040.9499,140040.9499,2026-09-15 08:30:00+00:00,2026-09-15 04:30:00-04:00
1789461300000,756.7561,757.02,756.7359,756.9585,3163.405634,2394359.710359669,2394359.7103596692,2026-09-15 08:35:00+00:00,2026-09-15 04:35:00-04:00
1789461600000,756.87,756.8982,756.72,756.72,694.244135,525462.1969692555,525462.1969692555,2026-09-15 08:40:00+00:00,2026-09-15 04:40:00-04:00
1789461900000,756.69,756.7385,756.6007,756.7385,104.0,78693.0893,78693.0893,2026-09-15 08:45:00+00:00,2026-09-15 04:45:00-04:00
1789462200000,756.711,756.8382,756.711,756.8382,246.471484,186514.425922286,186514.425922286,2026-09-15 08:50:00+00:00,2026-09-15 04:50:00-04:00
1789462500000,756.7712,757.0496,756.6823,756.7212,681.43774,515708.070580546,515708.0705805459697293,2026-09-15 08:55:00+00:00,2026-09-15 04:55:00-04:00
1789462800000,756.79,756.79,756.5119,756.7382,531.0,401801.0185,401801.0185,2026-09-15 09:00:00+00:00,2026-09-15 05:00:00-04:00
1789463100000,756.74,757.0,756.65,756.68,339.534774,256938.0892395806,256938.0892395806,2026-09-15 09:05:00+00:00,2026-09-15 05:05:00-04:00
1789463400000,756.6487,756.78,756.56,756.78,560.273224,423934.9119111856,423934.9119111856,2026-09-15 09:10:00+00:00,2026-09-15 05:10:00-04:00
1789463700000,756.6085,756.6668,756.2815,756.3967,1184.533078,896191.3772439434,896191.3772439434,2026-09-15 09:15:00+00:00,2026-09-15 05:15:00-04:00
1789464000000,756.43,756.71,756.4256,756.5587,756.0,571954.2769,571954.2769,2026-09-15 09:20:00+00:00,2026-09-15 05:20:00-04:00
1789464300000,756.51,756.9482,756.4817,756.8417,289.229461,218823.0294702831,218823.0294702831,2026-09-15 09:25:00+00:00,2026-09-15 05:25:00-04:00
1789464600000,756.9017,756.97,756.835,756.8485,226.0,171067.6584,171067.6584,2026-09-15 09:30:00+00:00,2026-09-15 05:30:00-04:00
1789464900000,757.09,757.5512,757.09,757.5512,2865.860967,2170494.184148057,2170494.1841480567,2026-09-15 09:35:00+00:00,2026-09-15 05:35:00-04:00
1789465200000,757.5387,757.6,757.429,757.51,1535.770684,1163421.6506654392,1163421.6506654392757514,2026-09-15 09:40:00+00:00,2026-09-15 05:40:00-04:00
1789465500000,757.67,758.1587,757.67,758.0112,2468.06638,1870024.093471848,1870024.093471848,2026-09-15 09:45:00+00:00,2026-09-15 05:45:00-04:00
1789465800000,758.071,758.2493,758.0485,758.2493,2136.505285,1619832.8138076777,1619832.8138076777,2026-09-15 09:50:00+00:00,2026-09-15 05:50:00-04:00
1789466100000,758.32,758.32,758.1,758.2112,208.0,157719.4793,157719.4793,2026-09-15 09:55:00+00:00,2026-09-15 05:55:00-04:00
1789466400000,758.281,758.3882,758.21,758.21,59.0,44737.6131,44737.6131,2026-09-15 10:00:00+00:00,2026-09-15 06:00:00-04:00
1789466700000,758.17,758.4,758.17,758.4,2768.273038,2099183.5484563224,2099183.5484563222,2026-09-15 10:05:00+00:00,2026-09-15 06:05:00-04:00
1789467000000,758.3887,758.8312,758.34,758.45,2061.228675,1563520.8157829577,1563520.8157829575,2026-09-15 10:10:00+00:00,2026-09-15 06:10:00-04:00
1789467300000,758.41,758.41,758.27,758.3185,664.102401,503598.0699269561,503598.0699269561,2026-09-15 10:15:00+00:00,2026-09-15 06:15:00-04:00
1789467600000,758.29,758.58,758.29,758.58,294.0,222982.1461,222982.1461,2026-09-15 10:20:00+00:00,2026-09-15 06:20:00-04:00
1789467900000,758.53,758.53,758.45,758.485,163.0,123633.7093,123633.7093,2026-09-15 10:25:00+00:00,2026-09-15 06:25:00-04:00
1789468200000,758.4912,758.66,758.4047,758.66,123.0,93308.0032,93308.0032,2026-09-15 10:30:00+00:00,2026-09-15 06:30:00-04:00
1789468500000,758.649,758.81,758.5992,758.81,187.016453,141893.3055642407,141893.3055642407,2026-09-15 10:35:00+00:00,2026-09-15 06:35:00-04:00
1789468800000,758.86,759.04,758.815,758.89,520.0,394637.4182,394637.4182,2026-09-15 10:40:00+00:00,2026-09-15 06:40:00-04:00
1789469100000,758.905,758.96,758.751,758.96,1047.015,794546.825793,794546.825793,2026-09-15 10:45:00+00:00,2026-09-15 06:45:00-04:00
1789469400000,758.97,759.32,758.97,759.32,2463.921801,1870330.7617635068,1870330.7617635069,2026-09-15 10:50:00+00:00,2026-09-15 06:50:00-04:00
1789469700000,759.3,759.51,759.2946,759.2946,7378.0,5602698.8452,5602698.8452,2026-09-15 10:55:00+00:00,2026-09-15 06:55:00-04:00
1789470000000,759.29,760.88,759.2769,759.44,16066.0,12200987.8767,12200987.8767,2026-09-15 11:00:00+00:00,2026-09-15 07:00:00-04:00
1789470300000,759.4374,759.66,759.279,759.66,1760.925666,1337231.8354651695,1337231.8354651694,2026-09-15 11:05:00+00:00,2026-09-15 07:05:00-04:00
1789470600000,759.6827,759.73,759.55,759.6168,17238.852934,13095078.236368833,13095078.2363688341798354,2026-09-15 11:10:00+00:00,2026-09-15 07:10:00-04:00
1789470900000,759.5907,759.8648,759.5443,759.75,3162.186236,2401980.2691453462,2401980.2691453464961635,2026-09-15 11:15:00+00:00,2026-09-15 07:15:00-04:00
1789471200000,759.7383,759.81,759.5792,759.59,3665.894646,2784884.2037263014,2784884.2037263019720973,2026-09-15 11:20:00+00:00,2026-09-15 07:20:00-04:00
1789471500000,759.5836,759.6516,759.4693,759.5387,314.0,238484.2353,238484.2353,2026-09-15 11:25:00+00:00,2026-09-15 07:25:00-04:00
1789471800000,759.4931,759.52,759.31,759.52,1273.0,966712.9182,966712.9182,2026-09-15 11:30:00+00:00,2026-09-15 07:30:00-04:00
1789472100000,759.6031,759.7233,759.409,759.409,1662.0,1262513.4171,1262513.4171,2026-09-15 11:35:00+00:00,2026-09-15 07:35:00-04:00
1789472400000,759.47,759.6,759.4076,759.56,7884.505482999999,5988056.757376201,5988056.7573762024405296,2026-09-15 11:40:00+00:00,2026-09-15 07:40:00-04:00
1789472700000,759.536,759.65,759.48,759.5453,2307.135595,1752428.2441314356,1752428.2441314357721294,2026-09-15 11:45:00+00:00,2026-09-15 07:45:00-04:00
1789473000000,759.6411,759.7984,759.51,759.5706,3882.786678,2949692.3540044227,2949692.3540044228201578,2026-09-15 11:50:00+00:00,2026-09-15 07:50:00-04:00
1789473300000,759.5733,759.8759,759.491,759.86,896.0,680746.1807,680746.1807,2026-09-15 11:55:00+00:00,2026-09-15 07:55:00-04:00
1789473600000,759.8,759.9746,759.58,759.7597,875.0,664782.1803,664782.1803,2026-09-15 12:00:00+00:00,2026-09-15 08:00:00-04:00
1789473900000,759.82,759.8755,759.68,759.7544,773.0,587274.3656,587274.3656,2026-09-15 12:05:00+00:00,2026-09-15 08:05:00-04:00
1789474200000,759.8,760.1185,759.7779,760.0503,1919.134398,1458399.8219470547,1458399.8219470546759913,2026-09-15 12:10:00+00:00,2026-09-15 08:10:00-04:00
1789474500000,760.0446,760.1012,759.869,760.0829,5338.613369999999,4057052.3820701614,4057052.3820701622400501,2026-09-15 12:15:00+00:00,2026-09-15 08:15:00-04:00
1789474800000,760.0459,760.0459,759.5415,759.6636,14367.058385,10916669.982110946,10916669.9821109465,2026-09-15 12:20:00+00:00,2026-09-15 08:20:00-04:00
1789475100000,759.6348,759.9986,759.6071,759.9456,1218.0,925361.3808,925361.3808,2026-09-15 12:25:00+00:00,2026-09-15 08:25:00-04:00
1789475400000,759.9597,760.2,759.64,760.1983,1137.0,864008.2672,864008.2672,2026-09-15 12:30:00+00:00,2026-09-15 08:30:00-04:00
1789475700000,760.2486,760.67,760.04,760.204,8163.699755,6209198.207045484,6209198.2070454835,2026-09-15 12:35:00+00:00,2026-09-15 08:35:00-04:00
1789476000000,760.1958,760.2,759.87,760.0315,4337.929523,3297253.7372509507,3297253.7372509509520239,2026-09-15 12:40:00+00:00,2026-09-15 08:40:00-04:00
1789476300000,760.0887,761.37,760.0312,760.8795,34615.907163,26323131.963277485,26323131.9632774843,2026-09-15 12:45:00+00:00,2026-09-15 08:45:00-04:00
1789476600000,760.9145,761.3,760.7701,761.2516,15069.549987,11466961.889843171,11466961.8898431731390903,2026-09-15 12:50:00+00:00,2026-09-15 08:50:00-04:00
1789476900000,761.2786,761.3823,760.5,760.59,8067.0,6138009.772,6138009.772,2026-09-15 12:55:00+00:00,2026-09-15 08:55:00-04:00
1789477200000,760.55,760.85,760.49,760.84,2660.0,2023075.8012,2023075.8012,2026-09-15 13:00:00+00:00,2026-09-15 09:00:00-04:00
1789477500000,760.8779,761.485,760.61,760.61,2003.31779,1524182.525836351,1524182.525836351,2026-09-15 13:05:00+00:00,2026-09-15 09:05:00-04:00
1789477800000,760.6245,760.77,760.47,760.5462,5517.573497,4196837.880684268,4196837.8806842679282082,2026-09-15 13:10:00+00:00,2026-09-15 09:10:00-04:00
1789478100000,760.5317,760.855,760.46,760.5987,25591.261262,19465672.347620476,19465672.3476204756,2026-09-15 13:15:00+00:00,2026-09-15 09:15:00-04:00
1789478400000,760.5312,760.7484,760.46,760.7047,9066.370819,6895713.837734167,6895713.8377341666,2026-09-15 13:20:00+00:00,2026-09-15 09:20:00-04:00
1789478700000,760.72,760.9158,760.1677,760.1677,8998.0,6842167.9988,6842167.9988,2026-09-15 13:25:00+00:00,2026-09-15 09:25:00-04:00
1789479000000,760.117,760.34,758.73,758.92,732383.0,556254890.4957,556254890.4957,2026-09-15 13:30:00+00:00,2026-09-15 09:30:00-04:00
1789479300000,758.92,759.865,758.92,759.81,396279.372697,300954913.5714322,300954913.5714322105,2026-09-15 13:35:00+00:00,2026-09-15 09:35:00-04:00
1789479600000,759.79,760.02,759.4,759.95,201405.0,153001013.6634,153001013.6634,2026-09-15 13:40:00+00:00,2026-09-15 09:40:00-04:00
1789479900000,759.95,760.19,759.22,759.35,338293.0,257009085.707,257009085.707,2026-09-15 13:45:00+00:00,2026-09-15 09:45:00-04:00
1789480200000,759.35,759.77,759.18,759.67,301450.437054,228937679.77277288,228937679.7727728892,2026-09-15 13:50:00+00:00,2026-09-15 09:50:00-04:00
1789480500000,759.66,759.68,759.365,759.51,169574.0,128792640.2072,128792640.2072,2026-09-15 13:55:00+00:00,2026-09-15 09:55:00-04:00
1789480800000,759.5406,759.5406,758.83,758.83,240027.0,182200482.4436,182200482.4436,2026-09-15 14:00:00+00:00,2026-09-15 10:00:00-04:00
1789481100000,758.8105,759.07,758.4833,758.52,1238399.498536,939605852.265624,939605852.2656239648,2026-09-15 14:05:00+00:00,2026-09-15 10:05:00-04:00
1789481400000,758.49,758.517,757.88,757.97,396521.0,300627609.8997,300627609.8997,2026-09-15 14:10:00+00:00,2026-09-15 10:10:00-04:00
1789481700000,757.97,758.43,757.93,758.21,346151.0,262431656.7584,262431656.7584,2026-09-15 14:15:00+00:00,2026-09-15 10:15:00-04:00
1789482000000,758.22,758.34,757.19,757.635,333924.0,253000642.1,253000642.1,2026-09-15 14:20:00+00:00,2026-09-15 10:20:00-04:00
1789482300000,757.67,757.74,757.47,757.48,240827.907416,182449517.5353541,182449517.5353541376,2026-09-15 14:25:00+00:00,2026-09-15 10:25:00-04:00
1789482600000,757.47,757.65,757.11,757.33,525933.0,398313182.4746,398313182.4746,2026-09-15 14:30:00+00:00,2026-09-15 10:30:00-04:00
1789482900000,757.35,757.6,757.05,757.14,386866.0,292987898.0223,292987898.0223,2026-09-15 14:35:00+00:00,2026-09-15 10:35:00-04:00
1789483200000,757.14,757.23,756.8816,757.2,204198.0,154597414.5981,154597414.5981,2026-09-15 14:40:00+00:00,2026-09-15 10:40:00-04:00
1789483500000,757.19,757.37,756.91,756.91,257986.0,195343010.1765,195343010.1765,2026-09-15 14:45:00+00:00,2026-09-15 10:45:00-04:00
1789483800000,756.8932,757.02,756.15,756.56,575427.0,435306158.9561,435306158.9561,2026-09-15 14:50:00+00:00,2026-09-15 10:50:00-04:00
1789484100000,756.56,756.86,756.365,756.44,321354.42446,243131299.2805224,243131299.280522382,2026-09-15 14:55:00+00:00,2026-09-15 10:55:00-04:00
1789484400000,756.45,757.19,756.435,757.19,305435.385878,231162622.81007552,231162622.8100755092,2026-09-15 15:00:00+00:00,2026-09-15 11:00:00-04:00
1789484700000,757.19,757.27,756.8,756.86,203773.0,154263537.2674,154263537.2674,2026-09-15 15:05:00+00:00,2026-09-15 11:05:00-04:00
1789485000000,756.865,757.045,756.7,756.98,345934.0,262328246.7542,262328246.7542,2026-09-15 15:10:00+00:00,2026-09-15 11:10:00-04:00
1789485300000,756.95,757.36,756.815,757.25,478425.0,363168064.6553,363168064.6553,2026-09-15 15:15:00+00:00,2026-09-15 11:15:00-04:00
1789485600000,757.26,757.5,756.9828,757.449,245144.733159,185629388.64944655,185629388.6494465992,2026-09-15 15:20:00+00:00,2026-09-15 11:20:00-04:00
1789485900000,757.45,757.49,757.19,757.48,144241.0,109243933.9811,109243933.9811,2026-09-15 15:25:00+00:00,2026-09-15 11:25:00-04:00
1789486200000,757.5,757.55,756.93,757.31,270844.0,205099456.455,205099456.455,2026-09-15 15:30:00+00:00,2026-09-15 11:30:00-04:00
1789486500000,757.35,757.505,757.16,757.29,116541.0,88258984.367,88258984.367,2026-09-15 15:35:00+00:00,2026-09-15 11:35:00-04:00
1789486800000,757.305,757.75,757.305,757.52,306251.307949,232003647.2309979,232003647.230997886250628,2026-09-15 15:40:00+00:00,2026-09-15 11:40:00-04:00
1789487100000,757.5,757.57,756.926,757.0,113115.682088,85661522.97028786,85661522.9702878624,2026-09-15 15:45:00+00:00,2026-09-15 11:45:00-04:00
1789487400000,757.02,757.57,756.975,757.11,479646.480953,363185282.90358776,363185282.903587788,2026-09-15 15:50:00+00:00,2026-09-15 11:50:00-04:00
1789487700000,757.13,757.7,756.98,757.115,156220.0,118306213.882,118306213.882,2026-09-15 15:55:00+00:00,2026-09-15 11:55:00-04:00
1789488000000,757.115,757.355,757.0123,757.33,110087.0,83360047.6277,83360047.6277,2026-09-15 16:00:00+00:00,2026-09-15 12:00:00-04:00
1789488300000,757.291,757.31,756.63,756.74,194520.0,147239072.7537,147239072.7537,2026-09-15 16:05:00+00:00,2026-09-15 12:05:00-04:00
1789488600000,756.74,756.85,756.67,756.785,100086.0,75742638.0644,75742638.0644,2026-09-15 16:10:00+00:00,2026-09-15 12:10:00-04:00
1789488900000,756.77,757.09,756.71,757.08,96292.0,72881682.5002,72881682.5002,2026-09-15 16:15:00+00:00,2026-09-15 12:15:00-04:00
1789489200000,757.08,757.69,757.06,757.655,137693.0,104281154.0666,104281154.0666,2026-09-15 16:20:00+00:00,2026-09-15 12:20:00-04:00
1789489500000,757.66,757.87,757.48,757.575,156495.0,118576750.081,118576750.081,2026-09-15 16:25:00+00:00,2026-09-15 12:25:00-04:00
1789489800000,757.5613,757.82,757.32,757.67,207188.656101,156958197.57655883,156958197.576558833,2026-09-15 16:30:00+00:00,2026-09-15 12:30:00-04:00
1789490100000,757.67,757.73,757.46,757.55,85556.413584,64820913.48054719,64820913.4805471936,2026-09-15 16:35:00+00:00,2026-09-15 12:35:00-04:00
1789490400000,757.52,757.68,757.465,757.6089,80682.0,61124336.9636,61124336.9636,2026-09-15 16:40:00+00:00,2026-09-15 12:40:00-04:00
1789490700000,757.6099,757.73,757.33,757.46,121739.0,92225882.4948,92225882.4948,2026-09-15 16:45:00+00:00,2026-09-15 12:45:00-04:00
1789491000000,757.45,758.01,757.42,757.975,135498.0,102665837.5334,102665837.5334,2026-09-15 16:50:00+00:00,2026-09-15 12:50:00-04:00
1789491300000,757.995,758.06,757.56,757.74,155048.359031,117503748.85907684,117503748.859076838,2026-09-15 16:55:00+00:00,2026-09-15 12:55:00-04:00
1789491600000,757.74,757.85,757.18,757.18,257890.176309,195380245.40267247,195380245.4026725281,2026-09-15 17:00:00+00:00,2026-09-15 13:00:00-04:00
1789491900000,757.17,757.45,757.05,757.23,298083.0,226165015.0547,226165015.0547,2026-09-15 17:05:00+00:00,2026-09-15 13:05:00-04:00
1789492200000,757.19,757.53,757.08,757.085,97388.709451,73757812.97306149,73757812.973061479,2026-09-15 17:10:00+00:00,2026-09-15 13:10:00-04:00
1789492500000,757.0801,757.11,756.86,757.0,126689.190136,95904426.49685965,95904426.496859652,2026-09-15 17:15:00+00:00,2026-09-15 13:15:00-04:00
1789492800000,756.99,757.06,756.65,756.65,165938.61629,125594398.76075548,125594398.760755473,2026-09-15 17:20:00+00:00,2026-09-15 13:20:00-04:00
1789493100000,756.65,756.91,756.6,756.875,106625.0,80691578.7806,80691578.7806,2026-09-15 17:25:00+00:00,2026-09-15 13:25:00-04:00
1789493400000,756.86,757.19,756.8199,757.02,160203.0,121283323.3327,121283323.3327,2026-09-15 17:30:00+00:00,2026-09-15 13:30:00-04:00
1789493700000,757.01,757.17,756.94,757.07,85493.650767,64721647.258947805,64721647.2589478102,2026-09-15 17:35:00+00:00,2026-09-15 13:35:00-04:00
1789494000000,757.07,757.245,756.9,757.13,131195.992861,99329319.07857184,99329319.0785718288,2026-09-15 17:40:00+00:00,2026-09-15 13:40:00-04:00
1789494300000,757.13,757.27,756.93,756.98,79430.866305,60139788.49418043,60139788.4941804305,2026-09-15 17:45:00+00:00,2026-09-15 13:45:00-04:00
1789494600000,756.965,757.27,756.96,757.27,81639.105056,61806375.25006345,61806375.2500634496,2026-09-15 17:50:00+00:00,2026-09-15 13:50:00-04:00
1789494900000,757.27,757.4,757.14,757.27,80810.0,61196793.522,61196793.522,2026-09-15 17:55:00+00:00,2026-09-15 13:55:00-04:00
1789495200000,757.3,757.5199,757.1426,757.49,362424.0,275357038.5077,275357038.5077,2026-09-15 18:00:00+00:00,2026-09-15 14:00:00-04:00
1789495500000,757.505,757.69,757.41,757.67,125147.561785,94804053.22481576,94804053.224815764,2026-09-15 18:05:00+00:00,2026-09-15 14:05:00-04:00
1789495800000,757.69,757.935,757.565,757.765,159639.0,120974950.9992,120974950.9992,2026-09-15 18:10:00+00:00,2026-09-15 14:10:00-04:00
1789496100000,757.78,757.83,757.48,757.5567,129127.0,97828544.1919,97828544.1919,2026-09-15 18:15:00+00:00,2026-09-15 14:15:00-04:00
1789496400000,757.57,757.6518,757.42,757.4799,94940.0,71919379.7694,71919379.7694,2026-09-15 18:20:00+00:00,2026-09-15 14:20:00-04:00
1789496700000,757.48,757.69,757.36,757.67,102389.374341,77561341.87831452,77561341.8783145274,2026-09-15 18:25:00+00:00,2026-09-15 14:25:00-04:00
1789497000000,757.66,757.66,757.13,757.22,141925.183101,107488708.33794393,107488708.337943915,2026-09-15 18:30:00+00:00,2026-09-15 14:30:00-04:00
1789497300000,757.205,757.32,757.16,757.24,628382.9156249999,475849911.46910304,475849911.4691030492739,2026-09-15 18:35:00+00:00,2026-09-15 14:35:00-04:00
1789497600000,757.26,757.6,757.13,757.19,178365.0,135078904.569,135078904.569,2026-09-15 18:40:00+00:00,2026-09-15 14:40:00-04:00
1789497900000,757.21,757.215,756.74,756.845,370522.0,280465908.3398,280465908.3398,2026-09-15 18:45:00+00:00,2026-09-15 14:45:00-04:00
1789498200000,756.845,757.15,756.84,757.09,314322.0,238420116.9421,238420116.9421,2026-09-15 18:50:00+00:00,2026-09-15 14:50:00-04:00
1789498500000,757.07,757.49,757.04,757.49,267079.9416,202694671.47798753,202694671.47798752,2026-09-15 18:55:00+00:00,2026-09-15 14:55:00-04:00
1789498800000,757.47,757.62,757.27,757.3397,273323.33001,207029218.61629155,207029218.616291533850902,2026-09-15 19:00:00+00:00,2026-09-15 15:00:00-04:00
1789499100000,757.33,757.4,757.22,757.33,133034.0,100748338.0963,100748338.0963,2026-09-15 19:05:00+00:00,2026-09-15 15:05:00-04:00
1789499400000,757.33,757.36,757.09,757.17,162453.0,123007610.7406,123007610.7406,2026-09-15 19:10:00+00:00,2026-09-15 15:10:00-04:00
1789499700000,757.15,757.29,757.08,757.21,304114.274165,230719415.0200496,230719415.020049613,2026-09-15 19:15:00+00:00,2026-09-15 15:15:00-04:00
1789500000000,757.2051,757.23,757.04,757.1,197249.856854,149349164.46106052,149349164.461060512456812,2026-09-15 19:20:00+00:00,2026-09-15 15:20:00-04:00
1789500300000,757.1,757.14,756.94,756.985,161028.0,121903472.4358,121903472.4358,2026-09-15 19:25:00+00:00,2026-09-15 15:25:00-04:00
1789500600000,756.98,757.07,756.89,756.92,390339.0,295471130.8258,295471130.8258,2026-09-15 19:30:00+00:00,2026-09-15 15:30:00-04:00
1789500900000,756.92,756.92,756.575,756.66,603305.155223,456577016.4696111,456577016.469611118,2026-09-15 19:35:00+00:00,2026-09-15 15:35:00-04:00
1789501200000,756.66,756.805,756.52,756.715,407130.858012,308060353.3019469,308060353.30194692286677,2026-09-15 19:40:00+00:00,2026-09-15 15:40:00-04:00
1789501500000,756.71,757.0,756.62,756.9601,817808.0,619924283.1488,619924283.1488,2026-09-15 19:45:00+00:00,2026-09-15 15:45:00-04:00
1789501800000,756.9399,757.0,756.57,756.985,897468.0,680189649.2909,680189649.2909,2026-09-15 19:50:00+00:00,2026-09-15 15:50:00-04:00
1789502100000,756.94,757.46,756.83,757.39,2158986.0,1636058374.3805,1636058374.3805,2026-09-15 19:55:00+00:00,2026-09-15 15:55:00-04:00
1789502400000,757.39,757.93,757.39,757.9,167582.0,126942587.7517,126942587.7517,2026-09-15 20:00:00+00:00,2026-09-15 16:00:00-04:00
1789502700000,757.9262,757.96,757.3964,757.8583,936108.0,709025752.9509,709025752.9509,2026-09-15 20:05:00+00:00,2026-09-15 16:05:00-04:00
1789503000000,757.88,758.2,757.39,758.1554,3768194.0,2854062282.5845,2854062282.5845,2026-09-15 20:10:00+00:00,2026-09-15 16:10:00-04:00
1789503300000,758.15,758.18,757.39,758.0945,808898.0,612667706.2643,612667706.2643,2026-09-15 20:15:00+00:00,2026-09-15 16:15:00-04:00
1789503600000,758.11,758.12,758.0484,758.0915,8403.330422,6370629.868124167,6370629.8681241668,2026-09-15 20:20:00+00:00,2026-09-15 16:20:00-04:00
1789503900000,758.1065,758.13,758.0184,758.0797,26332.364773,19962522.271149028,19962522.2711490276,2026-09-15 20:25:00+00:00,2026-09-15 16:25:00-04:00
1789504200000,758.1148,758.22,758.0402,758.0857,17803.492183,13496129.323738726,13496129.3237387264,2026-09-15 20:30:00+00:00,2026-09-15 16:30:00-04:00
1789504500000,758.1046,758.1355,758.0424,758.0621,13991.895346,10607542.637257192,10607542.637257193,2026-09-15 20:35:00+00:00,2026-09-15 16:35:00-04:00
1789504800000,758.0668,758.16,758.04,758.0684,1703.0,1291113.2831,1291113.2831,2026-09-15 20:40:00+00:00,2026-09-15 16:40:00-04:00
1789505100000,758.08,758.15,757.96,758.121,5549.0,4206570.207,4206570.207,2026-09-15 20:45:00+00:00,2026-09-15 16:45:00-04:00
1789505400000,758.1227,758.1269,758.035,758.04,2275.033638,1724645.893237818,1724645.893237818,2026-09-15 20:50:00+00:00,2026-09-15 16:50:00-04:00
1789505700000,758.05,758.07,758.03,758.04,5171.151067,3920059.9064506753,3920059.9064506751,2026-09-15 20:55:00+00:00,2026-09-15 16:55:00-04:00
1789506000000,758.05,758.07,757.96,758.036,112649.0,85322292.2414,85322292.2414,2026-09-15 21:00:00+00:00,2026-09-15 17:00:00-04:00
1789506300000,758.039,758.04,757.99,758.0031,169473.0,128357457.221,128357457.221,2026-09-15 21:05:00+00:00,2026-09-15 17:05:00-04:00
1789506600000,758.02,758.0499,757.93,758.03,3375.859593,2559000.081794116,2559000.0817941156,2026-09-15 21:10:00+00:00,2026-09-15 17:10:00-04:00
1789506900000,758.03,758.04,757.9748,757.9955,631.0,478313.6216,478313.6216,2026-09-15 21:15:00+00:00,2026-09-15 17:15:00-04:00
1789507200000,757.9723,758.0,757.66,758.0,520.785305,394382.41979,394382.41979,2026-09-15 21:20:00+00:00,2026-09-15 17:20:00-04:00
1789507500000,757.99,758.0,757.91,757.97,2097.571383,1589539.3510292016,1589539.3510292017,2026-09-15 21:25:00+00:00,2026-09-15 17:25:00-04:00
1789507800000,757.9653,757.9653,757.867,757.93,3824.588223,2898824.751569979,2898824.7515699789,2026-09-15 21:30:00+00:00,2026-09-15 17:30:00-04:00
1789508100000,757.8932,757.9297,757.85,757.8958,381065.0,288615061.4769,288615061.4769,2026-09-15 21:35:00+00:00,2026-09-15 17:35:00-04:00
1789508400000,757.8724,757.9,757.39,757.88,253762.0,192196824.5318,192196824.5318,2026-09-15 21:40:00+00:00,2026-09-15 17:40:00-04:00
1789508700000,757.88,757.9,757.85,757.8992,228.0,172792.564,172792.564,2026-09-15 21:45:00+00:00,2026-09-15 17:45:00-04:00
1789509000000,757.86,757.9,757.85,757.87,181.0,137175.738,137175.738,2026-09-15 21:50:00+00:00,2026-09-15 17:50:00-04:00
1789509300000,757.88,757.98,757.8536,757.91,220.115108,166825.36812442,166825.3681244200151573,2026-09-15 21:55:00+00:00,2026-09-15 17:55:00-04:00
1789509600000,757.98,758.12,757.96,758.0806,7647.172196,5796492.566981112,5796492.5669811108,2026-09-15 22:00:00+00:00,2026-09-15 18:00:00-04:00
1789509900000,757.9725,758.0444,757.93,757.99,2623.731909,1988822.9855100077,1988822.9855100075967948,2026-09-15 22:05:00+00:00,2026-09-15 18:05:00-04:00
1789510200000,757.99,757.99,757.861,757.8812,1286.094201,974809.031476184,974809.0314761840242036,2026-09-15 22:10:00+00:00,2026-09-15 18:10:00-04:00
1789510500000,757.94,758.0,757.87,757.89,108.0,81853.4584,81853.4584,2026-09-15 22:15:00+00:00,2026-09-15 18:15:00-04:00
1789510800000,757.8697,758.0675,757.861,757.9991,464.438575,351995.75147186,351995.75147186,2026-09-15 22:20:00+00:00,2026-09-15 18:20:00-04:00
1789511100000,757.98,758.0462,757.95,757.99,127.0,96265.0592,96265.0592,2026-09-15 22:25:00+00:00,2026-09-15 18:25:00-04:00
1789511400000,758.0004,758.15,758.0004,758.146,465.917867,353219.0508670915,353219.0508670915,2026-09-15 22:30:00+00:00,2026-09-15 18:30:00-04:00
1789511700000,758.15,758.33,758.1312,758.33,9310.647232999998,7059234.187352104,7059234.18735210348363,2026-09-15 22:35:00+00:00,2026-09-15 18:35:00-04:00
1789512000000,758.34,758.34,758.2053,758.2869,411.051051,311687.7446805088,311687.7446805088227481,2026-09-15 22:40:00+00:00,2026-09-15 18:40:00-04:00
1789512300000,758.2852,758.35,758.24,758.3454,119.0,90239.3025,90239.3025,2026-09-15 22:45:00+00:00,2026-09-15 18:45:00-04:00
1789512600000,758.3332,758.36,758.32,758.354,1204.0,913053.2263,913053.2263,2026-09-15 22:50:00+00:00,2026-09-15 18:50:00-04:00
1789512900000,758.36,758.38,758.3368,758.3368,1968.845132,1493076.1666818452,1493076.1666818452,2026-09-15 22:55:00+00:00,2026-09-15 18:55:00-04:00
1789513200000,758.339,758.36,758.2036,758.204,2589.891004,1963927.237390124,1963927.2373901236,2026-09-15 23:00:00+00:00,2026-09-15 19:00:00-04:00
1789513500000,758.2,758.2338,758.1631,758.1649,1606.605761,1218135.6291161245,1218135.6291161245,2026-09-15 23:05:00+00:00,2026-09-15 19:05:00-04:00
1789513800000,758.18,758.2295,758.15,758.16,522.078142,395832.2920330344,395832.2920330343696723,2026-09-15 23:10:00+00:00,2026-09-15 19:10:00-04:00
1789514100000,758.1532,758.19,758.0308,758.1,322.0,244113.5437,244113.5437,2026-09-15 23:15:00+00:00,2026-09-15 19:15:00-04:00
1789514400000,758.0506,758.1,758.0506,758.07,186.663692,141504.0588822268,141504.0588822268,2026-09-15 23:20:00+00:00,2026-09-15 19:20:00-04:00
1789514700000,758.07,758.07,757.97,757.9946,2647.554324,2006989.4273035468,2006989.4273035469725812,2026-09-15 23:25:00+00:00,2026-09-15 19:25:00-04:00
1789515000000,758.0,758.04,757.9617,758.04,652.264982,494425.7799597552,494425.7799597552,2026-09-15 23:30:00+00:00,2026-09-15 19:30:00-04:00
1789515300000,758.03,758.1496,758.01,758.1496,1694.7186780000002,1284638.435972272,1284638.4359722721516048,2026-09-15 23:35:00+00:00,2026-09-15 19:35:00-04:00
1789515600000,758.13,758.3,758.13,758.26,112.0,84919.7857,84919.7857,2026-09-15 23:40:00+00:00,2026-09-15 19:40:00-04:00
1789515900000,758.25,758.3099,758.16,758.2287,9862.0,7476979.214,7476979.214,2026-09-15 23:45:00+00:00,2026-09-15 19:45:00-04:00
1789516200000,758.2117,758.3383,758.1993,758.3383,623.708365,472948.0182975625,472948.0182975625,2026-09-15 23:50:00+00:00,2026-09-15 19:50:00-04:00
1789516500000,758.31,758.35,758.16,758.2251,3665.203,2779203.1130247,2779203.1130247,2026-09-15 23:55:00+00:00,2026-09-15 19:55:00-04:00
1789516800000,757.97,758.54,757.97,758.25,1978.0,1499901.73,1499901.73,2026-09-16 00:00:00+00:00,2026-09-15 20:00:00-04:00
1789517100000,758.23,758.38,758.22,758.22,147.0,111472.05,111472.05,2026-09-16 00:05:00+00:00,2026-09-15 20:05:00-04:00
1789517400000,758.23,758.42,758.18,758.42,2029.0,1538535.03,1538535.03,2026-09-16 00:10:00+00:00,2026-09-15 20:10:00-04:00
1789517700000,758.41,758.47,758.3,758.42,2681.0,2033280.1,2033280.1,2026-09-16 00:15:00+00:00,2026-09-15 20:15:00-04:00
1789518000000,758.43,758.44,758.35,758.36,1710.0,1296899.28,1296899.28,2026-09-16 00:20:00+00:00,2026-09-15 20:20:00-04:00
1789518300000,758.3,758.42,758.3,758.42,590.0,447441.96,447441.96,2026-09-16 00:25:00+00:00,2026-09-15 20:25:00-04:00
1789518600000,758.42,758.47,758.33,758.33,742.0,562716.73,562716.73,2026-09-16 00:30:00+00:00,2026-09-15 20:30:00-04:00
1789518900000,758.28,758.39,758.26,758.33,411.0,311680.67,311680.67,2026-09-16 00:35:00+00:00,2026-09-15 20:35:00-04:00
1789519200000,758.33,758.34,758.27,758.27,85.0,64456.67,64456.67,2026-09-16 00:40:00+00:00,2026-09-15 20:40:00-04:00
1789519500000,758.26,758.44,758.24,758.39,519.0,393547.25,393547.25,2026-09-16 00:45:00+00:00,2026-09-15 20:45:00-04:00
1789519800000,758.33,758.37,758.33,758.36,105.0,79628.2,79628.2,2026-09-16 00:50:00+00:00,2026-09-15 20:50:00-04:00
1789520100000,758.35,758.35,758.28,758.34,291.0,220673.39,220673.39,2026-09-16 00:55:00+00:00,2026-09-15 20:55:00-04:00
1789520400000,758.29,758.31,758.15,758.15,221.0,167575.99,167575.99,2026-09-16 01:00:00+00:00,2026-09-15 21:00:00-04:00
1789520700000,758.15,758.15,757.86,757.86,1858.0,1408431.41,1408431.41,2026-09-16 01:05:00+00:00,2026-09-15 21:05:00-04:00
1789521000000,757.9,758.4,757.9,758.4,1286.0,975025.71,975025.71,2026-09-16 01:10:00+00:00,2026-09-15 21:10:00-04:00
1789521300000,758.4,758.48,758.28,758.43,942.0,714396.2,714396.2,2026-09-16 01:15:00+00:00,2026-09-15 21:15:00-04:00
1789521600000,758.39,758.55,758.39,758.55,445.0,337548.97,337548.97,2026-09-16 01:20:00+00:00,2026-09-15 21:20:00-04:00
1789521900000,758.51,758.57,758.45,758.45,626.0,474837.24,474837.24,2026-09-16 01:25:00+00:00,2026-09-15 21:25:00-04:00
1789522200000,758.41,758.42,758.23,758.33,451.0,342000.19,342000.19,2026-09-16 01:30:00+00:00,2026-09-15 21:30:00-04:00
1789522500000,758.33,758.37,758.02,758.05,455.0,344937.02,344937.02,2026-09-16 01:35:00+00:00,2026-09-15 21:35:00-04:00
1789522800000,758.05,758.15,758.05,758.08,551.0,417706.73,417706.73,2026-09-16 01:40:00+00:00,2026-09-15 21:40:00-04:00
1789523100000,758.09,758.15,758.03,758.03,376.0,285041.82,285041.82,2026-09-16 01:45:00+00:00,2026-09-15 21:45:00-04:00
1789523400000,758.02,758.03,757.75,757.75,1239.0,938967.91,938967.91,2026-09-16 01:50:00+00:00,2026-09-15 21:50:00-04:00
1789523700000,757.8,757.85,757.68,757.74,449.0,340242.47,340242.47,2026-09-16 01:55:00+00:00,2026-09-15 21:55:00-04:00
1789524000000,757.86,758.21,757.86,758.13,757.0,573867.32,573867.32,2026-09-16 02:00:00+00:00,2026-09-15 22:00:00-04:00
1789524300000,758.1,758.1,757.96,758.07,265.0,200870.48,200870.48,2026-09-16 02:05:00+00:00,2026-09-15 22:05:00-04:00
1789524600000,758.06,758.15,757.85,757.94,864.0,654824.43,654824.43,2026-09-16 02:10:00+00:00,2026-09-15 22:10:00-04:00
1789524900000,757.9,758.08,757.9,758.0,565.0,428249.11,428249.11,2026-09-16 02:15:00+00:00,2026-09-15 22:15:00-04:00
1789525200000,758.02,758.13,757.97,758.13,37.0,28047.03,28047.03,2026-09-16 02:20:00+00:00,2026-09-15 22:20:00-04:00
1789525500000,758.18,758.42,758.18,758.4,776.0,588418.16,588418.16,2026-09-16 02:25:00+00:00,2026-09-15 22:25:00-04:00
1789525800000,758.48,758.6,758.43,758.56,933.0,707727.06,707727.06,2026-09-16 02:30:00+00:00,2026-09-15 22:30:00-04:00
1789526100000,758.6,758.66,758.44,758.44,1091.0,827612.27,827612.27,2026-09-16 02:35:00+00:00,2026-09-15 22:35:00-04:00
1789526400000,758.46,758.47,758.26,758.29,363.0,275311.36,275311.36,2026-09-16 02:40:00+00:00,2026-09-15 22:40:00-04:00
1789526700000,758.35,758.44,758.35,758.42,166.0,125890.72,125890.72,2026-09-16 02:45:00+00:00,2026-09-15 22:45:00-04:00
1789527000000,758.35,758.54,758.35,758.54,337.0,255600.05,255600.05,2026-09-16 02:50:00+00:00,2026-09-15 22:50:00-04:00
1789527300000,758.52,758.6,758.52,758.59,553.0,419486.16,419486.16,2026-09-16 02:55:00+00:00,2026-09-15 22:55:00-04:00
1789527600000,758.63,758.88,758.63,758.8,674.0,511426.0,511426,2026-09-16 03:00:00+00:00,2026-09-15 23:00:00-04:00
1789527900000,758.81,758.95,758.8,758.84,343.0,260291.21,260291.21,2026-09-16 03:05:00+00:00,2026-09-15 23:05:00-04:00
1789528200000,758.86,759.1,758.8,759.09,601.0,456149.41,456149.41,2026-09-16 03:10:00+00:00,2026-09-15 23:10:00-04:00
1789528500000,759.09,759.38,759.06,759.33,1987.0,1508632.83,1508632.83,2026-09-16 03:15:00+00:00,2026-09-15 23:15:00-04:00
1789528800000,759.31,759.6,759.29,759.39,2303.0,1749037.73,1749037.73,2026-09-16 03:20:00+00:00,2026-09-15 23:20:00-04:00
1789529100000,759.45,759.52,759.2,759.2,473.0,359201.94,359201.94,2026-09-16 03:25:00+00:00,2026-09-15 23:25:00-04:00
1789529400000,759.21,759.21,758.96,758.96,544.0,412956.89,412956.89,2026-09-16 03:30:00+00:00,2026-09-15 23:30:00-04:00
1789529700000,758.96,758.97,758.83,758.95,237.0,179864.69,179864.69,2026-09-16 03:35:00+00:00,2026-09-15 23:35:00-04:00
1789530000000,758.97,759.09,758.91,759.0,697.0,529007.3,529007.3,2026-09-16 03:40:00+00:00,2026-09-15 23:40:00-04:00
1789530300000,759.06,759.16,759.06,759.09,309.0,234566.6,234566.6,2026-09-16 03:45:00+00:00,2026-09-15 23:45:00-04:00
1789530600000,759.08,759.15,759.05,759.05,597.0,453190.96,453190.96,2026-09-16 03:50:00+00:00,2026-09-15 23:50:00-04:00
1789530900000,759.03,759.18,759.02,759.08,371.0,281620.15,281620.15,2026-09-16 03:55:00+00:00,2026-09-15 23:55:00-04:00
1789531200000,759.13,759.25,759.13,759.23,166.0,126025.31,126025.31,2026-09-16 04:00:00+00:00,2026-09-16 00:00:00-04:00
1789531500000,759.18,759.18,759.09,759.09,644.0,488878.12,488878.12,2026-09-16 04:05:00+00:00,2026-09-16 00:05:00-04:00
1789531800000,759.11,759.11,759.05,759.06,172.0,130558.31,130558.31,2026-09-16 04:10:00+00:00,2026-09-16 00:10:00-04:00
1789532100000,759.06,759.06,758.94,758.94,464.0,352182.0,352182,2026-09-16 04:15:00+00:00,2026-09-16 00:15:00-04:00
1789532400000,758.97,759.11,758.97,759.08,361.0,274006.61,274006.61,2026-09-16 04:20:00+00:00,2026-09-16 00:20:00-04:00
1789532700000,759.05,759.05,758.86,758.86,423.0,321036.64,321036.64,2026-09-16 04:25:00+00:00,2026-09-16 00:25:00-04:00
1789533000000,758.85,758.85,758.55,758.58,214.0,162352.05,162352.05,2026-09-16 04:30:00+00:00,2026-09-16 00:30:00-04:00
1789533300000,758.63,758.67,758.53,758.67,500.0,379292.6,379292.6,2026-09-16 04:35:00+00:00,2026-09-16 00:35:00-04:00
1789533600000,758.65,758.71,758.59,758.59,142.0,107727.44,107727.44,2026-09-16 04:40:00+00:00,2026-09-16 00:40:00-04:00
1789533900000,758.65,758.81,758.65,758.76,177.0,134295.15,134295.15,2026-09-16 04:45:00+00:00,2026-09-16 00:45:00-04:00
1789534200000,758.77,758.78,758.65,758.69,284.0,215475.27,215475.27,2026-09-16 04:50:00+00:00,2026-09-16 00:50:00-04:00
1789534500000,758.64,758.77,758.64,758.74,179.0,135804.0,135804,2026-09-16 04:55:00+00:00,2026-09-16 00:55:00-04:00
1789534800000,758.6,758.6,758.36,758.52,720.0,546160.5,546160.5,2026-09-16 05:00:00+00:00,2026-09-16 01:00:00-04:00
1789535100000,758.6,758.64,758.53,758.64,85.0,64476.69,64476.69,2026-09-16 05:05:00+00:00,2026-09-16 01:05:00-04:00
1789535400000,758.74,758.78,758.7,758.78,368.0,279212.78,279212.78,2026-09-16 05:10:00+00:00,2026-09-16 01:10:00-04:00
1789535700000,758.8,758.89,758.78,758.87,201.0,152531.35,152531.35,2026-09-16 05:15:00+00:00,2026-09-16 01:15:00-04:00
1789536000000,758.85,758.85,758.68,758.75,722.0,547809.65,547809.65,2026-09-16 05:20:00+00:00,2026-09-16 01:20:00-04:00
1789536300000,758.77,758.82,758.75,758.82,781.0,592615.32,592615.32,2026-09-16 05:25:00+00:00,2026-09-16 01:25:00-04:00
1789536600000,758.85,758.91,758.82,758.89,1200.0,910668.99,910668.99,2026-09-16 05:30:00+00:00,2026-09-16 01:30:00-04:00
1789536900000,758.89,758.96,758.86,758.86,183.0,138879.34,138879.34,2026-09-16 05:35:00+00:00,2026-09-16 01:35:00-04:00
1789537200000,758.95,759.15,758.95,759.15,476.0,361303.85,361303.85,2026-09-16 05:40:00+00:00,2026-09-16 01:40:00-04:00
1789537500000,759.15,759.2,758.85,758.85,352.0,267167.85,267167.85,2026-09-16 05:45:00+00:00,2026-09-16 01:45:00-04:00
1789537800000,758.86,758.87,758.82,758.85,783.0,594185.3,594185.3,2026-09-16 05:50:00+00:00,2026-09-16 01:50:00-04:00
1789538100000,759.01,759.01,758.91,758.94,520.0,394648.7,394648.7,2026-09-16 05:55:00+00:00,2026-09-16 01:55:00-04:00
1789538400000,758.9,759.22,758.8,758.85,369.0,280104.79,280104.79,2026-09-16 06:00:00+00:00,2026-09-16 02:00:00-04:00
1789538700000,758.91,759.18,758.91,759.07,488.0,370425.63,370425.63,2026-09-16 06:05:00+00:00,2026-09-16 02:05:00-04:00
1789539000000,759.11,759.26,759.11,759.26,135.0,102493.8,102493.8,2026-09-16 06:10:00+00:00,2026-09-16 02:10:00-04:00
1789539300000,759.16,759.21,759.07,759.21,929.0,705221.08,705221.08,2026-09-16 06:15:00+00:00,2026-09-16 02:15:00-04:00
1789539600000,759.22,759.22,758.97,758.99,262.0,198866.92,198866.92,2026-09-16 06:20:00+00:00,2026-09-16 02:20:00-04:00
1789539900000,759.05,759.08,758.81,758.95,806.0,611687.82,611687.82,2026-09-16 06:25:00+00:00,2026-09-16 02:25:00-04:00
1789540200000,758.9,758.97,758.77,758.97,68.0,51599.42,51599.42,2026-09-16 06:30:00+00:00,2026-09-16 02:30:00-04:00
1789540500000,758.87,758.98,758.87,758.98,453.0,343773.67,343773.67,2026-09-16 06:35:00+00:00,2026-09-16 02:35:00-04:00
1789540800000,758.8,758.85,758.77,758.85,79.0,59945.25,59945.25,2026-09-16 06:40:00+00:00,2026-09-16 02:40:00-04:00
1789541100000,758.93,758.95,758.83,758.93,171.0,129776.34,129776.34,2026-09-16 06:45:00+00:00,2026-09-16 02:45:00-04:00
1789541400000,758.91,759.21,758.91,759.04,83.0,63009.86,63009.86,2026-09-16 06:50:00+00:00,2026-09-16 02:50:00-04:00
1789541700000,759.04,759.1,759.03,759.08,211.0,160163.98,160163.98,2026-09-16 06:55:00+00:00,2026-09-16 02:55:00-04:00
1789542000000,759.29,759.57,759.25,759.53,470.0,356925.24,356925.24,2026-09-16 07:00:00+00:00,2026-09-16 03:00:00-04:00
1789542300000,759.55,759.55,759.26,759.43,226.0,171622.63,171622.63,2026-09-16 07:05:00+00:00,2026-09-16 03:05:00-04:00
1789542600000,759.45,759.53,759.36,759.46,411.0,312111.81,312111.81,2026-09-16 07:10:00+00:00,2026-09-16 03:10:00-04:00
1789542900000,759.43,759.43,759.08,759.08,1561.0,1185300.31,1185300.31,2026-09-16 07:15:00+00:00,2026-09-16 03:15:00-04:00
1789543200000,759.07,759.35,759.07,759.26,519.0,394016.86,394016.86,2026-09-16 07:20:00+00:00,2026-09-16 03:20:00-04:00
1789543500000,759.21,759.32,759.2,759.24,396.0,300677.5,300677.5,2026-09-16 07:25:00+00:00,2026-09-16 03:25:00-04:00
1789543800000,759.39,759.45,759.3,759.36,130.0,98714.1,98714.1,2026-09-16 07:30:00+00:00,2026-09-16 03:30:00-04:00
1789544100000,759.24,759.24,759.08,759.13,476.0,361332.21,361332.21,2026-09-16 07:35:00+00:00,2026-09-16 03:35:00-04:00
1789544400000,759.04,759.05,759.04,759.05,26.0,19735.28,19735.28,2026-09-16 07:40:00+00:00,2026-09-16 03:40:00-04:00
1789544700000,759.01,759.05,758.96,758.96,181.0,137381.22,137381.22,2026-09-16 07:45:00+00:00,2026-09-16 03:45:00-04:00
1789545000000,758.98,759.0,758.8,758.8,817.0,620094.7,620094.7,2026-09-16 07:50:00+00:00,2026-09-16 03:50:00-04:00
1789545300000,758.84,759.05,758.84,758.87,638.0,484236.68,484236.68,2026-09-16 07:55:00+00:00,2026-09-16 03:55:00-04:00
1789545600000,759.11,759.588,757.39,758.5485,4694.0,3563039.7901,3563039.7901,2026-09-16 08:00:00+00:00,2026-09-16 04:00:00-04:00
1789545900000,758.5296,758.83,758.3212,758.4107,2182.894802,1655622.5568823456,1655622.5568823456,2026-09-16 08:05:00+00:00,2026-09-16 04:05:00-04:00
1789546200000,758.3887,758.4679,758.2092,758.43,341.0,258603.4497,258603.4497,2026-09-16 08:10:00+00:00,2026-09-16 04:10:00-04:00
1789546500000,758.4312,758.98,758.4312,758.6685,735.0,557685.355,557685.355,2026-09-16 08:15:00+00:00,2026-09-16 04:15:00-04:00
1789546800000,758.6107,758.8817,758.5,758.5,2229.148144,1691109.9706901105,1691109.9706901104,2026-09-16 08:20:00+00:00,2026-09-16 04:20:00-04:00
1789547100000,758.4928,758.6682,758.398,758.6212,309.727866,234914.9922549308,234914.9922549308,2026-09-16 08:25:00+00:00,2026-09-16 04:25:00-04:00
1789547400000,758.6585,758.9087,758.4912,758.5617,308.0,233662.5596,233662.5596,2026-09-16 08:30:00+00:00,2026-09-16 04:30:00-04:00
1789547700000,758.648,758.648,758.4215,758.4262,127.0,96337.1161,96337.1161,2026-09-16 08:35:00+00:00,2026-09-16 04:35:00-04:00
1789548000000,758.439,758.7585,758.4112,758.751,965.050013,732018.7101208016,732018.7101208016,2026-09-16 08:40:00+00:00,2026-09-16 04:40:00-04:00
1789548300000,758.8,758.8534,758.75,758.8115,702.0,532694.5182,532694.5182,2026-09-16 08:45:00+00:00,2026-09-16 04:45:00-04:00
1789548600000,758.7255,758.99,758.7207,758.99,1015.944924,770896.5836152968,770896.5836152968,2026-09-16 08:50:00+00:00,2026-09-16 04:50:00-04:00
1789548900000,758.989,759.15,758.9512,759.03,2291.171095,1739003.637465467,1739003.637465467,2026-09-16 08:55:00+00:00,2026-09-16 04:55:00-04:00
1789549200000,759.05,759.119,758.92,759.0687,1289.403144,978677.7269253609,978677.7269253607240984,2026-09-16 09:00:00+00:00,2026-09-16 05:00:00-04:00
1789549500000,759.0712,759.15,758.921,759.0312,1119.121501,849457.1021218392,849457.1021218392,2026-09-16 09:05:00+00:00,2026-09-16 05:05:00-04:00
1789549800000,759.0112,759.0785,758.7412,758.779,417.021693,316510.4489507585,316510.4489507585,2026-09-16 09:10:00+00:00,2026-09-16 05:10:00-04:00
1789550100000,758.8087,758.8087,758.441,758.449,38.0,28825.5434,28825.5434,2026-09-16 09:15:00+00:00,2026-09-16 05:15:00-04:00
1789550400000,758.4312,758.599,758.4095,758.4095,99.303467,75322.7364775827,75322.7364775827,2026-09-16 09:20:00+00:00,2026-09-16 05:20:00-04:00
1789550700000,758.43,758.9187,758.43,758.628,3102.448883,2353452.1923154965,2353452.1923154963,2026-09-16 09:25:00+00:00,2026-09-16 05:25:00-04:00
1789551000000,758.5617,758.8087,758.5515,758.7585,192.82016,146273.886870848,146273.886870848,2026-09-16 09:30:00+00:00,2026-09-16 05:30:00-04:00
1789551300000,758.7212,758.8787,758.6915,758.8694,135.0,102432.4393,102432.4393,2026-09-16 09:35:00+00:00,2026-09-16 05:35:00-04:00
1789551600000,759.1,759.289,759.1,759.1612,483.0,366639.0194,366639.0194,2026-09-16 09:40:00+00:00,2026-09-16 05:40:00-04:00
1789551900000,759.2185,759.2185,758.8915,758.9515,53.0,40227.3107,40227.3107,2026-09-16 09:45:00+00:00,2026-09-16 05:45:00-04:00
1789552200000,759.1087,759.1804,759.061,759.1804,329.0,249718.4086,249718.4086,2026-09-16 09:50:00+00:00,2026-09-16 05:50:00-04:00
1789552500000,759.21,759.29,759.189,759.189,216.0,164001.6953,164001.6953,2026-09-16 09:55:00+00:00,2026-09-16 05:55:00-04:00
1789552800000,759.1218,759.1987,758.9792,758.9792,2207.2760770000004,1675580.5758440092,1675580.5758440093036468,2026-09-16 10:00:00+00:00,2026-09-16 06:00:00-04:00
1789553100000,758.931,759.1185,758.8212,759.1185,2522.897225,1914852.75564386,1914852.7556438597723031,2026-09-16 10:05:00+00:00,2026-09-16 06:05:00-04:00
1789553400000,759.1112,759.1587,758.8012,759.0285,584.242991,443486.2127755775,443486.2127755775,2026-09-16 10:10:00+00:00,2026-09-16 06:10:00-04:00
1789553700000,758.9812,759.1085,758.8615,759.0246,104.0,78932.6853,78932.6853,2026-09-16 10:15:00+00:00,2026-09-16 06:15:00-04:00
1789554000000,759.089,759.1012,758.9612,759.0187,172.1264,130653.285868,130653.285868,2026-09-16 10:20:00+00:00,2026-09-16 06:20:00-04:00
1789554300000,758.9912,759.14,758.9895,759.0812,138.0,104753.0692,104753.0692,2026-09-16 10:25:00+00:00,2026-09-16 06:25:00-04:00
1789554600000,759.1087,759.129,759.0007,759.049,119.0,90328.1273,90328.1273,2026-09-16 10:30:00+00:00,2026-09-16 06:30:00-04:00
1789554900000,759.04,759.1587,759.001,759.1207,153.0,116137.8677,116137.8677,2026-09-16 10:35:00+00:00,2026-09-16 06:35:00-04:00
1789555200000,759.159,759.199,759.11,759.151,323.597533,245659.0160426414,245659.0160426414,2026-09-16 10:40:00+00:00,2026-09-16 06:40:00-04:00
1789555500000,759.179,759.179,759.0312,759.15,1113.0,844930.4882,844930.4882,2026-09-16 10:45:00+00:00,2026-09-16 06:45:00-04:00
1789555800000,759.1315,759.1488,759.0,759.0207,446.65468,339014.089634164,339014.089634164,2026-09-16 10:50:00+00:00,2026-09-16 06:50:00-04:00
1789556100000,759.049,759.4517,759.011,759.44,352.059599,267267.7634898873,267267.7634898873,2026-09-16 10:55:00+00:00,2026-09-16 06:55:00-04:00
1789556400000,759.44,759.931,757.39,759.46,34083.611251,25884695.26149932,25884695.2614993221,2026-09-16 11:00:00+00:00,2026-09-16 07:00:00-04:00
1789556700000,759.44,759.54,759.2287,759.529,1514.043792,1149713.0361610225,1149713.0361610224,2026-09-16 11:05:00+00:00,2026-09-16 07:05:00-04:00
1789557000000,759.4615,759.56,759.191,759.24,1937.014285,1471159.6635960643,1471159.6635960645,2026-09-16 11:10:00+00:00,2026-09-16 07:10:00-04:00
1789557300000,759.191,759.2519,759.051,759.2519,634.0,481290.9769,481290.9769,2026-09-16 11:15:00+00:00,2026-09-16 07:15:00-04:00
1789557600000,759.2485,759.352,759.1277,759.3215,488.092471,370579.3958187767,370579.3958187767,2026-09-16 11:20:00+00:00,2026-09-16 07:20:00-04:00
1789557900000,759.3492,759.45,759.3147,759.38,2105.271714,1598739.4625149851,1598739.4625149852,2026-09-16 11:25:00+00:00,2026-09-16 07:25:00-04:00
1789558200000,759.4,759.592,759.33,759.56,5856.722994000001,4447716.772479864,4447716.7724798643593894,2026-09-16 11:30:00+00:00,2026-09-16 07:30:00-04:00
1789558500000,759.57,759.7658,759.5238,759.68,3124.041678,2372958.577687716,2372958.5776877162,2026-09-16 11:35:00+00:00,2026-09-16 07:35:00-04:00
1789558800000,759.6966,759.94,759.4782,759.83,1580.0,1200381.8613,1200381.8613,2026-09-16 11:40:00+00:00,2026-09-16 07:40:00-04:00
1789559100000,759.84,759.96,759.8,759.9115,8616.0,6547354.7923,6547354.7923,2026-09-16 11:45:00+00:00,2026-09-16 07:45:00-04:00
1789559400000,759.91,760.1092,759.91,760.1,1511.995183,1149148.2813152631,1149148.2813152632,2026-09-16 11:50:00+00:00,2026-09-16 07:50:00-04:00
1789559700000,760.0801,760.1523,760.01,760.1162,5323.623684,4046452.363861032,4046452.363861032,2026-09-16 11:55:00+00:00,2026-09-16 07:55:00-04:00
1789560000000,760.1799,760.53,760.119,760.2305,14003.557862,10645953.59669977,10645953.5966997702,2026-09-16 12:00:00+00:00,2026-09-16 08:00:00-04:00
1789560300000,760.2315,760.4479,760.1212,760.34,661.0,502602.817,502602.817,2026-09-16 12:05:00+00:00,2026-09-16 08:05:00-04:00
1789560600000,760.378,760.41,760.17,760.1907,9416.945172,7160112.642579544,7160112.6425795452,2026-09-16 12:10:00+00:00,2026-09-16 08:10:00-04:00
1789560900000,760.17,760.2323,760.03,760.159,14860.764583,11296942.417345144,11296942.4173451457,2026-09-16 12:15:00+00:00,2026-09-16 08:15:00-04:00
1789561200000,760.121,760.159,759.82,759.839,13059.284984,9925504.301440893,9925504.3014408936,2026-09-16 12:20:00+00:00,2026-09-16 08:20:00-04:00
1789561500000,759.84,760.16,759.821,760.1412,1005.0,763746.4348,763746.4348,2026-09-16 12:25:00+00:00,2026-09-16 08:25:00-04:00
1789561800000,760.2465,760.2465,759.799,759.968,3619.0,2750413.3847,2750413.3847,2026-09-16 12:30:00+00:00,2026-09-16 08:30:00-04:00
1789562100000,759.9295,759.97,759.4207,759.4992,11162.69163,8482029.074071363,8482029.074071362,2026-09-16 12:35:00+00:00,2026-09-16 08:35:00-04:00
1789562400000,759.4707,759.5646,758.87,759.3683,11555.656492,8776197.529218966,8776197.5292189664,2026-09-16 12:40:00+00:00,2026-09-16 08:40:00-04:00
1789562700000,759.33,759.7192,757.39,759.7105,4782.799271,3631744.2509294506,3631744.2509294506,2026-09-16 12:45:00+00:00,2026-09-16 08:45:00-04:00
1789563000000,759.74,759.88,759.47,759.4716,8038.351895999999,6107051.135820712,6107051.1358207120402607,2026-09-16 12:50:00+00:00,2026-09-16 08:50:00-04:00
1789563300000,759.43,759.86,759.42,759.86,3409.0,2589486.4227,2589486.4227,2026-09-16 12:55:00+00:00,2026-09-16 08:55:00-04:00
1789563600000,759.81,759.89,759.1805,759.2269,5186.0,3938455.9439,3938455.9439,2026-09-16 13:00:00+00:00,2026-09-16 09:00:00-04:00
1789563900000,759.24,759.54,759.17,759.5244,3538.235949,2686546.66919389,2686546.6691938901,2026-09-16 13:05:00+00:00,2026-09-16 09:05:00-04:00
1789564200000,759.54,759.89,759.4725,759.8878,6338.074284,4814535.842955667,4814535.8429556668,2026-09-16 13:10:00+00:00,2026-09-16 09:10:00-04:00
1789564500000,759.8556,759.94,759.5946,759.5946,16687.321137,12678996.194507236,12678996.1945072356,2026-09-16 13:15:00+00:00,2026-09-16 09:15:00-04:00
1789564800000,759.6,760.0068,759.59,759.8005,19001.960283,14438135.77029005,14438135.7702900505,2026-09-16 13:20:00+00:00,2026-09-16 09:20:00-04:00
1789565100000,759.84,759.8792,759.6,759.6,4222.0,3207641.7443,3207641.7443,2026-09-16 13:25:00+00:00,2026-09-16 09:25:00-04:00
1789565400000,759.497,759.69,759.14,759.21,512328.0,389070527.9921,389070527.9921,2026-09-16 13:30:00+00:00,2026-09-16 09:30:00-04:00
1789565700000,759.21,759.49,758.75,758.79,291135.0,221000135.6367,221000135.6367,2026-09-16 13:35:00+00:00,2026-09-16 09:35:00-04:00
1789566000000,758.82,759.1399,758.723,758.79,467804.0,355004013.7032,355004013.7032,2026-09-16 13:40:00+00:00,2026-09-16 09:40:00-04:00
1789566300000,758.8,759.929,758.76,759.89,636260.0,483187807.4786,483187807.4786,2026-09-16 13:45:00+00:00,2026-09-16 09:45:00-04:00
1789566600000,759.89,760.43,759.85,760.2371,289450.0,220022675.7256,220022675.7256,2026-09-16 13:50:00+00:00,2026-09-16 09:50:00-04:00
1789566900000,760.221,760.4,759.97,760.2,275177.0,209167096.76,209167096.76,2026-09-16 13:55:00+00:00,2026-09-16 09:55:00-04:00
1789567200000,760.23,760.42,759.63,759.685,390348.0,296646743.1068,296646743.1068,2026-09-16 14:00:00+00:00,2026-09-16 10:00:00-04:00
1789567500000,759.69,759.84,759.3403,759.6701,317348.0,241025129.2828,241025129.2828,2026-09-16 14:05:00+00:00,2026-09-16 10:05:00-04:00
1789567800000,759.69,759.78,759.1,759.55,256538.0,194829493.7311,194829493.7311,2026-09-16 14:10:00+00:00,2026-09-16 10:10:00-04:00
1789568100000,759.5699,759.715,759.23,759.27,204143.0,155060241.3006,155060241.3006,2026-09-16 14:15:00+00:00,2026-09-16 10:15:00-04:00
1789568400000,759.28,759.35,758.93,758.955,294336.185375,223455606.5300094,223455606.5300094125,2026-09-16 14:20:00+00:00,2026-09-16 10:20:00-04:00
1789568700000,758.9533,759.02,758.76,758.96,111020.0,84256298.7652,84256298.7652,2026-09-16 14:25:00+00:00,2026-09-16 10:25:00-04:00
1789569000000,758.9738,759.215,758.81,759.16,243468.0,184804482.1985,184804482.1985,2026-09-16 14:30:00+00:00,2026-09-16 10:30:00-04:00
1789569300000,759.16,759.4957,758.92,759.37,194084.0,147356179.2442,147356179.2442,2026-09-16 14:35:00+00:00,2026-09-16 10:35:00-04:00
1789569600000,759.37,759.86,759.34,759.84,203406.752327,154516280.32462853,154516280.3246285359,2026-09-16 14:40:00+00:00,2026-09-16 10:40:00-04:00
1789569900000,759.84,759.95,759.61,759.62,166188.0,126272358.01,126272358.01,2026-09-16 14:45:00+00:00,2026-09-16 10:45:00-04:00
1789570200000,759.62,759.88,759.59,759.68,140350.46134500002,106626000.01012516,106626000.010125175694218,2026-09-16 14:50:00+00:00,2026-09-16 10:50:00-04:00
1789570500000,759.69,760.25,759.68,760.21,184088.0,139891658.153,139891658.153,2026-09-16 14:55:00+00:00,2026-09-16 10:55:00-04:00
1789570800000,760.22,760.61,760.16,760.53,473971.0,360417112.2194,360417112.2194,2026-09-16 15:00:00+00:00,2026-09-16 11:00:00-04:00
1789571100000,760.515,761.03,760.27,760.91,283937.0,215977628.3868,215977628.3868,2026-09-16 15:05:00+00:00,2026-09-16 11:05:00-04:00
1789571400000,760.915,761.0,760.4805,760.7401,609360.0,462728391.896,462728391.896,2026-09-16 15:10:00+00:00,2026-09-16 11:10:00-04:00
1789571700000,760.78,760.79,760.37,760.605,706871.5078009999,537539344.8177712,537539344.81777122765563,2026-09-16 15:15:00+00:00,2026-09-16 11:15:00-04:00
1789572000000,760.6001,760.63,760.405,760.49,107295.0,81600032.0491,81600032.0491,2026-09-16 15:20:00+00:00,2026-09-16 11:20:00-04:00
