ts,open,high,low,close,vol,quoteVol,extra,dt_utc,dt_et
1789137900000,364.785,366.2,364.785,366.2,431274.0,157624119.4797,157624119.4797,2026-09-11 14:45:00+00:00,2026-09-11 10:45:00-04:00
1789138200000,366.21,366.21,364.85,364.98,356819.0,130416884.6775,130416884.6775,2026-09-11 14:50:00+00:00,2026-09-11 10:50:00-04:00
1789138500000,364.98,365.05,364.1001,364.91,273357.0,99672861.0843,99672861.0843,2026-09-11 14:55:00+00:00,2026-09-11 10:55:00-04:00
1789138800000,364.8,365.42,364.74,365.18,159892.0,58370862.451,58370862.451,2026-09-11 15:00:00+00:00,2026-09-11 11:00:00-04:00
1789139100000,365.185,365.96,365.04,365.765,269010.0,98347592.7951,98347592.7951,2026-09-11 15:05:00+00:00,2026-09-11 11:05:00-04:00
1789139400000,365.8,366.11,365.57,365.7398,197790.0,72360967.4943,72360967.4943,2026-09-11 15:10:00+00:00,2026-09-11 11:10:00-04:00
1789139700000,365.7257,367.23,365.7199,367.11,534600.0,195960097.3681,195960097.3681,2026-09-11 15:15:00+00:00,2026-09-11 11:15:00-04:00
1789140000000,367.13,367.17,365.33,365.47,451619.0,165345956.7854,165345956.7854,2026-09-11 15:20:00+00:00,2026-09-11 11:20:00-04:00
1789140300000,365.47,366.5099,365.11,366.33,441739.0,161630879.0736,161630879.0736,2026-09-11 15:25:00+00:00,2026-09-11 11:25:00-04:00
1789140600000,366.23,366.3386,365.56,365.8511,231334.0,84638726.6284,84638726.6284,2026-09-11 15:30:00+00:00,2026-09-11 11:30:00-04:00
1789140900000,365.95,366.1,365.48,365.8254,150668.0,55100625.4381,55100625.4381,2026-09-11 15:35:00+00:00,2026-09-11 11:35:00-04:00
1789141200000,365.835,365.95,365.4,365.5,131045.0,47922399.3459,47922399.3459,2026-09-11 15:40:00+00:00,2026-09-11 11:40:00-04:00
1789141500000,365.45,365.52,364.29,364.37,264438.0,96464017.2451,96464017.2451,2026-09-11 15:45:00+00:00,2026-09-11 11:45:00-04:00
1789141800000,364.4477,365.18,364.3927,365.11,262109.0,95630700.9293,95630700.9293,2026-09-11 15:50:00+00:00,2026-09-11 11:50:00-04:00
1789142100000,365.12,365.628,364.95,365.12,183584.0,67070174.0709,67070174.0709,2026-09-11 15:55:00+00:00,2026-09-11 11:55:00-04:00
1789142400000,365.18,366.4,365.12,366.3601,265157.0,96996971.1074,96996971.1074,2026-09-11 16:00:00+00:00,2026-09-11 12:00:00-04:00
1789142700000,366.3601,366.59,364.9005,365.45,286652.0,104903456.538,104903456.538,2026-09-11 16:05:00+00:00,2026-09-11 12:05:00-04:00
1789143000000,365.47,365.925,365.0505,365.07,160263.0,58558386.5601,58558386.5601,2026-09-11 16:10:00+00:00,2026-09-11 12:10:00-04:00
1789143300000,365.08,365.17,364.5929,364.78,232785.0,84923437.2963,84923437.2963,2026-09-11 16:15:00+00:00,2026-09-11 12:15:00-04:00
1789143600000,364.805,364.8934,364.0,364.35,267909.0,97608400.9894,97608400.9894,2026-09-11 16:20:00+00:00,2026-09-11 12:20:00-04:00
1789143900000,364.345,365.2,364.345,365.06,345869.0,126186311.5023,126186311.5023,2026-09-11 16:25:00+00:00,2026-09-11 12:25:00-04:00
1789144200000,365.0305,365.8099,364.78,365.6777,238073.0,86978519.4214,86978519.4214,2026-09-11 16:30:00+00:00,2026-09-11 12:30:00-04:00
1789144500000,365.75,365.78,364.78,364.8126,246789.0,90150305.047,90150305.047,2026-09-11 16:35:00+00:00,2026-09-11 12:35:00-04:00
1789144800000,364.87,365.4499,364.42,365.375,229497.0,83720643.8385,83720643.8385,2026-09-11 16:40:00+00:00,2026-09-11 12:40:00-04:00
1789145100000,365.38,365.4799,365.19,365.24,161367.0,58953002.1312,58953002.1312,2026-09-11 16:45:00+00:00,2026-09-11 12:45:00-04:00
1789145400000,365.219,365.5899,365.03,365.5899,151397.0,55309914.5524,55309914.5524,2026-09-11 16:50:00+00:00,2026-09-11 12:50:00-04:00
1789145700000,365.555,365.71,364.6803,364.82,180931.0,66065750.0024,66065750.0024,2026-09-11 16:55:00+00:00,2026-09-11 12:55:00-04:00
1789146000000,364.84,365.3499,364.58,364.72,121450.0,44317414.5033,44317414.5033,2026-09-11 17:00:00+00:00,2026-09-11 13:00:00-04:00
1789146300000,364.745,365.32,364.53,365.28,110136.0,40194703.0197,40194703.0197,2026-09-11 17:05:00+00:00,2026-09-11 13:05:00-04:00
1789146600000,365.28,365.5,365.01,365.365,129806.0,47418849.5091,47418849.5091,2026-09-11 17:10:00+00:00,2026-09-11 13:10:00-04:00
1789146900000,365.375,365.8,365.31,365.545,229449.0,83889523.1152,83889523.1152,2026-09-11 17:15:00+00:00,2026-09-11 13:15:00-04:00
1789147200000,365.545,365.8,365.2512,365.28,167701.0,61307151.4373,61307151.4373,2026-09-11 17:20:00+00:00,2026-09-11 13:20:00-04:00
1789147500000,365.35,366.0,365.27,365.95,160911.0,58830197.6752,58830197.6752,2026-09-11 17:25:00+00:00,2026-09-11 13:25:00-04:00
1789147800000,366.0,366.55,365.871,366.11,423395.0,155075529.6475,155075529.6475,2026-09-11 17:30:00+00:00,2026-09-11 13:30:00-04:00
1789148100000,366.17,366.45,365.9201,366.09,363090.0,132965213.9621,132965213.9621,2026-09-11 17:35:00+00:00,2026-09-11 13:35:00-04:00
1789148400000,366.065,366.19,365.19,365.37,212907.0,77828364.858,77828364.858,2026-09-11 17:40:00+00:00,2026-09-11 13:40:00-04:00
1789148700000,365.37,365.65,365.11,365.44,164235.0,60006523.8344,60006523.8344,2026-09-11 17:45:00+00:00,2026-09-11 13:45:00-04:00
1789149000000,365.435,365.53,364.88,365.035,157179.0,57400593.0765,57400593.0765,2026-09-11 17:50:00+00:00,2026-09-11 13:50:00-04:00
1789149300000,365.0,365.35,364.91,365.12,180634.0,65966631.2346,65966631.2346,2026-09-11 17:55:00+00:00,2026-09-11 13:55:00-04:00
1789149600000,365.12,365.2,364.68,365.06,208194.0,75978828.0091,75978828.0091,2026-09-11 18:00:00+00:00,2026-09-11 14:00:00-04:00
1789149900000,365.07,365.135,364.6901,364.885,129987.0,47425753.9538,47425753.9538,2026-09-11 18:05:00+00:00,2026-09-11 14:05:00-04:00
1789150200000,364.91,365.38,364.9,365.35,156671.0,57213810.5661,57213810.5661,2026-09-11 18:10:00+00:00,2026-09-11 14:10:00-04:00
1789150500000,365.3288,365.58,365.02,365.49,182208.0,66561429.9409,66561429.9409,2026-09-11 18:15:00+00:00,2026-09-11 14:15:00-04:00
1789150800000,365.52,365.56,364.8,364.955,141588.0,51704958.9804,51704958.9804,2026-09-11 18:20:00+00:00,2026-09-11 14:20:00-04:00
1789151100000,364.92,365.17,364.77,365.0101,143529.0,52383891.7506,52383891.7506,2026-09-11 18:25:00+00:00,2026-09-11 14:25:00-04:00
1789151400000,365.065,365.25,364.6,364.815,176618.0,64440142.3865,64440142.3865,2026-09-11 18:30:00+00:00,2026-09-11 14:30:00-04:00
1789151700000,364.8,365.175,364.75,364.84,156053.0,56959062.2547,56959062.2547,2026-09-11 18:35:00+00:00,2026-09-11 14:35:00-04:00
1789152000000,364.81,364.85,364.4,364.65,138905.0,50643922.8455,50643922.8455,2026-09-11 18:40:00+00:00,2026-09-11 14:40:00-04:00
1789152300000,364.635,364.75,364.31,364.3248,150324.0,54800817.5755,54800817.5755,2026-09-11 18:45:00+00:00,2026-09-11 14:45:00-04:00
1789152600000,364.31,364.47,364.0,364.44,190384.481249,69342740.39083517,69342740.3908351643,2026-09-11 18:50:00+00:00,2026-09-11 14:50:00-04:00
1789152900000,364.44,365.2505,364.3771,365.225,289563.0,105656685.4005,105656685.4005,2026-09-11 18:55:00+00:00,2026-09-11 14:55:00-04:00
1789153200000,365.2502,365.39,364.75,364.985,270098.0,98625932.9647,98625932.9647,2026-09-11 19:00:00+00:00,2026-09-11 15:00:00-04:00
1789153500000,364.985,365.07,364.24,364.4,223763.0,81573079.2022,81573079.2022,2026-09-11 19:05:00+00:00,2026-09-11 15:05:00-04:00
1789153800000,364.365,365.03,364.2,365.03,299701.0,109252228.5325,109252228.5325,2026-09-11 19:10:00+00:00,2026-09-11 15:10:00-04:00
1789154100000,365.05,365.12,364.77,364.86,199342.0,72749298.0053,72749298.0053,2026-09-11 19:15:00+00:00,2026-09-11 15:15:00-04:00
1789154400000,364.825,365.11,364.14,364.455,264405.0,96393665.4924,96393665.4924,2026-09-11 19:20:00+00:00,2026-09-11 15:20:00-04:00
1789154700000,364.38,364.65,364.05,364.1106,328156.0,119594802.1172,119594802.1172,2026-09-11 19:25:00+00:00,2026-09-11 15:25:00-04:00
1789155000000,364.1105,365.11,364.09,365.06,263434.0,96109335.1849,96109335.1849,2026-09-11 19:30:00+00:00,2026-09-11 15:30:00-04:00
1789155300000,365.06,365.15,364.889,365.09,177601.0,64829831.9382,64829831.9382,2026-09-11 19:35:00+00:00,2026-09-11 15:35:00-04:00
1789155600000,365.08,366.5,365.0,366.07,570128.0,208679517.9702,208679517.9702,2026-09-11 19:40:00+00:00,2026-09-11 15:40:00-04:00
1789155900000,366.059,366.23,365.5,366.02,421896.0,154400653.1696,154400653.1696,2026-09-11 19:45:00+00:00,2026-09-11 15:45:00-04:00
1789156200000,366.02,366.13,365.45,365.705,419590.0,153469788.225,153469788.225,2026-09-11 19:50:00+00:00,2026-09-11 15:50:00-04:00
1789156500000,365.67,365.9468,365.07,365.44,1085019.0,396585899.5456,396585899.5456,2026-09-11 19:55:00+00:00,2026-09-11 15:55:00-04:00
1789156800000,365.51,365.57,365.0392,365.0392,2523178.0659910003,922169864.7584841,922169864.75848419054397,2026-09-11 20:00:00+00:00,2026-09-11 16:00:00-04:00
1789157100000,365.1939,365.2342,364.8503,365.07,25953.0,9481642.496,9481642.496,2026-09-11 20:05:00+00:00,2026-09-11 16:05:00-04:00
1789157400000,364.81,365.44,364.81,365.0097,8263.711613,3015185.264394404,3015185.2643944036,2026-09-11 20:10:00+00:00,2026-09-11 16:10:00-04:00
1789157700000,365.01,365.44,364.99,364.9989,4950.342536,1806934.6774587145,1806934.6774587144,2026-09-11 20:15:00+00:00,2026-09-11 16:15:00-04:00
1789158000000,364.9997,365.03,364.99,364.9932,14606.166309,5331976.94963296,5331976.9496329613,2026-09-11 20:20:00+00:00,2026-09-11 16:20:00-04:00
1789158300000,365.0,365.09,364.99,365.08,1433.0,523081.0645,523081.0645,2026-09-11 20:25:00+00:00,2026-09-11 16:25:00-04:00
1789158600000,365.04,365.44,365.01,365.09,9921.0,3624393.8907,3624393.8907,2026-09-11 20:30:00+00:00,2026-09-11 16:30:00-04:00
1789158900000,365.12,365.3,365.08,365.22,10780.706209,3936339.7106554713,3936339.7106554713,2026-09-11 20:35:00+00:00,2026-09-11 16:35:00-04:00
1789159200000,365.22,365.3,365.0907,365.1456,2705.405243,987953.1576365544,987953.157636554373042,2026-09-11 20:40:00+00:00,2026-09-11 16:40:00-04:00
1789159500000,365.1437,365.2,365.09,365.14,1096.979218,400561.78734488,400561.78734488,2026-09-11 20:45:00+00:00,2026-09-11 16:45:00-04:00
1789159800000,365.1437,365.227,365.09,365.18,2560.692556,935002.0189353828,935002.0189353828,2026-09-11 20:50:00+00:00,2026-09-11 16:50:00-04:00
1789160100000,365.1255,365.21,365.1255,365.18,1338.0,488613.8319,488613.8319,2026-09-11 20:55:00+00:00,2026-09-11 16:55:00-04:00
1789160400000,365.21,365.22,365.1,365.1,78525.0,28696071.5588,28696071.5588,2026-09-11 21:00:00+00:00,2026-09-11 17:00:00-04:00
1789160700000,365.1074,365.18,365.1,365.18,484.711481,176985.182650872,176985.182650872,2026-09-11 21:05:00+00:00,2026-09-11 17:05:00-04:00
1789161000000,365.1,365.18,365.05,365.0721,2790.393447,1018834.1434523108,1018834.1434523109,2026-09-11 21:10:00+00:00,2026-09-11 17:10:00-04:00
1789161300000,365.0653,365.1514,364.62,364.85,5477.0,1990982.6025,1990982.6025,2026-09-11 21:15:00+00:00,2026-09-11 17:15:00-04:00
1789161600000,364.9613,365.0,364.7075,364.8492,2097.0,763563.0398,763563.0398,2026-09-11 21:20:00+00:00,2026-09-11 17:20:00-04:00
1789161900000,364.83,365.0,364.79,364.9419,3511.0,1280415.4408,1280415.4408,2026-09-11 21:25:00+00:00,2026-09-11 17:25:00-04:00
1789162200000,364.8181,364.96,364.75,364.8,7297.0,2663325.5813,2663325.5813,2026-09-11 21:30:00+00:00,2026-09-11 17:30:00-04:00
1789162500000,364.875,364.96,364.62,364.8,3059.673841,1116054.42202793,1116054.42202793,2026-09-11 21:35:00+00:00,2026-09-11 17:35:00-04:00
1789162800000,364.7853,364.8,364.7,364.73,483.855617,176472.9395022953,176472.9395022953,2026-09-11 21:40:00+00:00,2026-09-11 17:40:00-04:00
1789163100000,364.704,364.704,364.62,364.69,2479.568308,904165.120723122,904165.120723122,2026-09-11 21:45:00+00:00,2026-09-11 17:45:00-04:00
1789163400000,364.62,364.88,364.6,364.88,1939.851909,707425.8335220567,707425.8335220567,2026-09-11 21:50:00+00:00,2026-09-11 17:50:00-04:00
1789163700000,364.7435,364.87,364.7,364.75,324.0,118180.8305,118180.8305,2026-09-11 21:55:00+00:00,2026-09-11 17:55:00-04:00
1789164000000,364.74,364.76,364.7015,364.71,242.0,88265.9014,88265.9014,2026-09-11 22:00:00+00:00,2026-09-11 18:00:00-04:00
1789164300000,364.7,364.88,364.7,364.8,1253.0,456985.1748,456985.1748,2026-09-11 22:05:00+00:00,2026-09-11 18:05:00-04:00
1789164600000,364.8651,364.88,364.71,364.88,1144.270822,417372.07437518,417372.07437518,2026-09-11 22:10:00+00:00,2026-09-11 18:10:00-04:00
1789164900000,364.85,364.95,364.7363,364.87,677.687281,247249.67460004,247249.67460004,2026-09-11 22:15:00+00:00,2026-09-11 18:15:00-04:00
1789165200000,364.9316,364.95,364.811,364.95,1229.5903509999998,448618.4836623499,448618.48366234992703,2026-09-11 22:20:00+00:00,2026-09-11 18:20:00-04:00
1789165500000,364.92,364.95,364.89,364.95,205.0,74812.6759,74812.6759,2026-09-11 22:25:00+00:00,2026-09-11 18:25:00-04:00
1789165800000,364.95,364.95,364.803,364.803,80.0,29193.393,29193.393,2026-09-11 22:30:00+00:00,2026-09-11 18:30:00-04:00
1789166100000,364.9067,364.92,364.8,364.91,657.015702,239722.0147747,239722.0147747,2026-09-11 22:35:00+00:00,2026-09-11 18:35:00-04:00
1789166400000,364.9022,364.92,364.8,364.85,2222.0,810612.8366,810612.8366,2026-09-11 22:40:00+00:00,2026-09-11 18:40:00-04:00
1789166700000,364.86,364.86,364.8,364.8088,188.0,68588.6567,68588.6567,2026-09-11 22:45:00+00:00,2026-09-11 18:45:00-04:00
1789167000000,364.8,364.95,364.8,364.95,2917.0,1064155.2201,1064155.2201,2026-09-11 22:50:00+00:00,2026-09-11 18:50:00-04:00
1789167300000,364.839,364.97,364.82,364.9389,759.466034,277110.0944049,277110.094404900014594,2026-09-11 22:55:00+00:00,2026-09-11 18:55:00-04:00
1789167600000,364.93,364.97,364.82,364.92,617.070132,225163.18306548,225163.18306548,2026-09-11 23:00:00+00:00,2026-09-11 19:00:00-04:00
1789167900000,364.9,364.97,364.8822,364.94,1057.055008,385722.2828347168,385722.2828347168,2026-09-11 23:05:00+00:00,2026-09-11 19:05:00-04:00
1789168200000,364.93,364.95,364.9,364.9354,234.053478,85413.0355244086,85413.0355244085927013,2026-09-11 23:10:00+00:00,2026-09-11 19:10:00-04:00
1789168500000,364.93,364.94,364.9,364.9178,168.0,61306.5862,61306.5862,2026-09-11 23:15:00+00:00,2026-09-11 19:15:00-04:00
1789168800000,364.91,364.93,364.9,364.91,270.0,98526.237,98526.237,2026-09-11 23:20:00+00:00,2026-09-11 19:20:00-04:00
1789169100000,364.92,364.92,364.82,364.88,1040.274038,379555.4706907106,379555.4706907106,2026-09-11 23:25:00+00:00,2026-09-11 19:25:00-04:00
1789169400000,364.82,364.91,364.82,364.9,3381.0,1233562.9408,1233562.9408,2026-09-11 23:30:00+00:00,2026-09-11 19:30:00-04:00
1789169700000,364.8982,364.9,364.87,364.8999,301.0,109833.1043,109833.1043,2026-09-11 23:35:00+00:00,2026-09-11 19:35:00-04:00
1789170000000,364.9,365.08,364.89,365.02,2971.0,1084265.0906,1084265.0906,2026-09-11 23:40:00+00:00,2026-09-11 19:40:00-04:00
1789170300000,365.002,365.08,365.002,365.0302,1902.062739,694363.5597240533,694363.5597240532,2026-09-11 23:45:00+00:00,2026-09-11 19:45:00-04:00
1789170600000,365.0389,365.08,365.02,365.07,5184.0,1892346.74,1892346.74,2026-09-11 23:50:00+00:00,2026-09-11 19:50:00-04:00
1789170900000,365.07,365.251,365.06,365.25,1294.0,472405.8032,472405.8032,2026-09-11 23:55:00+00:00,2026-09-11 19:55:00-04:00
1789172100000,364.99,365.3,364.98,365.3,0.6045,220.650663,220.650663,2026-09-12 00:15:00+00:00,2026-09-11 20:15:00-04:00
1789174800000,365.3,365.3,365.3,365.3,0.217,79.2701,79.2701,2026-09-12 01:00:00+00:00,2026-09-11 21:00:00-04:00
1789175400000,365.3,365.3,365.3,365.3,0.0547,19.98191,19.98191,2026-09-12 01:10:00+00:00,2026-09-11 21:10:00-04:00
1789176600000,365.3,365.3,364.83,364.85,8.932,3261.028568,3261.028568,2026-09-12 01:30:00+00:00,2026-09-11 21:30:00-04:00
1789176900000,364.94,364.94,364.82,364.82,1.4386,524.85908,524.85908,2026-09-12 01:35:00+00:00,2026-09-11 21:35:00-04:00
1789177800000,364.8,364.8,364.8,364.8,3.388,1235.9424,1235.9424,2026-09-12 01:50:00+00:00,2026-09-11 21:50:00-04:00
1789179600000,364.9,364.9,364.77,364.77,0.0986,35.972731,35.972731,2026-09-12 02:20:00+00:00,2026-09-11 22:20:00-04:00
1789180200000,364.9,364.9,364.9,364.9,0.0548,19.99652,19.99652,2026-09-12 02:30:00+00:00,2026-09-11 22:30:00-04:00
1789180500000,364.94,365.3,364.55,364.55,9.6478,3520.971532,3520.971532,2026-09-12 02:35:00+00:00,2026-09-11 22:35:00-04:00
1789180800000,364.69,364.69,364.69,364.69,0.0287,10.466603,10.466603,2026-09-12 02:40:00+00:00,2026-09-11 22:40:00-04:00
1789181100000,364.69,365.3,364.69,365.3,0.9778,357.031557,357.031557,2026-09-12 02:45:00+00:00,2026-09-11 22:45:00-04:00
1789182000000,365.3,365.3,365.3,365.3,0.1368,49.97304,49.97304,2026-09-12 03:00:00+00:00,2026-09-11 23:00:00-04:00
1789184700000,365.3,365.3,365.3,365.3,0.1368,49.97304,49.97304,2026-09-12 03:45:00+00:00,2026-09-11 23:45:00-04:00
1789185600000,365.3,365.3,365.3,365.3,0.1915,69.95495,69.95495,2026-09-12 04:00:00+00:00,2026-09-12 00:00:00-04:00
1789186500000,365.46,365.46,364.57,365.46,2.2809,832.730109,832.730109,2026-09-12 04:15:00+00:00,2026-09-12 00:15:00-04:00
1789186800000,364.57,365.46,364.47,364.66,6.0839,2218.933414,2218.933414,2026-09-12 04:20:00+00:00,2026-09-12 00:20:00-04:00
1789187400000,364.62,365.46,364.53,364.53,3.2013,1167.399336,1167.399336,2026-09-12 04:30:00+00:00,2026-09-12 00:30:00-04:00
1789187700000,365.46,365.46,364.36,364.38,4.5968,1675.999581,1675.999581,2026-09-12 04:35:00+00:00,2026-09-12 00:35:00-04:00
1789188000000,364.52,364.52,364.52,364.52,0.386,140.70472,140.70472,2026-09-12 04:40:00+00:00,2026-09-12 00:40:00-04:00
1789188900000,364.55,364.55,364.55,364.55,0.476,173.5258,173.5258,2026-09-12 04:55:00+00:00,2026-09-12 00:55:00-04:00
1789190100000,364.57,364.57,364.57,364.57,0.6653,242.548421,242.548421,2026-09-12 05:15:00+00:00,2026-09-12 01:15:00-04:00
1789191000000,365.46,365.46,364.55,364.55,0.4116,150.239208,150.239208,2026-09-12 05:30:00+00:00,2026-09-12 01:30:00-04:00
1789191300000,365.46,365.46,364.52,365.46,0.2554,93.257805,93.257805,2026-09-12 05:35:00+00:00,2026-09-12 01:35:00-04:00
1789192200000,365.46,365.46,365.46,365.46,0.0554,20.246484,20.246484,2026-09-12 05:50:00+00:00,2026-09-12 01:50:00-04:00
1789192500000,365.46,365.46,365.46,365.46,0.4994,182.510724,182.510724,2026-09-12 05:55:00+00:00,2026-09-12 01:55:00-04:00
1789192800000,364.46,364.46,364.46,364.46,0.0565,20.59199,20.59199,2026-09-12 06:00:00+00:00,2026-09-12 02:00:00-04:00
1789193100000,365.46,365.46,365.46,365.46,0.0287,10.488702,10.488702,2026-09-12 06:05:00+00:00,2026-09-12 02:05:00-04:00
1789196400000,365.46,365.46,364.5,364.5,1.2296,448.845072,448.845072,2026-09-12 07:00:00+00:00,2026-09-12 03:00:00-04:00
1789198500000,365.46,365.46,364.27,364.4,12.0106,4379.392241,4379.392241,2026-09-12 07:35:00+00:00,2026-09-12 03:35:00-04:00
1789198800000,364.4,364.4,364.4,364.4,0.7672,279.56768,279.56768,2026-09-12 07:40:00+00:00,2026-09-12 03:40:00-04:00
1789199100000,364.4,364.4,364.4,364.4,0.3836,139.78384,139.78384,2026-09-12 07:45:00+00:00,2026-09-12 03:45:00-04:00
1789199400000,364.4,365.46,364.26,364.26,3.3676,1227.898169,1227.898169,2026-09-12 07:50:00+00:00,2026-09-12 03:50:00-04:00
1789199700000,364.21,364.34,364.21,364.34,0.5226,190.39813,190.39813,2026-09-12 07:55:00+00:00,2026-09-12 03:55:00-04:00
1789200000000,364.34,364.4,364.34,364.4,0.7538,274.657088,274.657088,2026-09-12 08:00:00+00:00,2026-09-12 04:00:00-04:00
1789200300000,364.39,364.39,364.39,364.39,0.7357,268.081723,268.081723,2026-09-12 08:05:00+00:00,2026-09-12 04:05:00-04:00
1789200600000,364.4,364.4,364.4,364.4,0.261,95.1084,95.1084,2026-09-12 08:10:00+00:00,2026-09-12 04:10:00-04:00
1789200900000,364.4,364.61,364.4,364.61,0.5207,189.833842,189.833842,2026-09-12 08:15:00+00:00,2026-09-12 04:15:00-04:00
1789201200000,364.39,364.61,364.38,364.44,6.5277,2379.416722,2379.416722,2026-09-12 08:20:00+00:00,2026-09-12 04:20:00-04:00
1789201500000,364.53,365.46,364.4,364.49,3.2771,1194.768837,1194.768837,2026-09-12 08:25:00+00:00,2026-09-12 04:25:00-04:00
1789201800000,364.53,365.46,364.37,364.55,9.4513,3445.859533,3445.859533,2026-09-12 08:30:00+00:00,2026-09-12 04:30:00-04:00
1789202100000,364.55,365.46,364.34,364.34,7.6284,2780.979983,2780.979983,2026-09-12 08:35:00+00:00,2026-09-12 04:35:00-04:00
1789202700000,364.43,364.43,364.38,364.38,0.5531,201.565783,201.565783,2026-09-12 08:45:00+00:00,2026-09-12 04:45:00-04:00
1789208100000,365.46,365.46,365.46,365.46,0.0547,19.990662,19.990662,2026-09-12 10:15:00+00:00,2026-09-12 06:15:00-04:00
1789209000000,364.38,364.38,364.38,364.38,0.5441,198.259158,198.259158,2026-09-12 10:30:00+00:00,2026-09-12 06:30:00-04:00
1789218000000,365.46,365.46,364.3,365.3,7.5563,2754.010288,2754.010288,2026-09-12 13:00:00+00:00,2026-09-12 09:00:00-04:00
1789218300000,365.3,365.3,365.3,365.3,0.2299,83.98247,83.98247,2026-09-12 13:05:00+00:00,2026-09-12 09:05:00-04:00
1789221300000,365.33,365.37,365.25,365.25,1.1122,406.278742,406.278742,2026-09-12 13:55:00+00:00,2026-09-12 09:55:00-04:00
1789221600000,365.37,365.37,365.19,365.19,0.6048,220.969398,220.969398,2026-09-12 14:00:00+00:00,2026-09-12 10:00:00-04:00
1789221900000,365.46,365.49,365.26,365.49,1.5891,580.658194,580.658194,2026-09-12 14:05:00+00:00,2026-09-12 10:05:00-04:00
1789222200000,365.26,365.26,365.26,365.26,0.5536,202.207936,202.207936,2026-09-12 14:10:00+00:00,2026-09-12 10:10:00-04:00
1789223400000,365.55,365.55,365.55,365.55,0.0656,23.98008,23.98008,2026-09-12 14:30:00+00:00,2026-09-12 10:30:00-04:00
1789224000000,365.56,365.56,365.54,365.54,0.6291,229.962854,229.962854,2026-09-12 14:40:00+00:00,2026-09-12 10:40:00-04:00
1789224600000,365.57,365.57,365.57,365.57,0.0826,30.196082,30.196082,2026-09-12 14:50:00+00:00,2026-09-12 10:50:00-04:00
1789225200000,365.59,365.59,365.59,365.59,0.082,29.97838,29.97838,2026-09-12 15:00:00+00:00,2026-09-12 11:00:00-04:00
1789226400000,365.66,365.66,365.66,365.66,0.1168,42.709088,42.709088,2026-09-12 15:20:00+00:00,2026-09-12 11:20:00-04:00
1789228800000,365.66,365.84,365.66,365.84,0.205,74.972594,74.972594,2026-09-12 16:00:00+00:00,2026-09-12 12:00:00-04:00
1789229400000,365.63,365.89,365.26,365.76,5.2809,1931.027639,1931.027639,2026-09-12 16:10:00+00:00,2026-09-12 12:10:00-04:00
1789230000000,365.76,365.76,365.76,365.76,4.0323,1474.854048,1474.854048,2026-09-12 16:20:00+00:00,2026-09-12 12:20:00-04:00
1789230600000,365.76,365.76,365.76,365.76,0.0574,20.994624,20.994624,2026-09-12 16:30:00+00:00,2026-09-12 12:30:00-04:00
1789231200000,365.74,365.76,365.26,365.26,1.4052,513.710102,513.710102,2026-09-12 16:40:00+00:00,2026-09-12 12:40:00-04:00
1789231500000,365.76,365.76,365.19,365.19,5.3757,1964.312938,1964.312938,2026-09-12 16:45:00+00:00,2026-09-12 12:45:00-04:00
1789232400000,365.45,365.45,365.45,365.45,0.0684,24.99678,24.99678,2026-09-12 17:00:00+00:00,2026-09-12 13:00:00-04:00
1789232700000,365.45,365.45,365.0,365.0,1.3842,505.594365,505.594365,2026-09-12 17:05:00+00:00,2026-09-12 13:05:00-04:00
1789238700000,365.45,365.76,365.19,365.19,63.3862,23182.402846,23182.402846,2026-09-12 18:45:00+00:00,2026-09-12 14:45:00-04:00
1789239000000,365.76,366.7,365.19,366.7,49.2938,18034.310879,18034.310879,2026-09-12 18:50:00+00:00,2026-09-12 14:50:00-04:00
1789239300000,366.6,369.3,366.6,369.2,59.0621,21721.373547,21721.373547,2026-09-12 18:55:00+00:00,2026-09-12 14:55:00-04:00
1789239600000,369.25,369.41,368.45,368.45,15.5851,5747.255582,5747.255582,2026-09-12 19:00:00+00:00,2026-09-12 15:00:00-04:00
1789239900000,368.46,368.46,368.46,368.46,0.1,36.846,36.846,2026-09-12 19:05:00+00:00,2026-09-12 15:05:00-04:00
1789240500000,368.42,368.42,368.34,368.34,1.0455,385.14043,385.14043,2026-09-12 19:15:00+00:00,2026-09-12 15:15:00-04:00
1789240800000,368.34,368.34,368.32,368.32,1.0451,384.943202,384.943202,2026-09-12 19:20:00+00:00,2026-09-12 15:20:00-04:00
1789242900000,368.45,368.45,368.45,368.45,0.0543,20.006835,20.006835,2026-09-12 19:55:00+00:00,2026-09-12 15:55:00-04:00
1789243800000,368.32,368.32,367.16,367.16,18.1936,6688.183105,6688.183105,2026-09-12 20:10:00+00:00,2026-09-12 16:10:00-04:00
1789244100000,367.38,367.38,367.38,367.38,0.0544,19.985472,19.985472,2026-09-12 20:15:00+00:00,2026-09-12 16:15:00-04:00
1789254600000,367.04,367.04,367.04,367.04,0.0997,36.593888,36.593888,2026-09-12 23:10:00+00:00,2026-09-12 19:10:00-04:00
1789255500000,367.38,367.38,367.38,367.38,0.4358,160.104204,160.104204,2026-09-12 23:25:00+00:00,2026-09-12 19:25:00-04:00
1789256100000,367.2,367.28,367.2,367.28,0.8708,319.79256,319.79256,2026-09-12 23:35:00+00:00,2026-09-12 19:35:00-04:00
1789256400000,367.16,367.16,367.16,367.16,0.435,159.7146,159.7146,2026-09-12 23:40:00+00:00,2026-09-12 19:40:00-04:00
1789256700000,367.21,367.21,367.21,367.21,0.5349,196.420629,196.420629,2026-09-12 23:45:00+00:00,2026-09-12 19:45:00-04:00
1789257000000,367.22,367.22,367.22,367.22,0.4346,159.593812,159.593812,2026-09-12 23:50:00+00:00,2026-09-12 19:50:00-04:00
1789257600000,367.16,367.16,367.12,367.12,0.7656,281.080312,281.080312,2026-09-13 00:00:00+00:00,2026-09-12 20:00:00-04:00
1789261200000,367.16,367.26,367.16,367.26,0.6547,240.413406,240.413406,2026-09-13 01:00:00+00:00,2026-09-12 21:00:00-04:00
1789261500000,367.12,367.12,367.12,367.12,0.1934,71.001008,71.001008,2026-09-13 01:05:00+00:00,2026-09-12 21:05:00-04:00
1789261800000,367.11,367.11,367.11,367.11,0.2407,88.363377,88.363377,2026-09-13 01:10:00+00:00,2026-09-12 21:10:00-04:00
1789262100000,367.11,367.26,367.1,367.1,3.48,1277.929095,1277.929095,2026-09-13 01:15:00+00:00,2026-09-12 21:15:00-04:00
1789263600000,367.25,367.39,367.22,367.39,4.9257,1809.115091,1809.115091,2026-09-13 01:40:00+00:00,2026-09-12 21:40:00-04:00
1789263900000,367.4,367.48,367.4,367.48,4.7267,1736.830793,1736.830793,2026-09-13 01:45:00+00:00,2026-09-12 21:45:00-04:00
1789266600000,367.49,367.49,367.49,367.49,0.0544,19.991456,19.991456,2026-09-13 02:30:00+00:00,2026-09-12 22:30:00-04:00
1789268400000,367.49,367.54,367.49,367.54,0.1904,69.972816,69.972816,2026-09-13 03:00:00+00:00,2026-09-12 23:00:00-04:00
1789269900000,367.54,367.54,367.24,367.24,1.0416,382.680229,382.680229,2026-09-13 03:25:00+00:00,2026-09-12 23:25:00-04:00
1789271700000,367.24,367.24,367.24,367.24,0.2206,81.013144,81.013144,2026-09-13 03:55:00+00:00,2026-09-12 23:55:00-04:00
1789272000000,367.61,367.61,367.12,367.2,10.1395,3724.529098,3724.529098,2026-09-13 04:00:00+00:00,2026-09-13 00:00:00-04:00
1789273800000,367.28,367.28,366.94,366.94,5.9921,2199.678602,2199.678602,2026-09-13 04:30:00+00:00,2026-09-13 00:30:00-04:00
1789278900000,366.94,366.97,366.83,366.87,9.1541,3358.878324,3358.878324,2026-09-13 05:55:00+00:00,2026-09-13 01:55:00-04:00
1789279500000,366.64,366.67,366.64,366.67,0.6391,234.331948,234.331948,2026-09-13 06:05:00+00:00,2026-09-13 02:05:00-04:00
1789279800000,366.67,366.67,366.67,366.67,0.3885,142.451295,142.451295,2026-09-13 06:10:00+00:00,2026-09-13 02:10:00-04:00
1789280100000,366.7,366.7,366.67,366.67,0.2599,95.299168,95.299168,2026-09-13 06:15:00+00:00,2026-09-13 02:15:00-04:00
1789280400000,366.67,366.67,366.67,366.67,0.4108,150.628036,150.628036,2026-09-13 06:20:00+00:00,2026-09-13 02:20:00-04:00
1789280700000,366.7,366.7,366.57,366.57,1.8026,660.949405,660.949405,2026-09-13 06:25:00+00:00,2026-09-13 02:25:00-04:00
1789282200000,366.64,366.64,366.64,366.64,0.2052,75.234528,75.234528,2026-09-13 06:50:00+00:00,2026-09-13 02:50:00-04:00
1789282800000,366.74,366.74,366.59,366.59,1.2693,465.352357,465.352357,2026-09-13 07:00:00+00:00,2026-09-13 03:00:00-04:00
1789289100000,366.68,366.68,365.3,365.67,38.0057,13913.646802,13913.646802,2026-09-13 08:45:00+00:00,2026-09-13 04:45:00-04:00
1789295100000,365.63,365.63,365.09,365.09,10.6718,3897.391897,3897.391897,2026-09-13 10:25:00+00:00,2026-09-13 06:25:00-04:00
1789295400000,365.0,365.0,364.96,364.96,1.8411,671.984232,671.984232,2026-09-13 10:30:00+00:00,2026-09-13 06:30:00-04:00
1789298400000,364.95,364.95,364.46,364.46,11.5337,4206.780557,4206.780557,2026-09-13 11:20:00+00:00,2026-09-13 07:20:00-04:00
1789303200000,364.5,364.5,363.38,363.38,22.2525,8102.362063,8102.362063,2026-09-13 12:40:00+00:00,2026-09-13 08:40:00-04:00
1789303500000,363.47,363.47,363.44,363.44,0.7732,281.029568,281.029568,2026-09-13 12:45:00+00:00,2026-09-13 08:45:00-04:00
1789304400000,363.56,363.56,363.56,363.56,0.1375,49.9895,49.9895,2026-09-13 13:00:00+00:00,2026-09-13 09:00:00-04:00
1789307400000,363.56,363.6,363.44,363.5,2.4754,899.883622,899.883622,2026-09-13 13:50:00+00:00,2026-09-13 09:50:00-04:00
1789309800000,363.56,363.6,363.56,363.6,0.8911,323.979408,323.979408,2026-09-13 14:30:00+00:00,2026-09-13 10:30:00-04:00
1789310400000,363.6,363.6,363.6,363.6,0.0825,29.997,29.997,2026-09-13 14:40:00+00:00,2026-09-13 10:40:00-04:00
1789311600000,363.6,363.6,363.6,363.6,0.1375,49.995,49.995,2026-09-13 15:00:00+00:00,2026-09-13 11:00:00-04:00
1789312200000,363.6,363.69,363.36,363.4,4.6524,1691.104878,1691.104878,2026-09-13 15:10:00+00:00,2026-09-13 11:10:00-04:00
1789312500000,363.5,363.53,363.26,363.26,7.4405,2703.691509,2703.691509,2026-09-13 15:15:00+00:00,2026-09-13 11:15:00-04:00
1789312800000,363.42,363.47,363.07,363.24,1.8012,654.396585,654.396585,2026-09-13 15:20:00+00:00,2026-09-13 11:20:00-04:00
1789313100000,363.16,363.23,363.13,363.14,2.5279,918.083424,918.083424,2026-09-13 15:25:00+00:00,2026-09-13 11:25:00-04:00
1789313400000,363.2,363.2,363.2,363.2,0.1101,39.98832,39.98832,2026-09-13 15:30:00+00:00,2026-09-13 11:30:00-04:00
1789313700000,363.2,363.26,363.02,363.02,3.7103,1347.068811,1347.068811,2026-09-13 15:35:00+00:00,2026-09-13 11:35:00-04:00
1789314000000,363.12,363.12,363.0,363.0,0.0625,22.691124,22.691124,2026-09-13 15:40:00+00:00,2026-09-13 11:40:00-04:00
1789315200000,363.12,363.2,362.94,362.94,4.2546,1544.682917,1544.682917,2026-09-13 16:00:00+00:00,2026-09-13 12:00:00-04:00
1789316100000,363.09,363.09,363.09,363.09,0.055,19.96995,19.96995,2026-09-13 16:15:00+00:00,2026-09-13 12:15:00-04:00
1789316700000,363.09,363.2,362.99,363.2,1.4033,509.491646,509.491646,2026-09-13 16:25:00+00:00,2026-09-13 12:25:00-04:00
1789317000000,363.2,363.2,362.99,362.99,0.3374,122.484964,122.484964,2026-09-13 16:30:00+00:00,2026-09-13 12:30:00-04:00
1789318800000,363.2,363.2,363.2,363.2,0.2792,101.40544,101.40544,2026-09-13 17:00:00+00:00,2026-09-13 13:00:00-04:00
1789319400000,362.96,363.07,362.96,363.07,0.558,202.562348,202.562348,2026-09-13 17:10:00+00:00,2026-09-13 13:10:00-04:00
1789320000000,363.02,363.02,363.02,363.02,0.2788,101.209976,101.209976,2026-09-13 17:20:00+00:00,2026-09-13 13:20:00-04:00
1789320300000,363.07,363.11,363.02,363.02,0.557,202.223117,202.223117,2026-09-13 17:25:00+00:00,2026-09-13 13:25:00-04:00
1789321200000,363.11,363.21,362.98,363.21,1.3888,504.280567,504.280567,2026-09-13 17:40:00+00:00,2026-09-13 13:40:00-04:00
1789321500000,362.98,363.21,362.89,362.95,5.1947,1885.81385,1885.81385,2026-09-13 17:45:00+00:00,2026-09-13 13:45:00-04:00
1789321800000,363.07,363.07,362.91,362.91,3.7329,1355.003275,1355.003275,2026-09-13 17:50:00+00:00,2026-09-13 13:50:00-04:00
1789322100000,363.07,363.21,362.83,362.92,1.0632,385.979457,385.979457,2026-09-13 17:55:00+00:00,2026-09-13 13:55:00-04:00
1789322400000,362.97,362.97,362.97,362.97,0.111,40.28967,40.28967,2026-09-13 18:00:00+00:00,2026-09-13 14:00:00-04:00
1789322700000,362.92,362.92,362.92,362.92,0.2737,99.331204,99.331204,2026-09-13 18:05:00+00:00,2026-09-13 14:05:00-04:00
1789323600000,362.92,362.92,362.92,362.92,0.037,13.42804,13.42804,2026-09-13 18:20:00+00:00,2026-09-13 14:20:00-04:00
1789324800000,362.97,363.04,362.89,362.95,1.103,400.345888,400.345888,2026-09-13 18:40:00+00:00,2026-09-13 14:40:00-04:00
1789325100000,363.0,363.14,362.79,362.79,9.3918,3408.605276,3408.605276,2026-09-13 18:45:00+00:00,2026-09-13 14:45:00-04:00
1789325400000,362.95,362.99,362.73,362.79,9.075,3292.786794,3292.786794,2026-09-13 18:50:00+00:00,2026-09-13 14:50:00-04:00
1789325700000,362.75,362.75,362.68,362.68,4.7974,1740.072017,1740.072017,2026-09-13 18:55:00+00:00,2026-09-13 14:55:00-04:00
1789326000000,362.87,362.87,362.28,362.28,5.8145,2107.719075,2107.719075,2026-09-13 19:00:00+00:00,2026-09-13 15:00:00-04:00
1789329300000,362.67,362.67,362.67,362.67,0.0552,20.019384,20.019384,2026-09-13 19:55:00+00:00,2026-09-13 15:55:00-04:00
1789338600000,362.67,363.17,362.48,363.17,26.175,9496.154544,9496.154544,2026-09-13 22:30:00+00:00,2026-09-13 18:30:00-04:00
1789338900000,363.22,363.53,363.21,363.53,13.1539,4778.445233,4778.445233,2026-09-13 22:35:00+00:00,2026-09-13 18:35:00-04:00
1789339500000,363.53,364.21,363.53,364.21,7.5218,2736.14892,2736.14892,2026-09-13 22:45:00+00:00,2026-09-13 18:45:00-04:00
1789342200000,364.18,364.18,364.02,364.02,8.396,3057.16396,3057.16396,2026-09-13 23:30:00+00:00,2026-09-13 19:30:00-04:00
1789342500000,364.01,364.01,363.62,363.62,13.1457,4782.839413,4782.839413,2026-09-13 23:35:00+00:00,2026-09-13 19:35:00-04:00
1789342800000,363.62,363.62,363.12,363.18,9.6231,3496.811387,3496.811387,2026-09-13 23:40:00+00:00,2026-09-13 19:40:00-04:00
1789343100000,363.19,363.19,362.59,362.59,11.5764,4200.723328,4200.723328,2026-09-13 23:45:00+00:00,2026-09-13 19:45:00-04:00
1789343700000,362.54,362.54,362.54,362.54,0.4136,149.946544,149.946544,2026-09-13 23:55:00+00:00,2026-09-13 19:55:00-04:00
1789344000000,361.49,362.62,361.07,361.41,9038.0,3269785.59,3269785.59,2026-09-14 00:00:00+00:00,2026-09-13 20:00:00-04:00
1789344300000,361.41,361.9,361.07,361.71,6438.0,2326965.43,2326965.43,2026-09-14 00:05:00+00:00,2026-09-13 20:05:00-04:00
1789344600000,361.67,361.68,360.7,360.87,7276.0,2627342.2,2627342.2,2026-09-14 00:10:00+00:00,2026-09-13 20:10:00-04:00
1789344900000,360.99,361.06,360.57,360.77,7008.0,2528586.16,2528586.16,2026-09-14 00:15:00+00:00,2026-09-13 20:15:00-04:00
1789345200000,360.78,360.78,360.21,360.3,4241.0,1528741.63,1528741.63,2026-09-14 00:20:00+00:00,2026-09-13 20:20:00-04:00
1789345500000,360.23,360.25,359.55,359.71,8954.0,3222054.34,3222054.34,2026-09-14 00:25:00+00:00,2026-09-13 20:25:00-04:00
1789345800000,359.76,360.25,359.7,360.21,5449.0,1961660.05,1961660.05,2026-09-14 00:30:00+00:00,2026-09-13 20:30:00-04:00
1789346100000,360.2,360.25,359.62,359.9,3420.0,1230727.85,1230727.85,2026-09-14 00:35:00+00:00,2026-09-13 20:35:00-04:00
1789346400000,359.88,360.3,359.83,360.27,1957.0,704549.15,704549.15,2026-09-14 00:40:00+00:00,2026-09-13 20:40:00-04:00
1789346700000,360.25,360.59,360.25,360.49,2595.0,935269.68,935269.68,2026-09-14 00:45:00+00:00,2026-09-13 20:45:00-04:00
1789347000000,360.49,360.68,360.49,360.61,1324.0,477421.23,477421.23,2026-09-14 00:50:00+00:00,2026-09-13 20:50:00-04:00
1789347300000,360.65,360.69,360.03,360.03,1512.0,544803.2,544803.2,2026-09-14 00:55:00+00:00,2026-09-13 20:55:00-04:00
1789347600000,360.03,360.38,359.95,360.12,1979.0,712659.68,712659.68,2026-09-14 01:00:00+00:00,2026-09-13 21:00:00-04:00
1789347900000,360.12,360.32,359.94,360.19,3132.0,1127801.9,1127801.9,2026-09-14 01:05:00+00:00,2026-09-13 21:05:00-04:00
1789348200000,360.15,360.4,359.83,359.86,1899.0,683696.15,683696.15,2026-09-14 01:10:00+00:00,2026-09-13 21:10:00-04:00
1789348500000,359.84,360.1,359.8,360.08,1858.0,668723.21,668723.21,2026-09-14 01:15:00+00:00,2026-09-13 21:15:00-04:00
1789348800000,360.06,360.12,358.77,359.36,10312.0,3705796.94,3705796.94,2026-09-14 01:20:00+00:00,2026-09-13 21:20:00-04:00
1789349100000,359.3,359.65,359.25,359.65,1343.0,482807.82,482807.82,2026-09-14 01:25:00+00:00,2026-09-13 21:25:00-04:00
1789349400000,359.62,359.85,359.39,359.39,2361.0,849226.55,849226.55,2026-09-14 01:30:00+00:00,2026-09-13 21:30:00-04:00
1789349700000,359.37,359.76,359.31,359.74,3168.0,1138631.12,1138631.12,2026-09-14 01:35:00+00:00,2026-09-13 21:35:00-04:00
1789350000000,359.74,360.02,359.74,360.02,3594.0,1293365.71,1293365.71,2026-09-14 01:40:00+00:00,2026-09-13 21:40:00-04:00
1789350300000,360.07,360.38,360.07,360.38,2362.0,850893.52,850893.52,2026-09-14 01:45:00+00:00,2026-09-13 21:45:00-04:00
1789350600000,360.42,360.58,360.35,360.49,1009.0,363692.88,363692.88,2026-09-14 01:50:00+00:00,2026-09-13 21:50:00-04:00
1789350900000,360.48,360.87,360.36,360.8,2184.0,787761.12,787761.12,2026-09-14 01:55:00+00:00,2026-09-13 21:55:00-04:00
1789351200000,360.87,360.95,360.7,360.7,1260.0,454701.97,454701.97,2026-09-14 02:00:00+00:00,2026-09-13 22:00:00-04:00
1789351500000,360.72,361.23,360.69,361.09,1867.0,673842.65,673842.65,2026-09-14 02:05:00+00:00,2026-09-13 22:05:00-04:00
1789351800000,361.12,361.23,361.02,361.14,674.0,243401.36,243401.36,2026-09-14 02:10:00+00:00,2026-09-13 22:10:00-04:00
1789352100000,361.21,361.23,360.92,361.18,1924.0,694646.08,694646.08,2026-09-14 02:15:00+00:00,2026-09-13 22:15:00-04:00
1789352400000,361.17,361.45,361.1,361.43,1760.0,635820.51,635820.51,2026-09-14 02:20:00+00:00,2026-09-13 22:20:00-04:00
1789352700000,361.43,361.65,361.21,361.3,5128.0,1852777.74,1852777.74,2026-09-14 02:25:00+00:00,2026-09-13 22:25:00-04:00
1789353000000,361.29,361.41,361.19,361.38,2224.0,803624.79,803624.79,2026-09-14 02:30:00+00:00,2026-09-13 22:30:00-04:00
1789353300000,361.25,361.3,361.0,361.03,1429.0,516178.13,516178.13,2026-09-14 02:35:00+00:00,2026-09-13 22:35:00-04:00
1789353600000,361.01,361.03,360.68,360.71,1974.0,712127.51,712127.51,2026-09-14 02:40:00+00:00,2026-09-13 22:40:00-04:00
1789353900000,360.71,361.37,360.71,361.37,768.0,277347.12,277347.12,2026-09-14 02:45:00+00:00,2026-09-13 22:45:00-04:00
1789354200000,361.25,361.49,361.25,361.47,302.0,109142.17,109142.17,2026-09-14 02:50:00+00:00,2026-09-13 22:50:00-04:00
1789354500000,361.47,361.47,361.14,361.35,716.0,258628.07,258628.07,2026-09-14 02:55:00+00:00,2026-09-13 22:55:00-04:00
1789354800000,361.2,361.48,361.2,361.39,132.0,47686.63,47686.63,2026-09-14 03:00:00+00:00,2026-09-13 23:00:00-04:00
1789355100000,361.4,361.44,361.15,361.19,1009.0,364456.84,364456.84,2026-09-14 03:05:00+00:00,2026-09-13 23:05:00-04:00
1789355400000,361.12,361.13,360.7,360.77,932.0,336308.82,336308.82,2026-09-14 03:10:00+00:00,2026-09-13 23:10:00-04:00
1789355700000,360.72,360.78,360.01,360.24,2468.0,889182.37,889182.37,2026-09-14 03:15:00+00:00,2026-09-13 23:15:00-04:00
1789356000000,360.02,360.53,359.99,360.4,2620.0,943355.36,943355.36,2026-09-14 03:20:00+00:00,2026-09-13 23:20:00-04:00
1789356300000,360.36,360.41,360.29,360.39,197.0,70994.14,70994.14,2026-09-14 03:25:00+00:00,2026-09-13 23:25:00-04:00
1789356600000,360.39,360.47,360.23,360.47,661.0,238222.36,238222.36,2026-09-14 03:30:00+00:00,2026-09-13 23:30:00-04:00
1789356900000,360.45,360.57,360.45,360.54,640.0,230729.36,230729.36,2026-09-14 03:35:00+00:00,2026-09-13 23:35:00-04:00
1789357200000,360.54,360.56,360.4,360.55,575.0,207279.6,207279.6,2026-09-14 03:40:00+00:00,2026-09-13 23:40:00-04:00
1789357500000,360.55,360.81,360.55,360.76,1455.0,524762.33,524762.33,2026-09-14 03:45:00+00:00,2026-09-13 23:45:00-04:00
1789357800000,360.75,360.96,360.7,360.96,437.0,157697.81,157697.81,2026-09-14 03:50:00+00:00,2026-09-13 23:50:00-04:00
1789358100000,360.95,361.06,360.83,360.87,701.0,253023.77,253023.77,2026-09-14 03:55:00+00:00,2026-09-13 23:55:00-04:00
1789358400000,360.87,360.87,360.68,360.75,297.0,107141.43,107141.43,2026-09-14 04:00:00+00:00,2026-09-14 00:00:00-04:00
1789358700000,360.89,360.89,360.78,360.83,148.0,53404.06,53404.06,2026-09-14 04:05:00+00:00,2026-09-14 00:05:00-04:00
1789359000000,360.77,360.83,360.66,360.75,761.0,274509.65,274509.65,2026-09-14 04:10:00+00:00,2026-09-14 00:10:00-04:00
1789359300000,360.68,360.76,360.65,360.65,159.0,57350.58,57350.58,2026-09-14 04:15:00+00:00,2026-09-14 00:15:00-04:00
1789359600000,360.61,360.63,360.55,360.58,756.0,272615.14,272615.14,2026-09-14 04:20:00+00:00,2026-09-14 00:20:00-04:00
1789359900000,360.66,360.69,360.55,360.55,265.0,95564.55,95564.55,2026-09-14 04:25:00+00:00,2026-09-14 00:25:00-04:00
1789360200000,360.55,360.59,360.2,360.27,2116.0,762550.83,762550.83,2026-09-14 04:30:00+00:00,2026-09-14 00:30:00-04:00
1789360500000,360.26,360.5,360.18,360.28,1346.0,484933.04,484933.04,2026-09-14 04:35:00+00:00,2026-09-14 00:35:00-04:00
1789360800000,360.32,360.32,360.16,360.16,299.0,107721.76,107721.76,2026-09-14 04:40:00+00:00,2026-09-14 00:40:00-04:00
1789361100000,360.18,360.39,360.1,360.39,735.0,264736.49,264736.49,2026-09-14 04:45:00+00:00,2026-09-14 00:45:00-04:00
1789361400000,360.39,360.65,360.38,360.56,2013.0,725670.27,725670.27,2026-09-14 04:50:00+00:00,2026-09-14 00:50:00-04:00
1789361700000,360.56,360.68,360.5,360.54,292.0,105277.53,105277.53,2026-09-14 04:55:00+00:00,2026-09-14 00:55:00-04:00
1789362000000,360.54,360.56,360.31,360.42,1166.0,420215.84,420215.84,2026-09-14 05:00:00+00:00,2026-09-14 01:00:00-04:00
1789362300000,360.43,360.56,360.41,360.51,177.0,63803.23,63803.23,2026-09-14 05:05:00+00:00,2026-09-14 01:05:00-04:00
1789362600000,360.48,360.5,360.32,360.47,368.0,132640.45,132640.45,2026-09-14 05:10:00+00:00,2026-09-14 01:10:00-04:00
1789362900000,360.48,360.5,360.13,360.18,749.0,269909.19,269909.19,2026-09-14 05:15:00+00:00,2026-09-14 01:15:00-04:00
1789363200000,360.18,360.27,360.03,360.22,1308.0,471041.88,471041.88,2026-09-14 05:20:00+00:00,2026-09-14 01:20:00-04:00
1789363500000,360.1,360.22,359.93,359.97,3189.0,1148258.31,1148258.31,2026-09-14 05:25:00+00:00,2026-09-14 01:25:00-04:00
1789363800000,359.95,360.12,359.7,359.77,4585.0,1650179.35,1650179.35,2026-09-14 05:30:00+00:00,2026-09-14 01:30:00-04:00
1789364100000,359.69,359.95,359.66,359.95,1744.0,627373.5,627373.5,2026-09-14 05:35:00+00:00,2026-09-14 01:35:00-04:00
1789364400000,359.93,359.93,359.7,359.9,833.0,299742.02,299742.02,2026-09-14 05:40:00+00:00,2026-09-14 01:40:00-04:00
1789364700000,359.9,360.04,359.87,360.0,1066.0,383741.19,383741.19,2026-09-14 05:45:00+00:00,2026-09-14 01:45:00-04:00
1789365000000,359.99,360.2,359.91,360.11,1571.0,565611.63,565611.63,2026-09-14 05:50:00+00:00,2026-09-14 01:50:00-04:00
1789365300000,360.11,360.33,360.01,360.33,830.0,298896.81,298896.81,2026-09-14 05:55:00+00:00,2026-09-14 01:55:00-04:00
1789365600000,360.38,360.68,360.34,360.67,2887.0,1040924.78,1040924.78,2026-09-14 06:00:00+00:00,2026-09-14 02:00:00-04:00
1789365900000,360.66,360.71,360.43,360.7,3198.0,1153245.31,1153245.31,2026-09-14 06:05:00+00:00,2026-09-14 02:05:00-04:00
1789366200000,360.69,360.9,360.55,360.81,3389.0,1222751.26,1222751.26,2026-09-14 06:10:00+00:00,2026-09-14 02:10:00-04:00
1789366500000,360.83,361.0,360.73,360.91,1995.0,719898.44,719898.44,2026-09-14 06:15:00+00:00,2026-09-14 02:15:00-04:00
1789366800000,360.96,361.25,360.81,361.24,5140.0,1855756.47,1855756.47,2026-09-14 06:20:00+00:00,2026-09-14 02:20:00-04:00
1789367100000,361.24,361.34,360.9,361.0,1631.0,588863.5,588863.5,2026-09-14 06:25:00+00:00,2026-09-14 02:25:00-04:00
1789367400000,361.0,361.09,360.81,360.89,739.0,266663.97,266663.97,2026-09-14 06:30:00+00:00,2026-09-14 02:30:00-04:00
1789367700000,360.81,360.98,360.73,360.95,1061.0,382837.6,382837.6,2026-09-14 06:35:00+00:00,2026-09-14 02:35:00-04:00
1789368000000,360.9,360.97,360.75,360.8,1869.0,674386.88,674386.88,2026-09-14 06:40:00+00:00,2026-09-14 02:40:00-04:00
1789368300000,360.82,360.83,360.74,360.77,401.0,144666.35,144666.35,2026-09-14 06:45:00+00:00,2026-09-14 02:45:00-04:00
1789368600000,360.75,360.8,360.6,360.75,1295.0,467128.93,467128.93,2026-09-14 06:50:00+00:00,2026-09-14 02:50:00-04:00
1789368900000,360.71,360.71,360.43,360.52,4650.0,1676536.16,1676536.16,2026-09-14 06:55:00+00:00,2026-09-14 02:55:00-04:00
1789369200000,360.57,360.59,360.07,360.2,3640.0,1311487.43,1311487.43,2026-09-14 07:00:00+00:00,2026-09-14 03:00:00-04:00
1789369500000,360.12,360.39,360.01,360.14,3996.0,1439263.8,1439263.8,2026-09-14 07:05:00+00:00,2026-09-14 03:05:00-04:00
1789369800000,360.11,360.55,360.06,360.55,3190.0,1149143.05,1149143.05,2026-09-14 07:10:00+00:00,2026-09-14 03:10:00-04:00
1789370100000,360.42,360.6,360.33,360.59,763.0,275084.72,275084.72,2026-09-14 07:15:00+00:00,2026-09-14 03:15:00-04:00
1789370400000,360.56,360.96,360.49,360.81,2183.0,787625.45,787625.45,2026-09-14 07:20:00+00:00,2026-09-14 03:20:00-04:00
1789370700000,360.81,360.81,360.45,360.75,3560.0,1283850.48,1283850.48,2026-09-14 07:25:00+00:00,2026-09-14 03:25:00-04:00
1789371000000,360.65,360.78,360.24,360.5,1505.0,542624.59,542624.59,2026-09-14 07:30:00+00:00,2026-09-14 03:30:00-04:00
1789371300000,360.32,360.53,360.14,360.14,1028.0,370407.08,370407.08,2026-09-14 07:35:00+00:00,2026-09-14 03:35:00-04:00
1789371600000,360.3,360.45,359.89,360.0,3391.0,1221162.9,1221162.9,2026-09-14 07:40:00+00:00,2026-09-14 03:40:00-04:00
1789371900000,360.01,360.18,359.63,360.0,3879.0,1396170.16,1396170.16,2026-09-14 07:45:00+00:00,2026-09-14 03:45:00-04:00
1789372200000,360.09,360.09,359.81,359.88,615.0,221363.42,221363.42,2026-09-14 07:50:00+00:00,2026-09-14 03:50:00-04:00
1789372500000,359.93,359.99,359.78,359.96,156.0,56144.43,56144.43,2026-09-14 07:55:00+00:00,2026-09-14 03:55:00-04:00
1789372800000,360.2,361.3922,358.1,358.4,28341.0,10197563.5121,10197563.5121,2026-09-14 08:00:00+00:00,2026-09-14 04:00:00-04:00
1789373100000,358.58,360.78,358.3975,358.75,4326.0,1552750.3502,1552750.3502,2026-09-14 08:05:00+00:00,2026-09-14 04:05:00-04:00
1789373400000,358.72,358.9097,358.25,358.4333,3132.0,1122524.1883,1122524.1883,2026-09-14 08:10:00+00:00,2026-09-14 04:10:00-04:00
1789373700000,358.4537,358.76,358.2,358.28,5767.0,2066561.2096,2066561.2096,2026-09-14 08:15:00+00:00,2026-09-14 04:15:00-04:00
1789374000000,358.25,358.88,358.15,358.48,2940.090695,1053686.4334000105,1053686.4334000105,2026-09-14 08:20:00+00:00,2026-09-14 04:20:00-04:00
1789374300000,358.63,358.8697,358.05,358.05,1915.279775,686774.6350296,686774.6350296,2026-09-14 08:25:00+00:00,2026-09-14 04:25:00-04:00
1789374600000,358.0623,358.76,358.01,358.25,8779.952754,3145750.866410195,3145750.8664101948,2026-09-14 08:30:00+00:00,2026-09-14 04:30:00-04:00
1789374900000,358.25,358.79,358.25,358.689,4047.471294,1451130.928975609,1451130.9289756088,2026-09-14 08:35:00+00:00,2026-09-14 04:35:00-04:00
1789375200000,358.8,358.8,358.517,358.7662,1271.0,455970.73,455970.73,2026-09-14 08:40:00+00:00,2026-09-14 04:40:00-04:00
1789375500000,358.69,358.77,358.03,358.17,1457.0,522128.812,522128.812,2026-09-14 08:45:00+00:00,2026-09-14 04:45:00-04:00
1789375800000,358.17,358.6,358.1382,358.32,472.101707,169207.1808200251,169207.1808200251,2026-09-14 08:50:00+00:00,2026-09-14 04:50:00-04:00
1789376100000,358.4,358.51,358.0436,358.49,1986.0612,711540.766665,711540.766665,2026-09-14 08:55:00+00:00,2026-09-14 04:55:00-04:00
1789376400000,358.79,358.79,358.37,358.72,2644.434593,948242.0913537248,948242.0913537249,2026-09-14 09:00:00+00:00,2026-09-14 05:00:00-04:00
1789376700000,358.6525,358.79,358.5,358.66,4217.35,1512197.342655,1512197.342655,2026-09-14 09:05:00+00:00,2026-09-14 05:05:00-04:00
1789377000000,358.79,358.8417,358.2503,358.5294,5202.915661999999,1865674.8883389852,1865674.8883389854414041,2026-09-14 09:10:00+00:00,2026-09-14 05:10:00-04:00
1789377300000,358.52,358.61,358.069,358.1,1391.0,498336.5221,498336.5221,2026-09-14 09:15:00+00:00,2026-09-14 05:15:00-04:00
1789377600000,358.135,358.373,357.6913,357.77,2343.0,838588.5613,838588.5613,2026-09-14 09:20:00+00:00,2026-09-14 05:20:00-04:00
1789377900000,357.7089,358.01,357.5287,357.76,6414.3036,2294976.84792036,2294976.84792036,2026-09-14 09:25:00+00:00,2026-09-14 05:25:00-04:00
1789378200000,357.8957,358.2,357.75,358.0275,4234.341749,1515756.5162691493,1515756.5162691493926074,2026-09-14 09:30:00+00:00,2026-09-14 05:30:00-04:00
1789378500000,357.85,358.0535,357.68,357.6832,3048.3867170000003,1090877.6925120351,1090877.6925120351073565,2026-09-14 09:35:00+00:00,2026-09-14 05:35:00-04:00
1789378800000,357.797,358.1901,357.687,357.8477,857.0,306747.5201,306747.5201,2026-09-14 09:40:00+00:00,2026-09-14 05:40:00-04:00
1789379100000,357.84,358.12,357.7,358.12,607.0,217286.079,217286.079,2026-09-14 09:45:00+00:00,2026-09-14 05:45:00-04:00
1789379400000,358.03,358.4,357.8,358.26,2195.334751,786275.3126603737,786275.3126603737,2026-09-14 09:50:00+00:00,2026-09-14 05:50:00-04:00
1789379700000,358.32,358.392,358.0,358.0342,1238.882,443779.5773764,443779.577376400035825,2026-09-14 09:55:00+00:00,2026-09-14 05:55:00-04:00
1789380000000,358.17,358.37,358.0,358.12,3503.228991,1254725.5181736988,1254725.5181736988,2026-09-14 10:00:00+00:00,2026-09-14 06:00:00-04:00
1789380300000,358.15,358.615,358.01,358.615,3893.265081,1394709.5988373987,1394709.5988373988,2026-09-14 10:05:00+00:00,2026-09-14 06:05:00-04:00
1789380600000,358.6,358.68,358.209,358.62,1703.0,610174.7028,610174.7028,2026-09-14 10:10:00+00:00,2026-09-14 06:10:00-04:00
1789380900000,358.51,358.86,358.47,358.62,918.0,329253.066,329253.066,2026-09-14 10:15:00+00:00,2026-09-14 06:15:00-04:00
1789381200000,358.66,359.0988,358.62,359.0988,1175.771149,421889.8084040969,421889.8084040969,2026-09-14 10:20:00+00:00,2026-09-14 06:20:00-04:00
1789381500000,359.0,359.295,358.78,359.15,3273.002784,1175237.78993,1175237.7899300000718125,2026-09-14 10:25:00+00:00,2026-09-14 06:25:00-04:00
1789381800000,359.1,359.18,359.0,359.1,1791.0,643187.005,643187.005,2026-09-14 10:30:00+00:00,2026-09-14 06:30:00-04:00
1789382100000,359.0,359.4462,359.0,359.1,3112.622349,1117998.0215984038,1117998.0215984038281638,2026-09-14 10:35:00+00:00,2026-09-14 06:35:00-04:00
1789382400000,359.3,359.78,359.15,359.54,1105.0,397186.5078,397186.5078,2026-09-14 10:40:00+00:00,2026-09-14 06:40:00-04:00
1789382700000,359.5032,359.63,359.3,359.5683,789.0,283644.088,283644.088,2026-09-14 10:45:00+00:00,2026-09-14 06:45:00-04:00
1789383000000,359.57,359.78,359.51,359.61,2800.0,1006933.3234,1006933.3234,2026-09-14 10:50:00+00:00,2026-09-14 06:50:00-04:00
1789383300000,359.601,359.9902,359.6,359.62,3139.302787,1129401.1802136616,1129401.1802136615,2026-09-14 10:55:00+00:00,2026-09-14 06:55:00-04:00
1789383600000,359.78,360.32,359.47,360.0112,24013.178448,8638593.03407042,8638593.0340704192,2026-09-14 11:00:00+00:00,2026-09-14 07:00:00-04:00
1789383900000,360.4,360.4157,359.75,359.83,15011.538775,5404880.5183260925,5404880.5183260925,2026-09-14 11:05:00+00:00,2026-09-14 07:05:00-04:00
1789384200000,359.75,359.93,359.47,359.51,3847.0,1383862.7039,1383862.7039,2026-09-14 11:10:00+00:00,2026-09-14 07:10:00-04:00
1789384500000,359.5,359.99,359.5,359.75,3377.0,1215021.2489,1215021.2489,2026-09-14 11:15:00+00:00,2026-09-14 07:15:00-04:00
1789384800000,359.8,359.98,359.6,359.9443,8615.880869,3099346.191154637,3099346.1911546371,2026-09-14 11:20:00+00:00,2026-09-14 07:20:00-04:00
1789385100000,359.9708,360.96,359.9,360.65,16825.727655,6058213.025633121,6058213.0256331211399847,2026-09-14 11:25:00+00:00,2026-09-14 07:25:00-04:00
1789385400000,360.6,360.82,360.25,360.25,6534.494189,2356039.464876139,2356039.4648761391,2026-09-14 11:30:00+00:00,2026-09-14 07:30:00-04:00
1789385700000,360.2,360.25,359.7,359.9,12307.917285,4429391.92776037,4429391.92776037,2026-09-14 11:35:00+00:00,2026-09-14 07:35:00-04:00
1789386000000,359.8852,360.0,359.622,359.86,2291.0,824462.9717,824462.9717,2026-09-14 11:40:00+00:00,2026-09-14 07:40:00-04:00
1789386300000,359.92,359.97,359.656,359.94,2977.0,1071275.9021,1071275.9021,2026-09-14 11:45:00+00:00,2026-09-14 07:45:00-04:00
1789386600000,359.906,359.906,359.33,359.38,20326.0,7308283.1524,7308283.1524,2026-09-14 11:50:00+00:00,2026-09-14 07:50:00-04:00
1789386900000,359.35,359.62,359.24,359.5,9165.321573,3294256.9299970986,3294256.929997098359426,2026-09-14 11:55:00+00:00,2026-09-14 07:55:00-04:00
1789387200000,359.5,359.55,358.72,358.72,14156.059434,5084502.40755478,5084502.4075547802408141,2026-09-14 12:00:00+00:00,2026-09-14 08:00:00-04:00
1789387500000,358.7848,358.94,358.72,358.8,4630.0,1661460.8169,1661460.8169,2026-09-14 12:05:00+00:00,2026-09-14 08:05:00-04:00
1789387800000,358.817,358.96,358.72,358.89,5512.611948,1978239.9614563189,1978239.9614563187282274,2026-09-14 12:10:00+00:00,2026-09-14 08:10:00-04:00
1789388100000,358.85,358.96,358.7,358.86,19765.462026,7093536.808878225,7093536.8088782256,2026-09-14 12:15:00+00:00,2026-09-14 08:15:00-04:00
1789388400000,358.9,358.96,358.65,358.85,5132.664139,1841465.9689078608,1841465.9689078609,2026-09-14 12:20:00+00:00,2026-09-14 08:20:00-04:00
1789388700000,358.85,358.96,358.6,358.93,1638.0,587694.3933,587694.3933,2026-09-14 12:25:00+00:00,2026-09-14 08:25:00-04:00
1789389000000,358.96,359.48,358.76,359.2772,5327.0,1912427.0664,1912427.0664,2026-09-14 12:30:00+00:00,2026-09-14 08:30:00-04:00
1789389300000,359.33,359.48,358.55,359.0,8408.462511,3019243.155209654,3019243.1552096541,2026-09-14 12:35:00+00:00,2026-09-14 08:35:00-04:00
1789389600000,358.88,359.51,358.6,359.28,4817.701042,1730026.8266996352,1730026.8266996352,2026-09-14 12:40:00+00:00,2026-09-14 08:40:00-04:00
1789389900000,359.4374,359.51,359.02,359.19,9523.894908,3421181.56706292,3421181.5670629196,2026-09-14 12:45:00+00:00,2026-09-14 08:45:00-04:00
1789390200000,359.3288,359.3288,358.8001,358.95,7626.492713,2738570.666761899,2738570.6667618987,2026-09-14 12:50:00+00:00,2026-09-14 08:50:00-04:00
1789390500000,358.88,359.2,358.7,359.09,4127.0,1481172.7271,1481172.7271,2026-09-14 12:55:00+00:00,2026-09-14 08:55:00-04:00
1789390800000,359.1272,359.1272,358.3,358.45,3830.0,1373478.3024,1373478.3024,2026-09-14 13:00:00+00:00,2026-09-14 09:00:00-04:00
1789391100000,358.47,358.58,358.01,358.01,4089.993148,1465636.1868575108,1465636.1868575108,2026-09-14 13:05:00+00:00,2026-09-14 09:05:00-04:00
1789391400000,358.1,358.5299,358.01,358.5299,9235.666662,3308472.920495135,3308472.9204951348,2026-09-14 13:10:00+00:00,2026-09-14 09:10:00-04:00
1789391700000,358.43,358.85,358.2,358.62,5315.818204,1905533.9627779485,1905533.9627779484,2026-09-14 13:15:00+00:00,2026-09-14 09:15:00-04:00
1789392000000,358.6,359.04,358.5512,358.62,17911.17515,6428258.35954967,6428258.35954967,2026-09-14 13:20:00+00:00,2026-09-14 09:20:00-04:00
1789392300000,358.6,359.97,357.99,359.72,10645.0,3820880.9564,3820880.9564,2026-09-14 13:25:00+00:00,2026-09-14 09:25:00-04:00
1789392600000,359.95,367.73,359.13,365.37,2234571.0,815586495.1633,815586495.1633,2026-09-14 13:30:00+00:00,2026-09-14 09:30:00-04:00
1789392900000,365.331,365.93,360.93,361.67,1437354.0,521524711.3948,521524711.3948,2026-09-14 13:35:00+00:00,2026-09-14 09:35:00-04:00
1789393200000,361.7,362.2,359.96,361.815,1279666.0,462342183.2187,462342183.2187,2026-09-14 13:40:00+00:00,2026-09-14 09:40:00-04:00
1789393500000,361.73,361.73,359.9101,360.6856,921201.0,332181357.3068,332181357.3068,2026-09-14 13:45:00+00:00,2026-09-14 09:45:00-04:00
1789393800000,360.705,362.42,360.62,361.8597,736581.0,266324915.01,266324915.01,2026-09-14 13:50:00+00:00,2026-09-14 09:50:00-04:00
1789394100000,361.815,361.845,360.06,360.21,422524.0,152441463.0328,152441463.0328,2026-09-14 13:55:00+00:00,2026-09-14 09:55:00-04:00
1789394400000,360.225,360.79,359.7601,360.2,565315.0,203613898.3864,203613898.3864,2026-09-14 14:00:00+00:00,2026-09-14 10:00:00-04:00
1789394700000,360.0904,361.8,359.91,360.99,469856.0,169574523.7011,169574523.7011,2026-09-14 14:05:00+00:00,2026-09-14 10:05:00-04:00
1789395000000,360.92,361.4499,360.38,360.9,335024.0,120892312.4474,120892312.4474,2026-09-14 14:10:00+00:00,2026-09-14 10:10:00-04:00
1789395300000,360.81,361.0601,358.61,358.835,1216032.0,437668935.8308,437668935.8308,2026-09-14 14:15:00+00:00,2026-09-14 10:15:00-04:00
1789395600000,358.835,359.3799,357.49,357.49,715213.0,256248892.5869,256248892.5869,2026-09-14 14:20:00+00:00,2026-09-14 10:20:00-04:00
1789395900000,357.49,358.3815,357.04,358.338,803202.0,287180075.9583,287180075.9583,2026-09-14 14:25:00+00:00,2026-09-14 10:25:00-04:00
1789396200000,358.2917,359.1372,357.7,359.0,834341.0,298994996.7394,298994996.7394,2026-09-14 14:30:00+00:00,2026-09-14 10:30:00-04:00
1789396500000,359.0,359.23,358.12,358.2569,460848.0,165245709.3789,165245709.3789,2026-09-14 14:35:00+00:00,2026-09-14 10:35:00-04:00
1789396800000,358.2,358.81,357.81,358.76,391064.0,140079937.3334,140079937.3334,2026-09-14 14:40:00+00:00,2026-09-14 10:40:00-04:00
1789397100000,358.71,359.38,358.59,359.22,280942.0,100856913.8037,100856913.8037,2026-09-14 14:45:00+00:00,2026-09-14 10:45:00-04:00
1789397400000,359.19,359.26,358.41,358.575,251399.0,90205043.3006,90205043.3006,2026-09-14 14:50:00+00:00,2026-09-14 10:50:00-04:00
1789397700000,358.58,358.72,358.06,358.57,241541.0,86567991.5575,86567991.5575,2026-09-14 14:55:00+00:00,2026-09-14 10:55:00-04:00
1789398000000,358.61,359.03,358.4285,358.525,233376.0,83726793.4784,83726793.4784,2026-09-14 15:00:00+00:00,2026-09-14 11:00:00-04:00
1789398300000,358.525,359.58,358.45,359.08,286517.0,102902371.8706,102902371.8706,2026-09-14 15:05:00+00:00,2026-09-14 11:05:00-04:00
1789398600000,359.085,359.8,359.04,359.43,302814.0,108817165.258,108817165.258,2026-09-14 15:10:00+00:00,2026-09-14 11:10:00-04:00
1789398900000,359.4408,359.949,359.1783,359.345,239725.0,86206084.4834,86206084.4834,2026-09-14 15:15:00+00:00,2026-09-14 11:15:00-04:00
1789399200000,359.3301,360.5,359.2001,360.29,472281.0,170015662.6574,170015662.6574,2026-09-14 15:20:00+00:00,2026-09-14 11:20:00-04:00
1789399500000,360.26,360.77,360.0,360.1368,430780.0,155275540.5789,155275540.5789,2026-09-14 15:25:00+00:00,2026-09-14 11:25:00-04:00
1789399800000,360.115,362.15,359.9001,362.1499,581092.0,209873725.2274,209873725.2274,2026-09-14 15:30:00+00:00,2026-09-14 11:30:00-04:00
1789400100000,362.04,363.15,361.72,362.9098,471331.5093360001,170770538.97381052,170770538.97381053942387,2026-09-14 15:35:00+00:00,2026-09-14 11:35:00-04:00
1789400400000,362.96,363.7001,362.935,363.4,762509.0,277043176.1173,277043176.1173,2026-09-14 15:40:00+00:00,2026-09-14 11:40:00-04:00
1789400700000,363.4072,363.755,363.2302,363.6726,354953.0,129024238.0892,129024238.0892,2026-09-14 15:45:00+00:00,2026-09-14 11:45:00-04:00
1789401000000,363.68,363.9,363.1101,363.6129,478140.0,173835531.4463,173835531.4463,2026-09-14 15:50:00+00:00,2026-09-14 11:50:00-04:00
1789401300000,363.6396,363.6556,363.06,363.1542,279958.0,101728312.8927,101728312.8927,2026-09-14 15:55:00+00:00,2026-09-14 11:55:00-04:00
1789401600000,363.1745,364.22,362.9917,363.9,573540.0,208630258.3102,208630258.3102,2026-09-14 16:00:00+00:00,2026-09-14 12:00:00-04:00
1789401900000,363.91,364.14,362.88,362.92,342524.0,124483928.5165,124483928.5165,2026-09-14 16:05:00+00:00,2026-09-14 12:05:00-04:00
1789402200000,362.8901,362.9999,362.33,362.47,372054.0,134959341.9366,134959341.9366,2026-09-14 16:10:00+00:00,2026-09-14 12:10:00-04:00
1789402500000,362.4738,363.93,362.4301,363.81,312582.0,113580576.925,113580576.925,2026-09-14 16:15:00+00:00,2026-09-14 12:15:00-04:00
1789402800000,363.77,364.1,363.23,363.575,247873.101567,90165527.65792675,90165527.657926770424738,2026-09-14 16:20:00+00:00,2026-09-14 12:20:00-04:00
1789403100000,363.5503,363.64,362.52,363.245,244221.0,88621684.2843,88621684.2843,2026-09-14 16:25:00+00:00,2026-09-14 12:25:00-04:00
1789403400000,363.2893,363.354,362.77,362.93,144893.0,52607811.8016,52607811.8016,2026-09-14 16:30:00+00:00,2026-09-14 12:30:00-04:00
1789403700000,362.93,362.94,362.56,362.675,141659.0,51385627.1831,51385627.1831,2026-09-14 16:35:00+00:00,2026-09-14 12:35:00-04:00
1789404000000,362.675,362.68,362.2,362.295,190292.0,68967949.1716,68967949.1716,2026-09-14 16:40:00+00:00,2026-09-14 12:40:00-04:00
1789404300000,362.2852,363.71,361.94,363.495,370335.0,134374647.7256,134374647.7256,2026-09-14 16:45:00+00:00,2026-09-14 12:45:00-04:00
1789404600000,363.49,363.5499,362.27,362.33,207326.17255,75243986.10104175,75243986.101041755,2026-09-14 16:50:00+00:00,2026-09-14 12:50:00-04:00
1789404900000,362.3,362.805,362.2225,362.7555,176884.0,64114163.4275,64114163.4275,2026-09-14 16:55:00+00:00,2026-09-14 12:55:00-04:00
1789405200000,362.775,363.1099,362.65,362.67,171286.0,62154996.9219,62154996.9219,2026-09-14 17:00:00+00:00,2026-09-14 13:00:00-04:00
1789405500000,362.65,362.9499,362.3806,362.53,149351.0,54157470.3421,54157470.3421,2026-09-14 17:05:00+00:00,2026-09-14 13:05:00-04:00
1789405800000,362.555,363.04,362.44,362.665,98601.0,35763770.1489,35763770.1489,2026-09-14 17:10:00+00:00,2026-09-14 13:10:00-04:00
1789406100000,362.655,362.7899,362.28,362.345,99706.0,36144993.1726,36144993.1726,2026-09-14 17:15:00+00:00,2026-09-14 13:15:00-04:00
1789406400000,362.345,362.95,362.25,362.81,84546.0,30662934.7469,30662934.7469,2026-09-14 17:20:00+00:00,2026-09-14 13:20:00-04:00
1789406700000,362.85,363.25,362.79,362.9093,152616.0,55396932.3416,55396932.3416,2026-09-14 17:25:00+00:00,2026-09-14 13:25:00-04:00
1789407000000,362.86,363.03,362.25,362.525,300606.148319,109056418.41075759,109056418.4107575863,2026-09-14 17:30:00+00:00,2026-09-14 13:30:00-04:00
1789407300000,362.59,362.9,362.36,362.87,156358.0,56692006.0443,56692006.0443,2026-09-14 17:35:00+00:00,2026-09-14 13:35:00-04:00
1789407600000,362.815,362.87,362.41,362.6,73031.0,26481963.7781,26481963.7781,2026-09-14 17:40:00+00:00,2026-09-14 13:40:00-04:00
1789407900000,362.63,362.72,362.4,362.58,58828.0,21328551.5922,21328551.5922,2026-09-14 17:45:00+00:00,2026-09-14 13:45:00-04:00
1789408200000,362.565,362.67,362.09,362.35,149054.0,54003828.9655,54003828.9655,2026-09-14 17:50:00+00:00,2026-09-14 13:50:00-04:00
1789408500000,362.34,362.465,362.11,362.27,104959.930167,38023985.495571986,38023985.4955719811,2026-09-14 17:55:00+00:00,2026-09-14 13:55:00-04:00
1789408800000,362.3,362.5,361.63,361.83,168557.0,61023215.734,61023215.734,2026-09-14 18:00:00+00:00,2026-09-14 14:00:00-04:00
1789409100000,361.8466,361.8993,361.47,361.7199,202900.0,73381100.6254,73381100.6254,2026-09-14 18:05:00+00:00,2026-09-14 14:05:00-04:00
1789409400000,361.69,361.7499,361.27,361.45,132641.0,47942844.8434,47942844.8434,2026-09-14 18:10:00+00:00,2026-09-14 14:10:00-04:00
1789409700000,361.445,361.47,360.84,361.1,372082.0,134355057.0025,134355057.0025,2026-09-14 18:15:00+00:00,2026-09-14 14:15:00-04:00
1789410000000,361.075,361.15,360.86,361.1,122071.262772,44070686.68755839,44070686.687558387189811,2026-09-14 18:20:00+00:00,2026-09-14 14:20:00-04:00
1789410300000,361.09,361.25,360.87,361.1,269738.0,97381771.9963,97381771.9963,2026-09-14 18:25:00+00:00,2026-09-14 14:25:00-04:00
1789410600000,361.0775,361.22,360.87,360.89,133206.0,48093435.0457,48093435.0457,2026-09-14 18:30:00+00:00,2026-09-14 14:30:00-04:00
1789410900000,360.9044,361.08,360.72,360.75,174626.0,63013333.1471,63013333.1471,2026-09-14 18:35:00+00:00,2026-09-14 14:35:00-04:00
1789411200000,360.77,360.95,360.64,360.895,116829.0,42151891.3419,42151891.3419,2026-09-14 18:40:00+00:00,2026-09-14 14:40:00-04:00
1789411500000,360.87,361.14,360.72,360.9,158249.0,57113793.279,57113793.279,2026-09-14 18:45:00+00:00,2026-09-14 14:45:00-04:00
1789411800000,360.94,361.0,360.7,360.88,98357.658902,35491802.700198345,35491802.700198347,2026-09-14 18:50:00+00:00,2026-09-14 14:50:00-04:00
1789412100000,360.83,361.02,360.62,360.85,164415.0,59322568.2385,59322568.2385,2026-09-14 18:55:00+00:00,2026-09-14 14:55:00-04:00
1789412400000,360.83,361.07,360.67,360.67,163780.0,59101374.5587,59101374.5587,2026-09-14 19:00:00+00:00,2026-09-14 15:00:00-04:00
1789412700000,360.68,360.8,360.01,360.12,231457.0,83437476.1031,83437476.1031,2026-09-14 19:05:00+00:00,2026-09-14 15:05:00-04:00
1789413000000,360.11,360.17,359.65,359.7,384676.0,138410874.958,138410874.958,2026-09-14 19:10:00+00:00,2026-09-14 15:10:00-04:00
1789413300000,359.696,359.84,359.5,359.6,228446.0,82160363.771,82160363.771,2026-09-14 19:15:00+00:00,2026-09-14 15:15:00-04:00
1789413600000,359.615,359.795,359.37,359.43,233080.0,83807761.6927,83807761.6927,2026-09-14 19:20:00+00:00,2026-09-14 15:20:00-04:00
1789413900000,359.45,360.4926,359.445,360.31,405580.0,145968448.9587,145968448.9587,2026-09-14 19:25:00+00:00,2026-09-14 15:25:00-04:00
1789414200000,360.295,360.64,360.1,360.24,384199.154721,138459911.4818267,138459911.4818266848,2026-09-14 19:30:00+00:00,2026-09-14 15:30:00-04:00
1789414500000,360.2704,360.4783,360.06,360.26,217876.0,78488758.2203,78488758.2203,2026-09-14 19:35:00+00:00,2026-09-14 15:35:00-04:00
1789414800000,360.235,360.55,360.1564,360.39,155429.0,56013923.8717,56013923.8717,2026-09-14 19:40:00+00:00,2026-09-14 15:40:00-04:00
1789415100000,360.37,360.49,359.9301,360.185,271986.0,97974579.0491,97974579.0491,2026-09-14 19:45:00+00:00,2026-09-14 15:45:00-04:00
1789415400000,360.18,360.3784,359.3,359.4399,519968.0,187074370.6761,187074370.6761,2026-09-14 19:50:00+00:00,2026-09-14 15:50:00-04:00
1789415700000,359.4,359.41,358.53,358.97,1179921.0,423565374.5192,423565374.5192,2026-09-14 19:55:00+00:00,2026-09-14 15:55:00-04:00
1789416000000,358.97,359.14,358.5,358.75,471372.0,169206040.7597,169206040.7597,2026-09-14 20:00:00+00:00,2026-09-14 16:00:00-04:00
1789416300000,358.7575,358.9,358.75,358.84,273835.197159,98296321.50667107,98296321.5066710725,2026-09-14 20:05:00+00:00,2026-09-14 16:05:00-04:00
1789416600000,358.97,359.1,358.79,359.1,6930.0,2486927.514,2486927.514,2026-09-14 20:10:00+00:00,2026-09-14 16:10:00-04:00
1789416900000,358.97,359.1,358.93,359.08,2546.0,914097.5422,914097.5422,2026-09-14 20:15:00+00:00,2026-09-14 16:15:00-04:00
1789417200000,359.07,359.21,359.05,359.1357,10053.055174,3610164.707563345,3610164.7075633448,2026-09-14 20:20:00+00:00,2026-09-14 16:20:00-04:00
1789417500000,359.12,359.3,359.1,359.22,16023.137381,5756074.722810178,5756074.7228101777,2026-09-14 20:25:00+00:00,2026-09-14 16:25:00-04:00
1789417800000,359.2528,359.38,359.16,359.3624,9289.724976,3337366.8033930142,3337366.8033930144,2026-09-14 20:30:00+00:00,2026-09-14 16:30:00-04:00
1789418100000,359.3516,359.7395,359.26,359.55,17363.613713,6241337.6512963725,6241337.6512963734405574,2026-09-14 20:35:00+00:00,2026-09-14 16:35:00-04:00
1789418400000,359.51,359.65,358.97,359.46,39135.0674,14071815.47588196,14071815.47588196,2026-09-14 20:40:00+00:00,2026-09-14 16:40:00-04:00
1789418700000,359.46,359.6,359.425,359.54,1114.0,401611.8571,401611.8571,2026-09-14 20:45:00+00:00,2026-09-14 16:45:00-04:00
1789419000000,359.4855,359.6,359.48,359.58,936.213646,336097.11367815,336097.11367815,2026-09-14 20:50:00+00:00,2026-09-14 16:50:00-04:00
1789419300000,359.56,359.62,359.48,359.5376,149757.45223700002,53843859.809407555,53843859.809407553090814,2026-09-14 20:55:00+00:00,2026-09-14 16:55:00-04:00
1789419600000,359.52,359.62,359.48,359.58,4266.458167,1533955.2809623983,1533955.2809623982718989,2026-09-14 21:00:00+00:00,2026-09-14 17:00:00-04:00
1789419900000,359.58,359.6,359.522,359.56,2183.587511,785132.4894251688,785132.4894251686921318,2026-09-14 21:05:00+00:00,2026-09-14 17:05:00-04:00
1789420200000,359.5664,359.57,359.45,359.52,5293.056799,1898331.1977775148,1898331.1977775147,2026-09-14 21:10:00+00:00,2026-09-14 17:10:00-04:00
1789420500000,359.47,359.53,359.35,359.5,759.0,270975.5704,270975.5704,2026-09-14 21:15:00+00:00,2026-09-14 17:15:00-04:00
1789420800000,359.3835,359.55,359.3835,359.5272,1482.723044,529735.7607620044,529735.7607620044,2026-09-14 21:20:00+00:00,2026-09-14 17:20:00-04:00
1789421100000,359.5,359.65,359.45,359.55,390.167509,140266.013947955,140266.013947955,2026-09-14 21:25:00+00:00,2026-09-14 17:25:00-04:00
1789421400000,359.522,359.61,359.51,359.5472,734.6949599999999,264188.324616,264188.32461599996404,2026-09-14 21:30:00+00:00,2026-09-14 17:30:00-04:00
1789421700000,359.5228,359.55,359.45,359.49,663.029678,238354.40764422,238354.40764422,2026-09-14 21:35:00+00:00,2026-09-14 17:35:00-04:00
1789422000000,359.49,359.55,359.45,359.511,12651.0,4541430.7267,4541430.7267,2026-09-14 21:40:00+00:00,2026-09-14 17:40:00-04:00
1789422300000,359.5463,359.6803,359.53,359.6,3235.0,1163361.9261,1163361.9261,2026-09-14 21:45:00+00:00,2026-09-14 17:45:00-04:00
1789422600000,359.5563,359.6,359.4612,359.57,1441.677258,518304.43566874,518304.43566874,2026-09-14 21:50:00+00:00,2026-09-14 17:50:00-04:00
1789422900000,359.57,359.86,359.57,359.8228,2736.007295,984050.089553374,984050.089553374,2026-09-14 21:55:00+00:00,2026-09-14 17:55:00-04:00
1789423200000,359.85,359.88,359.65,359.85,4807.906204,1729951.271329484,1729951.2713294841079463,2026-09-14 22:00:00+00:00,2026-09-14 18:00:00-04:00
1789423500000,359.85,359.85,359.65,359.67,3528.470073,1269493.0676424801,1269493.0676424802,2026-09-14 22:05:00+00:00,2026-09-14 18:05:00-04:00
1789423800000,359.68,359.85,359.65,359.822,554.654125,199516.240600125,199516.240600125,2026-09-14 22:10:00+00:00,2026-09-14 18:10:00-04:00
1789424100000,359.7938,359.85,359.6,359.7495,1166.0,419430.4431,419430.4431,2026-09-14 22:15:00+00:00,2026-09-14 18:15:00-04:00
1789424400000,359.6302,359.816,359.62,359.81,1504.195393,540997.1758648889,540997.1758648889,2026-09-14 22:20:00+00:00,2026-09-14 18:20:00-04:00
1789424700000,359.84,359.84,359.64,359.799,10212.510685,3668792.7669084766,3668792.7669084774892069,2026-09-14 22:25:00+00:00,2026-09-14 18:25:00-04:00
1789425000000,359.7,359.8,359.641,359.7028,516.527651,185821.064885505,185821.064885505,2026-09-14 22:30:00+00:00,2026-09-14 18:30:00-04:00
1789425300000,359.7256,359.76,359.7,359.72,1033.222928,371648.9440117936,371648.9440117936,2026-09-14 22:35:00+00:00,2026-09-14 18:35:00-04:00
1789425600000,359.701,359.75,359.7,359.7012,241.0,86693.5699,86693.5699,2026-09-14 22:40:00+00:00,2026-09-14 18:40:00-04:00
1789425900000,359.7088,359.85,359.7,359.7572,3819.0,1373746.5528,1373746.5528,2026-09-14 22:45:00+00:00,2026-09-14 18:45:00-04:00
1789426200000,359.7653,359.88,359.7653,359.88,678.168859,244052.058232625,244052.058232625,2026-09-14 22:50:00+00:00,2026-09-14 18:50:00-04:00
1789426500000,359.86,359.88,359.8,359.8037,2466.736499,887577.726977625,887577.726977625,2026-09-14 22:55:00+00:00,2026-09-14 18:55:00-04:00
1789426800000,359.8363,359.84,359.7,359.7885,1215.188021,437217.882415695,437217.882415695,2026-09-14 23:00:00+00:00,2026-09-14 19:00:00-04:00
1789427100000,359.75,359.8,359.7,359.79,1167.42747,420005.8808819,420005.8808819,2026-09-14 23:05:00+00:00,2026-09-14 19:05:00-04:00
1789427400000,359.75,359.79,359.6987,359.7722,1149.240276,413421.1992115776,413421.1992115776,2026-09-14 23:10:00+00:00,2026-09-14 19:10:00-04:00
1789427700000,359.71,359.79,359.66,359.78,1234.0,443952.8531,443952.8531,2026-09-14 23:15:00+00:00,2026-09-14 19:15:00-04:00
1789428000000,359.7019,359.77,359.66,359.7,729.000637,262246.2554574376,262246.2554574376,2026-09-14 23:20:00+00:00,2026-09-14 19:20:00-04:00
1789428300000,359.7564,359.77,359.7,359.72,511.583355,184017.821676569,184017.821676569,2026-09-14 23:25:00+00:00,2026-09-14 19:25:00-04:00
1789428600000,359.76,359.8,359.72,359.75,2333.972122,839625.06562279,839625.06562279,2026-09-14 23:30:00+00:00,2026-09-14 19:30:00-04:00
1789428900000,359.784,359.89,359.72,359.87,1759.0,632841.7179,632841.7179,2026-09-14 23:35:00+00:00,2026-09-14 19:35:00-04:00
1789429200000,359.8899,359.8899,359.72,359.73,1861.0,669575.2272,669575.2272,2026-09-14 23:40:00+00:00,2026-09-14 19:40:00-04:00
1789429500000,359.73,359.84,359.65,359.8,2100.0,755432.9821,755432.9821,2026-09-14 23:45:00+00:00,2026-09-14 19:45:00-04:00
1789429800000,359.8,359.84,359.7007,359.83,352.0,126647.4437,126647.4437,2026-09-14 23:50:00+00:00,2026-09-14 19:50:00-04:00
1789430100000,359.8,359.89,359.8,359.89,3548.0,1276824.7581,1276824.7581,2026-09-14 23:55:00+00:00,2026-09-14 19:55:00-04:00
1789430400000,359.78,359.99,359.73,359.8,4068.0,1463776.16,1463776.16,2026-09-15 00:00:00+00:00,2026-09-14 20:00:00-04:00
1789430700000,359.84,359.85,359.36,359.85,1698.0,610718.98,610718.98,2026-09-15 00:05:00+00:00,2026-09-14 20:05:00-04:00
1789431000000,359.79,359.99,359.79,359.97,837.0,301278.06,301278.06,2026-09-15 00:10:00+00:00,2026-09-14 20:10:00-04:00
1789431300000,359.95,359.95,359.52,359.64,1008.0,362513.4,362513.4,2026-09-15 00:15:00+00:00,2026-09-14 20:15:00-04:00
1789431600000,359.64,359.73,359.64,359.7,131.0,47122.67,47122.67,2026-09-15 00:20:00+00:00,2026-09-14 20:20:00-04:00
1789431900000,359.74,360.15,359.74,360.07,3299.0,1187604.73,1187604.73,2026-09-15 00:25:00+00:00,2026-09-14 20:25:00-04:00
1789432200000,360.09,360.14,360.0,360.01,1679.0,604461.96,604461.96,2026-09-15 00:30:00+00:00,2026-09-14 20:30:00-04:00
1789432500000,360.01,360.44,359.91,360.44,6937.0,2497849.68,2497849.68,2026-09-15 00:35:00+00:00,2026-09-14 20:35:00-04:00
1789432800000,360.43,360.49,360.42,360.42,254.0,91554.39,91554.39,2026-09-15 00:40:00+00:00,2026-09-14 20:40:00-04:00
1789433100000,360.42,360.42,360.21,360.41,327.0,117815.13,117815.13,2026-09-15 00:45:00+00:00,2026-09-14 20:45:00-04:00
1789433400000,360.4,360.6,360.24,360.24,2260.0,814668.05,814668.05,2026-09-15 00:50:00+00:00,2026-09-14 20:50:00-04:00
1789433700000,360.27,360.47,359.75,359.83,3687.0,1327443.13,1327443.13,2026-09-15 00:55:00+00:00,2026-09-14 20:55:00-04:00
1789434000000,359.84,360.19,359.76,360.19,4829.0,1738421.96,1738421.96,2026-09-15 01:00:00+00:00,2026-09-14 21:00:00-04:00
1789434300000,360.15,360.16,359.67,359.76,3759.0,1352551.76,1352551.76,2026-09-15 01:05:00+00:00,2026-09-14 21:05:00-04:00
1789434600000,359.77,359.91,359.73,359.91,1221.0,439358.27,439358.27,2026-09-15 01:10:00+00:00,2026-09-14 21:10:00-04:00
1789434900000,359.92,360.07,359.91,359.99,536.0,192958.96,192958.96,2026-09-15 01:15:00+00:00,2026-09-14 21:15:00-04:00
1789435200000,359.99,360.0,359.82,359.82,605.0,217753.21,217753.21,2026-09-15 01:20:00+00:00,2026-09-14 21:20:00-04:00
1789435500000,359.89,359.89,359.7,359.73,1358.0,488679.92,488679.92,2026-09-15 01:25:00+00:00,2026-09-14 21:25:00-04:00
1789435800000,359.8,359.89,359.71,359.71,451.0,162252.1,162252.1,2026-09-15 01:30:00+00:00,2026-09-14 21:30:00-04:00
1789436100000,359.71,359.71,359.53,359.55,1211.0,435485.42,435485.42,2026-09-15 01:35:00+00:00,2026-09-14 21:35:00-04:00
1789436400000,359.52,359.52,359.25,359.44,965.0,346714.31,346714.31,2026-09-15 01:40:00+00:00,2026-09-14 21:40:00-04:00
1789436700000,359.44,359.59,359.42,359.56,503.0,180857.03,180857.03,2026-09-15 01:45:00+00:00,2026-09-14 21:45:00-04:00
1789437000000,359.66,359.8,359.61,359.7,305.0,109702.05,109702.05,2026-09-15 01:50:00+00:00,2026-09-14 21:50:00-04:00
1789437300000,359.7,359.76,359.68,359.76,108.0,38850.75,38850.75,2026-09-15 01:55:00+00:00,2026-09-14 21:55:00-04:00
1789437600000,359.7,359.84,359.54,359.73,506.0,182008.85,182008.85,2026-09-15 02:00:00+00:00,2026-09-14 22:00:00-04:00
1789437900000,359.8,359.85,359.67,359.76,519.0,186711.27,186711.27,2026-09-15 02:05:00+00:00,2026-09-14 22:05:00-04:00
1789438200000,359.69,359.74,359.67,359.7,135.0,48558.96,48558.96,2026-09-15 02:10:00+00:00,2026-09-14 22:10:00-04:00
1789438500000,359.7,359.73,359.67,359.67,194.0,69776.73,69776.73,2026-09-15 02:15:00+00:00,2026-09-14 22:15:00-04:00
1789438800000,359.71,359.75,359.67,359.75,244.0,87775.34,87775.34,2026-09-15 02:20:00+00:00,2026-09-14 22:20:00-04:00
1789439100000,359.72,359.77,359.66,359.76,477.0,171588.44,171588.44,2026-09-15 02:25:00+00:00,2026-09-14 22:25:00-04:00
1789439400000,359.74,359.8,359.69,359.7,546.0,196410.53,196410.53,2026-09-15 02:30:00+00:00,2026-09-14 22:30:00-04:00
1789439700000,359.7,359.78,359.69,359.75,478.0,171948.95,171948.95,2026-09-15 02:35:00+00:00,2026-09-14 22:35:00-04:00
1789440000000,359.75,359.75,359.65,359.69,387.0,139194.69,139194.69,2026-09-15 02:40:00+00:00,2026-09-14 22:40:00-04:00
1789440300000,359.66,359.66,359.52,359.59,872.0,313573.99,313573.99,2026-09-15 02:45:00+00:00,2026-09-14 22:45:00-04:00
1789440600000,359.6,359.63,359.58,359.59,731.0,262883.04,262883.04,2026-09-15 02:50:00+00:00,2026-09-14 22:50:00-04:00
1789440900000,359.51,359.74,359.51,359.63,889.0,319722.41,319722.41,2026-09-15 02:55:00+00:00,2026-09-14 22:55:00-04:00
1789441200000,359.63,359.64,359.47,359.5,694.0,249523.38,249523.38,2026-09-15 03:00:00+00:00,2026-09-14 23:00:00-04:00
1789441500000,359.47,359.47,359.34,359.44,322.0,115718.71,115718.71,2026-09-15 03:05:00+00:00,2026-09-14 23:05:00-04:00
1789441800000,359.44,359.45,359.36,359.41,578.0,207755.08,207755.08,2026-09-15 03:10:00+00:00,2026-09-14 23:10:00-04:00
1789442100000,359.44,359.44,359.3,359.37,298.0,107082.43,107082.43,2026-09-15 03:15:00+00:00,2026-09-14 23:15:00-04:00
1789442400000,359.4,359.42,359.29,359.35,333.0,119663.44,119663.44,2026-09-15 03:20:00+00:00,2026-09-14 23:20:00-04:00
1789442700000,359.31,359.4,359.29,359.32,525.0,188661.43,188661.43,2026-09-15 03:25:00+00:00,2026-09-14 23:25:00-04:00
1789443000000,359.38,359.38,359.35,359.38,39.0,14015.52,14015.52,2026-09-15 03:30:00+00:00,2026-09-14 23:30:00-04:00
1789443300000,359.42,359.43,359.33,359.36,418.0,150212.41,150212.41,2026-09-15 03:35:00+00:00,2026-09-14 23:35:00-04:00
1789443600000,359.43,359.6,359.43,359.56,604.0,217172.99,217172.99,2026-09-15 03:40:00+00:00,2026-09-14 23:40:00-04:00
1789443900000,359.58,359.65,359.58,359.61,1701.0,611696.96,611696.96,2026-09-15 03:45:00+00:00,2026-09-14 23:45:00-04:00
1789444200000,359.61,359.61,359.45,359.48,1263.0,454117.94,454117.94,2026-09-15 03:50:00+00:00,2026-09-14 23:50:00-04:00
1789444500000,359.46,359.49,359.38,359.45,810.0,291133.34,291133.34,2026-09-15 03:55:00+00:00,2026-09-14 23:55:00-04:00
1789444800000,359.45,359.61,359.45,359.61,416.0,149566.31,149566.31,2026-09-15 04:00:00+00:00,2026-09-15 00:00:00-04:00
1789445100000,359.61,359.61,359.45,359.51,494.0,177596.35,177596.35,2026-09-15 04:05:00+00:00,2026-09-15 00:05:00-04:00
1789445400000,359.56,359.59,359.5,359.54,807.0,290163.35,290163.35,2026-09-15 04:10:00+00:00,2026-09-15 00:10:00-04:00
1789445700000,359.51,359.54,359.45,359.47,670.0,240857.37,240857.37,2026-09-15 04:15:00+00:00,2026-09-15 00:15:00-04:00
1789446000000,359.48,359.58,359.48,359.51,2029.0,729496.71,729496.71,2026-09-15 04:20:00+00:00,2026-09-15 00:20:00-04:00
1789446300000,359.51,359.53,359.43,359.43,594.0,213539.45,213539.45,2026-09-15 04:25:00+00:00,2026-09-15 00:25:00-04:00
1789446600000,359.55,359.85,359.55,359.75,1407.0,506120.89,506120.89,2026-09-15 04:30:00+00:00,2026-09-15 00:30:00-04:00
1789446900000,359.77,359.78,359.44,359.46,821.0,295232.05,295232.05,2026-09-15 04:35:00+00:00,2026-09-15 00:35:00-04:00
1789447200000,359.49,359.68,359.49,359.62,534.0,192035.82,192035.82,2026-09-15 04:40:00+00:00,2026-09-15 00:40:00-04:00
1789447500000,359.62,359.62,359.41,359.44,1336.0,480230.24,480230.24,2026-09-15 04:45:00+00:00,2026-09-15 00:45:00-04:00
1789447800000,359.49,359.49,359.21,359.33,1300.0,467121.88,467121.88,2026-09-15 04:50:00+00:00,2026-09-15 00:50:00-04:00
1789448100000,359.28,359.29,359.1,359.1,405.0,145485.76,145485.76,2026-09-15 04:55:00+00:00,2026-09-15 00:55:00-04:00
1789448400000,359.15,359.3,358.89,358.89,1600.0,574461.16,574461.16,2026-09-15 05:00:00+00:00,2026-09-15 01:00:00-04:00
1789448700000,358.99,359.03,358.79,358.79,1874.0,672683.44,672683.44,2026-09-15 05:05:00+00:00,2026-09-15 01:05:00-04:00
1789449000000,358.79,358.79,358.6,358.6,1653.0,592882.71,592882.71,2026-09-15 05:10:00+00:00,2026-09-15 01:10:00-04:00
1789449300000,358.58,358.58,358.37,358.37,1655.0,593219.53,593219.53,2026-09-15 05:15:00+00:00,2026-09-15 01:15:00-04:00
1789449600000,358.4,358.54,358.38,358.46,666.0,238745.41,238745.41,2026-09-15 05:20:00+00:00,2026-09-15 01:20:00-04:00
1789449900000,358.52,358.73,358.52,358.67,600.0,215175.08,215175.08,2026-09-15 05:25:00+00:00,2026-09-15 01:25:00-04:00
1789450200000,358.72,358.8,358.68,358.74,172.0,61703.04,61703.04,2026-09-15 05:30:00+00:00,2026-09-15 01:30:00-04:00
1789450500000,358.74,358.78,358.6,358.74,441.0,158188.32,158188.32,2026-09-15 05:35:00+00:00,2026-09-15 01:35:00-04:00
1789450800000,358.74,359.0,358.74,358.95,792.0,284251.6,284251.6,2026-09-15 05:40:00+00:00,2026-09-15 01:40:00-04:00
1789451100000,359.0,359.1,358.89,358.99,858.0,308071.2,308071.2,2026-09-15 05:45:00+00:00,2026-09-15 01:45:00-04:00
1789451400000,358.99,359.21,358.93,359.21,111.0,39859.52,39859.52,2026-09-15 05:50:00+00:00,2026-09-15 01:50:00-04:00
1789451700000,359.19,359.19,358.88,358.88,421.0,151122.29,151122.29,2026-09-15 05:55:00+00:00,2026-09-15 01:55:00-04:00
1789452000000,358.99,359.14,358.91,359.14,510.0,183078.1,183078.1,2026-09-15 06:00:00+00:00,2026-09-15 02:00:00-04:00
1789452300000,359.16,359.16,358.95,359.03,922.0,331019.36,331019.36,2026-09-15 06:05:00+00:00,2026-09-15 02:05:00-04:00
1789452600000,358.99,359.2,358.98,359.17,920.0,330388.3,330388.3,2026-09-15 06:10:00+00:00,2026-09-15 02:10:00-04:00
1789452900000,359.17,359.25,359.15,359.25,100.0,35919.96,35919.96,2026-09-15 06:15:00+00:00,2026-09-15 02:15:00-04:00
1789453200000,359.11,359.24,359.1,359.1,230.0,82596.26,82596.26,2026-09-15 06:20:00+00:00,2026-09-15 02:20:00-04:00
1789453500000,359.03,359.03,358.9,358.97,732.0,262773.3,262773.3,2026-09-15 06:25:00+00:00,2026-09-15 02:25:00-04:00
1789453800000,358.93,358.93,358.76,358.78,269.0,96519.56,96519.56,2026-09-15 06:30:00+00:00,2026-09-15 02:30:00-04:00
1789454100000,358.78,358.85,358.76,358.78,330.0,118401.43,118401.43,2026-09-15 06:35:00+00:00,2026-09-15 02:35:00-04:00
1789454400000,358.79,358.8,358.52,358.61,1059.0,379832.19,379832.19,2026-09-15 06:40:00+00:00,2026-09-15 02:40:00-04:00
1789454700000,358.53,358.72,358.52,358.63,672.0,240973.65,240973.65,2026-09-15 06:45:00+00:00,2026-09-15 02:45:00-04:00
1789455000000,358.63,358.73,358.41,358.46,1766.0,633179.86,633179.86,2026-09-15 06:50:00+00:00,2026-09-15 02:50:00-04:00
1789455300000,358.45,358.68,358.4,358.62,313.0,112219.18,112219.18,2026-09-15 06:55:00+00:00,2026-09-15 02:55:00-04:00
1789455600000,358.6,358.66,358.34,358.66,3199.0,1146735.15,1146735.15,2026-09-15 07:00:00+00:00,2026-09-15 03:00:00-04:00
1789455900000,358.66,358.74,358.59,358.71,1476.0,529431.92,529431.92,2026-09-15 07:05:00+00:00,2026-09-15 03:05:00-04:00
1789456200000,358.71,358.73,358.39,358.48,717.0,257056.65,257056.65,2026-09-15 07:10:00+00:00,2026-09-15 03:10:00-04:00
1789456500000,358.45,358.77,358.34,358.65,665.0,238448.57,238448.57,2026-09-15 07:15:00+00:00,2026-09-15 03:15:00-04:00
1789456800000,358.74,358.97,358.68,358.85,1444.0,518150.65,518150.65,2026-09-15 07:20:00+00:00,2026-09-15 03:20:00-04:00
1789457100000,358.94,358.97,358.61,358.7,628.0,225315.58,225315.58,2026-09-15 07:25:00+00:00,2026-09-15 03:25:00-04:00
1789457400000,358.7,358.88,358.67,358.67,488.0,175086.55,175086.55,2026-09-15 07:30:00+00:00,2026-09-15 03:30:00-04:00
1789457700000,358.66,358.66,358.55,358.6,382.0,137005.81,137005.81,2026-09-15 07:35:00+00:00,2026-09-15 03:35:00-04:00
1789458000000,358.73,358.78,357.94,358.0,7235.0,2591649.33,2591649.33,2026-09-15 07:40:00+00:00,2026-09-15 03:40:00-04:00
1789458300000,358.0,358.03,357.81,358.03,2132.0,763135.06,763135.06,2026-09-15 07:45:00+00:00,2026-09-15 03:45:00-04:00
1789458600000,357.99,358.1,357.75,358.1,1059.0,378981.53,378981.53,2026-09-15 07:50:00+00:00,2026-09-15 03:50:00-04:00
1789458900000,358.01,358.01,357.81,357.93,167.0,59773.97,59773.97,2026-09-15 07:55:00+00:00,2026-09-15 03:55:00-04:00
1789459200000,358.38,359.88,357.27,357.3408,12764.0,4576830.7472,4576830.7472,2026-09-15 08:00:00+00:00,2026-09-15 04:00:00-04:00
1789459500000,357.3435,359.78,356.99,357.03,6942.155564,2482250.210775272,2482250.210775272,2026-09-15 08:05:00+00:00,2026-09-15 04:05:00-04:00
1789459800000,356.91,357.1,356.7,356.8,2079.0,741893.0728,741893.0728,2026-09-15 08:10:00+00:00,2026-09-15 04:10:00-04:00
1789460100000,357.03,357.29,356.7912,357.29,450.0,160669.1627,160669.1627,2026-09-15 08:15:00+00:00,2026-09-15 04:15:00-04:00
1789460400000,357.21,357.7892,357.1685,357.23,1976.569644,706532.6702816564,706532.6702816564,2026-09-15 08:20:00+00:00,2026-09-15 04:20:00-04:00
1789460700000,357.082,357.7988,357.082,357.338,2014.602594,719825.21943244,719825.21943244,2026-09-15 08:25:00+00:00,2026-09-15 04:25:00-04:00
1789461000000,357.29,357.7875,357.055,357.055,490.0,175111.0936,175111.0936,2026-09-15 08:30:00+00:00,2026-09-15 04:30:00-04:00
1789461300000,357.1,357.46,357.0,357.4,3791.093596,1354241.8135902144,1354241.8135902144,2026-09-15 08:35:00+00:00,2026-09-15 04:35:00-04:00
1789461600000,357.4691,357.701,357.3,357.47,958.0,342418.2952,342418.2952,2026-09-15 08:40:00+00:00,2026-09-15 04:40:00-04:00
1789461900000,357.57,357.57,357.22,357.4,2110.0,754084.0432,754084.0432,2026-09-15 08:45:00+00:00,2026-09-15 04:45:00-04:00
1789462200000,357.38,357.4988,357.1947,357.24,917.00299,327657.174628495,327657.174628495,2026-09-15 08:50:00+00:00,2026-09-15 04:50:00-04:00
1789462500000,357.2415,357.53,357.2,357.2,1085.437528,387814.9239981976,387814.9239981976,2026-09-15 08:55:00+00:00,2026-09-15 04:55:00-04:00
1789462800000,357.3,357.512,357.0595,357.5,320.0,114315.9038,114315.9038,2026-09-15 09:00:00+00:00,2026-09-15 05:00:00-04:00
1789463100000,357.5,357.7885,357.3,357.5688,686.0,245236.2905,245236.2905,2026-09-15 09:05:00+00:00,2026-09-15 05:05:00-04:00
1789463400000,357.4,357.5,357.2112,357.44,632.0,225816.0779,225816.0779,2026-09-15 09:10:00+00:00,2026-09-15 05:10:00-04:00
1789463700000,357.4694,357.4694,356.8012,356.95,1139.657282,407034.8123800426,407034.8123800426,2026-09-15 09:15:00+00:00,2026-09-15 05:15:00-04:00
1789464000000,356.92,357.15,356.8104,357.0,4036.182763,1440778.3902608603,1440778.3902608603,2026-09-15 09:20:00+00:00,2026-09-15 05:20:00-04:00
1789464300000,356.9896,357.3686,356.79,357.04,3545.145255,1265745.5101781243,1265745.5101781245,2026-09-15 09:25:00+00:00,2026-09-15 05:25:00-04:00
1789464600000,356.9667,357.26,356.9667,357.26,1583.210948,565509.9470177224,565509.9470177224,2026-09-15 09:30:00+00:00,2026-09-15 05:30:00-04:00
1789464900000,357.26,357.8788,357.2533,357.73,3127.58339,1118016.4126980824,1118016.4126980825,2026-09-15 09:35:00+00:00,2026-09-15 05:35:00-04:00
1789465200000,357.71,357.88,357.6012,357.727,1250.818886,447565.7827643596,447565.7827643596,2026-09-15 09:40:00+00:00,2026-09-15 05:40:00-04:00
1789465500000,357.88,358.38,357.87,357.9,1812.06045,648707.18504611,648707.18504611,2026-09-15 09:45:00+00:00,2026-09-15 05:45:00-04:00
1789465800000,357.8407,358.3695,357.46,358.04,10353.497102,3706169.0276043047,3706169.0276043048,2026-09-15 09:50:00+00:00,2026-09-15 05:50:00-04:00
1789466100000,358.14,358.2888,357.84,357.88,324.0,115955.662,115955.662,2026-09-15 09:55:00+00:00,2026-09-15 05:55:00-04:00
1789466400000,358.14,358.36,358.0,358.3344,513.0,183745.8761,183745.8761,2026-09-15 10:00:00+00:00,2026-09-15 06:00:00-04:00
1789466700000,358.2,358.32,358.0072,358.25,394.0,141138.8762,141138.8762,2026-09-15 10:05:00+00:00,2026-09-15 06:05:00-04:00
1789467000000,358.2,358.6997,358.0127,358.05,2480.662324,888553.6989114124,888553.6989114124,2026-09-15 10:10:00+00:00,2026-09-15 06:10:00-04:00
1789467300000,358.0012,358.2788,357.92,358.09,6060.1322660000005,2169824.4298677533,2169824.4298677533790251,2026-09-15 10:15:00+00:00,2026-09-15 06:15:00-04:00
1789467600000,358.0,358.36,357.93,358.36,1092.0046630000002,390974.25151021057,390974.2515102105716067,2026-09-15 10:20:00+00:00,2026-09-15 06:20:00-04:00
1789467900000,358.2,358.2849,358.01,358.06,963.338683,344967.5048706367,344967.5048706367,2026-09-15 10:25:00+00:00,2026-09-15 06:25:00-04:00
1789468200000,358.0069,358.3,357.9977,358.2988,163.0,58372.3094,58372.3094,2026-09-15 10:30:00+00:00,2026-09-15 06:30:00-04:00
1789468500000,358.19,358.39,358.1012,358.25,331.0,118580.2316,118580.2316,2026-09-15 10:35:00+00:00,2026-09-15 06:35:00-04:00
1789468800000,358.32,358.4712,358.1,358.3,2147.0,769149.3694,769149.3694,2026-09-15 10:40:00+00:00,2026-09-15 06:40:00-04:00
1789469100000,358.489,358.5,358.149,358.43,1997.075128,715501.7306663288,715501.7306663288,2026-09-15 10:45:00+00:00,2026-09-15 06:45:00-04:00
1789469400000,358.39,358.67,358.22,358.55,4527.019945,1622870.3246653744,1622870.3246653745,2026-09-15 10:50:00+00:00,2026-09-15 06:50:00-04:00
1789469700000,358.5578,358.8027,358.55,358.8027,2420.097393,867994.332602057,867994.332602057,2026-09-15 10:55:00+00:00,2026-09-15 06:55:00-04:00
1789470000000,358.8,359.65,358.73,359.5,8300.0,2980072.1513,2980072.1513,2026-09-15 11:00:00+00:00,2026-09-15 07:00:00-04:00
1789470300000,359.5,359.5987,359.08,359.44,4890.998881,1757833.7085293857,1757833.7085293858,2026-09-15 11:05:00+00:00,2026-09-15 07:05:00-04:00
1789470600000,359.5896,359.6,359.2768,359.37,3359.035524,1207420.8319467383,1207420.8319467384,2026-09-15 11:10:00+00:00,2026-09-15 07:10:00-04:00
1789470900000,359.4,359.44,358.93,359.1625,6623.8120180000005,2379200.404580992,2379200.4045809923796165,2026-09-15 11:15:00+00:00,2026-09-15 07:15:00-04:00
1789471200000,359.18,359.27,358.73,358.87,10563.504419,3792802.086286205,3792802.0862862053,2026-09-15 11:20:00+00:00,2026-09-15 07:20:00-04:00
1789471500000,358.89,358.99,358.5,358.79,2191.0,785987.1976,785987.1976,2026-09-15 11:25:00+00:00,2026-09-15 07:25:00-04:00
1789471800000,358.73,358.85,358.1301,358.4,1359.0,487213.9277,487213.9277,2026-09-15 11:30:00+00:00,2026-09-15 07:30:00-04:00
1789472100000,358.52,358.84,358.15,358.234,5435.28245,1947739.82005112,1947739.82005112,2026-09-15 11:35:00+00:00,2026-09-15 07:35:00-04:00
1789472400000,358.1532,358.56,358.1532,358.44,3086.158415,1105704.1785757523,1105704.1785757525,2026-09-15 11:40:00+00:00,2026-09-15 07:40:00-04:00
1789472700000,358.3544,358.56,358.23,358.2307,2807.648627,1006334.83096196,1006334.8309619601,2026-09-15 11:45:00+00:00,2026-09-15 07:45:00-04:00
1789473000000,358.3688,358.56,358.2348,358.5428,4418.276766,1583620.3083598139,1583620.3083598138,2026-09-15 11:50:00+00:00,2026-09-15 07:50:00-04:00
1789473300000,358.5327,358.98,358.5,358.7434,6455.0,2316180.9398,2316180.9398,2026-09-15 11:55:00+00:00,2026-09-15 07:55:00-04:00
1789473600000,358.59,358.88,358.5,358.8,1513.0,542682.3533,542682.3533,2026-09-15 12:00:00+00:00,2026-09-15 08:00:00-04:00
1789473900000,358.75,358.8,358.55,358.75,1891.541823,678558.9718586543,678558.9718586543,2026-09-15 12:05:00+00:00,2026-09-15 08:05:00-04:00
1789474200000,358.76,359.51,358.724,359.5,10165.764344,3650343.06570583,3650343.0657058304,2026-09-15 12:10:00+00:00,2026-09-15 08:10:00-04:00
1789474500000,359.4347,359.49,359.0,359.09,5241.672365,1882861.3994399144,1882861.3994399145,2026-09-15 12:15:00+00:00,2026-09-15 08:15:00-04:00
1789474800000,359.14,359.18,358.5,358.55,11023.510003,3955969.813812621,3955969.8138126208,2026-09-15 12:20:00+00:00,2026-09-15 08:20:00-04:00
1789475100000,358.5757,359.34,358.5757,359.0777,2740.0,983908.4035,983908.4035,2026-09-15 12:25:00+00:00,2026-09-15 08:25:00-04:00
1789475400000,359.0719,359.1506,358.66,359.0,1892.0,679009.3589,679009.3589,2026-09-15 12:30:00+00:00,2026-09-15 08:30:00-04:00
1789475700000,359.0,359.02,358.6612,358.9,3734.196684,1340381.0181731,1340381.0181731,2026-09-15 12:35:00+00:00,2026-09-15 08:35:00-04:00
1789476000000,358.89,359.0,358.5,358.78,5492.735817,1971041.4998925156,1971041.4998925154,2026-09-15 12:40:00+00:00,2026-09-15 08:40:00-04:00
1789476300000,358.8,359.38,358.4,359.194,8617.457459,3091782.171448184,3091782.1714481840412484,2026-09-15 12:45:00+00:00,2026-09-15 08:45:00-04:00
1789476600000,359.23,359.38,359.0,359.24,8049.989192999999,2891285.8825973603,2891285.8825973604408344,2026-09-15 12:50:00+00:00,2026-09-15 08:50:00-04:00
1789476900000,359.35,359.3797,358.04,358.6,5906.0,2117904.4963,2117904.4963,2026-09-15 12:55:00+00:00,2026-09-15 08:55:00-04:00
1789477200000,358.6047,358.9278,358.4,358.82,2514.0,901381.512,901381.512,2026-09-15 13:00:00+00:00,2026-09-15 09:00:00-04:00
1789477500000,358.89,359.35,358.73,359.21,4627.060875,1661036.7700649623,1661036.7700649625,2026-09-15 13:05:00+00:00,2026-09-15 09:05:00-04:00
1789477800000,359.35,359.38,359.0,359.17,8453.428686,3037047.6700257035,3037047.6700257034,2026-09-15 13:10:00+00:00,2026-09-15 09:10:00-04:00
1789478100000,359.17,359.35,359.0304,359.0987,4347.224585,1561509.9308851624,1561509.9308851625,2026-09-15 13:15:00+00:00,2026-09-15 09:15:00-04:00
1789478400000,359.18,359.26,358.69,358.841,10694.785405,3840418.311065556,3840418.311065556,2026-09-15 13:20:00+00:00,2026-09-15 09:20:00-04:00
1789478700000,358.86,358.9488,358.16,358.7,9748.0,3495593.606,3495593.606,2026-09-15 13:25:00+00:00,2026-09-15 09:25:00-04:00
1789479000000,358.725,360.69,354.6313,355.485,2044975.0,729390744.8111,729390744.8111,2026-09-15 13:30:00+00:00,2026-09-15 09:30:00-04:00
1789479300000,355.55,361.72,355.55,361.6,1501490.0,539349022.0969,539349022.0969,2026-09-15 13:35:00+00:00,2026-09-15 09:35:00-04:00
1789479600000,361.585,362.11,360.15,361.05,1082855.0,391135624.1271,391135624.1271,2026-09-15 13:40:00+00:00,2026-09-15 09:40:00-04:00
1789479900000,361.08,361.75,360.33,361.4778,665885.0,240459470.124,240459470.124,2026-09-15 13:45:00+00:00,2026-09-15 09:45:00-04:00
1789480200000,361.4056,362.0,360.0801,360.59,982219.0,354801856.2921,354801856.2921,2026-09-15 13:50:00+00:00,2026-09-15 09:50:00-04:00
1789480500000,360.6567,361.3,358.63,359.15,724511.0,260553273.0932,260553273.0932,2026-09-15 13:55:00+00:00,2026-09-15 09:55:00-04:00
1789480800000,359.1,360.19,359.01,359.7036,552799.0,198837958.4217,198837958.4217,2026-09-15 14:00:00+00:00,2026-09-15 10:00:00-04:00
1789481100000,359.71,359.88,358.16,358.345,337142.0,120949440.5177,120949440.5177,2026-09-15 14:05:00+00:00,2026-09-15 10:05:00-04:00
1789481400000,358.345,359.6599,358.32,359.07,256246.0,91980299.5162,91980299.5162,2026-09-15 14:10:00+00:00,2026-09-15 10:10:00-04:00
1789481700000,359.05,359.965,358.95,359.445,260367.0,93604703.0548,93604703.0548,2026-09-15 14:15:00+00:00,2026-09-15 10:15:00-04:00
1789482000000,359.3801,359.55,358.67,358.93,206373.0,74097420.9168,74097420.9168,2026-09-15 14:20:00+00:00,2026-09-15 10:20:00-04:00
1789482300000,358.93,359.55,358.8,359.29,214323.0,76961949.9598,76961949.9598,2026-09-15 14:25:00+00:00,2026-09-15 10:25:00-04:00
1789482600000,359.25,359.29,358.11,358.875,229854.0,82421127.5949,82421127.5949,2026-09-15 14:30:00+00:00,2026-09-15 10:30:00-04:00
1789482900000,358.875,358.94,358.1,358.42,225744.0,80926808.4187,80926808.4187,2026-09-15 14:35:00+00:00,2026-09-15 10:35:00-04:00
1789483200000,358.37,358.4,357.63,357.778,399403.0,142989910.4946,142989910.4946,2026-09-15 14:40:00+00:00,2026-09-15 10:40:00-04:00
1789483500000,357.8258,358.42,357.145,357.15,222054.0,79429075.6455,79429075.6455,2026-09-15 14:45:00+00:00,2026-09-15 10:45:00-04:00
1789483800000,357.195,357.195,355.89,356.05,380193.0,135509880.4868,135509880.4868,2026-09-15 14:50:00+00:00,2026-09-15 10:50:00-04:00
1789484100000,356.112,357.8097,355.88,357.61,386698.0,138092754.2432,138092754.2432,2026-09-15 14:55:00+00:00,2026-09-15 10:55:00-04:00
1789484400000,357.5609,358.33,357.5501,358.0829,282563.0,101146172.2179,101146172.2179,2026-09-15 15:00:00+00:00,2026-09-15 11:00:00-04:00
1789484700000,358.07,359.915,358.0,359.635,467963.0,168128932.1559,168128932.1559,2026-09-15 15:05:00+00:00,2026-09-15 11:05:00-04:00
1789485000000,359.635,359.98,358.87,359.175,472749.0,169925461.9858,169925461.9858,2026-09-15 15:10:00+00:00,2026-09-15 11:10:00-04:00
1789485300000,359.12,360.32,358.8501,360.19,253089.0,90994072.3777,90994072.3777,2026-09-15 15:15:00+00:00,2026-09-15 11:15:00-04:00
1789485600000,360.235,361.88,359.96,361.59,583563.0,210556087.4118,210556087.4118,2026-09-15 15:20:00+00:00,2026-09-15 11:20:00-04:00
1789485900000,361.57,361.94,360.19,360.84,494422.0,178599873.0797,178599873.0797,2026-09-15 15:25:00+00:00,2026-09-15 11:25:00-04:00
1789486200000,360.93,361.14,359.6238,360.84,379318.0,136666779.4475,136666779.4475,2026-09-15 15:30:00+00:00,2026-09-15 11:30:00-04:00
1789486500000,360.89,360.95,359.71,359.9401,245386.0,88439798.0009,88439798.0009,2026-09-15 15:35:00+00:00,2026-09-15 11:35:00-04:00
1789486800000,359.97,361.0,359.91,360.74,202578.0,73039609.1906,73039609.1906,2026-09-15 15:40:00+00:00,2026-09-15 11:40:00-04:00
1789487100000,360.6,361.0,360.2596,360.8487,190865.0,68826522.3262,68826522.3262,2026-09-15 15:45:00+00:00,2026-09-15 11:45:00-04:00
1789487400000,360.915,362.39,360.79,362.1,700335.0,253228398.055,253228398.055,2026-09-15 15:50:00+00:00,2026-09-15 11:50:00-04:00
1789487700000,362.1,362.15,360.23,361.115,447965.0,161639060.0711,161639060.0711,2026-09-15 15:55:00+00:00,2026-09-15 11:55:00-04:00
1789488000000,361.165,361.85,360.6201,361.535,330010.0,119215789.1647,119215789.1647,2026-09-15 16:00:00+00:00,2026-09-15 12:00:00-04:00
1789488300000,361.554,361.83,361.14,361.706,139318.0,50361472.5375,50361472.5375,2026-09-15 16:05:00+00:00,2026-09-15 12:05:00-04:00
1789488600000,361.76,361.98,360.75,360.816,151351.0,54701053.9708,54701053.9708,2026-09-15 16:10:00+00:00,2026-09-15 12:10:00-04:00
1789488900000,360.82,361.1,360.53,360.86,164351.0,59300431.7617,59300431.7617,2026-09-15 16:15:00+00:00,2026-09-15 12:15:00-04:00
1789489200000,360.83,361.0,359.89,360.7697,195302.0,70419293.2046,70419293.2046,2026-09-15 16:20:00+00:00,2026-09-15 12:20:00-04:00
1789489500000,360.76,361.25,360.7101,361.1794,186963.0,67501135.8401,67501135.8401,2026-09-15 16:25:00+00:00,2026-09-15 12:25:00-04:00
1789489800000,361.3,361.655,360.6601,361.47,1578599.0,569536631.3219,569536631.3219,2026-09-15 16:30:00+00:00,2026-09-15 12:30:00-04:00
1789490100000,361.5,361.72,360.9779,361.21,175974.027957,63602046.872434,63602046.872433994,2026-09-15 16:35:00+00:00,2026-09-15 12:35:00-04:00
1789490400000,361.285,361.285,359.8001,360.12,167207.0,60314140.3716,60314140.3716,2026-09-15 16:40:00+00:00,2026-09-15 12:40:00-04:00
1789490700000,360.1,360.1699,358.88,359.445,407601.0,146555686.6981,146555686.6981,2026-09-15 16:45:00+00:00,2026-09-15 12:45:00-04:00
1789491000000,359.41,361.4799,359.25,361.01,333718.0,120284224.6173,120284224.6173,2026-09-15 16:50:00+00:00,2026-09-15 12:50:00-04:00
1789491300000,361.06,361.54,359.96,360.495,319642.0,115330755.457,115330755.457,2026-09-15 16:55:00+00:00,2026-09-15 12:55:00-04:00
1789491600000,360.55,360.55,358.79,358.84,307190.0,110424595.5755,110424595.5755,2026-09-15 17:00:00+00:00,2026-09-15 13:00:00-04:00
1789491900000,358.8213,359.8316,358.65,359.295,241001.0,86557482.8557,86557482.8557,2026-09-15 17:05:00+00:00,2026-09-15 13:05:00-04:00
1789492200000,359.2,359.6338,359.1,359.45,99622.72836,35809191.43442495,35809191.434424948,2026-09-15 17:10:00+00:00,2026-09-15 13:10:00-04:00
1789492500000,359.45,360.24,359.22,360.24,211736.0,76183078.632,76183078.632,2026-09-15 17:15:00+00:00,2026-09-15 13:15:00-04:00
1789492800000,360.215,360.3,359.2501,359.35,162725.0,58555083.2573,58555083.2573,2026-09-15 17:20:00+00:00,2026-09-15 13:20:00-04:00
1789493100000,359.35,359.4749,358.85,359.125,132673.0,47649660.4947,47649660.4947,2026-09-15 17:25:00+00:00,2026-09-15 13:25:00-04:00
1789493400000,359.0501,359.38,356.12,356.9401,571076.0,204287740.1523,204287740.1523,2026-09-15 17:30:00+00:00,2026-09-15 13:30:00-04:00
1789493700000,357.2067,357.2067,355.16,356.83,1019731.0,363075288.7851,363075288.7851,2026-09-15 17:35:00+00:00,2026-09-15 13:35:00-04:00
1789494000000,356.83,357.75,356.76,357.36,469322.0,167689761.2365,167689761.2365,2026-09-15 17:40:00+00:00,2026-09-15 13:40:00-04:00
1789494300000,357.34,357.7,356.62,357.08,222203.0,79355253.2241,79355253.2241,2026-09-15 17:45:00+00:00,2026-09-15 13:45:00-04:00
1789494600000,357.08,357.15,356.53,356.9375,202857.0,72396059.5418,72396059.5418,2026-09-15 17:50:00+00:00,2026-09-15 13:50:00-04:00
1789494900000,356.93,357.63,356.2791,357.375,302398.0,107967849.5117,107967849.5117,2026-09-15 17:55:00+00:00,2026-09-15 13:55:00-04:00
1789495200000,357.38,358.11,356.8,357.42,351131.0,125552288.5909,125552288.5909,2026-09-15 18:00:00+00:00,2026-09-15 14:00:00-04:00
1789495500000,357.45,357.72,357.14,357.47,132921.0,47509674.7344,47509674.7344,2026-09-15 18:05:00+00:00,2026-09-15 14:05:00-04:00
1789495800000,357.485,358.09,357.41,357.41,195552.0,69967236.5472,69967236.5472,2026-09-15 18:10:00+00:00,2026-09-15 14:10:00-04:00
1789496100000,357.42,358.18,357.17,357.52,193700.0,69257503.2641,69257503.2641,2026-09-15 18:15:00+00:00,2026-09-15 14:15:00-04:00
1789496400000,357.44,357.6563,357.2,357.63,85884.0,30695444.9631,30695444.9631,2026-09-15 18:20:00+00:00,2026-09-15 14:20:00-04:00
1789496700000,357.62,358.08,357.4,358.0001,122632.0,43872272.76,43872272.76,2026-09-15 18:25:00+00:00,2026-09-15 14:25:00-04:00
1789497000000,358.04,358.08,357.31,357.52,136330.0,48764644.3096,48764644.3096,2026-09-15 18:30:00+00:00,2026-09-15 14:30:00-04:00
1789497300000,357.54,357.7,356.9167,357.215,113452.840866,40535883.42096719,40535883.4209671856,2026-09-15 18:35:00+00:00,2026-09-15 14:35:00-04:00
1789497600000,357.2076,357.4,356.88,357.16,105121.0,37536056.2629,37536056.2629,2026-09-15 18:40:00+00:00,2026-09-15 14:40:00-04:00
1789497900000,357.085,357.24,356.5444,356.585,107499.0,38374732.9913,38374732.9913,2026-09-15 18:45:00+00:00,2026-09-15 14:45:00-04:00
1789498200000,356.59,356.99,356.38,356.85,174508.0,62247001.0009,62247001.0009,2026-09-15 18:50:00+00:00,2026-09-15 14:50:00-04:00
1789498500000,356.85,357.59,356.73,357.2655,187969.0,67139390.9972,67139390.9972,2026-09-15 18:55:00+00:00,2026-09-15 14:55:00-04:00
1789498800000,357.25,357.38,356.368,356.99,141166.0,50383980.8802,50383980.8802,2026-09-15 19:00:00+00:00,2026-09-15 15:00:00-04:00
1789499100000,356.985,357.15,356.8,357.045,106309.0,37948480.8958,37948480.8958,2026-09-15 19:05:00+00:00,2026-09-15 15:05:00-04:00
1789499400000,357.07,357.16,355.9,356.285,183314.731741,65330798.674785085,65330798.674785087,2026-09-15 19:10:00+00:00,2026-09-15 15:10:00-04:00
1789499700000,356.2535,356.655,356.06,356.475,165529.204399,58987967.13691896,58987967.136918957363262,2026-09-15 19:15:00+00:00,2026-09-15 15:15:00-04:00
1789500000000,356.43,356.59,355.6001,355.875,191089.711889,68036758.89788333,68036758.8978833199,2026-09-15 19:20:00+00:00,2026-09-15 15:20:00-04:00
1789500300000,355.875,356.2971,355.87,355.96,149007.0,53057064.5048,53057064.5048,2026-09-15 19:25:00+00:00,2026-09-15 15:25:00-04:00
1789500600000,355.93,356.0173,355.396,355.53,211649.0,75292670.9376,75292670.9376,2026-09-15 19:30:00+00:00,2026-09-15 15:30:00-04:00
1789500900000,355.505,355.61,354.16,354.47,520093.0,184564652.2244,184564652.2244,2026-09-15 19:35:00+00:00,2026-09-15 15:35:00-04:00
1789501200000,354.46,355.3,354.05,355.1465,456742.0,161967067.5626,161967067.5626,2026-09-15 19:40:00+00:00,2026-09-15 15:40:00-04:00
1789501500000,355.13,355.38,354.73,355.32,287402.0,102040776.4673,102040776.4673,2026-09-15 19:45:00+00:00,2026-09-15 15:45:00-04:00
1789501800000,355.28,355.8899,354.4,355.7099,441784.0,156878226.2139,156878226.2139,2026-09-15 19:50:00+00:00,2026-09-15 15:50:00-04:00
1789502100000,355.5905,356.76,355.53,356.58,1023808.0,364783043.6153,364783043.6153,2026-09-15 19:55:00+00:00,2026-09-15 15:55:00-04:00
1789502400000,356.7,357.4,356.4,356.6,251904.0,89830054.0366,89830054.0366,2026-09-15 20:00:00+00:00,2026-09-15 16:00:00-04:00
1789502700000,356.6489,358.5544,356.0,356.71,174627.0,62267828.1879,62267828.1879,2026-09-15 20:05:00+00:00,2026-09-15 16:05:00-04:00
1789503000000,356.7064,356.77,356.31,356.57,2353.0,839158.9483,839158.9483,2026-09-15 20:10:00+00:00,2026-09-15 16:10:00-04:00
1789503300000,356.58,356.75,356.49,356.67,1685.0,600822.6235,600822.6235,2026-09-15 20:15:00+00:00,2026-09-15 16:15:00-04:00
1789503600000,356.67,356.75,356.6,356.6,3980.959677,1420125.9835536156,1420125.9835536156,2026-09-15 20:20:00+00:00,2026-09-15 16:20:00-04:00
1789503900000,356.6099,356.65,356.58,356.62,3204.280262,1142661.5280744575,1142661.5280744576,2026-09-15 20:25:00+00:00,2026-09-15 16:25:00-04:00
1789504200000,356.5852,356.6972,356.58,356.6011,5933.869398,2116071.6412383216,2116071.6412383218,2026-09-15 20:30:00+00:00,2026-09-15 16:30:00-04:00
1789504500000,356.65,356.77,356.6,356.7687,4388.17684,1565363.039900796,1565363.039900796,2026-09-15 20:35:00+00:00,2026-09-15 16:35:00-04:00
1789504800000,356.77,356.81,356.5822,356.6991,621.0,221498.6524,221498.6524,2026-09-15 20:40:00+00:00,2026-09-15 16:40:00-04:00
1789505100000,356.68,356.7,356.58,356.6092,1964.0,700526.5742,700526.5742,2026-09-15 20:45:00+00:00,2026-09-15 16:45:00-04:00
1789505400000,356.5828,356.68,356.5217,356.6032,9229.346984,3291040.8619170343,3291040.8619170344,2026-09-15 20:50:00+00:00,2026-09-15 16:50:00-04:00
1789505700000,356.678,356.678,356.58,356.5888,1597.197047,569600.1020248181,569600.1020248181,2026-09-15 20:55:00+00:00,2026-09-15 16:55:00-04:00
1789506000000,356.58,356.67,356.57,356.62,2109.308967,752210.454966705,752210.454966705,2026-09-15 21:00:00+00:00,2026-09-15 17:00:00-04:00
1789506300000,356.6,356.67,356.58,356.58,2134.307997,761170.8533872924,761170.8533872923,2026-09-15 21:05:00+00:00,2026-09-15 17:05:00-04:00
1789506600000,356.6,356.6,356.21,356.26,4832.589738000001,1723033.2547453416,1723033.2547453415565674,2026-09-15 21:10:00+00:00,2026-09-15 17:10:00-04:00
1789506900000,356.2,356.2,356.03,356.1015,2611.0,945161.5089,945161.5089,2026-09-15 21:15:00+00:00,2026-09-15 17:15:00-04:00
1789507200000,356.1,356.2,355.88,355.91,2352.366069,833478.15755297,833478.15755297,2026-09-15 21:20:00+00:00,2026-09-15 17:20:00-04:00
1789507500000,355.95,356.0,355.75,355.8,3380.753524,1202605.5954138678,1202605.5954138678932579,2026-09-15 21:25:00+00:00,2026-09-15 17:25:00-04:00
1789507800000,355.77,356.0,355.57,355.7409,2719.674375,967703.7841984376,967703.7841984375,2026-09-15 21:30:00+00:00,2026-09-15 17:30:00-04:00
1789508100000,355.7495,355.99,355.72,355.99,2832.6041250000003,1008326.8600053252,1008326.8600053251067917,2026-09-15 21:35:00+00:00,2026-09-15 17:35:00-04:00
1789508400000,355.99,355.99,355.75,355.78,411.0,146251.2485,146251.2485,2026-09-15 21:40:00+00:00,2026-09-15 17:40:00-04:00
1789508700000,355.78,355.83,355.6,355.74,4927.0,1754891.2602,1754891.2602,2026-09-15 21:45:00+00:00,2026-09-15 17:45:00-04:00
1789509000000,355.74,355.7511,355.6148,355.731,390.408682,138868.56001376,138868.56001376,2026-09-15 21:50:00+00:00,2026-09-15 17:50:00-04:00
1789509300000,355.71,355.75,355.5912,355.7001,1330.430247,473236.9951590729,473236.9951590729,2026-09-15 21:55:00+00:00,2026-09-15 17:55:00-04:00
1789509600000,355.72,356.1,355.72,356.03,6109.469288,2174190.518635055,2174190.5186350552,2026-09-15 22:00:00+00:00,2026-09-15 18:00:00-04:00
1789509900000,356.03,356.1,355.8,356.0,949.255076,337944.349364754,337944.3493647539643984,2026-09-15 22:05:00+00:00,2026-09-15 18:05:00-04:00
1789510200000,355.91,355.91,355.7,355.72,662.351347,235663.3459381608,235663.3459381608106748,2026-09-15 22:10:00+00:00,2026-09-15 18:10:00-04:00
1789510500000,355.7178,356.0,355.7,355.8214,1381.0,491253.0674,491253.0674,2026-09-15 22:15:00+00:00,2026-09-15 18:15:00-04:00
1789510800000,356.0,356.0,355.75,355.94,902.908592,321315.8100407168,321315.8100407168,2026-09-15 22:20:00+00:00,2026-09-15 18:20:00-04:00
1789511100000,355.94,356.09,355.9,356.01,724.993953,258069.48599552287,258069.4859955229106779,2026-09-15 22:25:00+00:00,2026-09-15 18:25:00-04:00
1789511400000,356.0,356.4,356.0,356.1176,1086.056837,386769.7979231651,386769.7979231651,2026-09-15 22:30:00+00:00,2026-09-15 18:30:00-04:00
1789511700000,356.2,356.4907,356.13,356.29,821.291609,292595.7308930407,292595.7308930407,2026-09-15 22:35:00+00:00,2026-09-15 18:35:00-04:00
1789512000000,356.11,356.28,356.11,356.25,861.615088,306926.886307712,306926.886307712,2026-09-15 22:40:00+00:00,2026-09-15 18:40:00-04:00
1789512300000,356.25,356.2592,356.2,356.25,1929.0,687114.5369,687114.5369,2026-09-15 22:45:00+00:00,2026-09-15 18:45:00-04:00
1789512600000,356.2682,356.27,356.2,356.2053,1325.563042,472192.0881902164,472192.0881902164,2026-09-15 22:50:00+00:00,2026-09-15 18:50:00-04:00
1789512900000,356.2053,356.25,356.2,356.23,1186.67049,422672.54767575,422672.54767575,2026-09-15 22:55:00+00:00,2026-09-15 18:55:00-04:00
1789513200000,356.2288,356.23,356.1,356.2,1820.071959,648282.7844516519,648282.7844516519,2026-09-15 23:00:00+00:00,2026-09-15 19:00:00-04:00
1789513500000,356.16,356.23,356.07,356.08,630.161155,224404.645591354,224404.645591354,2026-09-15 23:05:00+00:00,2026-09-15 19:05:00-04:00
1789513800000,356.07,356.15,356.01,356.06,403.835104,143785.4246361504,143785.4246361504,2026-09-15 23:10:00+00:00,2026-09-15 19:10:00-04:00
1789514100000,356.04,356.1462,356.0,356.0919,199.0,70851.8307,70851.8307,2026-09-15 23:15:00+00:00,2026-09-15 19:15:00-04:00
1789514400000,356.0887,356.1,355.8,355.9598,1924.094226,684993.5776110478,684993.5776110478,2026-09-15 23:20:00+00:00,2026-09-15 19:20:00-04:00
1789514700000,355.97,356.0,355.8095,355.8095,1522.231093,541840.1807869549,541840.1807869549644065,2026-09-15 23:25:00+00:00,2026-09-15 19:25:00-04:00
1789515000000,355.88,356.0,355.77,355.8,1298.651636,462251.1956329628,462251.1956329628,2026-09-15 23:30:00+00:00,2026-09-15 19:30:00-04:00
1789515300000,355.8405,356.0,355.77,355.95,899.0,319928.3664,319928.3664,2026-09-15 23:35:00+00:00,2026-09-15 19:35:00-04:00
1789515600000,355.86,356.15,355.8,355.965,316.0,112488.7042,112488.7042,2026-09-15 23:40:00+00:00,2026-09-15 19:40:00-04:00
1789515900000,356.01,356.1288,355.8,355.8999,332.0,118164.3584,118164.3584,2026-09-15 23:45:00+00:00,2026-09-15 19:45:00-04:00
1789516200000,355.9,356.0,355.7597,355.77,1465.0,521416.7697,521416.7697,2026-09-15 23:50:00+00:00,2026-09-15 19:50:00-04:00
1789516500000,355.8653,356.13,355.76,355.88,2825.701511,1005476.9577158056,1005476.9577158057288344,2026-09-15 23:55:00+00:00,2026-09-15 19:55:00-04:00
1789516800000,355.84,356.69,355.84,356.37,1359.0,484118.72,484118.72,2026-09-16 00:00:00+00:00,2026-09-15 20:00:00-04:00
1789517100000,356.35,356.69,356.26,356.3,1113.0,396782.72,396782.72,2026-09-16 00:05:00+00:00,2026-09-15 20:05:00-04:00
1789517400000,356.23,356.67,356.15,356.67,392.0,139737.99,139737.99,2026-09-16 00:10:00+00:00,2026-09-15 20:10:00-04:00
1789517700000,356.53,356.68,356.53,356.57,683.0,243569.3,243569.3,2026-09-16 00:15:00+00:00,2026-09-15 20:15:00-04:00
1789518000000,356.63,356.63,356.39,356.4,400.0,142588.67,142588.67,2026-09-16 00:20:00+00:00,2026-09-15 20:20:00-04:00
1789518300000,356.38,356.52,356.27,356.5,394.0,140433.11,140433.11,2026-09-16 00:25:00+00:00,2026-09-15 20:25:00-04:00
1789518600000,356.48,356.5,356.34,356.34,198.0,70571.09,70571.09,2026-09-16 00:30:00+00:00,2026-09-15 20:30:00-04:00
1789518900000,356.28,356.48,356.28,356.37,362.0,129010.09,129010.09,2026-09-16 00:35:00+00:00,2026-09-15 20:35:00-04:00
1789519200000,356.38,356.41,356.27,356.27,179.0,63786.78,63786.78,2026-09-16 00:40:00+00:00,2026-09-15 20:40:00-04:00
1789519500000,356.29,356.49,356.2,356.47,424.0,151066.29,151066.29,2026-09-16 00:45:00+00:00,2026-09-15 20:45:00-04:00
1789519800000,356.38,356.44,356.37,356.37,113.0,40272.32,40272.32,2026-09-16 00:50:00+00:00,2026-09-15 20:50:00-04:00
1789520100000,356.32,356.37,356.18,356.27,947.0,337387.0,337387,2026-09-16 00:55:00+00:00,2026-09-15 20:55:00-04:00
1789520400000,356.36,356.5,356.27,356.32,541.0,192821.54,192821.54,2026-09-16 01:00:00+00:00,2026-09-15 21:00:00-04:00
1789520700000,356.25,356.27,356.02,356.02,636.0,226485.18,226485.18,2026-09-16 01:05:00+00:00,2026-09-15 21:05:00-04:00
1789521000000,356.02,356.57,356.0,356.57,1223.0,435546.9,435546.9,2026-09-16 01:10:00+00:00,2026-09-15 21:10:00-04:00
1789521300000,356.46,356.54,356.25,356.25,339.0,120801.55,120801.55,2026-09-16 01:15:00+00:00,2026-09-15 21:15:00-04:00
1789521600000,356.26,356.56,356.26,356.48,295.0,105150.97,105150.97,2026-09-16 01:20:00+00:00,2026-09-15 21:20:00-04:00
1789521900000,356.52,356.53,356.42,356.43,175.0,62377.88,62377.88,2026-09-16 01:25:00+00:00,2026-09-15 21:25:00-04:00
1789522200000,356.36,356.37,356.08,356.24,513.0,182739.43,182739.43,2026-09-16 01:30:00+00:00,2026-09-15 21:30:00-04:00
1789522500000,356.24,356.24,356.01,356.06,316.0,112529.87,112529.87,2026-09-16 01:35:00+00:00,2026-09-15 21:35:00-04:00
1789522800000,356.12,356.28,356.11,356.28,133.0,47376.63,47376.63,2026-09-16 01:40:00+00:00,2026-09-15 21:40:00-04:00
1789523100000,356.23,356.39,356.08,356.11,203.0,72308.13,72308.13,2026-09-16 01:45:00+00:00,2026-09-15 21:45:00-04:00
1789523400000,356.15,356.15,356.0,356.0,1460.0,519783.87,519783.87,2026-09-16 01:50:00+00:00,2026-09-15 21:50:00-04:00
1789523700000,356.0,356.06,355.93,355.99,728.0,259167.79,259167.79,2026-09-16 01:55:00+00:00,2026-09-15 21:55:00-04:00
1789524000000,356.01,356.37,356.01,356.29,293.0,104352.54,104352.54,2026-09-16 02:00:00+00:00,2026-09-15 22:00:00-04:00
1789524300000,356.2,356.23,356.02,356.23,342.0,121808.33,121808.33,2026-09-16 02:05:00+00:00,2026-09-15 22:05:00-04:00
1789524600000,356.22,356.29,355.99,355.99,897.0,319407.02,319407.02,2026-09-16 02:10:00+00:00,2026-09-15 22:10:00-04:00
1789524900000,356.04,356.14,355.97,356.09,745.0,265232.28,265232.28,2026-09-16 02:15:00+00:00,2026-09-15 22:15:00-04:00
1789525200000,356.0,356.13,355.98,356.11,350.0,124608.79,124608.79,2026-09-16 02:20:00+00:00,2026-09-15 22:20:00-04:00
1789525500000,356.17,356.24,356.14,356.21,576.0,205170.26,205170.26,2026-09-16 02:25:00+00:00,2026-09-15 22:25:00-04:00
1789525800000,356.21,356.29,356.16,356.27,498.0,177402.94,177402.94,2026-09-16 02:30:00+00:00,2026-09-15 22:30:00-04:00
1789526100000,356.27,356.35,356.26,356.29,890.0,317108.67,317108.67,2026-09-16 02:35:00+00:00,2026-09-15 22:35:00-04:00
1789526400000,356.27,356.27,356.17,356.2,156.0,55571.1,55571.1,2026-09-16 02:40:00+00:00,2026-09-15 22:40:00-04:00
1789526700000,356.22,356.29,356.16,356.27,247.0,87992.46,87992.46,2026-09-16 02:45:00+00:00,2026-09-15 22:45:00-04:00
1789527000000,356.32,356.41,356.31,356.39,335.0,119382.93,119382.93,2026-09-16 02:50:00+00:00,2026-09-15 22:50:00-04:00
1789527300000,356.36,356.47,356.35,356.42,205.0,73067.68,73067.68,2026-09-16 02:55:00+00:00,2026-09-15 22:55:00-04:00
1789527600000,356.48,356.71,356.48,356.7,2787.0,993895.89,993895.89,2026-09-16 03:00:00+00:00,2026-09-15 23:00:00-04:00
1789527900000,356.71,356.81,356.69,356.69,941.0,335710.37,335710.37,2026-09-16 03:05:00+00:00,2026-09-15 23:05:00-04:00
1789528200000,356.76,357.03,356.76,357.02,1532.0,546760.26,546760.26,2026-09-16 03:10:00+00:00,2026-09-15 23:10:00-04:00
1789528500000,356.99,357.2,356.99,357.15,353.0,126050.31,126050.31,2026-09-16 03:15:00+00:00,2026-09-15 23:15:00-04:00
1789528800000,357.09,357.3,357.0,357.21,1518.0,542230.41,542230.41,2026-09-16 03:20:00+00:00,2026-09-15 23:20:00-04:00
1789529100000,357.23,357.36,356.85,356.85,690.0,246428.56,246428.56,2026-09-16 03:25:00+00:00,2026-09-15 23:25:00-04:00
1789529400000,356.91,357.04,356.85,356.96,976.0,348356.99,348356.99,2026-09-16 03:30:00+00:00,2026-09-15 23:30:00-04:00
1789529700000,356.91,356.96,356.69,356.85,807.0,287936.97,287936.97,2026-09-16 03:35:00+00:00,2026-09-15 23:35:00-04:00
1789530000000,356.85,356.93,356.68,356.93,258.0,92061.48,92061.48,2026-09-16 03:40:00+00:00,2026-09-15 23:40:00-04:00
1789530300000,356.93,357.08,356.93,357.06,132.0,47121.76,47121.76,2026-09-16 03:45:00+00:00,2026-09-15 23:45:00-04:00
1789530600000,357.06,357.17,357.0,357.06,497.0,177465.12,177465.12,2026-09-16 03:50:00+00:00,2026-09-15 23:50:00-04:00
1789530900000,357.0,357.14,356.96,357.1,392.0,139961.78,139961.78,2026-09-16 03:55:00+00:00,2026-09-15 23:55:00-04:00
1789531200000,357.13,357.3,357.1,357.29,317.0,113232.19,113232.19,2026-09-16 04:00:00+00:00,2026-09-16 00:00:00-04:00
1789531500000,357.22,357.22,357.04,357.12,198.0,70713.45,70713.45,2026-09-16 04:05:00+00:00,2026-09-16 00:05:00-04:00
1789531800000,357.15,357.16,357.08,357.1,206.0,73565.03,73565.03,2026-09-16 04:10:00+00:00,2026-09-16 00:10:00-04:00
1789532100000,357.08,357.11,356.91,356.95,1027.0,366625.05,366625.05,2026-09-16 04:15:00+00:00,2026-09-16 00:15:00-04:00
1789532400000,356.95,357.47,356.94,357.36,1284.0,458735.75,458735.75,2026-09-16 04:20:00+00:00,2026-09-16 00:20:00-04:00
1789532700000,357.35,357.35,357.2,357.3,899.0,321226.57,321226.57,2026-09-16 04:25:00+00:00,2026-09-16 00:25:00-04:00
1789533000000,357.31,357.31,356.99,357.08,162.0,57850.23,57850.23,2026-09-16 04:30:00+00:00,2026-09-16 00:30:00-04:00
1789533300000,357.01,357.06,356.95,356.96,928.0,331291.22,331291.22,2026-09-16 04:35:00+00:00,2026-09-16 00:35:00-04:00
1789533600000,356.97,357.06,356.9,356.94,380.0,135642.44,135642.44,2026-09-16 04:40:00+00:00,2026-09-16 00:40:00-04:00
1789533900000,357.05,357.14,356.96,357.09,510.0,182089.96,182089.96,2026-09-16 04:45:00+00:00,2026-09-16 00:45:00-04:00
1789534200000,357.07,357.07,356.88,356.89,626.0,223470.79,223470.79,2026-09-16 04:50:00+00:00,2026-09-16 00:50:00-04:00
1789534500000,356.83,356.83,356.71,356.8,562.0,200510.59,200510.59,2026-09-16 04:55:00+00:00,2026-09-16 00:55:00-04:00
1789534800000,356.8,356.81,356.54,356.8,578.0,206145.69,206145.69,2026-09-16 05:00:00+00:00,2026-09-16 01:00:00-04:00
1789535100000,356.78,357.0,356.74,356.83,404.0,144186.75,144186.75,2026-09-16 05:05:00+00:00,2026-09-16 01:05:00-04:00
1789535400000,356.84,356.92,356.83,356.89,125.0,44605.51,44605.51,2026-09-16 05:10:00+00:00,2026-09-16 01:10:00-04:00
1789535700000,356.96,357.01,356.91,357.01,1880.0,671157.44,671157.44,2026-09-16 05:15:00+00:00,2026-09-16 01:15:00-04:00
1789536000000,357.01,357.09,356.98,357.01,927.0,330975.9,330975.9,2026-09-16 05:20:00+00:00,2026-09-16 01:20:00-04:00
1789536300000,357.05,357.15,356.97,357.14,682.0,243520.74,243520.74,2026-09-16 05:25:00+00:00,2026-09-16 01:25:00-04:00
1789536600000,357.06,357.15,357.06,357.14,48.0,17142.53,17142.53,2026-09-16 05:30:00+00:00,2026-09-16 01:30:00-04:00
1789536900000,357.1,357.3,357.1,357.3,235.0,83937.64,83937.64,2026-09-16 05:35:00+00:00,2026-09-16 01:35:00-04:00
1789537200000,357.23,357.34,357.22,357.34,1100.0,393013.39,393013.39,2026-09-16 05:40:00+00:00,2026-09-16 01:40:00-04:00
1789537500000,357.35,357.45,357.2,357.2,590.0,210827.88,210827.88,2026-09-16 05:45:00+00:00,2026-09-16 01:45:00-04:00
1789537800000,357.13,357.23,357.1,357.2,161.0,57502.01,57502.01,2026-09-16 05:50:00+00:00,2026-09-16 01:50:00-04:00
1789538100000,357.29,357.39,357.24,357.26,215.0,76822.19,76822.19,2026-09-16 05:55:00+00:00,2026-09-16 01:55:00-04:00
1789538400000,357.4,357.45,357.18,357.3,827.0,295489.05,295489.05,2026-09-16 06:00:00+00:00,2026-09-16 02:00:00-04:00
1789538700000,357.33,357.6,357.31,357.57,1121.0,400740.71,400740.71,2026-09-16 06:05:00+00:00,2026-09-16 02:05:00-04:00
1789539000000,357.56,357.65,357.52,357.57,1518.0,542835.88,542835.88,2026-09-16 06:10:00+00:00,2026-09-16 02:10:00-04:00
1789539300000,357.47,357.55,357.31,357.47,2464.0,880575.16,880575.16,2026-09-16 06:15:00+00:00,2026-09-16 02:15:00-04:00
1789539600000,357.5,357.68,357.4,357.42,1402.0,501360.43,501360.43,2026-09-16 06:20:00+00:00,2026-09-16 02:20:00-04:00
1789539900000,357.49,357.53,357.33,357.5,977.0,349217.27,349217.27,2026-09-16 06:25:00+00:00,2026-09-16 02:25:00-04:00
1789540200000,357.41,357.5,357.34,357.37,184.0,65756.64,65756.64,2026-09-16 06:30:00+00:00,2026-09-16 02:30:00-04:00
1789540500000,357.38,357.5,357.35,357.5,285.0,101864.05,101864.05,2026-09-16 06:35:00+00:00,2026-09-16 02:35:00-04:00
1789540800000,357.44,357.51,357.34,357.51,164.0,58619.28,58619.28,2026-09-16 06:40:00+00:00,2026-09-16 02:40:00-04:00
1789541100000,357.52,357.56,357.36,357.45,119.0,42535.94,42535.94,2026-09-16 06:45:00+00:00,2026-09-16 02:45:00-04:00
1789541400000,357.52,357.55,357.41,357.41,651.0,232724.16,232724.16,2026-09-16 06:50:00+00:00,2026-09-16 02:50:00-04:00
1789541700000,357.45,357.59,357.36,357.49,530.0,189465.47,189465.47,2026-09-16 06:55:00+00:00,2026-09-16 02:55:00-04:00
1789542000000,357.53,357.75,357.48,357.64,2249.0,804337.24,804337.24,2026-09-16 07:00:00+00:00,2026-09-16 03:00:00-04:00
1789542300000,357.64,358.32,357.64,358.28,4318.0,1545748.16,1545748.16,2026-09-16 07:05:00+00:00,2026-09-16 03:05:00-04:00
1789542600000,358.25,358.28,357.99,358.01,3206.0,1148133.02,1148133.02,2026-09-16 07:10:00+00:00,2026-09-16 03:10:00-04:00
1789542900000,358.06,358.2,357.66,357.84,2124.0,760330.88,760330.88,2026-09-16 07:15:00+00:00,2026-09-16 03:15:00-04:00
1789543200000,357.85,358.23,357.85,358.06,2651.0,949285.91,949285.91,2026-09-16 07:20:00+00:00,2026-09-16 03:20:00-04:00
1789543500000,358.04,358.19,358.04,358.12,247.0,88452.02,88452.02,2026-09-16 07:25:00+00:00,2026-09-16 03:25:00-04:00
1789543800000,358.15,358.27,358.12,358.19,944.0,338166.13,338166.13,2026-09-16 07:30:00+00:00,2026-09-16 03:30:00-04:00
1789544100000,358.25,358.29,358.04,358.05,926.0,331629.1,331629.1,2026-09-16 07:35:00+00:00,2026-09-16 03:35:00-04:00
1789544400000,358.12,358.12,357.85,357.85,2164.0,774742.09,774742.09,2026-09-16 07:40:00+00:00,2026-09-16 03:40:00-04:00
1789544700000,357.85,358.05,357.85,357.96,948.0,339345.09,339345.09,2026-09-16 07:45:00+00:00,2026-09-16 03:45:00-04:00
1789545000000,357.94,357.94,357.74,357.74,390.0,139587.32,139587.32,2026-09-16 07:50:00+00:00,2026-09-16 03:50:00-04:00
1789545300000,357.79,357.99,357.79,357.84,518.0,185400.21,185400.21,2026-09-16 07:55:00+00:00,2026-09-16 03:55:00-04:00
1789545600000,357.32,358.5,356.53,357.76,12679.0,4533151.9933,4533151.9933,2026-09-16 08:00:00+00:00,2026-09-16 04:00:00-04:00
1789545900000,357.76,358.28,356.54,357.63,1056.0,377602.1055,377602.1055,2026-09-16 08:05:00+00:00,2026-09-16 04:05:00-04:00
1789546200000,357.31,357.45,357.11,357.32,292.0,104342.422,104342.422,2026-09-16 08:10:00+00:00,2026-09-16 04:10:00-04:00
1789546500000,357.3,357.42,357.07,357.2,275.0,98247.0187,98247.0187,2026-09-16 08:15:00+00:00,2026-09-16 04:15:00-04:00
1789546800000,357.2,357.3915,356.808,357.15,790.0,282086.5451,282086.5451,2026-09-16 08:20:00+00:00,2026-09-16 04:20:00-04:00
1789547100000,357.01,357.01,356.5,356.9925,3400.442131,1213237.30472298,1213237.3047229799,2026-09-16 08:25:00+00:00,2026-09-16 04:25:00-04:00
1789547400000,356.9669,357.189,356.7212,357.15,1770.0,631698.7512,631698.7512,2026-09-16 08:30:00+00:00,2026-09-16 04:30:00-04:00
1789547700000,356.8662,357.1844,356.7212,356.77,1160.0,413957.5719,413957.5719,2026-09-16 08:35:00+00:00,2026-09-16 04:35:00-04:00
1789548000000,356.7395,356.9572,356.59,356.9,1364.542431,486865.3743258711,486865.3743258710643212,2026-09-16 08:40:00+00:00,2026-09-16 04:40:00-04:00
1789548300000,357.0,357.0972,356.8562,356.99,1392.936447,497222.2368401859,497222.2368401859,2026-09-16 08:45:00+00:00,2026-09-16 04:45:00-04:00
1789548600000,356.95,357.3412,356.95,357.16,694.104423,247859.7468858903,247859.7468858903,2026-09-16 08:50:00+00:00,2026-09-16 04:50:00-04:00
1789548900000,357.13,357.4988,357.12,357.4988,283.08446,101150.509526856,101150.509526856,2026-09-16 08:55:00+00:00,2026-09-16 04:55:00-04:00
1789549200000,357.43,357.465,357.1483,357.1483,1815.041786,648553.2711454154,648553.2711454154,2026-09-16 09:00:00+00:00,2026-09-16 05:00:00-04:00
1789549500000,357.18,357.45,357.0712,357.45,2009.346168,718001.584884524,718001.584884524,2026-09-16 09:05:00+00:00,2026-09-16 05:05:00-04:00
1789549800000,357.19,357.4195,357.05,357.25,416.0,148619.8224,148619.8224,2026-09-16 09:10:00+00:00,2026-09-16 05:10:00-04:00
1789550100000,357.4497,357.4497,357.0065,357.32,421.0,150383.8292,150383.8292,2026-09-16 09:15:00+00:00,2026-09-16 05:15:00-04:00
1789550400000,357.07,357.3435,356.95,356.95,1169.0,417509.6298,417509.6298,2026-09-16 09:20:00+00:00,2026-09-16 05:20:00-04:00
1789550700000,356.94,357.2177,356.61,356.88,3225.282598,1150653.5903234608,1150653.5903234608,2026-09-16 09:25:00+00:00,2026-09-16 05:25:00-04:00
1789551000000,356.9735,357.242,356.88,357.03,253.304568,90419.7167313536,90419.7167313536,2026-09-16 09:30:00+00:00,2026-09-16 05:30:00-04:00
1789551300000,357.13,357.3205,356.95,357.19,175.0,62487.8254,62487.8254,2026-09-16 09:35:00+00:00,2026-09-16 05:35:00-04:00
1789551600000,357.1194,357.42,356.6575,357.08,6024.752920999999,2151644.623161712,2151644.6231617119428837,2026-09-16 09:40:00+00:00,2026-09-16 05:40:00-04:00
1789551900000,357.08,357.3688,356.7817,356.8727,246.0,87850.4712,87850.4712,2026-09-16 09:45:00+00:00,2026-09-16 05:45:00-04:00
1789552200000,357.0,357.35,357.0,357.0,108.0,38575.205,38575.205,2026-09-16 09:50:00+00:00,2026-09-16 05:50:00-04:00
1789552500000,357.1,357.4172,357.1,357.4,868.003357,310106.4562422205,310106.4562422205,2026-09-16 09:55:00+00:00,2026-09-16 05:55:00-04:00
1789552800000,357.4,357.4,356.7316,356.78,1206.407615,430932.089891452,430932.0898914520357265,2026-09-16 10:00:00+00:00,2026-09-16 06:00:00-04:00
1789553100000,356.86,357.0988,356.5,357.011,5263.329807,1877528.1664242907,1877528.1664242909,2026-09-16 10:05:00+00:00,2026-09-16 06:05:00-04:00
1789553400000,357.09,357.1948,356.9512,357.1632,707.2,252548.42028,252548.42028,2026-09-16 10:10:00+00:00,2026-09-16 06:10:00-04:00
1789553700000,356.9012,357.1,356.8692,356.9,183.0,65323.968,65323.968,2026-09-16 10:15:00+00:00,2026-09-16 06:15:00-04:00
1789554000000,356.93,357.1025,356.9,357.1,860.044185,307022.659556675,307022.659556675,2026-09-16 10:20:00+00:00,2026-09-16 06:20:00-04:00
1789554300000,357.05,357.1488,356.9294,357.0853,1258.01,449138.606499,449138.606499,2026-09-16 10:25:00+00:00,2026-09-16 06:25:00-04:00
1789554600000,357.09,357.15,356.8912,357.11,251.0,89618.3315,89618.3315,2026-09-16 10:30:00+00:00,2026-09-16 06:30:00-04:00
1789554900000,357.11,357.12,356.89,357.01,1187.915938,424094.7804439412,424094.7804439412,2026-09-16 10:35:00+00:00,2026-09-16 06:35:00-04:00
1789555200000,357.04,357.26,357.04,357.0412,472.198959,168593.197728647,168593.197728647,2026-09-16 10:40:00+00:00,2026-09-16 06:40:00-04:00
1789555500000,357.2988,357.2988,356.9,356.9667,1098.0,392054.5215,392054.5215,2026-09-16 10:45:00+00:00,2026-09-16 06:45:00-04:00
1789555800000,357.0,357.1517,356.8912,356.9745,1296.0,462695.0797,462695.0797,2026-09-16 10:50:00+00:00,2026-09-16 06:50:00-04:00
1789556100000,357.1455,357.51,356.9745,357.5,564.028306,201465.8681554856,201465.8681554856,2026-09-16 10:55:00+00:00,2026-09-16 06:55:00-04:00
1789556400000,357.565,358.0,357.3485,357.7898,9429.060896,3371924.758832349,3371924.7588323488,2026-09-16 11:00:00+00:00,2026-09-16 07:00:00-04:00
1789556700000,357.81,357.81,357.36,357.59,8273.26027,2958511.983795838,2958511.983795838,2026-09-16 11:05:00+00:00,2026-09-16 07:05:00-04:00
1789557000000,357.366,357.639,357.23,357.35,2123.427771,759038.9546899669,759038.95468996693574639,2026-09-16 11:10:00+00:00,2026-09-16 07:10:00-04:00
1789557300000,357.35,357.5,357.0087,357.3514,990.0,353662.1183,353662.1183,2026-09-16 11:15:00+00:00,2026-09-16 07:15:00-04:00
1789557600000,357.4,357.44,357.13,357.2805,2039.123325,728551.804489795,728551.804489795,2026-09-16 11:20:00+00:00,2026-09-16 07:20:00-04:00
1789557900000,357.2312,357.4,357.1,357.1504,3163.697097,1130214.0916940456,1130214.0916940455,2026-09-16 11:25:00+00:00,2026-09-16 07:25:00-04:00
1789558200000,357.23,357.48,357.1514,357.3,3225.0,1152359.869,1152359.869,2026-09-16 11:30:00+00:00,2026-09-16 07:30:00-04:00
1789558500000,357.25,357.49,357.05,357.37,9165.226607,3274161.197948716,3274161.1979487158,2026-09-16 11:35:00+00:00,2026-09-16 07:35:00-04:00
1789558800000,357.3,358.0,357.08,357.66,9706.0,3470167.7865,3470167.7865,2026-09-16 11:40:00+00:00,2026-09-16 07:40:00-04:00
1789559100000,357.6893,357.9,357.5,357.8,2534.0,906350.1189,906350.1189,2026-09-16 11:45:00+00:00,2026-09-16 07:45:00-04:00
1789559400000,357.5404,357.8,357.3063,357.742,814.0,291036.8332,291036.8332,2026-09-16 11:50:00+00:00,2026-09-16 07:50:00-04:00
1789559700000,357.74,357.91,357.55,357.85,974.715766,348735.3310805058,348735.3310805058,2026-09-16 11:55:00+00:00,2026-09-16 07:55:00-04:00
1789560000000,357.8,358.1,357.6,357.88,9294.380098,3325928.931560653,3325928.9315606532,2026-09-16 12:00:00+00:00,2026-09-16 08:00:00-04:00
1789560300000,357.85,358.2376,357.766,358.2376,1994.0,714052.0884,714052.0884,2026-09-16 12:05:00+00:00,2026-09-16 08:05:00-04:00
1789560600000,358.25,358.39,358.0663,358.09,4101.546904,1469379.1992741297,1469379.19927412970748022,2026-09-16 12:10:00+00:00,2026-09-16 08:10:00-04:00
1789560900000,358.07,358.4,358.0,358.0,7105.886501,2545116.1927935258,2545116.1927935259,2026-09-16 12:15:00+00:00,2026-09-16 08:15:00-04:00
1789561200000,358.0501,358.36,358.0089,358.12,4731.994183,1694864.9327477964,1694864.9327477963,2026-09-16 12:20:00+00:00,2026-09-16 08:20:00-04:00
1789561500000,358.1896,358.3,357.9684,358.3,7911.0,2833420.4357,2833420.4357,2026-09-16 12:25:00+00:00,2026-09-16 08:25:00-04:00
1789561800000,358.175,358.37,357.75,358.1717,3506.0,1255233.8502,1255233.8502,2026-09-16 12:30:00+00:00,2026-09-16 08:30:00-04:00
1789562100000,357.91,358.0,357.58,357.78,3283.376666,1174565.3101893887,1174565.3101893888,2026-09-16 12:35:00+00:00,2026-09-16 08:35:00-04:00
1789562400000,357.7543,357.8121,356.95,357.02,9830.712014,3514971.2978424346,3514971.2978424347576596,2026-09-16 12:40:00+00:00,2026-09-16 08:40:00-04:00
1789562700000,357.02,357.45,356.9,357.38,8368.977185000002,2988267.1466993014,2988267.1466993013570546,2026-09-16 12:45:00+00:00,2026-09-16 08:45:00-04:00
1789563000000,357.4,357.5,357.22,357.47,15249.152221,5450115.534000839,5450115.5340008387,2026-09-16 12:50:00+00:00,2026-09-16 08:50:00-04:00
1789563300000,357.4,357.57,357.32,357.45,841.0,300597.2606,300597.2606,2026-09-16 12:55:00+00:00,2026-09-16 08:55:00-04:00
1789563600000,357.584,357.584,357.0,357.0862,3912.0,1396988.26,1396988.26,2026-09-16 13:00:00+00:00,2026-09-16 09:00:00-04:00
1789563900000,357.0975,357.4988,357.0,357.42,1592.797763,568853.85967915,568853.85967915,2026-09-16 13:05:00+00:00,2026-09-16 09:05:00-04:00
1789564200000,357.435,357.8,357.25,357.65,3609.440449,1290192.902992596,1290192.90299259599277733,2026-09-16 13:10:00+00:00,2026-09-16 09:10:00-04:00
1789564500000,357.7,357.7988,357.4,357.7076,5806.6062600000005,2076843.520778614,2076843.52077861417883695,2026-09-16 13:15:00+00:00,2026-09-16 09:15:00-04:00
1789564800000,357.7101,358.62,357.6038,358.39,31688.004134,11352342.123119555,11352342.1231195556,2026-09-16 13:20:00+00:00,2026-09-16 09:20:00-04:00
1789565100000,358.2,358.27,357.411,357.96,3225.0,1153745.0419,1153745.0419,2026-09-16 13:25:00+00:00,2026-09-16 09:25:00-04:00
1789565400000,357.92,358.5799,354.8913,357.535,995690.0,355732625.8734,355732625.8734,2026-09-16 13:30:00+00:00,2026-09-16 09:30:00-04:00
1789565700000,357.496,358.5,356.6,357.8,760679.0,271890123.8287,271890123.8287,2026-09-16 13:35:00+00:00,2026-09-16 09:35:00-04:00
1789566000000,357.75,359.49,357.63,359.29,846941.0,303647219.1695,303647219.1695,2026-09-16 13:40:00+00:00,2026-09-16 09:40:00-04:00
1789566300000,359.2618,360.2,358.77,359.995,1053980.0,378865632.0443,378865632.0443,2026-09-16 13:45:00+00:00,2026-09-16 09:45:00-04:00
1789566600000,359.97,361.19,359.7101,360.315,918846.0,331082740.0604,331082740.0604,2026-09-16 13:50:00+00:00,2026-09-16 09:50:00-04:00
1789566900000,360.2946,360.77,359.0,359.34,580283.0,208802184.6222,208802184.6222,2026-09-16 13:55:00+00:00,2026-09-16 09:55:00-04:00
1789567200000,359.31,361.3,359.27,361.1399,587219.0,211596967.8213,211596967.8213,2026-09-16 14:00:00+00:00,2026-09-16 10:00:00-04:00
1789567500000,361.14,361.16,360.18,360.28,507191.0,182959104.3783,182959104.3783,2026-09-16 14:05:00+00:00,2026-09-16 10:05:00-04:00
1789567800000,360.24,363.7,359.98,363.44,1443545.0,522946699.8556,522946699.8556,2026-09-16 14:10:00+00:00,2026-09-16 10:10:00-04:00
1789568100000,363.445,364.21,362.2,362.6001,949274.0,344963187.6061,344963187.6061,2026-09-16 14:15:00+00:00,2026-09-16 10:15:00-04:00
1789568400000,362.7699,364.2999,361.9,363.812,904314.0,328019291.1203,328019291.1203,2026-09-16 14:20:00+00:00,2026-09-16 10:20:00-04:00
1789568700000,363.85,364.44,363.1,363.505,580860.0,211446083.738,211446083.738,2026-09-16 14:25:00+00:00,2026-09-16 10:25:00-04:00
1789569000000,363.505,364.15,363.01,363.44,430253.0,156456619.4099,156456619.4099,2026-09-16 14:30:00+00:00,2026-09-16 10:30:00-04:00
1789569300000,363.3729,363.7299,362.24,362.6458,451863.0,163979671.6632,163979671.6632,2026-09-16 14:35:00+00:00,2026-09-16 10:35:00-04:00
1789569600000,362.59,363.93,362.49,363.74,337447.0,122596252.2045,122596252.2045,2026-09-16 14:40:00+00:00,2026-09-16 10:40:00-04:00
1789569900000,363.722,363.8999,363.0001,363.26,309317.0,112442233.5358,112442233.5358,2026-09-16 14:45:00+00:00,2026-09-16 10:45:00-04:00
1789570200000,363.12,363.8863,362.61,363.725,345111.0,125365386.2657,125365386.2657,2026-09-16 14:50:00+00:00,2026-09-16 10:50:00-04:00
1789570500000,363.675,363.98,362.9819,363.835,329147.0,119625903.1875,119625903.1875,2026-09-16 14:55:00+00:00,2026-09-16 10:55:00-04:00
1789570800000,363.835,365.0499,363.835,364.5951,812725.0,296312224.1575,296312224.1575,2026-09-16 15:00:00+00:00,2026-09-16 11:00:00-04:00
1789571100000,364.595,364.969,363.6125,364.01,418395.0,152332877.9219,152332877.9219,2026-09-16 15:05:00+00:00,2026-09-16 11:05:00-04:00
1789571400000,364.045,364.5999,363.95,364.32,173840.0,63325987.4162,63325987.4162,2026-09-16 15:10:00+00:00,2026-09-16 11:10:00-04:00
1789571700000,364.3465,364.47,363.2542,363.6,418444.0,152203268.0554,152203268.0554,2026-09-16 15:15:00+00:00,2026-09-16 11:15:00-04:00
1789572000000,363.58,363.95,363.4,363.43,183365.0,66683341.8862,66683341.8862,2026-09-16 15:20:00+00:00,2026-09-16 11:20:00-04:00
