ts,open,high,low,close,adjclose,volume,dt
1474032600,213.47999572753906,213.69000244140625,212.57000732421875,213.3699951171875,182.66946411132812,155236400,2016-09-16 13:30:00
1474291800,214.1300048828125,214.8800048828125,213.02999877929688,213.41000366210938,182.70370483398438,80250500,2016-09-19 13:30:00
1474378200,214.41000366210938,214.58999633789062,213.3800048828125,213.4199981689453,182.71229553222656,69665300,2016-09-20 13:30:00
1474464600,214.24000549316406,216.02999877929688,213.44000244140625,215.82000732421875,184.7669677734375,110284400,2016-09-21 13:30:00
1474551000,217.0,217.52999877929688,216.7100067138672,217.17999267578125,185.9312744140625,76678700,2016-09-22 13:30:00
1474637400,216.72000122070312,216.8800048828125,215.8800048828125,215.99000549316406,184.91244506835938,73630900,2016-09-23 13:30:00
1474896600,215.02000427246094,215.22999572753906,214.00999450683594,214.24000549316406,183.41429138183594,89827300,2016-09-26 13:30:00
1474983000,214.0500030517578,215.67999267578125,213.6199951171875,215.57000732421875,184.55294799804688,78494800,2016-09-27 13:30:00
1475069400,215.8300018310547,216.82000732421875,214.7100067138672,216.63999938964844,185.46896362304688,87411000,2016-09-28 13:30:00
1475155800,216.39999389648438,216.8699951171875,214.0399932861328,214.67999267578125,183.79095458984375,128070600,2016-09-29 13:30:00
1475242200,215.64999389648438,217.1199951171875,215.36000061035156,216.3000030517578,185.17787170410156,117202900,2016-09-30 13:30:00
1475501400,215.82000732421875,216.0399932861328,215.0399932861328,215.77999877929688,184.73272705078125,83512100,2016-10-03 13:30:00
1475587800,215.91000366210938,216.1699981689453,213.99000549316406,214.67999267578125,183.79095458984375,119948100,2016-10-04 13:30:00
1475674200,215.41000366210938,216.1300048828125,215.3300018310547,215.6300048828125,184.6043243408203,72816000,2016-10-05 13:30:00
1475760600,215.3699951171875,216.0399932861328,214.74000549316406,215.77999877929688,184.73272705078125,62927400,2016-10-06 13:30:00
1475847000,216.10000610351562,216.3000030517578,214.19000244140625,215.0399932861328,184.09915161132812,89788300,2016-10-07 13:30:00
1476106200,216.16000366210938,216.6999969482422,215.99000549316406,216.16000366210938,185.0580596923828,51855000,2016-10-10 13:30:00
1476192600,215.66000366210938,215.74000549316406,212.5800018310547,213.42999267578125,182.72080993652344,130367400,2016-10-11 13:30:00
1476279000,213.58999633789062,214.32000732421875,213.00999450683594,213.7100067138672,182.96060180664062,73866100,2016-10-12 13:30:00
1476365400,212.16000366210938,213.58999633789062,211.2100067138672,213.00999450683594,182.3612823486328,101357000,2016-10-13 13:30:00
1476451800,214.14999389648438,214.69000244140625,213.02999877929688,213.1199951171875,182.45547485351562,93346200,2016-10-14 13:30:00
1476711000,213.08999633789062,213.38999938964844,212.1699981689453,212.3800048828125,181.8219451904297,58275700,2016-10-17 13:30:00
1476797400,214.24000549316406,214.30999755859375,213.27000427246094,213.7100067138672,182.96060180664062,76869700,2016-10-18 13:30:00
1476883800,214.02000427246094,214.63999938964844,213.60000610351562,214.27999877929688,183.44851684570312,66519200,2016-10-19 13:30:00
1476970200,213.8699951171875,214.52999877929688,213.11000061035156,213.8800048828125,183.1061248779297,73639800,2016-10-20 13:30:00
1477056600,213.8800048828125,214.0800018310547,212.75999450683594,213.97999572753906,183.19168090820312,89089100,2016-10-21 13:30:00
1477315800,215.0,215.32000732421875,214.47999572753906,214.88999938964844,183.9707794189453,60146600,2016-10-24 13:30:00
1477402200,214.67999267578125,214.97999572753906,213.97999572753906,214.1699981689453,183.3543701171875,66542300,2016-10-25 13:30:00
1477488600,213.2100067138672,214.4199981689453,212.92999267578125,213.74000549316406,182.98623657226562,75705500,2016-10-26 13:30:00
1477575000,214.5800018310547,214.6199951171875,213.0800018310547,213.1699981689453,182.49826049804688,77220200,2016-10-27 13:30:00
1477661400,213.13999938964844,213.92999267578125,211.7100067138672,212.5399932861328,181.95887756347656,140623200,2016-10-28 13:30:00
1477920600,212.92999267578125,213.19000244140625,212.36000061035156,212.5500030517578,181.96751403808594,61272500,2016-10-31 13:30:00
1478007000,212.92999267578125,212.99000549316406,209.60000610351562,211.00999450683594,180.64901733398438,122781800,2016-11-01 13:30:00
1478093400,210.64999389648438,211.10000610351562,209.22999572753906,209.74000549316406,179.56173706054688,103330800,2016-11-02 13:30:00
1478179800,209.99000549316406,210.24000549316406,208.4600067138672,208.77999877929688,178.7398681640625,88939300,2016-11-03 13:30:00
1478266200,208.91000366210938,209.88999938964844,208.3800048828125,208.5500030517578,178.5430908203125,109122100,2016-11-04 13:30:00
1478529000,208.5500030517578,213.19000244140625,208.5500030517578,213.14999389648438,182.48109436035156,109794900,2016-11-07 14:30:00
1478615400,212.69000244140625,214.77000427246094,212.3800048828125,214.11000061035156,183.30300903320312,106772100,2016-11-08 14:30:00
1478701800,212.3699951171875,217.10000610351562,212.33999633789062,216.3800048828125,185.24635314941406,258429000,2016-11-09 14:30:00
1478788200,217.3000030517578,218.30999755859375,215.22000122070312,216.9199981689453,185.7086944580078,172113300,2016-11-10 14:30:00
1478874600,216.0800018310547,216.6999969482422,215.32000732421875,216.4199981689453,185.28065490722656,100552700,2016-11-11 14:30:00
1479133800,217.02999877929688,217.27000427246094,215.72000122070312,216.58999633789062,185.42611694335938,94580000,2016-11-14 14:30:00
1479220200,217.0399932861328,218.27999877929688,216.8000030517578,218.27999877929688,186.8729705810547,91652600,2016-11-15 14:30:00
1479306600,217.55999755859375,218.13999938964844,217.4199981689453,217.8699951171875,186.52195739746094,65617700,2016-11-16 14:30:00
1479393000,218.0500030517578,219.05999755859375,217.9199981689453,218.99000549316406,187.4808807373047,69797200,2016-11-17 14:30:00
1479479400,219.07000732421875,219.27000427246094,218.2899932861328,218.5,187.06134033203125,86265800,2016-11-18 14:30:00
1479738600,219.1699981689453,220.17999267578125,219.0,220.14999389648438,188.4739227294922,72402600,2016-11-21 14:30:00
1479825000,220.50999450683594,220.7899932861328,219.72999572753906,220.5800018310547,188.842041015625,67429000,2016-11-22 14:30:00
1479911400,219.97999572753906,220.75999450683594,219.75,220.6999969482422,188.94480895996094,56620200,2016-11-23 14:30:00
1480084200,221.10000610351562,221.55999755859375,221.00999450683594,221.52000427246094,189.64682006835938,37872300,2016-11-25 14:30:00
1480343400,221.16000366210938,221.47999572753906,220.36000061035156,220.47999572753906,188.7565155029297,76572500,2016-11-28 14:30:00
1480429800,220.52000427246094,221.44000244140625,220.1699981689453,220.91000366210938,189.1245880126953,69886700,2016-11-29 14:30:00
1480516200,221.6300048828125,221.82000732421875,220.30999755859375,220.3800048828125,188.6708221435547,113291800,2016-11-30 14:30:00
1480602600,220.72999572753906,220.72999572753906,219.14999389648438,219.57000732421875,187.97740173339844,79040500,2016-12-01 14:30:00
1480689000,219.6699981689453,220.25,219.25999450683594,219.67999267578125,188.07156372070312,74840300,2016-12-02 14:30:00
1480948200,220.64999389648438,221.39999389648438,220.4199981689453,221.0,189.2016143798828,67837800,2016-12-05 14:30:00
1481034600,221.22000122070312,221.74000549316406,220.66000366210938,221.6999969482422,189.80088806152344,59877400,2016-12-06 14:30:00
1481121000,221.52000427246094,224.6699981689453,221.3800048828125,224.60000610351562,192.28369140625,110738100,2016-12-07 14:30:00
1481207400,224.57000732421875,225.6999969482422,224.25999450683594,225.14999389648438,192.75453186035156,99714400,2016-12-08 14:30:00
1481293800,225.41000366210938,226.52999877929688,225.3699951171875,226.50999450683594,193.91891479492188,88005800,2016-12-09 14:30:00
1481553000,226.39999389648438,226.9600067138672,225.75999450683594,226.25,193.6962890625,102016100,2016-12-12 14:30:00
1481639400,227.02000427246094,228.33999633789062,227.0,227.75999450683594,194.989013671875,110477500,2016-12-13 14:30:00
1481725800,227.41000366210938,228.22999572753906,225.3699951171875,225.8800048828125,193.37948608398438,142501800,2016-12-14 14:30:00
1481812200,226.16000366210938,227.80999755859375,225.88999938964844,226.80999755859375,194.1756591796875,124972600,2016-12-15 14:30:00
1481898600,226.00999450683594,226.0800018310547,224.6699981689453,225.0399932861328,193.79588317871094,156420200,2016-12-16 14:30:00
1482157800,225.25,226.02000427246094,225.0800018310547,225.52999877929688,194.21786499023438,90341100,2016-12-19 14:30:00
1482244200,226.14999389648438,226.57000732421875,225.8800048828125,226.39999389648438,194.96707153320312,89838800,2016-12-20 14:30:00
1482330600,226.25,226.4499969482422,225.77000427246094,225.77000427246094,194.42459106445312,67909000,2016-12-21 14:30:00
1482417000,225.60000610351562,225.74000549316406,224.9199981689453,225.3800048828125,194.08872985839844,56219100,2016-12-22 14:30:00
1482503400,225.42999267578125,225.72000122070312,225.2100067138672,225.7100067138672,194.3729248046875,36697800,2016-12-23 14:30:00
1482849000,226.02000427246094,226.72999572753906,226.0,226.27000427246094,194.85516357421875,42672500,2016-12-27 14:30:00
1482935400,226.57000732421875,226.58999633789062,224.27000427246094,224.39999389648438,193.24478149414062,64095000,2016-12-28 14:30:00
1483021800,224.47999572753906,224.88999938964844,223.83999633789062,224.35000610351562,193.2017059326172,48696100,2016-12-29 14:30:00
1483108200,224.72999572753906,224.8300018310547,222.72999572753906,223.52999877929688,192.49554443359375,108998300,2016-12-30 14:30:00
1483453800,225.0399932861328,225.8300018310547,223.8800048828125,225.24000549316406,193.9681396484375,91366500,2017-01-03 14:30:00
1483540200,225.6199951171875,226.75,225.61000061035156,226.5800018310547,195.12208557128906,78744400,2017-01-04 14:30:00
1483626600,226.27000427246094,226.5800018310547,225.47999572753906,226.39999389648438,194.96707153320312,78379000,2017-01-05 14:30:00
1483713000,226.52999877929688,227.75,225.89999389648438,227.2100067138672,195.66465759277344,71559900,2017-01-06 14:30:00
1483972200,226.91000366210938,227.07000732421875,226.4199981689453,226.4600067138672,195.018798828125,46939700,2017-01-09 14:30:00
1484058600,226.47999572753906,227.4499969482422,226.00999450683594,226.4600067138672,195.018798828125,63771900,2017-01-10 14:30:00
1484145000,226.36000061035156,227.10000610351562,225.58999633789062,227.10000610351562,195.56991577148438,74650000,2017-01-11 14:30:00
1484231400,226.5,226.75,224.9600067138672,226.52999877929688,195.0790557861328,72113200,2017-01-12 14:30:00
1484317800,226.72999572753906,227.39999389648438,226.69000244140625,227.0500030517578,195.52688598632812,62717900,2017-01-13 14:30:00
1484663400,226.30999755859375,226.77999877929688,225.8000030517578,226.25,194.83795166015625,61240800,2017-01-17 14:30:00
1484749800,226.5399932861328,226.8000030517578,225.89999389648438,226.75,195.2685089111328,54793300,2017-01-18 14:30:00
1484836200,226.83999633789062,227.0,225.41000366210938,225.91000366210938,194.545166015625,66608800,2017-01-19 14:30:00
1484922600,226.6999969482422,227.30999755859375,225.97000122070312,226.74000549316406,195.25991821289062,129168600,2017-01-20 14:30:00
1485181800,226.74000549316406,226.80999755859375,225.27000427246094,226.14999389648438,194.7517547607422,75061600,2017-01-23 14:30:00
1485268200,226.39999389648438,228.0800018310547,226.27000427246094,227.60000610351562,196.00050354003906,95555300,2017-01-24 14:30:00
1485354600,228.6999969482422,229.57000732421875,228.50999450683594,229.57000732421875,197.69699096679688,84437700,2017-01-25 14:30:00
1485441000,229.39999389648438,229.7100067138672,229.00999450683594,229.3300018310547,197.4902801513672,59970700,2017-01-26 14:30:00
1485527400,229.4199981689453,229.58999633789062,228.75999450683594,228.97000122070312,197.18026733398438,59711100,2017-01-27 14:30:00
1485786600,228.1699981689453,228.1999969482422,226.41000366210938,227.5500030517578,195.95741271972656,79737300,2017-01-30 14:30:00
1485873000,226.97999572753906,227.60000610351562,226.32000732421875,227.52999877929688,195.94020080566406,75880800,2017-01-31 14:30:00
1485959400,227.52999877929688,228.58999633789062,226.94000244140625,227.6199951171875,196.01766967773438,79117700,2017-02-01 14:30:00
1486045800,227.6199951171875,228.10000610351562,226.82000732421875,227.77000427246094,196.14688110351562,69657600,2017-02-02 14:30:00
1486132200,228.82000732421875,229.5500030517578,228.4600067138672,229.33999633789062,197.49891662597656,80563200,2017-02-03 14:30:00
1486391400,228.8699951171875,229.3300018310547,228.5399932861328,228.92999267578125,197.14584350585938,57790100,2017-02-06 14:30:00
1486477800,229.3800048828125,229.66000366210938,228.72000122070312,228.94000244140625,197.1544647216797,57931200,2017-02-07 14:30:00
1486564200,228.94000244140625,229.38999938964844,228.30999755859375,229.24000549316406,197.41278076171875,51566200,2017-02-08 14:30:00
1486650600,229.24000549316406,230.9499969482422,229.24000549316406,230.60000610351562,198.58399963378906,65955200,2017-02-09 14:30:00
1486737000,231.0,231.77000427246094,230.6199951171875,231.50999450683594,199.36766052246094,66015900,2017-02-10 14:30:00
1486996200,232.0800018310547,233.07000732421875,232.0500030517578,232.77000427246094,200.4527130126953,55182100,2017-02-13 14:30:00
1487082600,232.55999755859375,233.7100067138672,232.16000366210938,233.6999969482422,201.2535858154297,71109000,2017-02-14 14:30:00
1487169000,233.4499969482422,235.13999938964844,233.38999938964844,234.9199981689453,202.30419921875,86785800,2017-02-15 14:30:00
1487255400,234.9499969482422,235.16000366210938,233.85000610351562,234.72000122070312,202.13194274902344,84722400,2017-02-16 14:30:00
1487341800,233.9499969482422,235.08999633789062,233.92999267578125,235.08999633789062,202.4506072998047,77204100,2017-02-17 14:30:00
1487687400,235.52000427246094,236.69000244140625,235.50999450683594,236.49000549316406,203.65621948242188,88946100,2017-02-21 14:30:00
1487773800,236.02000427246094,236.5399932861328,235.8300018310547,236.27999877929688,203.4754180908203,62115200,2017-02-22 14:30:00
1487860200,236.8800048828125,236.89999389648438,235.55999755859375,236.44000244140625,203.6131591796875,74615900,2017-02-23 14:30:00
1487946600,235.4600067138672,236.7899932861328,235.41000366210938,236.74000549316406,203.87147521972656,82381600,2017-02-24 14:30:00
1488205800,236.63999938964844,237.30999755859375,236.35000610351562,237.11000061035156,204.19012451171875,56515400,2017-02-27 14:30:00
1488292200,236.6699981689453,236.9499969482422,236.02000427246094,236.47000122070312,203.63897705078125,96961900,2017-02-28 14:30:00
1488378600,238.38999938964844,240.32000732421875,238.3699951171875,239.77999877929688,206.4894561767578,149158200,2017-03-01 14:30:00
1488465000,239.55999755859375,239.57000732421875,238.2100067138672,238.27000427246094,205.1890869140625,70246000,2017-03-02 14:30:00
1488551400,238.1699981689453,238.61000061035156,237.72999572753906,238.4199981689453,205.31826782226562,81974300,2017-03-03 14:30:00
1488810600,237.5,238.1199951171875,237.00999450683594,237.7100067138672,204.7069091796875,55391500,2017-03-06 14:30:00
1488897000,237.36000061035156,237.77000427246094,236.75999450683594,237.0,204.09535217285156,65103700,2017-03-07 14:30:00
1488983400,237.33999633789062,237.63999938964844,236.39999389648438,236.55999755859375,203.71649169921875,78168800,2017-03-08 14:30:00
1489069800,236.6999969482422,237.24000549316406,235.74000549316406,236.86000061035156,203.97483825683594,90683900,2017-03-09 14:30:00
1489156200,237.97000122070312,238.02000427246094,236.58999633789062,237.69000244140625,204.68959045410156,81991700,2017-03-10 14:30:00
1489411800,237.6199951171875,237.86000061035156,237.24000549316406,237.80999755859375,204.79293823242188,57256800,2017-03-13 13:30:00
1489498200,237.17999267578125,237.24000549316406,236.19000244140625,236.89999389648438,204.00930786132812,59880800,2017-03-14 13:30:00
1489584600,237.55999755859375,239.44000244140625,237.2899932861328,238.9499969482422,205.77462768554688,96081800,2017-03-15 13:30:00
1489671000,239.11000061035156,239.1999969482422,238.10000610351562,238.47999572753906,205.3699493408203,78344000,2017-03-16 13:30:00
1489757400,237.75,237.97000122070312,237.02999877929688,237.02999877929688,205.00926208496094,89002100,2017-03-17 13:30:00
1490016600,237.02999877929688,237.36000061035156,236.32000732421875,236.77000427246094,204.78439331054688,52537000,2017-03-20 13:30:00
1490103000,237.47000122070312,237.61000061035156,233.5800018310547,233.72999572753906,202.15505981445312,131809300,2017-03-21 13:30:00
1490189400,233.77000427246094,234.61000061035156,233.0500030517578,234.27999877929688,202.6307830810547,97569200,2017-03-22 13:30:00
1490275800,234.27999877929688,235.33999633789062,233.60000610351562,234.02999877929688,202.41452026367188,100410300,2017-03-23 13:30:00
1490362200,234.3800048828125,235.0399932861328,232.9600067138672,233.86000061035156,202.2675323486328,112504900,2017-03-24 13:30:00
1490621400,231.92999267578125,233.9199981689453,231.61000061035156,233.6199951171875,202.05987548828125,87454500,2017-03-27 13:30:00
1490707800,233.27000427246094,235.80999755859375,233.13999938964844,235.32000732421875,203.53028869628906,93483900,2017-03-28 13:30:00
1490794200,234.99000549316406,235.80999755859375,234.72999572753906,235.5399932861328,203.72055053710938,61950400,2017-03-29 13:30:00
1490880600,235.47000122070312,236.52000427246094,235.27000427246094,236.2899932861328,204.3692169189453,56737900,2017-03-30 13:30:00
1490967000,235.89999389648438,236.50999450683594,235.67999267578125,235.74000549316406,203.8935089111328,73733100,2017-03-31 13:30:00
1491226200,235.8000030517578,236.02999877929688,233.91000366210938,235.3300018310547,203.53890991210938,85546500,2017-04-03 13:30:00
1491312600,235.0,235.5800018310547,234.55999755859375,235.47999572753906,203.6686553955078,56466200,2017-04-04 13:30:00
1491399000,236.25999450683594,237.38999938964844,234.5399932861328,234.77999877929688,203.06317138671875,108800600,2017-04-05 13:30:00
1491485400,234.94000244140625,236.0399932861328,234.42999267578125,235.44000244140625,203.6340789794922,69135800,2017-04-06 13:30:00
1491571800,235.14999389648438,236.0,234.63999938964844,235.1999969482422,203.4264678955078,74412300,2017-04-07 13:30:00
1491831000,235.36000061035156,236.25999450683594,234.72999572753906,235.33999633789062,203.5475311279297,67615300,2017-04-10 13:30:00
1491917400,234.89999389648438,235.17999267578125,233.33999633789062,235.05999755859375,203.305419921875,88045300,2017-04-11 13:30:00
1492003800,234.74000549316406,234.9600067138672,233.77000427246094,234.02999877929688,202.41452026367188,81864400,2017-04-12 13:30:00
1492090200,233.63999938964844,234.49000549316406,232.50999450683594,232.50999450683594,201.099853515625,92880400,2017-04-13 13:30:00
1492435800,233.11000061035156,234.57000732421875,232.8800048828125,234.57000732421875,202.88162231445312,68405400,2017-04-17 13:30:00
1492522200,233.72000122070312,234.49000549316406,233.0800018310547,233.8699951171875,202.27613830566406,83225800,2017-04-18 13:30:00
1492608600,234.52000427246094,234.9499969482422,233.17999267578125,233.44000244140625,201.90426635742188,68699900,2017-04-19 13:30:00
1492695000,234.14999389648438,235.85000610351562,233.77999877929688,235.33999633789062,203.5475311279297,92572200,2017-04-20 13:30:00
1492781400,235.25,235.30999755859375,234.1300048828125,234.58999633789062,202.8988494873047,110389800,2017-04-21 13:30:00
1493040600,237.17999267578125,237.41000366210938,234.55999755859375,237.1699981689453,205.13031005859375,119209900,2017-04-24 13:30:00
1493127000,237.91000366210938,238.9499969482422,237.80999755859375,238.5500030517578,206.323974609375,76698300,2017-04-25 13:30:00
1493213400,238.50999450683594,239.52999877929688,238.35000610351562,238.39999389648438,206.1941680908203,84702500,2017-04-26 13:30:00
1493299800,238.77000427246094,238.9499969482422,237.97999572753906,238.60000610351562,206.36715698242188,57410300,2017-04-27 13:30:00
1493386200,238.89999389648438,238.92999267578125,237.92999267578125,238.0800018310547,205.91738891601562,63532800,2017-04-28 13:30:00
1493645400,238.67999267578125,239.1699981689453,238.1999969482422,238.67999267578125,206.43634033203125,66882500,2017-05-01 13:30:00
1493731800,238.83999633789062,238.97999572753906,238.3000030517578,238.77000427246094,206.5142059326172,57375700,2017-05-02 13:30:00
1493818200,238.77000427246094,238.8800048828125,237.6999969482422,238.47999572753906,206.26339721679688,73137700,2017-05-03 13:30:00
1493904600,238.8300018310547,238.9199981689453,237.77999877929688,238.75999450683594,206.5055694580078,61462700,2017-05-04 13:30:00
1493991000,239.19000244140625,239.72000122070312,238.67999267578125,239.6999969482422,207.31858825683594,62001300,2017-05-05 13:30:00
1494250200,239.75,239.9199981689453,239.1699981689453,239.66000366210938,207.28396606445312,48385700,2017-05-08 13:30:00
1494336600,239.9600067138672,240.19000244140625,239.0399932861328,239.44000244140625,207.0937042236328,51363200,2017-05-09 13:30:00
1494423000,239.38999938964844,239.8699951171875,239.14999389648438,239.8699951171875,207.4656219482422,54293800,2017-05-10 13:30:00
1494509400,239.35000610351562,239.57000732421875,238.1300048828125,239.3800048828125,207.0418243408203,62358300,2017-05-11 13:30:00
1494595800,239.08999633789062,239.42999267578125,238.6699981689453,238.97999572753906,206.69581604003906,53912700,2017-05-12 13:30:00
1494855000,239.47000122070312,240.44000244140625,239.4499969482422,240.3000030517578,207.8375244140625,61918900,2017-05-15 13:30:00
1494941400,240.63999938964844,240.6699981689453,239.6300048828125,240.0800018310547,207.647216796875,51241800,2017-05-16 13:30:00
1495027800,240.0800018310547,240.0800018310547,235.75,235.82000732421875,203.96273803710938,172174100,2017-05-17 13:30:00
1495114200,235.72999572753906,237.75,235.42999267578125,236.77000427246094,204.78439331054688,107047700,2017-05-18 13:30:00
1495200600,237.3300018310547,239.0800018310547,237.27000427246094,238.30999755859375,206.1163330078125,115011400,2017-05-19 13:30:00
1495459800,238.89999389648438,239.7100067138672,238.82000732421875,239.52000427246094,207.16293334960938,61010600,2017-05-22 13:30:00
1495546200,239.9499969482422,240.24000549316406,239.50999450683594,240.0500030517578,207.62130737304688,48341700,2017-05-23 13:30:00
1495632600,240.32000732421875,240.72999572753906,239.92999267578125,240.61000061035156,208.10565185546875,46927700,2017-05-24 13:30:00
1495719000,241.1999969482422,242.0800018310547,240.9600067138672,241.75999450683594,209.10031127929688,64071700,2017-05-25 13:30:00
1495805400,241.5399932861328,241.89999389648438,241.4499969482422,241.7100067138672,209.05706787109375,46629900,2017-05-26 13:30:00
1496151000,241.33999633789062,241.7899932861328,241.16000366210938,241.5,208.8753662109375,35201900,2017-05-30 13:30:00
1496237400,241.83999633789062,241.8800048828125,240.63999938964844,241.44000244140625,208.82350158691406,91796000,2017-05-31 13:30:00
1496323800,241.97000122070312,243.3800048828125,241.63999938964844,243.36000061035156,210.48414611816406,68962000,2017-06-01 13:30:00
1496410200,243.4199981689453,244.35000610351562,243.0800018310547,244.1699981689453,211.18472290039062,88666100,2017-06-02 13:30:00
1496669400,243.97000122070312,244.3000030517578,243.75999450683594,243.99000549316406,211.029052734375,44698800,2017-06-05 13:30:00
1496755800,243.33999633789062,243.97999572753906,243.1199951171875,243.2100067138672,210.35438537597656,50375400,2017-06-06 13:30:00
1496842200,243.60000610351562,243.9199981689453,242.8300018310547,243.66000366210938,210.74362182617188,54144300,2017-06-07 13:30:00
1496928600,243.77000427246094,244.3300018310547,243.1699981689453,243.77999877929688,210.84738159179688,65950700,2017-06-08 13:30:00
1497015000,244.08999633789062,245.00999450683594,241.9499969482422,243.41000366210938,210.52740478515625,132256400,2017-06-09 13:30:00
1497274200,243.1300048828125,243.4199981689453,242.3800048828125,243.36000061035156,210.48414611816406,86108100,2017-06-12 13:30:00
1497360600,243.97999572753906,244.61000061035156,243.5800018310547,244.5500030517578,211.5133514404297,60067000,2017-06-13 13:30:00
1497447000,244.86000061035156,244.8699951171875,243.2899932861328,244.24000549316406,211.24525451660156,78602300,2017-06-14 13:30:00
1497533400,242.67999267578125,243.91000366210938,242.36000061035156,243.77000427246094,210.8387451171875,66464900,2017-06-15 13:30:00
1497619800,242.77000427246094,242.8300018310547,241.6300048828125,242.63999938964844,210.8848114013672,84553100,2017-06-16 13:30:00
1497879000,243.58999633789062,244.72999572753906,243.47999572753906,244.66000366210938,212.6404571533203,65123800,2017-06-19 13:30:00
1497965400,244.25,244.25999450683594,242.99000549316406,243.00999450683594,211.2063751220703,56906400,2017-06-20 13:30:00
1498051800,243.4600067138672,243.58999633789062,242.41000366210938,242.9499969482422,211.1542510986328,55977600,2017-06-21 13:30:00
1498138200,242.9600067138672,243.52999877929688,242.63999938964844,242.83999633789062,211.0586395263672,44148100,2017-06-22 13:30:00
1498224600,242.91000366210938,243.50999450683594,242.47000122070312,243.1300048828125,211.31069946289062,66986800,2017-06-23 13:30:00
1498483800,243.89999389648438,244.3800048828125,243.0500030517578,243.2899932861328,211.44973754882812,56700500,2017-06-26 13:30:00
1498570200,243.0399932861328,243.3800048828125,241.30999755859375,241.3300018310547,209.7462615966797,82247700,2017-06-27 13:30:00
1498656600,242.5,243.72000122070312,242.22999572753906,243.49000549316406,211.62356567382812,70042600,2017-06-28 13:30:00
1498743000,243.66000366210938,243.72000122070312,239.9600067138672,241.35000610351562,209.76364135742188,106949700,2017-06-29 13:30:00
1498829400,242.27999877929688,242.7100067138672,241.5800018310547,241.8000030517578,210.1547393798828,86820700,2017-06-30 13:30:00
1499088600,242.8800048828125,243.3800048828125,242.2100067138672,242.2100067138672,210.51107788085938,39153800,2017-07-03 13:30:00
1499261400,242.6300048828125,243.00999450683594,241.6999969482422,242.77000427246094,210.99777221679688,54427600,2017-07-05 13:30:00
1499347800,241.88999938964844,242.02999877929688,240.33999633789062,240.5500030517578,209.068359375,65400800,2017-07-06 13:30:00
1499434200,241.2100067138672,242.27999877929688,240.55999755859375,242.11000061035156,210.42416381835938,57972300,2017-07-07 13:30:00
1499693400,242.11000061035156,242.8000030517578,241.75999450683594,242.3699951171875,210.65008544921875,36663300,2017-07-10 13:30:00
1499779800,242.3699951171875,242.5500030517578,240.85000610351562,242.19000244140625,210.49374389648438,50354600,2017-07-11 13:30:00
1499866200,243.3000030517578,244.1999969482422,243.3000030517578,244.00999450683594,212.07550048828125,59610400,2017-07-12 13:30:00
1499952600,244.02000427246094,244.5500030517578,243.75999450683594,244.4199981689453,212.431884765625,39471600,2017-07-13 13:30:00
1500039000,244.4199981689453,245.97000122070312,244.30999755859375,245.55999755859375,213.42263793945312,60262700,2017-07-14 13:30:00
1500298200,245.47000122070312,245.91000366210938,245.3300018310547,245.52999877929688,213.3966064453125,33531900,2017-07-17 13:30:00
1500384600,245.05999755859375,245.72000122070312,244.6699981689453,245.66000366210938,213.50955200195312,42742500,2017-07-18 13:30:00
1500471000,246.02000427246094,247.0,246.00999450683594,246.99000549316406,214.66549682617188,51034300,2017-07-19 13:30:00
1500557400,247.27999877929688,247.4199981689453,246.47000122070312,247.10000610351562,214.76112365722656,47135200,2017-07-20 13:30:00
1500643800,246.44000244140625,246.91000366210938,246.17999267578125,246.8800048828125,214.5698699951172,82340800,2017-07-21 13:30:00
1500903000,246.7899932861328,246.97999572753906,246.27999877929688,246.82000732421875,214.51776123046875,46622300,2017-07-24 13:30:00
1500989400,247.67999267578125,247.8000030517578,247.16000366210938,247.4199981689453,215.0392303466797,54915600,2017-07-25 13:30:00
1501075800,247.75,247.7899932861328,247.1300048828125,247.42999267578125,215.0478973388672,47575400,2017-07-26 13:30:00
1501162200,247.9600067138672,248.0,245.67999267578125,247.1999969482422,214.84803771972656,70766600,2017-07-27 13:30:00
1501248600,246.64999389648438,247.05999755859375,246.1300048828125,246.91000366210938,214.595947265625,50088400,2017-07-28 13:30:00
1501507800,247.3699951171875,247.47999572753906,246.52999877929688,246.77000427246094,214.4743194580078,65838700,2017-07-31 13:30:00
1501594200,247.4600067138672,247.5,246.72000122070312,247.32000732421875,214.9522705078125,55050400,2017-08-01 13:30:00
1501680600,247.47000122070312,247.60000610351562,246.3699951171875,247.44000244140625,215.0565948486328,47211200,2017-08-02 13:30:00
1501767000,247.30999755859375,247.33999633789062,246.63999938964844,246.9600067138672,214.6394500732422,40856000,2017-08-03 13:30:00
1501853400,247.52000427246094,247.7899932861328,246.97000122070312,247.41000366210938,215.030517578125,60191800,2017-08-04 13:30:00
1502112600,247.49000549316406,247.8699951171875,247.3699951171875,247.8699951171875,215.43031311035156,31995000,2017-08-07 13:30:00
1502199000,247.50999450683594,248.91000366210938,246.8300018310547,247.25999450683594,214.90020751953125,61719400,2017-08-08 13:30:00
1502285400,246.47000122070312,247.30999755859375,246.05999755859375,247.25,214.89144897460938,62632600,2017-08-09 13:30:00
1502371800,246.2899932861328,246.44000244140625,243.6999969482422,243.75999450683594,211.85826110839844,120479500,2017-08-10 13:30:00
1502458200,244.02000427246094,244.8000030517578,243.75,244.1199951171875,212.1710968017578,74869900,2017-08-11 13:30:00
1502717400,245.58999633789062,246.7899932861328,245.5500030517578,246.5399932861328,214.27435302734375,73291900,2017-08-14 13:30:00
1502803800,246.97999572753906,247.0,246.16000366210938,246.50999450683594,214.24835205078125,55242700,2017-08-15 13:30:00
1502890200,247.11000061035156,247.57000732421875,246.4499969482422,246.94000244140625,214.6220703125,56715500,2017-08-16 13:30:00
1502976600,246.24000549316406,246.60000610351562,243.08999633789062,243.08999633789062,211.27587890625,128490400,2017-08-17 13:30:00
1503063000,242.89999389648438,244.19000244140625,242.1999969482422,242.7100067138672,210.9456329345703,136748000,2017-08-18 13:30:00
1503322200,242.63999938964844,243.1999969482422,241.8300018310547,242.89999389648438,211.11074829101562,65469700,2017-08-21 13:30:00
1503408600,243.57000732421875,245.6199951171875,243.5500030517578,245.44000244140625,213.3184051513672,63140100,2017-08-22 13:30:00
1503495000,244.3300018310547,245.0500030517578,244.16000366210938,244.55999755859375,212.5535430908203,50203800,2017-08-23 13:30:00
1503581400,245.0,245.17999267578125,243.75,243.99000549316406,212.0581512451172,50741700,2017-08-24 13:30:00
1503667800,244.89999389648438,245.61000061035156,244.38999938964844,244.55999755859375,212.5535430908203,64445900,2017-08-25 13:30:00
1503927000,245.1699981689453,245.1999969482422,244.08999633789062,244.57000732421875,212.56224060058594,40565600,2017-08-28 13:30:00
1504013400,243.05999755859375,245.14999389648438,242.92999267578125,244.85000610351562,212.8055877685547,51135700,2017-08-29 13:30:00
1504099800,244.8300018310547,246.32000732421875,244.6199951171875,246.00999450683594,213.81378173828125,62030800,2017-08-30 13:30:00
1504186200,246.72000122070312,247.77000427246094,246.0500030517578,247.49000549316406,215.10008239746094,103803900,2017-08-31 13:30:00
1504272600,247.9199981689453,248.3300018310547,247.6699981689453,247.83999633789062,215.4042205810547,62007000,2017-09-01 13:30:00
1504618200,247.25999450683594,247.52000427246094,244.9499969482422,246.05999755859375,213.8572235107422,91398800,2017-09-05 13:30:00
1504704600,246.83999633789062,247.27999877929688,246.22999572753906,246.89999389648438,214.58729553222656,57916900,2017-09-06 13:30:00
1504791000,247.25,247.27000427246094,246.39999389648438,246.8699951171875,214.5611572265625,58034700,2017-09-07 13:30:00
1504877400,246.5399932861328,247.11000061035156,246.3000030517578,246.5800018310547,214.3091583251953,63832800,2017-09-08 13:30:00
1505136600,248.0399932861328,249.3000030517578,248.02000427246094,249.2100067138672,216.594970703125,71364800,2017-09-11 13:30:00
1505223000,249.6300048828125,250.08999633789062,249.4199981689453,250.0500030517578,217.3250274658203,56896000,2017-09-12 13:30:00
1505309400,249.72000122070312,250.2100067138672,249.58999633789062,250.1699981689453,217.42935180664062,59228000,2017-09-13 13:30:00
1505395800,249.8000030517578,250.32000732421875,249.60000610351562,250.08999633789062,217.35975646972656,95446300,2017-09-14 13:30:00
1505482200,248.69000244140625,249.2899932861328,248.57000732421875,249.19000244140625,217.65243530273438,95432400,2017-09-15 13:30:00
1505741400,249.61000061035156,250.1199951171875,249.27999877929688,249.72000122070312,218.1153564453125,46235200,2017-09-18 13:30:00
1505827800,250.0,250.07000732421875,249.60000610351562,249.97000122070312,218.3336639404297,47108100,2017-09-19 13:30:00
1505914200,250.07000732421875,250.19000244140625,248.9199981689453,250.05999755859375,218.41229248046875,59574100,2017-09-20 13:30:00
1506000600,249.8800048828125,249.97999572753906,249.19000244140625,249.38999938964844,217.82713317871094,48211400,2017-09-21 13:30:00
1506087000,249.0500030517578,249.6300048828125,249.02000427246094,249.44000244140625,217.87081909179688,51214000,2017-09-22 13:30:00
1506346200,249.14999389648438,249.5500030517578,248.0800018310547,248.92999267578125,217.42532348632812,57064400,2017-09-25 13:30:00
1506432600,249.4199981689453,249.6999969482422,248.80999755859375,249.0800018310547,217.55630493164062,54082000,2017-09-26 13:30:00
1506519000,249.8800048828125,250.49000549316406,248.8699951171875,250.0500030517578,218.40357971191406,81001400,2017-09-27 13:30:00
1506605400,249.72999572753906,250.44000244140625,249.6300048828125,250.35000610351562,218.66561889648438,44778800,2017-09-28 13:30:00
1506691800,250.33999633789062,251.32000732421875,250.1300048828125,251.22999572753906,219.43421936035156,85578000,2017-09-29 13:30:00
1506951000,251.49000549316406,252.32000732421875,251.2899932861328,252.32000732421875,220.3862762451172,59023000,2017-10-02 13:30:00
1507037400,252.32000732421875,252.88999938964844,252.22999572753906,252.86000061035156,220.85789489746094,66810200,2017-10-03 13:30:00
1507123800,252.69000244140625,253.44000244140625,252.55999755859375,253.16000366210938,221.12001037597656,55953600,2017-10-04 13:30:00
1507210200,253.5399932861328,254.67999267578125,253.1999969482422,254.66000366210938,222.43014526367188,63522800,2017-10-05 13:30:00
1507296600,254.14999389648438,254.6999969482422,253.85000610351562,254.3699951171875,222.17681884765625,80646000,2017-10-06 13:30:00
1507555800,254.6300048828125,254.6999969482422,253.64999389648438,253.9499969482422,221.80995178222656,35803100,2017-10-09 13:30:00
1507642200,254.60000610351562,255.0500030517578,253.97999572753906,254.6199951171875,222.39520263671875,43057400,2017-10-10 13:30:00
1507728600,254.50999450683594,255.02000427246094,254.32000732421875,255.02000427246094,222.7445831298828,47674300,2017-10-11 13:30:00
1507815000,254.66000366210938,255.05999755859375,254.3699951171875,254.63999938964844,222.41270446777344,47065100,2017-10-12 13:30:00
1507901400,255.13999938964844,255.27000427246094,254.63999938964844,254.9499969482422,222.68344116210938,54800400,2017-10-13 13:30:00
1508160600,255.2100067138672,255.50999450683594,254.82000732421875,255.2899932861328,222.98036193847656,38221700,2017-10-16 13:30:00
1508247000,255.22999572753906,255.52000427246094,254.97999572753906,255.47000122070312,223.13763427734375,31561000,2017-10-17 13:30:00
1508333400,255.89999389648438,255.9499969482422,255.5,255.72000122070312,223.35601806640625,40888300,2017-10-18 13:30:00
1508419800,254.8300018310547,255.8300018310547,254.35000610351562,255.7899932861328,223.4170684814453,61903800,2017-10-19 13:30:00
1508506200,256.70001220703125,257.1400146484375,255.77000427246094,257.1099853515625,224.57000732421875,89176400,2017-10-20 13:30:00
1508765400,257.4800109863281,257.510009765625,256.0199890136719,256.1099853515625,223.69662475585938,63915300,2017-10-23 13:30:00
1508851800,256.6000061035156,256.8299865722656,256.1499938964844,256.55999755859375,224.08966064453125,66935900,2017-10-24 13:30:00
1508938200,256.17999267578125,256.30999755859375,254.0,255.2899932861328,222.98036193847656,103715300,2017-10-25 13:30:00
1509024600,255.99000549316406,256.29998779296875,255.47999572753906,255.6199951171875,223.2686004638672,69798000,2017-10-26 13:30:00
1509111000,256.4700012207031,257.8900146484375,255.6300048828125,257.7099914550781,225.0940704345703,85562500,2017-10-27 13:30:00
1509370200,256.4700012207031,257.6000061035156,256.4100036621094,256.75,224.25558471679688,54285700,2017-10-30 13:30:00
1509456600,257.17999267578125,257.44000244140625,256.80999755859375,257.1499938964844,224.60496520996094,60304800,2017-10-31 13:30:00
1509543000,258.0400085449219,258.42999267578125,257.07000732421875,257.489990234375,224.9019775390625,54202700,2017-11-01 13:30:00
1509629400,257.4100036621094,257.75,256.19000244140625,257.5899963378906,224.98928833007812,56449500,2017-11-02 13:30:00
1509715800,257.7699890136719,258.5,257.29998779296875,258.45001220703125,225.740478515625,59589700,2017-11-03 13:30:00
1509978600,258.29998779296875,259.0,258.2200012207031,258.8500061035156,226.08984375,49652600,2017-11-06 14:30:00
1510065000,258.9700012207031,259.3500061035156,258.0899963378906,258.6700134277344,225.93263244628906,57502200,2017-11-07 14:30:00
1510151400,258.4700012207031,259.2200012207031,258.1499938964844,259.1099853515625,226.31690979003906,50469600,2017-11-08 14:30:00
1510237800,257.7300109863281,258.3900146484375,256.3599853515625,258.1700134277344,225.49591064453125,95085500,2017-11-09 14:30:00
1510324200,257.7300109863281,258.2900085449219,257.3699951171875,258.0899963378906,225.42601013183594,59984700,2017-11-10 14:30:00
1510583400,257.30999755859375,258.5899963378906,257.2699890136719,258.3299865722656,225.63563537597656,50228600,2017-11-13 14:30:00
1510669800,257.4100036621094,257.8500061035156,256.5199890136719,257.7300109863281,225.11158752441406,61315200,2017-11-14 14:30:00
1510756200,256.6199951171875,257.2200012207031,255.6300048828125,256.44000244140625,223.98487854003906,80811500,2017-11-15 14:30:00
1510842600,257.5199890136719,259.0400085449219,257.4700012207031,258.6199951171875,225.88893127441406,67777000,2017-11-16 14:30:00
1510929000,258.2200012207031,258.5899963378906,257.7699890136719,257.8599853515625,225.22512817382812,75756800,2017-11-17 14:30:00
1511188200,258.1400146484375,258.5199890136719,257.8599853515625,258.29998779296875,225.6094207763672,48075500,2017-11-20 14:30:00
1511274600,259.17999267578125,260.20001220703125,258.260009765625,259.989990234375,227.0854949951172,69176800,2017-11-21 14:30:00
1511361000,260.0,260.1499938964844,259.57000732421875,259.760009765625,226.88465881347656,45033400,2017-11-22 14:30:00
1511533800,260.32000732421875,260.4800109863281,260.1600036621094,260.3599853515625,227.40870666503906,27856500,2017-11-24 14:30:00
1511793000,260.4100036621094,260.75,260.0,260.2300109863281,227.29519653320312,52274900,2017-11-27 14:30:00
1511879400,260.760009765625,262.8999938964844,260.6499938964844,262.8699951171875,229.60107421875,98971700,2017-11-28 14:30:00
1511965800,263.0199890136719,263.6300048828125,262.20001220703125,262.7099914550781,229.46128845214844,77512100,2017-11-29 14:30:00
1512052200,263.760009765625,266.04998779296875,263.6700134277344,265.010009765625,231.47021484375,127894400,2017-11-30 14:30:00
1512138600,264.760009765625,265.30999755859375,260.760009765625,264.4599914550781,230.98983764648438,164390900,2017-12-01 14:30:00
1512397800,266.30999755859375,266.79998779296875,264.0799865722656,264.1400146484375,230.71035766601562,94040600,2017-12-04 14:30:00
1512484200,263.19000244140625,265.1499938964844,263.0400085449219,263.19000244140625,229.88063049316406,77994500,2017-12-05 14:30:00
1512570600,263.29998779296875,263.7300109863281,262.7099914550781,263.239990234375,229.9242401123047,75898600,2017-12-06 14:30:00
1512657000,264.07000732421875,264.42999267578125,262.94000244140625,264.07000732421875,230.64920043945312,77218600,2017-12-07 14:30:00
1512743400,265.1600036621094,265.5199890136719,264.0299987792969,265.510009765625,231.90695190429688,76563900,2017-12-08 14:30:00
1513002600,266.30999755859375,266.3800048828125,265.4800109863281,266.30999755859375,232.60577392578125,83077500,2017-12-11 14:30:00
1513089000,267.2099914550781,267.32000732421875,266.3500061035156,266.7799987792969,233.01620483398438,85195800,2017-12-12 14:30:00
1513175400,267.05999755859375,267.55999755859375,266.6499938964844,266.75,232.99002075195312,102905400,2017-12-13 14:30:00
1513261800,267.0899963378906,267.2200012207031,265.6000061035156,265.6600036621094,232.03794860839844,100666700,2017-12-14 14:30:00
1513348200,265.45001220703125,267.0400085449219,265.3900146484375,266.510009765625,233.97027587890625,144610300,2017-12-15 14:30:00
1513607400,268.1000061035156,268.6000061035156,267.9800109863281,268.20001220703125,235.45396423339844,83653600,2017-12-18 14:30:00
1513693800,268.4800109863281,268.5299987792969,267.0899963378906,267.1700134277344,234.54971313476562,82382900,2017-12-19 14:30:00
1513780200,268.2699890136719,268.3299865722656,266.69000244140625,267.0299987792969,234.42674255371094,76751500,2017-12-20 14:30:00
1513866600,267.739990234375,268.3900146484375,267.29998779296875,267.5799865722656,234.90956115722656,67032300,2017-12-21 14:30:00
1513953000,267.6000061035156,267.6400146484375,266.8999938964844,267.510009765625,234.84814453125,78720900,2017-12-22 14:30:00
1514298600,267.04998779296875,267.44000244140625,266.8900146484375,267.19000244140625,234.56724548339844,45244400,2017-12-26 14:30:00
1514385000,267.3800048828125,267.7300109863281,267.010009765625,267.32000732421875,234.68128967285156,57751000,2017-12-27 14:30:00
1514471400,267.8900146484375,267.9200134277344,267.45001220703125,267.8699951171875,235.16419982910156,45116100,2017-12-28 14:30:00
1514557800,268.5299987792969,268.54998779296875,266.6400146484375,266.8599853515625,234.2775421142578,96007400,2017-12-29 14:30:00
1514903400,267.8399963378906,268.80999755859375,267.3999938964844,268.7699890136719,235.95425415039062,86655700,2018-01-02 14:30:00
1514989800,268.9599914550781,270.6400146484375,268.9599914550781,270.4700012207031,237.44679260253906,90070400,2018-01-03 14:30:00
1515076200,271.20001220703125,272.1600036621094,270.5400085449219,271.6099853515625,238.4475555419922,80636400,2018-01-04 14:30:00
1515162600,272.510009765625,273.55999755859375,271.95001220703125,273.4200134277344,240.03651428222656,83524000,2018-01-05 14:30:00
1515421800,273.30999755859375,274.1000061035156,272.9800109863281,273.9200134277344,240.47549438476562,57319200,2018-01-08 14:30:00
1515508200,274.3999938964844,275.25,274.0799865722656,274.5400085449219,241.01983642578125,57254000,2018-01-09 14:30:00
1515594600,273.67999267578125,274.4200134277344,272.9200134277344,274.1199951171875,240.65109252929688,69574300,2018-01-10 14:30:00
1515681000,274.75,276.1199951171875,274.55999755859375,276.1199951171875,242.4069061279297,62361500,2018-01-11 14:30:00
1515767400,276.4200134277344,278.1099853515625,276.0799865722656,277.9200134277344,243.98716735839844,90816100,2018-01-12 14:30:00
1516113000,279.3500061035156,280.0899963378906,276.17999267578125,276.9700012207031,243.1530303955078,106555100,2018-01-16 14:30:00
1516199400,278.0299987792969,280.04998779296875,276.9700012207031,279.6099853515625,245.4707489013672,113258800,2018-01-17 14:30:00
1516285800,279.4800109863281,279.9599914550781,278.5799865722656,279.1400146484375,245.0581512451172,100728000,2018-01-18 14:30:00
1516372200,279.79998779296875,280.4100036621094,279.1400146484375,280.4100036621094,246.1731414794922,140920100,2018-01-19 14:30:00
1516631400,280.1700134277344,282.69000244140625,280.1099853515625,282.69000244140625,248.17478942871094,91322400,2018-01-22 14:30:00
1516717800,282.739990234375,283.6199951171875,282.3699951171875,283.2900085449219,248.70152282714844,97084700,2018-01-23 14:30:00
1516804200,284.0199890136719,284.70001220703125,281.8399963378906,283.17999267578125,248.60491943359375,134816100,2018-01-24 14:30:00
1516890600,284.1600036621094,284.2699890136719,282.3999938964844,283.29998779296875,248.71018981933594,84587300,2018-01-25 14:30:00
1516977000,284.25,286.6300048828125,283.9599914550781,286.5799865722656,251.58978271484375,107743100,2018-01-26 14:30:00
1517236200,285.92999267578125,286.42999267578125,284.5,284.67999267578125,249.92176818847656,90118300,2018-01-29 14:30:00
1517322600,282.6000061035156,284.739990234375,281.2200012207031,281.760009765625,247.358154296875,131796400,2018-01-30 14:30:00
1517409000,282.7300109863281,283.29998779296875,280.67999267578125,281.8999938964844,247.48118591308594,108364800,2018-01-31 14:30:00
1517495400,281.07000732421875,283.05999755859375,280.67999267578125,281.5799865722656,247.2002716064453,90102500,2018-02-01 14:30:00
1517581800,280.0799865722656,280.2300109863281,275.4100036621094,275.45001220703125,241.81874084472656,173174800,2018-02-02 14:30:00
1517841000,273.45001220703125,275.8500061035156,263.30999755859375,263.92999267578125,231.70529174804688,294681800,2018-02-05 14:30:00
1517927400,259.94000244140625,269.70001220703125,258.70001220703125,269.1300048828125,236.2703399658203,355026800,2018-02-06 14:30:00
1518013800,268.5,272.3599853515625,267.5799865722656,267.6700134277344,234.98863220214844,167376100,2018-02-07 14:30:00
1518100200,268.010009765625,268.1700134277344,257.5899963378906,257.6300048828125,226.1744384765625,246449500,2018-02-08 14:30:00
1518186600,260.79998779296875,263.6099853515625,252.9199981689453,261.5,229.57191467285156,283565300,2018-02-09 14:30:00
1518445800,263.8299865722656,267.010009765625,261.6600036621094,265.3399963378906,232.94313049316406,143736000,2018-02-12 14:30:00
1518532200,263.9700012207031,266.6199951171875,263.30999755859375,266.0,233.52252197265625,81223600,2018-02-13 14:30:00
1518618600,264.30999755859375,270.0,264.29998779296875,269.5899963378906,236.6741943359375,120735700,2018-02-14 14:30:00
1518705000,271.57000732421875,273.0400085449219,268.7699890136719,273.0299987792969,239.6941680908203,111200300,2018-02-15 14:30:00
1518791400,272.32000732421875,275.32000732421875,272.2699890136719,273.1099853515625,239.7644500732422,160420100,2018-02-16 14:30:00
1519137000,272.0299987792969,273.6700134277344,270.5,271.3999938964844,238.2632293701172,86369700,2018-02-20 14:30:00
1519223400,271.8999938964844,274.7200012207031,269.94000244140625,270.04998779296875,237.0780487060547,98883700,2018-02-21 14:30:00
1519309800,271.1000061035156,273.04998779296875,269.6400146484375,270.3999938964844,237.38523864746094,110511300,2018-02-22 14:30:00
1519396200,271.7900085449219,274.7099914550781,271.25,274.7099914550781,241.16905212402344,92766400,2018-02-23 14:30:00
1519655400,275.92999267578125,278.010009765625,275.260009765625,277.8999938964844,243.9695587158203,86491400,2018-02-26 14:30:00
1519741800,278.1099853515625,278.9200134277344,274.3599853515625,274.42999267578125,240.92318725585938,99099200,2018-02-27 14:30:00
1519828200,275.67999267578125,276.19000244140625,271.2900085449219,271.6499938964844,238.4825897216797,121907800,2018-02-28 14:30:00
1519914600,271.4100036621094,273.1700134277344,266.0,267.70001220703125,235.0149688720703,176855100,2018-03-01 14:30:00
1520001000,265.79998779296875,269.7200012207031,264.82000732421875,269.0799865722656,236.22642517089844,139083200,2018-03-02 14:30:00
1520260200,267.7300109863281,272.8900146484375,267.6099853515625,272.19000244140625,238.9567413330078,97307400,2018-03-05 14:30:00
1520346600,273.29998779296875,273.3900146484375,271.17999267578125,272.8800048828125,239.5625,79213200,2018-03-06 14:30:00
1520433000,270.4200134277344,273.17999267578125,270.20001220703125,272.7799987792969,239.4746856689453,87063500,2018-03-07 14:30:00
1520519400,273.54998779296875,274.239990234375,272.4200134277344,274.1000061035156,240.63357543945312,66901200,2018-03-08 14:30:00
1520605800,275.70001220703125,278.8699951171875,275.3399963378906,278.8699951171875,244.82110595703125,113625300,2018-03-09 14:30:00
1520861400,279.20001220703125,279.9100036621094,278.0799865722656,278.5199890136719,244.5138702392578,71924800,2018-03-12 13:30:00
1520947800,279.8399963378906,280.4100036621094,276.0299987792969,276.7200012207031,242.93365478515625,91968900,2018-03-13 13:30:00
1521034200,277.80999755859375,278.0199890136719,274.6700134277344,275.29998779296875,241.6869659423828,105895100,2018-03-14 13:30:00
1521120600,275.8800048828125,276.6099853515625,274.42999267578125,275.0,241.42367553710938,83433000,2018-03-15 13:30:00
1521207000,274.5,275.3900146484375,274.1400146484375,274.20001220703125,241.68533325195312,100343700,2018-03-16 13:30:00
1521466200,273.3500061035156,274.3999938964844,268.6199951171875,270.489990234375,238.4153594970703,109208400,2018-03-19 13:30:00
1521552600,270.94000244140625,271.6700134277344,270.17999267578125,270.95001220703125,238.82080078125,59757300,2018-03-20 13:30:00
1521639000,270.8999938964844,273.2699890136719,270.19000244140625,270.42999267578125,238.36245727539062,78709600,2018-03-21 13:30:00
1521725400,267.9100036621094,268.8699951171875,263.3599853515625,263.6700134277344,232.40414428710938,148785900,2018-03-22 13:30:00
1521811800,264.1700134277344,264.5400085449219,257.8299865722656,258.04998779296875,227.4505157470703,183534800,2018-03-23 13:30:00
1522071000,262.1300048828125,265.42999267578125,259.4100036621094,265.1099853515625,233.67335510253906,141956100,2018-03-26 13:30:00
1522157400,266.1700134277344,266.7699890136719,258.8399963378906,260.6000061035156,229.69808959960938,129941400,2018-03-27 13:30:00
1522243800,260.75,262.6400146484375,258.5799865722656,259.8299865722656,229.0193634033203,146452300,2018-03-28 13:30:00
1522330200,261.1199951171875,265.260009765625,259.8399963378906,263.1499938964844,231.94573974609375,111601600,2018-03-29 13:30:00
1522675800,262.54998779296875,263.1300048828125,254.6699981689453,257.4700012207031,226.9392547607422,186286300,2018-04-02 13:30:00
1522762200,258.8699951171875,261.30999755859375,256.8399963378906,260.7699890136719,229.8479461669922,119956900,2018-04-03 13:30:00
1522848600,256.75,264.3599853515625,256.6000061035156,263.55999755859375,232.30711364746094,123715300,2018-04-04 13:30:00
1522935000,265.54998779296875,266.6400146484375,264.32000732421875,265.6400146484375,234.14047241210938,82652600,2018-04-05 13:30:00
1523021400,263.4200134277344,265.1099853515625,258.0,259.7200012207031,228.92242431640625,179521200,2018-04-06 13:30:00
1523280600,261.3699951171875,264.8399963378906,259.94000244140625,261.0,230.05067443847656,105442900,2018-04-09 13:30:00
1523367000,264.2699890136719,266.0400085449219,262.9800109863281,265.1499938964844,233.70860290527344,103529000,2018-04-10 13:30:00
1523453400,263.4700012207031,265.6400146484375,263.3900146484375,263.760009765625,232.4834442138672,91140200,2018-04-11 13:30:00
1523539800,265.260009765625,267.0,265.05999755859375,265.92999267578125,234.3960723876953,68890500,2018-04-12 13:30:00
1523626200,267.4100036621094,267.5400085449219,264.010009765625,265.1499938964844,233.70860290527344,85079200,2018-04-13 13:30:00
1523885400,267.0,268.20001220703125,266.07000732421875,267.3299865722656,235.63011169433594,63405300,2018-04-16 13:30:00
1523971800,269.3299865722656,270.8699951171875,268.75,270.19000244140625,238.15093994140625,64682000,2018-04-17 13:30:00
1524058200,270.69000244140625,271.29998779296875,269.8699951171875,270.3900146484375,238.3272247314453,57303900,2018-04-18 13:30:00
1524144600,269.6499938964844,269.8800048828125,267.7200012207031,268.8900146484375,237.0050811767578,77655900,2018-04-19 13:30:00
1524231000,268.80999755859375,269.05999755859375,265.6099853515625,266.6099853515625,234.9954376220703,99953100,2018-04-20 13:30:00
1524490200,267.260009765625,267.8900146484375,265.3500061035156,266.57000732421875,234.96018981933594,65558000,2018-04-23 13:30:00
1524576600,267.7300109863281,267.9800109863281,261.2799987792969,262.9800109863281,231.7958984375,112885500,2018-04-24 13:30:00
1524663000,262.9100036621094,264.1300048828125,260.8500061035156,263.6300048828125,232.36883544921875,103840900,2018-04-25 13:30:00
1524749400,264.7900085449219,267.25,264.2900085449219,266.30999755859375,234.73101806640625,67731900,2018-04-26 13:30:00
1524835800,267.0,267.3399963378906,265.5,266.55999755859375,234.95138549804688,57053600,2018-04-27 13:30:00
1525095000,267.260009765625,267.8900146484375,264.42999267578125,264.510009765625,233.1444549560547,82182300,2018-04-30 13:30:00
1525181400,263.8699951171875,265.1000061035156,262.1099853515625,264.9800109863281,233.55874633789062,74203400,2018-05-01 13:30:00
1525267800,264.760009765625,265.67999267578125,262.760009765625,263.20001220703125,231.98976135253906,86368900,2018-05-02 13:30:00
1525354200,262.260009765625,263.3599853515625,259.04998779296875,262.6199951171875,231.47857666015625,136311500,2018-05-03 13:30:00
1525440600,261.5199890136719,266.7900085449219,261.1499938964844,266.0199890136719,234.47540283203125,91222100,2018-05-04 13:30:00
1525699800,266.8900146484375,268.0199890136719,266.1099853515625,266.9200134277344,235.26864624023438,55304900,2018-05-07 13:30:00
1525786200,266.5,267.3299865722656,265.1499938964844,266.9200134277344,235.26864624023438,67499200,2018-05-08 13:30:00
1525872600,267.67999267578125,269.8699951171875,267.0899963378906,269.5,237.54269409179688,59666100,2018-05-09 13:30:00
1525959000,270.3399963378906,272.3900146484375,270.2200012207031,272.0199890136719,239.763916015625,72063900,2018-05-10 13:30:00
1526045400,272.1600036621094,273.1499938964844,271.5799865722656,272.8500061035156,240.4955291748047,59871500,2018-05-11 13:30:00
1526304600,273.3399963378906,274.0799865722656,272.3599853515625,272.9800109863281,240.61001586914062,54790600,2018-05-14 13:30:00
1526391000,271.5899963378906,271.6099853515625,270.0299987792969,271.1000061035156,238.95298767089844,87036100,2018-05-15 13:30:00
1526477400,271.1400146484375,272.760009765625,271.1099853515625,272.239990234375,239.9578094482422,53942600,2018-05-16 13:30:00
1526563800,271.94000244140625,273.2300109863281,271.1300048828125,272.010009765625,239.75511169433594,56536400,2018-05-17 13:30:00
1526650200,271.6199951171875,272.0299987792969,270.92999267578125,271.3299865722656,239.1558074951172,64368000,2018-05-18 13:30:00
1526909400,273.010009765625,273.9800109863281,272.57000732421875,273.3699951171875,240.95387268066406,58025900,2018-05-21 13:30:00
1526995800,273.9599914550781,274.25,272.239990234375,272.6099853515625,240.28392028808594,52966400,2018-05-22 13:30:00
1527082200,271.1700134277344,273.3900146484375,270.989990234375,273.3599853515625,240.94503784179688,64694200,2018-05-23 13:30:00
1527168600,272.9100036621094,273.2200012207031,270.7799987792969,272.79998779296875,240.45140075683594,76043800,2018-05-24 13:30:00
1527255000,272.1499938964844,272.8599853515625,271.5799865722656,272.1499938964844,239.8784637451172,56374800,2018-05-25 13:30:00
1527600600,270.30999755859375,271.1700134277344,267.760009765625,269.0199890136719,237.11968994140625,115908600,2018-05-29 13:30:00
1527687000,270.5,273.1099853515625,270.4200134277344,272.6099853515625,240.28392028808594,69678400,2018-05-30 13:30:00
1527773400,272.1499938964844,272.489990234375,270.260009765625,270.94000244140625,238.81198120117188,93519900,2018-05-31 13:30:00
1527859800,272.4100036621094,273.94000244140625,272.3299865722656,273.6000061035156,241.15650939941406,71258400,2018-06-01 13:30:00
1528119000,274.5299987792969,275.19000244140625,274.260009765625,274.8999938964844,242.30247497558594,45385200,2018-06-04 13:30:00
1528205400,275.04998779296875,275.5299987792969,274.17999267578125,275.1000061035156,242.47862243652344,51135000,2018-06-05 13:30:00
1528291800,275.7900085449219,277.5199890136719,275.0899963378906,277.3999938964844,244.50599670410156,62732200,2018-06-06 13:30:00
1528378200,277.95001220703125,278.2799987792969,276.3399963378906,277.3699951171875,244.4796142578125,72969400,2018-06-07 13:30:00
1528464600,276.8500061035156,278.25,276.6600036621094,278.19000244140625,245.20223999023438,72139700,2018-06-08 13:30:00
1528723800,278.44000244140625,279.3699951171875,278.30999755859375,278.55999755859375,245.5284423828125,58892500,2018-06-11 13:30:00
1528810200,279.0299987792969,279.3299865722656,278.19000244140625,278.9200134277344,245.8457489013672,72329000,2018-06-12 13:30:00
1528896600,279.19000244140625,279.4800109863281,277.79998779296875,278.0299987792969,245.0613555908203,79070600,2018-06-13 13:30:00
1528983000,279.010009765625,279.3299865722656,278.05999755859375,278.7300109863281,245.67831420898438,77097600,2018-06-14 13:30:00
1529069400,276.6000061035156,277.510009765625,275.3500061035156,277.1300048828125,245.36483764648438,120041600,2018-06-15 13:30:00
1529328600,275.489990234375,276.70001220703125,274.95001220703125,276.55999755859375,244.86021423339844,52917600,2018-06-18 13:30:00
1529415000,274.0,275.75,273.5299987792969,275.5,243.92166137695312,97531500,2018-06-19 13:30:00
1529501400,276.2699890136719,276.7200012207031,275.5899963378906,275.9700012207031,244.337890625,53785500,2018-06-20 13:30:00
1529587800,275.9599914550781,275.9800109863281,273.67999267578125,274.239990234375,242.80601501464844,71061400,2018-06-21 13:30:00
1529674200,275.6600036621094,275.7900085449219,274.489990234375,274.739990234375,243.24876403808594,54898500,2018-06-22 13:30:00
1529933400,273.44000244140625,273.6199951171875,269.1000061035156,271.0,239.9375,137854200,2018-06-25 13:30:00
1530019800,271.6400146484375,272.55999755859375,270.7900085449219,271.6000061035156,240.46871948242188,68547400,2018-06-26 13:30:00
1530106200,272.260009765625,273.8699951171875,269.17999267578125,269.3500061035156,238.4766082763672,105110700,2018-06-27 13:30:00
1530192600,269.2900085449219,271.75,268.489990234375,270.8900146484375,239.8400421142578,76650500,2018-06-28 13:30:00
1530279000,272.1199951171875,273.6600036621094,271.1499938964844,271.2799987792969,240.1853790283203,97592500,2018-06-29 13:30:00
1530538200,269.510009765625,272.0400085449219,269.239990234375,271.8599853515625,240.6988067626953,63554800,2018-07-02 13:30:00
1530624600,272.8699951171875,272.9800109863281,270.4200134277344,270.8999938964844,239.84893798828125,42187100,2018-07-03 13:30:00
1530797400,272.1700134277344,273.17999267578125,270.9599914550781,273.1099853515625,241.80563354492188,56925900,2018-07-05 13:30:00
1530883800,273.1400146484375,275.8399963378906,272.7099914550781,275.4200134277344,243.85086059570312,66493700,2018-07-06 13:30:00
1531143000,276.54998779296875,277.9599914550781,276.5,277.8999938964844,246.0465850830078,50550400,2018-07-09 13:30:00
1531229400,278.4100036621094,279.010009765625,278.0799865722656,278.8999938964844,246.9320068359375,51966800,2018-07-10 13:30:00
1531315800,277.1499938964844,278.0400085449219,276.5199890136719,276.8599853515625,245.12574768066406,77054700,2018-07-11 13:30:00
1531402200,278.2799987792969,279.42999267578125,277.6000061035156,279.3699951171875,247.34814453125,60124700,2018-07-12 13:30:00
1531488600,279.1700134277344,279.92999267578125,278.6600036621094,279.5899963378906,247.5428009033203,48216000,2018-07-13 13:30:00
1531747800,279.6400146484375,279.79998779296875,278.8399963378906,279.3399963378906,247.3214569091797,48201000,2018-07-16 13:30:00
1531834200,278.4700012207031,280.9100036621094,278.4100036621094,280.4700012207031,248.3219451904297,52315500,2018-07-17 13:30:00
1531920600,280.55999755859375,281.17999267578125,280.05999755859375,281.05999755859375,248.84437561035156,44593500,2018-07-18 13:30:00
1532007000,280.30999755859375,280.739990234375,279.4599914550781,280.0,247.9058074951172,61412100,2018-07-19 13:30:00
1532093400,279.7699890136719,280.4800109863281,279.5,279.67999267578125,247.6225128173828,82337700,2018-07-20 13:30:00
1532352600,279.45001220703125,280.42999267578125,279.05999755859375,280.20001220703125,248.0829620361328,47047600,2018-07-23 13:30:00
1532439000,281.7900085449219,282.55999755859375,280.6300048828125,281.6099853515625,249.33126831054688,68026900,2018-07-24 13:30:00
1532525400,281.3299865722656,284.3699951171875,281.2799987792969,284.010009765625,251.4562225341797,78882900,2018-07-25 13:30:00
1532611800,283.20001220703125,284.1099853515625,283.0899963378906,283.3399963378906,250.86309814453125,57919500,2018-07-26 13:30:00
1532698200,283.7099914550781,283.82000732421875,280.3800048828125,281.4200134277344,249.16307067871094,76768700,2018-07-27 13:30:00
1532957400,281.510009765625,281.69000244140625,279.3599853515625,279.95001220703125,247.86163330078125,63742500,2018-07-30 13:30:00
1533043800,280.80999755859375,282.0199890136719,280.3800048828125,281.3299865722656,249.08346557617188,68570500,2018-07-31 13:30:00
1533130200,281.55999755859375,282.1300048828125,280.1300048828125,280.8599853515625,248.66726684570312,53853300,2018-08-01 13:30:00
1533216600,279.3900146484375,282.5799865722656,279.1600036621094,282.3900146484375,250.02197265625,63426400,2018-08-02 13:30:00
1533303000,282.5299987792969,283.6600036621094,282.3299865722656,283.6000061035156,251.09329223632812,53935400,2018-08-03 13:30:00
1533562200,283.6400146484375,284.989990234375,283.20001220703125,284.6400146484375,252.0140380859375,39400900,2018-08-06 13:30:00
1533648600,285.3900146484375,286.010009765625,285.239990234375,285.5799865722656,252.84628295898438,43196600,2018-08-07 13:30:00
1533735000,285.3900146484375,285.9100036621094,284.94000244140625,285.4599914550781,252.73995971679688,42114600,2018-08-08 13:30:00
1533821400,285.5299987792969,285.9700012207031,284.9200134277344,285.07000732421875,252.39468383789062,35717000,2018-08-09 13:30:00
1533907800,283.45001220703125,284.05999755859375,282.3599853515625,283.1600036621094,250.7036895751953,77076000,2018-08-10 13:30:00
1534167000,283.4700012207031,284.1600036621094,281.7699890136719,282.1000061035156,249.76522827148438,65732900,2018-08-13 13:30:00
1534253400,282.9200134277344,284.1700134277344,282.4800109863281,283.8999938964844,251.3587646484375,43842000,2018-08-14 13:30:00
1534339800,282.3800048828125,282.5400085449219,280.1600036621094,281.7799987792969,249.4818572998047,102925400,2018-08-15 13:30:00
1534426200,283.3999938964844,285.0400085449219,283.3599853515625,284.05999755859375,251.5005340576172,69967900,2018-08-16 13:30:00
1534512600,283.8299865722656,285.55999755859375,283.3699951171875,285.05999755859375,252.38580322265625,65618500,2018-08-17 13:30:00
1534771800,285.57000732421875,285.9700012207031,285.05999755859375,285.6700134277344,252.92596435546875,39807500,2018-08-20 13:30:00
1534858200,286.25,287.30999755859375,285.7099914550781,286.3399963378906,253.51922607421875,67272000,2018-08-21 13:30:00
1534944600,285.8800048828125,286.760009765625,285.5799865722656,286.1700134277344,253.36865234375,44993300,2018-08-22 13:30:00
1535031000,285.9700012207031,286.94000244140625,285.42999267578125,285.7900085449219,253.03216552734375,49204900,2018-08-23 13:30:00
1535117400,286.44000244140625,287.6700134277344,286.3800048828125,287.510009765625,254.55503845214844,57487400,2018-08-24 13:30:00
1535376600,288.8599853515625,289.8999938964844,288.67999267578125,289.7799987792969,256.5649108886719,57072400,2018-08-27 13:30:00
1535463000,290.29998779296875,290.4200134277344,289.3999938964844,289.9200134277344,256.6888122558594,46943500,2018-08-28 13:30:00
1535549400,290.1600036621094,291.739990234375,289.8900146484375,291.4800109863281,258.07000732421875,61485500,2018-08-29 13:30:00
1535635800,290.94000244140625,291.3599853515625,289.6300048828125,290.29998779296875,257.0252380371094,61229500,2018-08-30 13:30:00
1535722200,289.8399963378906,290.80999755859375,289.2900085449219,290.30999755859375,257.0341796875,66140800,2018-08-31 13:30:00
1536067800,289.8399963378906,290.2099914550781,288.67999267578125,289.80999755859375,256.5914306640625,57594400,2018-09-04 13:30:00
1536154200,289.4100036621094,289.6400146484375,287.8900146484375,289.0299987792969,255.90078735351562,72452400,2018-09-05 13:30:00
1536240600,289.1499938964844,289.489990234375,287.0,288.1600036621094,255.13058471679688,65909900,2018-09-06 13:30:00
1536327000,286.9800109863281,288.70001220703125,286.7099914550781,287.6000061035156,254.6347198486328,73524800,2018-09-07 13:30:00
1536586200,288.739990234375,289.0400085449219,287.8800048828125,288.1000061035156,255.077392578125,50210900,2018-09-10 13:30:00
1536672600,287.3699951171875,289.54998779296875,286.9800109863281,289.04998779296875,255.91854858398438,50530500,2018-09-11 13:30:00
1536759000,289.05999755859375,289.79998779296875,288.2300109863281,289.1199951171875,255.98048400878906,59810800,2018-09-12 13:30:00
1536845400,290.32000732421875,291.0400085449219,290.0,290.8299865722656,257.4945983886719,51034200,2018-09-13 13:30:00
1536931800,291.05999755859375,291.2699890136719,290.0,290.8800048828125,257.5387878417969,55079900,2018-09-14 13:30:00
1537191000,290.82000732421875,290.8599853515625,289.0299987792969,289.3399963378906,256.17535400390625,68244000,2018-09-17 13:30:00
1537277400,289.5799865722656,291.5799865722656,289.54998779296875,290.9100036621094,257.56536865234375,61930400,2018-09-18 13:30:00
1537363800,290.9700012207031,291.69000244140625,290.8299865722656,291.2200012207031,257.8397521972656,49080600,2018-09-19 13:30:00
1537450200,292.6400146484375,293.94000244140625,291.239990234375,293.5799865722656,259.9292907714844,100360600,2018-09-20 13:30:00
1537536600,293.0899963378906,293.2200012207031,291.80999755859375,291.989990234375,259.69183349609375,105479700,2018-09-21 13:30:00
1537795800,291.3399963378906,291.5,290.3699951171875,291.0199890136719,258.8291320800781,53409600,2018-09-24 13:30:00
1537882200,291.5299987792969,291.6499938964844,290.4800109863281,290.75,258.5890808105469,44370000,2018-09-25 13:30:00
1537968600,290.9100036621094,292.239990234375,289.4100036621094,289.8800048828125,257.81524658203125,79739700,2018-09-26 13:30:00
1538055000,290.4100036621094,291.9100036621094,290.1000061035156,290.69000244140625,258.5356750488281,59249500,2018-09-27 13:30:00
1538141400,289.989990234375,291.2799987792969,289.95001220703125,290.7200012207031,258.56231689453125,70091400,2018-09-28 13:30:00
1538400600,292.1099853515625,292.92999267578125,290.9800109863281,291.7300109863281,259.4605712890625,62078900,2018-10-01 13:30:00
1538487000,291.55999755859375,292.3599853515625,291.1400146484375,291.55999755859375,259.3094177246094,47258200,2018-10-02 13:30:00
1538573400,292.739990234375,293.2099914550781,291.32000732421875,291.7200012207031,259.4516906738281,64694600,2018-10-03 13:30:00
1538659800,291.17999267578125,291.239990234375,287.6600036621094,289.44000244140625,257.4239501953125,111545900,2018-10-04 13:30:00
1538746200,289.69000244140625,290.2699890136719,286.2200012207031,287.82000732421875,255.9830780029297,105951700,2018-10-05 13:30:00
1539005400,287.04998779296875,288.2200012207031,285.5,287.82000732421875,255.9830780029297,87742200,2018-10-08 13:30:00
1539091800,287.3900146484375,288.8599853515625,286.7699890136719,287.3999938964844,255.6095428466797,74339000,2018-10-09 13:30:00
1539178200,286.8299865722656,286.9100036621094,277.8800048828125,278.29998779296875,247.51611328125,214731000,2018-10-10 13:30:00
1539264600,277.0799865722656,278.8999938964844,270.3599853515625,272.1700134277344,242.06422424316406,274840500,2018-10-11 13:30:00
1539351000,276.7699890136719,277.0899963378906,272.3699951171875,275.95001220703125,245.4260711669922,183186500,2018-10-12 13:30:00
1539610200,275.54998779296875,277.0400085449219,274.29998779296875,274.3999938964844,244.04750061035156,102263700,2018-10-15 13:30:00
1539696600,276.6000061035156,280.82000732421875,276.07000732421875,280.3999938964844,249.38380432128906,118255800,2018-10-16 13:30:00
1539783000,280.44000244140625,281.1499938964844,277.55999755859375,280.45001220703125,249.42835998535156,110626000,2018-10-17 13:30:00
1539869400,279.3999938964844,280.07000732421875,274.9700012207031,276.3999938964844,245.82630920410156,134557500,2018-10-18 13:30:00
1539955800,277.1300048828125,279.29998779296875,275.4700012207031,276.25,245.69288635253906,139901600,2018-10-19 13:30:00
1540215000,277.0,277.3599853515625,274.4100036621094,275.010009765625,244.59005737304688,82415800,2018-10-22 13:30:00
1540301400,270.95001220703125,274.8699951171875,268.6099853515625,273.6099853515625,243.34490966796875,146352700,2018-10-23 13:30:00
1540387800,273.3299865722656,273.760009765625,264.70001220703125,265.32000732421875,235.97193908691406,177806700,2018-10-24 13:30:00
1540474200,267.3800048828125,271.80999755859375,266.2300109863281,270.0799865722656,240.20535278320312,138061500,2018-10-25 13:30:00
1540560600,265.9200134277344,271.0,262.2900085449219,265.3299865722656,235.98077392578125,201574600,2018-10-26 13:30:00
1540819800,268.79998779296875,270.25,259.8500061035156,263.8599853515625,234.67335510253906,160749100,2018-10-29 13:30:00
1540906200,263.6700134277344,268.1199951171875,263.1199951171875,267.7699890136719,238.15086364746094,157116000,2018-10-30 13:30:00
1540992600,270.6499938964844,273.2300109863281,270.1199951171875,270.6300048828125,240.69448852539062,128296300,2018-10-31 13:30:00
1541079000,271.6000061035156,273.7300109863281,270.3800048828125,273.510009765625,243.2560272216797,99495000,2018-11-01 13:30:00
1541165400,274.75,275.2300109863281,269.5899963378906,271.8900146484375,241.815185546875,122634100,2018-11-02 13:30:00
1541428200,272.44000244140625,274.010009765625,271.3500061035156,273.3900146484375,243.1492462158203,65622500,2018-11-05 14:30:00
1541514600,273.32000732421875,275.29998779296875,273.25,275.1199951171875,244.6878662109375,60085900,2018-11-06 14:30:00
1541601000,277.55999755859375,281.1000061035156,277.0799865722656,281.010009765625,249.92640686035156,102752100,2018-11-07 14:30:00
1541687400,280.1099853515625,281.2200012207031,279.2200012207031,280.5,249.47280883789062,65584900,2018-11-08 14:30:00
1541773800,279.0299987792969,279.239990234375,276.17999267578125,277.760009765625,247.03587341308594,98812600,2018-11-09 14:30:00
1542033000,277.19000244140625,277.4599914550781,271.989990234375,272.57000732421875,242.419921875,99673600,2018-11-12 14:30:00
1542119400,273.0899963378906,275.3299865722656,271.25,272.05999755859375,241.96636962890625,98176600,2018-11-13 14:30:00
1542205800,274.1600036621094,274.6099853515625,268.45001220703125,270.20001220703125,240.31211853027344,125335900,2018-11-14 14:30:00
1542292200,268.7799987792969,273.5400085449219,267.010009765625,273.0199890136719,242.82015991210938,135101400,2018-11-15 14:30:00
1542378600,271.7900085449219,274.75,271.2099914550781,273.7300109863281,243.4517364501953,126668000,2018-11-16 14:30:00
1542637800,273.04998779296875,273.3800048828125,268.07000732421875,269.1000061035156,239.3337860107422,103061700,2018-11-19 14:30:00
1542724200,265.3599853515625,267.0,263.1499938964844,264.1199951171875,234.90463256835938,136021300,2018-11-20 14:30:00
1542810600,265.8599853515625,267.1499938964844,265.010009765625,265.0199890136719,235.70509338378906,75563700,2018-11-21 14:30:00
1542983400,263.17999267578125,264.82000732421875,263.07000732421875,263.25,234.13087463378906,42807900,2018-11-23 14:30:00
1543242600,265.7799987792969,267.75,265.3399963378906,267.5,237.91079711914062,79981400,2018-11-26 14:30:00
1543329000,266.3399963378906,268.3999938964844,265.6600036621094,268.3999938964844,238.71127319335938,75502400,2018-11-27 14:30:00
1543415400,269.6000061035156,274.5799865722656,268.3299865722656,274.5799865722656,244.2076416015625,127629600,2018-11-28 14:30:00
1543501800,273.7099914550781,275.54998779296875,272.42999267578125,273.9800109863281,243.6739501953125,82346400,2018-11-29 14:30:00
1543588200,273.80999755859375,276.2799987792969,273.45001220703125,275.6499938964844,245.1592559814453,98204200,2018-11-30 14:30:00
1543847400,280.2799987792969,280.3999938964844,277.510009765625,279.29998779296875,248.405517578125,103176300,2018-12-03 14:30:00
1543933800,278.3699951171875,278.8500061035156,269.8999938964844,270.25,240.3565216064453,177986000,2018-12-04 14:30:00
1544106600,265.9200134277344,269.9700012207031,262.44000244140625,269.8399963378906,239.99195861816406,204185400,2018-12-06 14:30:00
1544193000,269.4599914550781,271.2200012207031,262.6300048828125,263.57000732421875,234.4154510498047,161018900,2018-12-07 14:30:00
1544452200,263.3699951171875,265.1600036621094,258.6199951171875,264.07000732421875,234.8601531982422,151445900,2018-12-10 14:30:00
1544538600,267.6600036621094,267.8699951171875,262.4800109863281,264.1300048828125,234.91354370117188,121504400,2018-12-11 14:30:00
1544625000,267.4700012207031,269.0,265.3699951171875,265.4599914550781,236.0963592529297,97976700,2018-12-12 14:30:00
1544711400,266.5199890136719,267.489990234375,264.1199951171875,265.3699951171875,236.01641845703125,96662700,2018-12-13 14:30:00
1544797800,262.9599914550781,264.0299987792969,259.8500061035156,260.4700012207031,231.6583709716797,116961100,2018-12-14 14:30:00
1545057000,259.3999938964844,260.6499938964844,253.52999877929688,255.36000061035156,227.11361694335938,165492300,2018-12-17 14:30:00
1545143400,257.20001220703125,257.95001220703125,253.27999877929688,255.0800018310547,226.86459350585938,134515100,2018-12-18 14:30:00
1545229800,255.1699981689453,259.3999938964844,249.35000610351562,251.25999450683594,223.4671173095703,214992800,2018-12-19 14:30:00
1545316200,249.86000061035156,251.6199951171875,244.64999389648438,247.1699981689453,219.82957458496094,252053400,2018-12-20 14:30:00
1545402600,246.74000549316406,249.7100067138672,239.97999572753906,240.6999969482422,215.32534790039062,255345600,2018-12-21 14:30:00
1545661800,239.0399932861328,240.83999633789062,234.27000427246094,234.33999633789062,209.6357879638672,147311600,2018-12-24 14:30:00
1545834600,235.97000122070312,246.17999267578125,233.75999450683594,246.17999267578125,220.22764587402344,218485400,2018-12-26 14:30:00
1545921000,242.57000732421875,248.2899932861328,238.9600067138672,248.07000732421875,221.91844177246094,186267300,2018-12-27 14:30:00
1546007400,249.5800018310547,251.39999389648438,246.4499969482422,247.75,221.6321258544922,153100200,2018-12-28 14:30:00
1546266600,249.55999755859375,250.19000244140625,247.47000122070312,249.9199981689453,223.57334899902344,144299400,2018-12-31 14:30:00
1546439400,245.97999572753906,251.2100067138672,245.9499969482422,250.17999267578125,223.8059539794922,126925200,2019-01-02 14:30:00
1546525800,248.22999572753906,248.57000732421875,243.6699981689453,244.2100067138672,218.46533203125,144140700,2019-01-03 14:30:00
1546612200,247.58999633789062,253.11000061035156,247.1699981689453,252.38999938964844,225.782958984375,142628800,2019-01-04 14:30:00
1546871400,252.69000244140625,255.9499969482422,251.69000244140625,254.3800048828125,227.563232421875,103139100,2019-01-07 14:30:00
1546957800,256.82000732421875,257.30999755859375,254.0,256.7699890136719,229.70118713378906,102512600,2019-01-08 14:30:00
1547044200,257.55999755859375,258.9100036621094,256.19000244140625,257.9700012207031,230.7747344970703,95006600,2019-01-09 14:30:00
1547130600,256.260009765625,259.1600036621094,255.5,258.8800048828125,231.5888214111328,96823900,2019-01-10 14:30:00
1547217000,257.67999267578125,259.010009765625,257.0299987792969,258.9800109863281,231.67828369140625,73858100,2019-01-11 14:30:00
1547476200,256.8599853515625,258.29998779296875,256.4100036621094,257.3999938964844,230.26478576660156,70908200,2019-01-14 14:30:00
1547562600,257.82000732421875,260.70001220703125,257.80999755859375,260.3500061035156,232.9038543701172,85208300,2019-01-15 14:30:00
1547649000,260.8299865722656,261.9700012207031,260.6000061035156,260.9800109863281,233.4674072265625,77636700,2019-01-16 14:30:00
1547735400,260.010009765625,263.9200134277344,259.9599914550781,262.9599914550781,235.2386932373047,96118400,2019-01-17 14:30:00
1547821800,264.9800109863281,266.9800109863281,263.0,266.4599914550781,238.3696746826172,127900300,2019-01-18 14:30:00
1548167400,264.82000732421875,265.05999755859375,261.05999755859375,262.8599853515625,235.14923095703125,115531200,2019-01-22 14:30:00
1548253800,264.010009765625,264.7900085449219,260.6600036621094,263.4100036621094,235.64125061035156,86030300,2019-01-23 14:30:00
1548340200,263.2099914550781,264.20001220703125,262.0799865722656,263.54998779296875,235.7664794921875,59204100,2019-01-24 14:30:00
1548426600,265.6099853515625,266.70001220703125,263.6600036621094,265.7799987792969,237.76141357421875,96883400,2019-01-25 14:30:00
1548685800,263.3900146484375,263.8299865722656,261.7900085449219,263.760009765625,235.95436096191406,85613700,2019-01-28 14:30:00
1548772200,263.9200134277344,264.54998779296875,262.4800109863281,263.4100036621094,235.64125061035156,66136300,2019-01-29 14:30:00
1548858600,265.1000061035156,268.5199890136719,264.25,267.5799865722656,239.37161254882812,92473700,2019-01-30 14:30:00
1548945000,267.510009765625,270.4700012207031,267.2699890136719,269.92999267578125,241.4738311767578,104012100,2019-01-31 14:30:00
1549031400,270.1499938964844,271.20001220703125,269.17999267578125,270.05999755859375,241.59019470214844,85782500,2019-02-01 14:30:00
1549290600,270.1099853515625,272.0299987792969,269.3599853515625,271.9599914550781,243.28993225097656,60744800,2019-02-04 14:30:00
1549377000,272.44000244140625,273.44000244140625,271.8800048828125,273.1000061035156,244.30975341796875,79552800,2019-02-05 14:30:00
1549463400,272.7900085449219,273.3399963378906,271.9200134277344,272.739990234375,243.9876251220703,58347800,2019-02-06 14:30:00
1549549800,270.94000244140625,271.54998779296875,268.2900085449219,270.1400146484375,241.66175842285156,95482000,2019-02-07 14:30:00
1549636200,268.75,270.5799865722656,267.8299865722656,270.4700012207031,241.95704650878906,75788900,2019-02-08 14:30:00
1549895400,271.20001220703125,271.489990234375,270.0299987792969,270.6199951171875,242.0911102294922,68021400,2019-02-11 14:30:00
1549981800,272.4200134277344,274.5199890136719,272.3399963378906,274.1000061035156,245.20433044433594,72270200,2019-02-12 14:30:00
1550068200,275.0299987792969,275.92999267578125,274.55999755859375,274.989990234375,246.00051879882812,65277200,2019-02-13 14:30:00
1550154600,273.7799987792969,275.6400146484375,272.8699951171875,274.3800048828125,245.45480346679688,83234400,2019-02-14 14:30:00
1550241000,276.3599853515625,277.4100036621094,276.1300048828125,277.3699951171875,248.129638671875,97088700,2019-02-15 14:30:00
1550586600,276.4800109863281,278.5799865722656,276.4700012207031,277.8500061035156,248.55894470214844,59120800,2019-02-19 14:30:00
1550673000,277.80999755859375,278.9200134277344,277.25,278.4100036621094,249.0598907470703,76610800,2019-02-20 14:30:00
1550759400,277.70001220703125,278.1000061035156,276.3500061035156,277.4200134277344,248.17437744140625,64214700,2019-02-21 14:30:00
1550845800,278.1099853515625,279.3599853515625,277.3999938964844,279.1400146484375,249.7130584716797,78114600,2019-02-22 14:30:00
1551105000,280.7300109863281,281.30999755859375,279.42999267578125,279.5199890136719,250.052978515625,69030700,2019-02-25 14:30:00
1551191400,279.1300048828125,280.29998779296875,278.8999938964844,279.32000732421875,249.8740234375,56844100,2019-02-26 14:30:00
1551277800,278.5199890136719,279.5899963378906,277.4800109863281,279.20001220703125,249.7667236328125,56921600,2019-02-27 14:30:00
1551364200,278.9599914550781,279.45001220703125,278.32000732421875,278.67999267578125,249.30149841308594,69268300,2019-02-28 14:30:00
1551450600,280.44000244140625,280.8800048828125,278.82000732421875,280.4200134277344,250.8580322265625,78880500,2019-03-01 14:30:00
1551709800,281.6000061035156,281.8699951171875,276.8399963378906,279.3999938964844,249.94549560546875,106494600,2019-03-04 14:30:00
1551796200,279.5400085449219,279.760009765625,278.4100036621094,279.0199890136719,249.60569763183594,59114600,2019-03-05 14:30:00
1551882600,279.1499938964844,279.1600036621094,276.9700012207031,277.3299865722656,248.09376525878906,75039800,2019-03-06 14:30:00
1551969000,276.8299865722656,276.989990234375,274.07000732421875,275.010009765625,246.01834106445312,94885100,2019-03-07 14:30:00
1552055400,272.94000244140625,274.6499938964844,272.4200134277344,274.4599914550781,245.52633666992188,85795800,2019-03-08 14:30:00
1552311000,275.260009765625,278.6199951171875,275.2300109863281,278.44000244140625,249.08682250976562,65098900,2019-03-11 13:30:00
1552397400,279.05999755859375,280.07000732421875,278.8500061035156,279.489990234375,250.02606201171875,79667500,2019-03-12 13:30:00
1552483800,280.4800109863281,282.3800048828125,280.29998779296875,281.3399963378906,251.68109130859375,80639200,2019-03-13 13:30:00
1552570200,281.3699951171875,281.8399963378906,280.6700134277344,281.1600036621094,251.52000427246094,67518400,2019-03-14 13:30:00
1552656600,280.5400085449219,282.2099914550781,280.3299865722656,281.30999755859375,252.76272583007812,81309000,2019-03-15 13:30:00
1552915800,281.54998779296875,282.6600036621094,281.29998779296875,282.3299865722656,253.67913818359375,62199800,2019-03-18 13:30:00
1553002200,283.510009765625,284.3599853515625,281.4100036621094,282.3999938964844,253.74203491210938,90268100,2019-03-19 13:30:00
1553088600,282.1600036621094,283.5,280.32000732421875,281.54998779296875,252.97828674316406,84609200,2019-03-20 13:30:00
1553175000,280.6400146484375,285.17999267578125,280.5899963378906,284.7300109863281,255.8356170654297,79550400,2019-03-21 13:30:00
1553261400,283.2200012207031,283.79998779296875,279.17999267578125,279.25,250.91171264648438,122659300,2019-03-22 13:30:00
1553520600,278.8699951171875,280.19000244140625,277.6400146484375,279.0400085449219,250.72303771972656,85575200,2019-03-25 13:30:00
1553607000,280.989990234375,282.17999267578125,279.55999755859375,281.1199951171875,252.59190368652344,68125900,2019-03-26 13:30:00
1553693400,281.1099853515625,281.760009765625,277.92999267578125,279.6499938964844,251.2710723876953,72224700,2019-03-27 13:30:00
1553779800,280.3500061035156,281.2099914550781,279.07000732421875,280.7099914550781,252.22349548339844,56238500,2019-03-28 13:30:00
1553866200,282.3900146484375,282.8399963378906,281.1400146484375,282.4800109863281,253.81399536132812,82186800,2019-03-29 13:30:00
1554125400,284.70001220703125,286.1600036621094,284.3999938964844,285.8299865722656,256.8240051269531,77617900,2019-04-01 13:30:00
1554211800,286.0400085449219,286.2300109863281,285.0899963378906,285.9700012207031,256.9498291015625,40070400,2019-04-02 13:30:00
1554298200,287.32000732421875,287.760009765625,285.75,286.4200134277344,257.3541259765625,68243200,2019-04-03 13:30:00
1554384600,286.7799987792969,287.4599914550781,286.010009765625,287.17999267578125,258.0369873046875,48997500,2019-04-04 13:30:00
1554471000,287.9200134277344,288.6300048828125,287.6000061035156,288.57000732421875,259.2860107421875,58621700,2019-04-05 13:30:00
1554730200,288.1000061035156,288.9100036621094,287.3699951171875,288.7900085449219,259.48358154296875,53566300,2019-04-08 13:30:00
1554816600,287.7200012207031,288.0799865722656,286.70001220703125,287.30999755859375,258.15380859375,66142300,2019-04-09 13:30:00
1554903000,287.7699890136719,288.3900146484375,287.30999755859375,288.2900085449219,259.0343933105469,52601500,2019-04-10 13:30:00
1554989400,288.8299865722656,288.8399963378906,287.5799865722656,288.2099914550781,258.96246337890625,55093100,2019-04-11 13:30:00
1555075800,290.0,290.4700012207031,288.260009765625,290.1600036621094,260.71453857421875,69727800,2019-04-12 13:30:00
1555335000,290.239990234375,290.3500061035156,289.0799865722656,289.9700012207031,260.54376220703125,49596700,2019-04-15 13:30:00
1555421400,290.95001220703125,291.010009765625,289.5,290.1600036621094,260.71453857421875,52153200,2019-04-16 13:30:00
1555507800,291.3999938964844,291.42999267578125,288.989990234375,289.45001220703125,260.0766906738281,58268300,2019-04-17 13:30:00
1555594200,290.1000061035156,290.32000732421875,288.6600036621094,290.0199890136719,260.5888671875,68708500,2019-04-18 13:30:00
1555939800,289.1700134277344,290.44000244140625,289.07000732421875,290.2699890136719,260.8134460449219,40160100,2019-04-22 13:30:00
1556026200,290.67999267578125,293.1400146484375,290.4200134277344,292.8800048828125,263.1586608886719,52246600,2019-04-23 13:30:00
1556112600,292.7900085449219,293.1600036621094,292.07000732421875,292.2300109863281,262.57452392578125,50392900,2019-04-24 13:30:00
1556199000,292.1199951171875,292.7799987792969,290.7300109863281,292.04998779296875,262.41278076171875,57770900,2019-04-25 13:30:00
1556285400,292.1000061035156,293.489990234375,291.239990234375,293.4100036621094,263.634765625,50916400,2019-04-26 13:30:00
1556544600,293.510009765625,294.45001220703125,293.4100036621094,293.8699951171875,264.0481262207031,57197700,2019-04-29 13:30:00
1556631000,293.489990234375,294.3399963378906,291.9200134277344,294.0199890136719,264.1829528808594,81111700,2019-04-30 13:30:00
1556717400,294.7200012207031,294.95001220703125,291.79998779296875,291.80999755859375,262.1971435546875,71671900,2019-05-01 13:30:00
1556803800,291.67999267578125,292.70001220703125,289.5199890136719,291.17999267578125,261.631103515625,65030200,2019-05-02 13:30:00
1556890200,292.82000732421875,294.3399963378906,291.29998779296875,294.0299987792969,264.19189453125,56543700,2019-05-03 13:30:00
1557149400,289.25,293.30999755859375,288.8999938964844,292.82000732421875,263.1046447753906,107198100,2019-05-06 13:30:00
1557235800,290.1499938964844,290.80999755859375,285.80999755859375,287.92999267578125,258.71087646484375,144729900,2019-05-07 13:30:00
1557322200,287.5299987792969,289.42999267578125,286.8699951171875,287.5299987792969,258.3514404296875,91568300,2019-05-08 13:30:00
1557408600,285.2300109863281,287.3299865722656,283.29998779296875,286.6600036621094,257.56976318359375,103471100,2019-05-09 13:30:00
1557495000,285.6199951171875,288.94000244140625,282.29998779296875,288.1000061035156,258.8636169433594,112429300,2019-05-10 13:30:00
1557754200,282.4200134277344,283.489990234375,279.92999267578125,280.8599853515625,252.3582763671875,127290500,2019-05-13 13:30:00
1557840600,281.989990234375,285.1000061035156,281.8500061035156,283.3999938964844,254.64060974121094,77003200,2019-05-14 13:30:00
1557927000,281.5899963378906,285.7699890136719,281.3599853515625,285.05999755859375,256.13214111328125,73956400,2019-05-15 13:30:00
1558013400,285.8399963378906,289.2099914550781,285.760009765625,287.70001220703125,258.5042724609375,76749600,2019-05-16 13:30:00
1558099800,285.1400146484375,288.6000061035156,285.1199951171875,285.8399963378906,256.8330078125,100353000,2019-05-17 13:30:00
1558359000,284.05999755859375,285.9599914550781,283.1199951171875,283.95001220703125,255.13475036621094,62877600,2019-05-20 13:30:00
1558445400,285.8299865722656,286.92999267578125,285.54998779296875,286.510009765625,257.4349365234375,46847100,2019-05-21 13:30:00
1558531800,285.45001220703125,286.69000244140625,285.1000061035156,285.6300048828125,256.6442565917969,49482500,2019-05-22 13:30:00
1558618200,283.1600036621094,283.2099914550781,280.57000732421875,282.1400146484375,253.50848388671875,98733800,2019-05-23 13:30:00
1558704600,283.739990234375,284.20001220703125,282.0899963378906,282.7799987792969,254.08352661132812,55268100,2019-05-24 13:30:00
1559050200,283.0899963378906,284.1499938964844,280.1300048828125,280.1499938964844,251.7203826904297,70029400,2019-05-28 13:30:00
1559136600,278.9100036621094,279.3599853515625,276.7099914550781,278.2699890136719,250.03125,104972900,2019-05-29 13:30:00
1559223000,279.1099853515625,280.0400085449219,277.80999755859375,279.0299987792969,250.7140655517578,62523800,2019-05-30 13:30:00
1559309400,276.20001220703125,277.1199951171875,275.239990234375,275.2699890136719,247.3356475830078,86862800,2019-05-31 13:30:00
1559568600,275.30999755859375,276.54998779296875,273.0899963378906,274.57000732421875,246.70668029785156,96428000,2019-06-03 13:30:00
1559655000,277.1199951171875,280.67999267578125,276.6199951171875,280.5299987792969,252.0618438720703,77231900,2019-06-04 13:30:00
1559741400,282.3299865722656,282.989990234375,280.32000732421875,282.9599914550781,254.24537658691406,71169700,2019-06-05 13:30:00
1559827800,283.2900085449219,285.54998779296875,282.57000732421875,284.79998779296875,255.89849853515625,69430400,2019-06-06 13:30:00
1559914200,285.92999267578125,288.8500061035156,285.739990234375,287.6499938964844,258.45928955078125,74272200,2019-06-07 13:30:00
1560173400,289.3699951171875,290.82000732421875,288.8699951171875,288.9700012207031,259.64532470703125,60799100,2019-06-10 13:30:00
1560259800,290.989990234375,291.3999938964844,288.17999267578125,288.8999938964844,259.5823974609375,58641300,2019-06-11 13:30:00
1560346200,288.6400146484375,289.260009765625,287.82000732421875,288.3900146484375,259.124267578125,47096300,2019-06-12 13:30:00
1560432600,289.3999938964844,289.9800109863281,288.6199951171875,289.5799865722656,260.1934509277344,48945200,2019-06-13 13:30:00
1560519000,289.260009765625,289.92999267578125,288.4100036621094,289.260009765625,259.9059143066406,52324700,2019-06-14 13:30:00
1560778200,289.5199890136719,290.2200012207031,289.17999267578125,289.3699951171875,260.0047607421875,39205700,2019-06-17 13:30:00
1560864600,291.3900146484375,293.57000732421875,290.989990234375,292.3999938964844,262.7272644042969,85434800,2019-06-18 13:30:00
1560951000,292.54998779296875,293.6499938964844,291.4700012207031,293.05999755859375,263.32025146484375,78674400,2019-06-19 13:30:00
1561037400,296.0400085449219,296.30999755859375,293.1300048828125,295.8599853515625,265.8361511230469,116570000,2019-06-20 13:30:00
1561123800,294.1300048828125,295.5199890136719,293.760009765625,294.0,265.4497375488281,83309500,2019-06-21 13:30:00
1561383000,294.2300109863281,294.5799865722656,293.4700012207031,293.6400146484375,265.1247253417969,47582700,2019-06-24 13:30:00
1561469400,293.70001220703125,293.7300109863281,290.6400146484375,290.760009765625,262.5243835449219,82028700,2019-06-25 13:30:00
1561555800,291.75,292.30999755859375,290.3500061035156,290.4700012207031,262.2625427246094,51584900,2019-06-26 13:30:00
1561642200,291.30999755859375,292.05999755859375,290.8900146484375,291.5,263.1925048828125,40355200,2019-06-27 13:30:00
1561728600,292.5799865722656,293.54998779296875,292.010009765625,293.0,264.5469055175781,59350900,2019-06-28 13:30:00
1561987800,296.67999267578125,296.9200134277344,294.3299865722656,295.6600036621094,266.9485778808594,78705600,2019-07-01 13:30:00
1562074200,295.6099853515625,296.489990234375,294.67999267578125,296.42999267578125,267.6437072753906,61504500,2019-07-02 13:30:00
1562160600,297.17999267578125,298.82000732421875,297.0199890136719,298.79998779296875,269.7835998535156,40898900,2019-07-03 13:30:00
1562333400,297.44000244140625,298.6400146484375,296.010009765625,298.4599914550781,269.4766540527344,51677300,2019-07-05 13:30:00
1562592600,297.010009765625,298.260009765625,296.2200012207031,296.82000732421875,267.9959716796875,45841800,2019-07-08 13:30:00
1562679000,295.5400085449219,297.5199890136719,295.4800109863281,297.19000244140625,268.3299560546875,41101300,2019-07-09 13:30:00
1562765400,298.3699951171875,299.6600036621094,297.7799987792969,298.6099853515625,269.6120300292969,58448500,2019-07-10 13:30:00
1562851800,299.32000732421875,299.5799865722656,298.20001220703125,299.30999755859375,270.2441101074219,50826100,2019-07-11 13:30:00
1562938200,299.8500061035156,300.7300109863281,299.510009765625,300.6499938964844,271.4539794921875,40326000,2019-07-12 13:30:00
1563197400,301.1300048828125,301.1300048828125,300.19000244140625,300.75,271.54425048828125,33900000,2019-07-15 13:30:00
1563283800,300.6499938964844,300.8800048828125,299.44000244140625,299.7799987792969,270.6683654785156,36650100,2019-07-16 13:30:00
1563370200,299.75,299.92999267578125,297.739990234375,297.739990234375,268.8265075683594,36036300,2019-07-17 13:30:00
1563456600,297.19000244140625,299.25,296.70001220703125,298.8299865722656,269.8106384277344,51392600,2019-07-18 13:30:00
1563543000,300.0400085449219,300.07000732421875,296.9800109863281,297.1700134277344,268.3119201660156,58678600,2019-07-19 13:30:00
1563802200,297.6099853515625,298.5,297.0400085449219,297.8999938964844,268.9710388183594,43638100,2019-07-22 13:30:00
1563888600,299.1400146484375,300.0299987792969,298.2200012207031,300.0299987792969,270.8941345214844,44564500,2019-07-23 13:30:00
1563975000,299.19000244140625,301.44000244140625,299.0899963378906,301.44000244140625,272.1672058105469,47213200,2019-07-24 13:30:00
1564061400,300.94000244140625,301.0,299.1099853515625,300.0,270.86712646484375,55394100,2019-07-25 13:30:00
1564147800,300.760009765625,302.2300109863281,300.6199951171875,302.010009765625,272.6818542480469,45084100,2019-07-26 13:30:00
1564407000,301.8800048828125,302.010009765625,300.8500061035156,301.4599914550781,272.1852722167969,38126500,2019-07-29 13:30:00
1564493400,299.9100036621094,301.1700134277344,299.489990234375,300.7200012207031,271.5172424316406,45849000,2019-07-30 13:30:00
1564579800,300.989990234375,301.20001220703125,295.20001220703125,297.42999267578125,268.54669189453125,104245200,2019-07-31 13:30:00
1564666200,297.6000061035156,300.8699951171875,293.9599914550781,294.8399963378906,266.2081298828125,142646600,2019-08-01 13:30:00
1564752600,293.8500061035156,294.1199951171875,290.8999938964844,292.6199951171875,264.2037658691406,116749700,2019-08-02 13:30:00
1565011800,288.0899963378906,288.2099914550781,281.7200012207031,283.82000732421875,256.2583312988281,178745400,2019-08-05 13:30:00
1565098200,285.9100036621094,288.0400085449219,284.2799987792969,287.79998779296875,259.8517150878906,120711700,2019-08-06 13:30:00
1565184600,284.3999938964844,288.82000732421875,282.0400085449219,287.9700012207031,260.0053405761719,140572300,2019-08-07 13:30:00
1565271000,289.6199951171875,293.6199951171875,289.010009765625,293.6199951171875,265.10662841796875,87713900,2019-08-08 13:30:00
1565357400,292.5799865722656,293.239990234375,289.6499938964844,291.6199951171875,263.3008728027344,93730000,2019-08-09 13:30:00
1565616600,289.9599914550781,291.6099853515625,287.0199890136719,288.07000732421875,260.0955810546875,65527600,2019-08-12 13:30:00
1565703000,287.739990234375,294.1499938964844,287.3599853515625,292.54998779296875,264.1405944824219,94299800,2019-08-13 13:30:00
1565789400,288.07000732421875,288.739990234375,283.760009765625,283.8999938964844,256.3304748535156,135622100,2019-08-14 13:30:00
1565875800,284.8800048828125,285.6400146484375,282.3900146484375,284.6499938964844,257.0077209472656,99556600,2019-08-15 13:30:00
1565962200,286.4800109863281,289.3299865722656,284.7099914550781,288.8500061035156,260.79986572265625,83018300,2019-08-16 13:30:00
1566221400,292.19000244140625,293.0799865722656,291.44000244140625,292.3299865722656,263.94189453125,53571800,2019-08-19 13:30:00
1566307800,291.7699890136719,292.3599853515625,289.95001220703125,290.0899963378906,261.91949462890625,51596400,2019-08-20 13:30:00
1566394200,292.4800109863281,292.8599853515625,291.7200012207031,292.45001220703125,264.05029296875,49524700,2019-08-21 13:30:00
1566480600,293.2300109863281,293.92999267578125,290.3999938964844,292.3599853515625,263.9689636230469,51666400,2019-08-22 13:30:00
1566567000,290.9200134277344,292.760009765625,283.4700012207031,284.8500061035156,257.1882019042969,149161500,2019-08-23 13:30:00
1566826200,287.2699890136719,288.0,285.5799865722656,288.0,260.0323486328125,72423800,2019-08-26 13:30:00
1566912600,289.5400085449219,289.95001220703125,286.0299987792969,286.8699951171875,259.01214599609375,66668900,2019-08-27 13:30:00
1566999000,286.1400146484375,289.07000732421875,285.25,288.8900146484375,260.8359069824219,59696700,2019-08-28 13:30:00
1567085400,291.7200012207031,293.1600036621094,290.6099853515625,292.5799865722656,264.1675720214844,57899400,2019-08-29 13:30:00
1567171800,294.2200012207031,294.239990234375,291.4200134277344,292.45001220703125,264.05029296875,62901200,2019-08-30 13:30:00
1567517400,290.57000732421875,291.5799865722656,289.2699890136719,290.739990234375,262.5063171386719,69101400,2019-09-03 13:30:00
1567603800,293.1400146484375,294.05999755859375,292.30999755859375,294.0400085449219,265.4858703613281,46887300,2019-09-04 13:30:00
1567690200,296.7900085449219,298.8299865722656,294.0,297.82000732421875,268.8987731933594,83258100,2019-09-05 13:30:00
1567776600,298.1700134277344,298.760009765625,297.4200134277344,298.04998779296875,269.10638427734375,49584300,2019-09-06 13:30:00
1568035800,299.1400146484375,299.239990234375,297.1600036621094,298.20001220703125,269.24176025390625,51260300,2019-09-09 13:30:00
1568122200,297.3599853515625,298.20001220703125,295.9700012207031,298.1300048828125,269.1787109375,57947100,2019-09-10 13:30:00
1568208600,298.4700012207031,300.3399963378906,297.75,300.25,271.0928039550781,68821100,2019-09-11 13:30:00
1568295000,301.25,302.4599914550781,300.4100036621094,301.2900085449219,272.0318298339844,72908700,2019-09-12 13:30:00
1568381400,301.7799987792969,302.1700134277344,300.67999267578125,301.0899963378906,271.8512268066406,62104800,2019-09-13 13:30:00
1568640600,299.8399963378906,301.1400146484375,299.45001220703125,300.1600036621094,271.01153564453125,58191200,2019-09-16 13:30:00
1568727000,299.94000244140625,301.0199890136719,299.75,300.9200134277344,271.69781494140625,41475500,2019-09-17 13:30:00
1568813400,300.489990234375,301.2200012207031,298.239990234375,301.1000061035156,271.8602600097656,73375800,2019-09-18 13:30:00
1568899800,301.5299987792969,302.6300048828125,300.7099914550781,301.0799865722656,271.84222412109375,76560500,2019-09-19 13:30:00
1568986200,300.3599853515625,300.6700134277344,297.4100036621094,298.2799987792969,270.5577697753906,89565000,2019-09-20 13:30:00
1569245400,297.54998779296875,299.0,297.2699890136719,298.2099914550781,270.4942626953125,43476800,2019-09-23 13:30:00
1569331800,299.4100036621094,299.8399963378906,294.80999755859375,295.8699951171875,268.371826171875,94869400,2019-09-24 13:30:00
1569418200,295.9599914550781,298.1099853515625,294.3299865722656,297.6199951171875,269.9591064453125,71854000,2019-09-25 13:30:00
1569504600,297.6300048828125,297.8599853515625,295.45001220703125,297.0,269.3967590332031,56179700,2019-09-26 13:30:00
1569591000,297.8299865722656,297.95001220703125,293.69000244140625,295.3999938964844,267.9454650878906,84746600,2019-09-27 13:30:00
1569850200,295.9700012207031,297.54998779296875,295.9200134277344,296.7699890136719,269.1880187988281,51662400,2019-09-30 13:30:00
1569936600,297.739990234375,298.4599914550781,293.0,293.239990234375,265.9862060546875,88242400,2019-10-01 13:30:00
1570023000,291.5,291.510009765625,286.6400146484375,288.05999755859375,261.2876281738281,122539500,2019-10-02 13:30:00
1570109400,287.80999755859375,290.45001220703125,284.82000732421875,290.4200134277344,263.4283142089844,85278800,2019-10-03 13:30:00
1570195800,291.1400146484375,294.6300048828125,291.0799865722656,294.3500061035156,266.99310302734375,65091200,2019-10-04 13:30:00
1570455000,293.4700012207031,295.260009765625,292.7699890136719,293.0799865722656,265.84100341796875,59610500,2019-10-07 13:30:00
1570541400,291.0400085449219,291.8500061035156,288.489990234375,288.5299987792969,261.7138977050781,95708100,2019-10-08 13:30:00
1570627800,290.75,292.29998779296875,290.05999755859375,291.2699890136719,264.1992492675781,62359400,2019-10-09 13:30:00
1570714200,291.17999267578125,294.2099914550781,291.0,293.239990234375,265.9862060546875,55296300,2019-10-10 13:30:00
1570800600,296.2699890136719,298.739990234375,296.1400146484375,296.2799987792969,268.74365234375,98720400,2019-10-11 13:30:00
1571059800,295.92999267578125,296.6700134277344,295.57000732421875,295.95001220703125,268.4443359375,40394800,2019-10-14 13:30:00
1571146200,297.1000061035156,299.70001220703125,296.9700012207031,298.8800048828125,271.10198974609375,46754500,2019-10-15 13:30:00
1571232600,298.3699951171875,299.1600036621094,297.9200134277344,298.3999938964844,270.6665954589844,48928200,2019-10-16 13:30:00
1571319000,299.67999267578125,300.239990234375,298.5199890136719,299.2799987792969,271.4648742675781,45736600,2019-10-17 13:30:00
1571405400,298.69000244140625,299.3999938964844,297.0299987792969,297.9700012207031,270.276611328125,64304000,2019-10-18 13:30:00
1571664600,299.4200134277344,300.2099914550781,298.94000244140625,299.989990234375,272.10894775390625,39048600,2019-10-21 13:30:00
1571751000,300.5799865722656,300.8999938964844,298.9100036621094,299.010009765625,271.22003173828125,48594700,2019-10-22 13:30:00
1571837400,298.7300109863281,299.94000244140625,298.5,299.8800048828125,272.00909423828125,34352200,2019-10-23 13:30:00
1571923800,300.9100036621094,301.07000732421875,299.4599914550781,300.3699951171875,272.4534912109375,35453100,2019-10-24 13:30:00
1572010200,299.739990234375,302.20001220703125,299.67999267578125,301.6000061035156,273.5691833496094,45205400,2019-10-25 13:30:00
1572269400,302.94000244140625,303.8500061035156,302.9100036621094,303.29998779296875,275.11126708984375,42147000,2019-10-28 13:30:00
1572355800,303.0,304.2300109863281,302.8599853515625,303.2099914550781,275.0295715332031,44284900,2019-10-29 13:30:00
1572442200,303.42999267578125,304.54998779296875,301.989990234375,304.1400146484375,275.8731689453125,49643900,2019-10-30 13:30:00
1572528600,304.1300048828125,304.1300048828125,301.7300109863281,303.3299865722656,275.13836669921875,69053800,2019-10-31 13:30:00
1572615000,304.9200134277344,306.19000244140625,304.739990234375,306.1400146484375,277.68731689453125,71141500,2019-11-01 13:30:00
1572877800,307.8500061035156,308.0,306.9599914550781,307.3699951171875,278.802978515625,60606900,2019-11-04 14:30:00
1572964200,307.5899963378906,307.9200134277344,306.7099914550781,307.0299987792969,278.4945068359375,42933200,2019-11-05 14:30:00
1573050600,307.0299987792969,307.3999938964844,306.05999755859375,307.1000061035156,278.55810546875,46487100,2019-11-06 14:30:00
1573137000,308.57000732421875,309.6499938964844,307.6600036621094,308.17999267578125,279.5376892089844,54272300,2019-11-07 14:30:00
1573223400,307.79998779296875,309.0,307.0299987792969,308.94000244140625,280.2270202636719,49032100,2019-11-08 14:30:00
1573482600,307.4200134277344,308.5400085449219,307.2699890136719,308.3500061035156,279.6918640136719,35797300,2019-11-11 14:30:00
1573569000,308.75,309.989990234375,308.1499938964844,309.0,280.2815246582031,46484600,2019-11-12 14:30:00
1573655400,307.9100036621094,309.5400085449219,307.6600036621094,309.1000061035156,280.37213134765625,53917700,2019-11-13 14:30:00
1573741800,308.7900085449219,309.6400146484375,308.0899963378906,309.54998779296875,280.7803039550781,51219900,2019-11-14 14:30:00
1573828200,311.0199890136719,311.8399963378906,310.260009765625,311.7900085449219,282.8121032714844,62023600,2019-11-15 14:30:00
1574087400,311.5299987792969,312.2799987792969,311.0299987792969,312.0199890136719,283.02069091796875,49228000,2019-11-18 14:30:00
1574173800,312.67999267578125,312.69000244140625,311.2200012207031,311.92999267578125,282.93914794921875,67804700,2019-11-19 14:30:00
1574260200,311.2799987792969,311.8500061035156,309.05999755859375,310.7699890136719,281.8870544433594,79406200,2019-11-20 14:30:00
1574346600,310.8900146484375,311.010009765625,309.3900146484375,310.2699890136719,281.43341064453125,54664700,2019-11-21 14:30:00
1574433000,311.0899963378906,311.239990234375,309.8500061035156,310.9599914550781,282.05926513671875,44850200,2019-11-22 14:30:00
1574692200,311.9800109863281,313.3699951171875,311.9800109863281,313.3699951171875,284.2452697753906,48647200,2019-11-25 14:30:00
1574778600,313.4100036621094,314.2799987792969,313.05999755859375,314.0799865722656,284.8893127441406,37569000,2019-11-26 14:30:00
1574865000,314.6099853515625,315.4800109863281,314.3699951171875,315.4800109863281,286.1592102050781,44444600,2019-11-27 14:30:00
1575037800,314.8599853515625,315.1300048828125,314.05999755859375,314.30999755859375,285.09796142578125,36592700,2019-11-29 14:30:00
1575297000,314.5899963378906,314.6600036621094,311.1700134277344,311.6400146484375,282.6761169433594,75767800,2019-12-02 14:30:00
1575383400,308.6499938964844,309.6400146484375,307.1300048828125,309.54998779296875,280.7803039550781,73941700,2019-12-03 14:30:00
1575469800,310.70001220703125,312.1199951171875,310.32000732421875,311.4599914550781,282.51287841796875,49080000,2019-12-04 14:30:00
1575556200,312.2300109863281,312.25,310.5799865722656,312.0199890136719,283.02069091796875,40709000,2019-12-05 14:30:00
1575642600,314.1199951171875,315.30999755859375,314.1099853515625,314.8699951171875,285.6058654785156,48927000,2019-12-06 14:30:00
1575901800,314.44000244140625,315.17999267578125,313.79998779296875,313.8800048828125,284.7079162597656,34838500,2019-12-09 14:30:00
1575988200,313.82000732421875,314.54998779296875,312.80999755859375,313.5299987792969,284.3904113769531,52649800,2019-12-10 14:30:00
1576074600,314.0299987792969,314.70001220703125,313.44000244140625,314.4200134277344,285.1977233886719,53429100,2019-12-11 14:30:00
1576161000,314.42999267578125,317.989990234375,314.1700134277344,317.1300048828125,287.65582275390625,96389600,2019-12-12 14:30:00
1576247400,316.8699951171875,318.6700134277344,316.0199890136719,317.32000732421875,287.8282165527344,81503900,2019-12-13 14:30:00
1576506600,319.2200012207031,320.1499938964844,317.25,319.5,289.8055419921875,82749700,2019-12-16 14:30:00
1576593000,319.9200134277344,320.25,319.4800109863281,319.57000732421875,289.8691711425781,61097700,2019-12-17 14:30:00
1576679400,320.0,320.25,319.5299987792969,319.5899963378906,289.88720703125,48133000,2019-12-18 14:30:00
1576765800,319.79998779296875,320.9800109863281,319.5199890136719,320.8999938964844,291.075439453125,85310500,2019-12-19 14:30:00
1576852200,320.4599914550781,321.9700012207031,319.3900146484375,320.7300109863281,292.3515930175781,147142100,2019-12-20 14:30:00
1577111400,321.5899963378906,321.6499938964844,321.05999755859375,321.2200012207031,292.7983093261719,52990000,2019-12-23 14:30:00
1577197800,321.4700012207031,321.5199890136719,320.8999938964844,321.2300109863281,292.80731201171875,20270000,2019-12-24 14:30:00
1577370600,321.6499938964844,322.95001220703125,321.6400146484375,322.94000244140625,294.3660888671875,30911200,2019-12-26 14:30:00
1577457000,323.739990234375,323.79998779296875,322.2799987792969,322.8599853515625,294.2931823730469,42528800,2019-12-27 14:30:00
1577716200,322.95001220703125,323.1000061035156,320.54998779296875,321.0799865722656,292.67059326171875,49729100,2019-12-30 14:30:00
1577802600,320.5299987792969,322.1300048828125,320.1499938964844,321.8599853515625,293.3816223144531,57077300,2019-12-31 14:30:00
1577975400,323.5400085449219,324.8900146484375,322.5299987792969,324.8699951171875,296.125244140625,59151200,2020-01-02 14:30:00
1578061800,321.1600036621094,323.6400146484375,321.1000061035156,322.4100036621094,293.88299560546875,77709700,2020-01-03 14:30:00
1578321000,320.489990234375,323.7300109863281,320.3599853515625,323.6400146484375,295.0041809082031,55653900,2020-01-06 14:30:00
1578407400,323.0199890136719,323.5400085449219,322.239990234375,322.7300109863281,294.1745910644531,40496400,2020-01-07 14:30:00
1578493800,322.94000244140625,325.7799987792969,322.6700134277344,324.45001220703125,295.7424621582031,68296000,2020-01-08 14:30:00
1578580200,326.1600036621094,326.7300109863281,325.5199890136719,326.6499938964844,297.74786376953125,48473300,2020-01-09 14:30:00
1578666600,327.2900085449219,327.4599914550781,325.20001220703125,325.7099914550781,296.89093017578125,53029300,2020-01-10 14:30:00
1578925800,326.3900146484375,327.9599914550781,325.9200134277344,327.95001220703125,298.9327697753906,47086800,2020-01-13 14:30:00
1579012200,327.4700012207031,328.6199951171875,326.8399963378906,327.45001220703125,298.47705078125,62832800,2020-01-14 14:30:00
1579098600,327.3500061035156,329.0199890136719,327.260009765625,328.19000244140625,299.1515197753906,72056600,2020-01-15 14:30:00
1579185000,329.70001220703125,330.9200134277344,329.45001220703125,330.9200134277344,301.6400451660156,54050300,2020-01-16 14:30:00
1579271400,331.70001220703125,332.17999267578125,330.8500061035156,331.95001220703125,302.5788269042969,95846000,2020-01-17 14:30:00
1579617000,330.8999938964844,332.17999267578125,330.82000732421875,331.29998779296875,301.98638916015625,77742400,2020-01-21 14:30:00
1579703400,332.239990234375,332.95001220703125,331.1700134277344,331.3399963378906,302.02288818359375,48914900,2020-01-22 14:30:00
1579789800,330.6300048828125,332.1700134277344,329.4100036621094,331.7200012207031,302.3692321777344,51963000,2020-01-23 14:30:00
1579876200,332.44000244140625,332.5299987792969,327.3599853515625,328.7699890136719,299.6801452636719,87578400,2020-01-24 14:30:00
1580135400,323.0299987792969,325.1199951171875,322.6600036621094,323.5,294.87646484375,84062500,2020-01-27 14:30:00
1580221800,325.05999755859375,327.8500061035156,323.6000061035156,326.8900146484375,297.966552734375,63834000,2020-01-28 14:30:00
1580308200,328.3800048828125,328.6300048828125,326.3999938964844,326.6199951171875,297.72052001953125,53888900,2020-01-29 14:30:00
1580394600,324.3599853515625,327.9100036621094,323.5400085449219,327.67999267578125,298.6866455078125,75491800,2020-01-30 14:30:00
1580481000,327.0,327.1700134277344,320.7300109863281,321.7300109863281,293.26318359375,113845600,2020-01-31 14:30:00
1580740200,323.3500061035156,326.1600036621094,323.2200012207031,324.1199951171875,295.4415588378906,69083000,2020-02-03 14:30:00
1580826600,328.07000732421875,330.010009765625,327.7200012207031,329.05999755859375,299.94451904296875,62573200,2020-02-04 14:30:00
1580913000,332.2699890136719,333.0899963378906,330.6700134277344,332.8599853515625,303.4084167480469,65951100,2020-02-05 14:30:00
1580999400,333.9100036621094,334.19000244140625,332.79998779296875,333.9800109863281,304.4292297363281,50359700,2020-02-06 14:30:00
1581085800,332.82000732421875,333.989990234375,331.6000061035156,332.20001220703125,302.8067321777344,64139400,2020-02-07 14:30:00
1581345000,331.2300109863281,334.75,331.19000244140625,334.67999267578125,305.0672912597656,42070000,2020-02-10 14:30:00
1581431400,336.1600036621094,337.0199890136719,334.67999267578125,335.260009765625,305.595947265625,54864500,2020-02-11 14:30:00
1581517800,336.8299865722656,337.6499938964844,336.42999267578125,337.4200134277344,307.5648498535156,43992700,2020-02-12 14:30:00
1581604200,335.8599853515625,338.1199951171875,335.55999755859375,337.05999755859375,307.2366638183594,54501900,2020-02-13 14:30:00
1581690600,337.510009765625,337.7300109863281,336.20001220703125,337.6000061035156,307.72894287109375,64582200,2020-02-14 14:30:00
1582036200,336.510009765625,337.6700134277344,335.2099914550781,336.7300109863281,306.9359436035156,57226200,2020-02-18 14:30:00
1582122600,337.7900085449219,339.0799865722656,337.4800109863281,338.3399963378906,308.4034118652344,48814700,2020-02-19 14:30:00
1582209000,337.739990234375,338.6400146484375,333.67999267578125,336.95001220703125,307.1364440917969,74163400,2020-02-20 14:30:00
1582295400,335.4700012207031,335.80999755859375,332.5799865722656,333.4800109863281,303.9735107421875,113788200,2020-02-21 14:30:00
1582554600,323.1400146484375,333.55999755859375,321.239990234375,322.4200134277344,293.8920593261719,161088400,2020-02-24 14:30:00
1582641000,323.94000244140625,324.6099853515625,311.69000244140625,312.6499938964844,284.9865417480469,218913200,2020-02-25 14:30:00
1582727400,314.17999267578125,318.1099853515625,310.70001220703125,311.5,283.9383239746094,194773800,2020-02-26 14:30:00
1582813800,305.4599914550781,311.55999755859375,297.510009765625,297.510009765625,271.1861877441406,284353500,2020-02-27 14:30:00
1582900200,288.70001220703125,297.8900146484375,285.5400085449219,296.260009765625,270.04681396484375,384975800,2020-02-28 14:30:00
1583159400,298.2099914550781,309.1600036621094,294.4599914550781,309.0899963378906,281.7414855957031,238703600,2020-03-02 14:30:00
1583245800,309.5,313.8399963378906,297.57000732421875,300.239990234375,273.674560546875,300139100,2020-03-03 14:30:00
1583332200,306.1199951171875,313.1000061035156,303.3299865722656,312.8599853515625,285.177978515625,176613400,2020-03-04 14:30:00
1583418600,304.9800109863281,308.4700012207031,300.010009765625,302.4599914550781,275.6981506347656,186366800,2020-03-05 14:30:00
1583505000,293.1499938964844,298.7799987792969,290.2300109863281,297.4599914550781,271.1405334472656,228667200,2020-03-06 14:30:00
1583760600,275.29998779296875,284.19000244140625,273.45001220703125,274.2300109863281,249.9658966064453,309417300,2020-03-09 13:30:00
1583847000,284.6400146484375,288.5199890136719,273.5,288.4200134277344,262.9004821777344,276444100,2020-03-10 13:30:00
1583933400,280.70001220703125,281.94000244140625,270.8800048828125,274.3599853515625,250.08444213867188,255316300,2020-03-11 13:30:00
1584019800,256.0,266.6600036621094,247.67999267578125,248.11000061035156,226.1571044921875,392220700,2020-03-12 13:30:00
1584106200,263.0899963378906,271.4800109863281,248.52000427246094,269.32000732421875,245.4904022216797,329566100,2020-03-13 13:30:00
1584365400,241.17999267578125,256.8999938964844,237.36000061035156,239.85000610351562,218.6279296875,297240000,2020-03-16 13:30:00
1584451800,245.0399932861328,256.1700134277344,237.07000732421875,252.8000030517578,230.4320831298828,262070500,2020-03-17 13:30:00
1584538200,236.25,248.3699951171875,228.02000427246094,240.0,218.76467895507812,327597100,2020-03-18 13:30:00
1584624600,239.25,247.3800048828125,232.22000122070312,240.50999450683594,219.2295379638672,289322000,2020-03-19 13:30:00
1584711000,242.52999877929688,244.47000122070312,228.5,228.8000030517578,209.78199768066406,347158800,2020-03-20 13:30:00
1584970200,228.19000244140625,229.67999267578125,218.25999450683594,222.9499969482422,204.41824340820312,326025200,2020-03-23 13:30:00
1585056600,234.4199981689453,244.10000610351562,233.8000030517578,243.14999389648438,222.93922424316406,235494500,2020-03-24 13:30:00
1585143000,244.8699951171875,256.3500061035156,239.75,246.7899932861328,226.2766571044922,299430300,2020-03-25 13:30:00
1585229400,249.52000427246094,262.79998779296875,249.0500030517578,261.20001220703125,239.48892211914062,257632800,2020-03-26 13:30:00
1585315800,253.27000427246094,260.80999755859375,251.0500030517578,253.4199981689453,232.3555908203125,224341200,2020-03-27 13:30:00
1585575000,255.6999969482422,262.42999267578125,253.52999877929688,261.6499938964844,239.90150451660156,171369500,2020-03-30 13:30:00
1585661400,260.55999755859375,263.3299865722656,256.2200012207031,257.75,236.32565307617188,194881100,2020-03-31 13:30:00
1585747800,247.97999572753906,257.6600036621094,243.89999389648438,246.14999389648438,225.68984985351562,189554600,2020-04-01 13:30:00
1585834200,245.19000244140625,252.67999267578125,244.58999633789062,251.8300018310547,230.897705078125,177660400,2020-04-02 13:30:00
1585920600,250.75999450683594,253.32000732421875,245.22000122070312,248.19000244140625,227.56027221679688,135561200,2020-04-03 13:30:00
1586179800,257.8399963378906,267.0,248.1699981689453,264.8599853515625,242.84466552734375,188061200,2020-04-06 13:30:00
1586266200,274.2099914550781,275.0299987792969,264.8900146484375,265.1300048828125,243.09225463867188,201427200,2020-04-07 13:30:00
1586352600,267.9599914550781,276.0,265.25,274.0299987792969,251.25245666503906,153774500,2020-04-08 13:30:00
1586439000,277.5799865722656,281.20001220703125,275.4700012207031,278.20001220703125,255.0758514404297,189999200,2020-04-09 13:30:00
1586784600,277.1400146484375,277.510009765625,271.4100036621094,275.6600036621094,252.74696350097656,114839100,2020-04-13 13:30:00
1586871000,280.9800109863281,284.8999938964844,275.510009765625,283.7900085449219,260.2012023925781,134143400,2020-04-14 13:30:00
1586957400,277.57000732421875,283.94000244140625,275.4599914550781,277.760009765625,254.6724395751953,121775000,2020-04-15 13:30:00
1587043800,279.1499938964844,280.0299987792969,275.760009765625,279.1000061035156,255.90103149414062,131798300,2020-04-16 13:30:00
1587130200,285.3800048828125,287.29998779296875,282.3999938964844,286.6400146484375,262.81427001953125,146684800,2020-04-17 13:30:00
1587389400,282.6099853515625,286.7900085449219,281.3500061035156,281.5899963378906,258.18402099609375,100109300,2020-04-20 13:30:00
1587475800,276.7300109863281,278.0400085449219,272.0199890136719,273.0400085449219,250.34471130371094,126385700,2020-04-21 13:30:00
1587562200,278.3500061035156,281.0,276.9100036621094,279.1000061035156,255.90103149414062,92951600,2020-04-22 13:30:00
1587648600,280.489990234375,283.94000244140625,278.75,279.0799865722656,255.88265991210938,104709700,2020-04-23 13:30:00
1587735000,280.7300109863281,283.70001220703125,278.5,282.9700012207031,259.4493713378906,85063200,2020-04-24 13:30:00
1587994200,285.1199951171875,288.2699890136719,284.6199951171875,287.04998779296875,263.1901550292969,77896600,2020-04-27 13:30:00
1588080600,291.0199890136719,291.3999938964844,285.3999938964844,285.7300109863281,261.9799499511719,105270000,2020-04-28 13:30:00
1588167000,291.5299987792969,294.8800048828125,290.4100036621094,293.2099914550781,268.83819580078125,118745600,2020-04-29 13:30:00
1588253400,291.7099914550781,293.32000732421875,288.5899963378906,290.4800109863281,266.3350830078125,122901700,2020-04-30 13:30:00
1588339800,285.30999755859375,290.6600036621094,281.5199890136719,282.7900085449219,259.28436279296875,125180000,2020-05-01 13:30:00
1588599000,280.739990234375,283.8999938964844,279.1300048828125,283.57000732421875,259.99951171875,80873200,2020-05-04 13:30:00
1588685400,286.6400146484375,289.25,283.7099914550781,286.19000244140625,262.4017028808594,79569900,2020-05-05 13:30:00
1588771800,288.0400085449219,288.4599914550781,283.7799987792969,284.25,260.6229553222656,73632600,2020-05-06 13:30:00
1588858200,287.75,289.7799987792969,287.1300048828125,287.67999267578125,263.76788330078125,75250400,2020-05-07 13:30:00
1588944600,291.0899963378906,292.95001220703125,289.8599853515625,292.44000244140625,268.1322021484375,76452400,2020-05-08 13:30:00
1589203800,290.3399963378906,294.0,289.8800048828125,292.5,268.1872253417969,79514200,2020-05-11 13:30:00
1589290200,293.7900085449219,294.239990234375,286.5199890136719,286.6700134277344,262.8418884277344,95870800,2020-05-12 13:30:00
1589376600,286.05999755859375,287.19000244140625,278.9599914550781,281.6000061035156,258.1932067871094,144721100,2020-05-13 13:30:00
1589463000,278.95001220703125,285.1099853515625,272.989990234375,284.9700012207031,261.2831115722656,121977900,2020-05-14 13:30:00
1589549400,282.3699951171875,286.3299865722656,281.3399963378906,286.2799987792969,262.4841613769531,111146300,2020-05-15 13:30:00
1589808600,293.04998779296875,296.75,292.70001220703125,295.0,270.4794921875,119703800,2020-05-18 13:30:00
1589895000,294.3500061035156,296.2099914550781,291.95001220703125,291.9700012207031,267.7013244628906,95189300,2020-05-19 13:30:00
1589981400,295.82000732421875,297.8699951171875,295.57000732421875,296.92999267578125,272.24896240234375,85861700,2020-05-20 13:30:00
1590067800,296.7900085449219,297.6700134277344,293.69000244140625,294.8800048828125,270.3693542480469,78293900,2020-05-21 13:30:00
1590154200,294.57000732421875,295.6300048828125,293.2200012207031,295.44000244140625,270.8828125,63958200,2020-05-22 13:30:00
1590499800,301.92999267578125,302.19000244140625,295.4599914550781,299.0799865722656,274.2201843261719,88951400,2020-05-26 13:30:00
1590586200,302.1199951171875,303.57000732421875,296.8699951171875,303.5299987792969,278.3004455566406,104817400,2020-05-27 13:30:00
1590672600,304.6499938964844,306.8399963378906,302.239990234375,302.9700012207031,277.7868957519531,90405200,2020-05-28 13:30:00
1590759000,302.4599914550781,304.9599914550781,299.4700012207031,304.32000732421875,279.02471923828125,119090800,2020-05-29 13:30:00
1591018200,303.6199951171875,306.2099914550781,303.05999755859375,305.54998779296875,280.1524353027344,55758300,2020-06-01 13:30:00
1591104600,306.54998779296875,308.1300048828125,305.1000061035156,308.0799865722656,282.4721374511719,74267200,2020-06-02 13:30:00
1591191000,310.239990234375,313.2200012207031,309.94000244140625,312.17999267578125,286.23138427734375,92567600,2020-06-03 13:30:00
1591277400,311.1099853515625,313.0,309.0799865722656,311.3599853515625,285.4794921875,75794400,2020-06-04 13:30:00
1591363800,317.2300109863281,321.2699890136719,317.1600036621094,319.3399963378906,292.7962341308594,150524700,2020-06-05 13:30:00
1591623000,320.2200012207031,323.4100036621094,319.6300048828125,323.20001220703125,296.33538818359375,73641200,2020-06-08 13:30:00
1591709400,320.29998779296875,323.2799987792969,319.3599853515625,320.7900085449219,294.1257019042969,77479200,2020-06-09 13:30:00
1591795800,321.4200134277344,322.3900146484375,318.2200012207031,319.0,292.4844970703125,95000800,2020-06-10 13:30:00
1591882200,311.4599914550781,312.1499938964844,300.010009765625,300.6099853515625,275.6230163574219,209243600,2020-06-11 13:30:00
1591968600,308.239990234375,309.0799865722656,298.6000061035156,304.2099914550781,278.92388916015625,194678900,2020-06-12 13:30:00
1592227800,298.0199890136719,308.2799987792969,296.739990234375,307.04998779296875,281.52777099609375,135782700,2020-06-15 13:30:00
1592314200,315.4800109863281,315.6400146484375,307.6700134277344,312.9599914550781,286.94659423828125,137627500,2020-06-16 13:30:00
1592400600,314.07000732421875,314.3900146484375,310.8599853515625,311.6600036621094,285.7545471191406,83398900,2020-06-17 13:30:00
1592487000,310.010009765625,312.29998779296875,309.510009765625,311.7799987792969,285.86468505859375,80828700,2020-06-18 13:30:00
1592573400,314.1700134277344,314.3800048828125,306.5299987792969,308.6400146484375,284.23095703125,135549600,2020-06-19 13:30:00
1592832600,307.989990234375,311.04998779296875,306.75,310.6199951171875,286.05438232421875,74649400,2020-06-22 13:30:00
1592919000,313.489990234375,314.5,311.6099853515625,312.04998779296875,287.3712158203125,68471200,2020-06-23 13:30:00
1593005400,309.8399963378906,310.510009765625,302.1000061035156,304.0899963378906,280.0408630371094,132813500,2020-06-24 13:30:00
1593091800,303.4700012207031,307.6400146484375,301.2799987792969,307.3500061035156,283.0429382324219,89468000,2020-06-25 13:30:00
1593178200,306.1600036621094,306.3900146484375,299.4200134277344,300.04998779296875,276.3203430175781,127961000,2020-06-26 13:30:00
1593437400,301.4100036621094,304.6099853515625,298.92999267578125,304.4599914550781,280.3814697265625,79773300,2020-06-29 13:30:00
1593523800,303.989990234375,310.20001220703125,303.82000732421875,308.3599853515625,283.9730224609375,113394800,2020-06-30 13:30:00
1593610200,309.57000732421875,311.8900146484375,309.07000732421875,310.5199890136719,285.9621887207031,72396500,2020-07-01 13:30:00
1593696600,314.239990234375,315.70001220703125,311.510009765625,312.2300109863281,287.5370178222656,69344200,2020-07-02 13:30:00
1594042200,316.3699951171875,317.67999267578125,315.55999755859375,317.04998779296875,291.97576904296875,61713800,2020-07-06 13:30:00
1594128600,315.3800048828125,317.5199890136719,313.3699951171875,313.7799987792969,288.96441650390625,82910000,2020-07-07 13:30:00
1594215000,314.6099853515625,316.29998779296875,312.70001220703125,316.17999267578125,291.17462158203125,54638600,2020-07-08 13:30:00
1594301400,316.8399963378906,317.1000061035156,310.67999267578125,314.3800048828125,289.5169677734375,83354200,2020-07-09 13:30:00
1594387800,314.30999755859375,317.8800048828125,312.760009765625,317.5899963378906,292.47314453125,57550400,2020-07-10 13:30:00
1594647000,320.1300048828125,322.7099914550781,314.1300048828125,314.8399963378906,289.9406433105469,102997500,2020-07-13 13:30:00
1594733400,313.29998779296875,319.760009765625,312.0,318.9200134277344,293.6979064941406,93657000,2020-07-14 13:30:00
1594819800,322.4100036621094,323.0400085449219,319.2699890136719,321.8500061035156,296.396240234375,87196500,2020-07-15 13:30:00
1594906200,319.7900085449219,321.2799987792969,319.0899963378906,320.7900085449219,295.41998291015625,54622500,2020-07-16 13:30:00
1594992600,321.8800048828125,322.57000732421875,319.739990234375,321.7200012207031,296.27655029296875,62774900,2020-07-17 13:30:00
1595251800,321.42999267578125,325.1300048828125,320.6199951171875,324.32000732421875,298.67083740234375,56308800,2020-07-20 13:30:00
1595338200,326.45001220703125,326.92999267578125,323.94000244140625,325.010009765625,299.30633544921875,57292200,2020-07-21 13:30:00
1595424600,324.6199951171875,327.20001220703125,324.5,326.8599853515625,301.010009765625,57792900,2020-07-22 13:30:00
1595511000,326.4700012207031,327.2300109863281,321.4800109863281,322.9599914550781,297.4184265136719,75738000,2020-07-23 13:30:00
1595597400,320.95001220703125,321.989990234375,319.25,320.8800048828125,295.5030212402344,73766600,2020-07-24 13:30:00
1595856600,321.6300048828125,323.4100036621094,320.7699890136719,323.2200012207031,297.65789794921875,48293000,2020-07-27 13:30:00
1595943000,322.42999267578125,323.6400146484375,320.8500061035156,321.1700134277344,295.7700500488281,57495000,2020-07-28 13:30:00
1596029400,322.1199951171875,325.7300109863281,322.0799865722656,325.1199951171875,299.4075927734375,48454200,2020-07-29 13:30:00
1596115800,321.8999938964844,324.4100036621094,319.6400146484375,323.9599914550781,298.33941650390625,61861700,2020-07-30 13:30:00
1596202200,325.8999938964844,326.6300048828125,321.3299865722656,326.5199890136719,300.6968688964844,84986800,2020-07-31 13:30:00
1596461400,328.32000732421875,329.6199951171875,327.7300109863281,328.7900085449219,302.787353515625,53077900,2020-08-03 13:30:00
1596547800,327.8599853515625,330.05999755859375,327.8599853515625,330.05999755859375,303.9569091796875,41917900,2020-08-04 13:30:00
1596634200,331.4700012207031,332.3900146484375,331.17999267578125,332.1099853515625,305.8447570800781,42697700,2020-08-05 13:30:00
1596720600,331.4800109863281,334.4599914550781,331.1300048828125,334.3299865722656,307.88922119140625,43679400,2020-08-06 13:30:00
1596807000,333.2799987792969,334.8800048828125,332.29998779296875,334.57000732421875,308.1102600097656,57308300,2020-08-07 13:30:00
1597066200,335.05999755859375,335.7699890136719,332.9599914550781,335.57000732421875,309.0311584472656,44282100,2020-08-10 13:30:00
1597152600,336.8500061035156,337.5400085449219,332.010009765625,332.79998779296875,306.4801940917969,69601100,2020-08-11 13:30:00
1597239000,335.44000244140625,338.2799987792969,335.4100036621094,337.44000244140625,310.7532653808594,53774400,2020-08-12 13:30:00
1597325400,336.6099853515625,338.25,335.8299865722656,336.8299865722656,310.1914367675781,41816100,2020-08-13 13:30:00
1597411800,336.4100036621094,337.4200134277344,335.6199951171875,336.8399963378906,310.20068359375,47260400,2020-08-14 13:30:00
1597671000,337.94000244140625,338.3399963378906,336.8500061035156,337.9100036621094,311.1861267089844,35481000,2020-08-17 13:30:00
1597757400,338.3399963378906,339.1000061035156,336.6099853515625,338.6400146484375,311.85833740234375,38733900,2020-08-18 13:30:00
1597843800,339.04998779296875,339.6099853515625,336.6199951171875,337.2300109863281,310.5599670410156,68054200,2020-08-19 13:30:00
1597930200,335.3599853515625,338.79998779296875,335.2200012207031,338.2799987792969,311.52685546875,42207800,2020-08-20 13:30:00
1598016600,337.9200134277344,339.7200012207031,337.54998779296875,339.4800109863281,312.6319580078125,55106600,2020-08-21 13:30:00
1598275800,342.1199951171875,343.0,339.45001220703125,342.9200134277344,315.7998352050781,48588700,2020-08-24 13:30:00
1598362200,343.5299987792969,344.2099914550781,342.2699890136719,344.1199951171875,316.9049377441406,38463400,2020-08-25 13:30:00
1598448600,344.760009765625,347.8599853515625,344.1700134277344,347.57000732421875,320.0821533203125,50790200,2020-08-26 13:30:00
1598535000,348.510009765625,349.8999938964844,346.5299987792969,348.3299865722656,320.781982421875,58034100,2020-08-27 13:30:00
1598621400,349.44000244140625,350.7200012207031,348.1499938964844,350.5799865722656,322.85400390625,48588900,2020-08-28 13:30:00
1598880600,350.3500061035156,351.29998779296875,349.05999755859375,349.30999755859375,321.68450927734375,66099200,2020-08-31 13:30:00
1598967000,350.2099914550781,352.7099914550781,349.239990234375,352.6000061035156,324.71429443359375,54908700,2020-09-01 13:30:00
1599053400,354.6700134277344,358.75,353.42999267578125,357.70001220703125,329.4109802246094,69540000,2020-09-02 13:30:00
1599139800,355.8699951171875,356.3800048828125,342.5899963378906,345.3900146484375,318.07452392578125,148011100,2020-09-03 13:30:00
1599226200,346.1300048828125,347.8299865722656,334.8699951171875,342.57000732421875,315.4775695800781,139156300,2020-09-04 13:30:00
1599571800,336.7099914550781,342.6400146484375,332.8800048828125,333.2099914550781,306.8577575683594,114465300,2020-09-08 13:30:00
1599658200,337.54998779296875,342.4599914550781,336.6099853515625,339.7900085449219,312.91754150390625,91462300,2020-09-09 13:30:00
1599744600,341.82000732421875,342.5299987792969,332.8500061035156,333.8900146484375,307.48406982421875,90569500,2020-09-10 13:30:00
1599831000,335.82000732421875,336.9700012207031,331.0,334.05999755859375,307.6405029296875,84680200,2020-09-11 13:30:00
1600090200,337.489990234375,340.3800048828125,334.2200012207031,338.4599914550781,311.6925354003906,65605700,2020-09-14 13:30:00
1600176600,341.1199951171875,342.0199890136719,338.4700012207031,340.1700134277344,313.2673645019531,52920900,2020-09-15 13:30:00
1600263000,341.510009765625,343.05999755859375,338.5199890136719,338.82000732421875,312.0241394042969,82096000,2020-09-16 13:30:00
1600349400,333.55999755859375,337.70001220703125,332.989990234375,335.8399963378906,309.27984619140625,91523300,2020-09-17 13:30:00
1600435800,335.3699951171875,335.489990234375,327.9700012207031,330.6499938964844,305.7191162109375,105877900,2020-09-18 13:30:00
1600695000,325.70001220703125,327.1300048828125,321.7300109863281,326.9700012207031,302.3166809082031,99450800,2020-09-21 13:30:00
1600781400,328.57000732421875,330.8999938964844,325.8599853515625,330.29998779296875,305.3954772949219,63612100,2020-09-22 13:30:00
1600867800,330.8999938964844,331.20001220703125,322.1000061035156,322.6400146484375,298.3131103515625,93112200,2020-09-23 13:30:00
1600954200,321.2200012207031,326.79998779296875,319.79998779296875,323.5,299.1081848144531,76681300,2020-09-24 13:30:00
1601040600,322.5799865722656,329.5799865722656,321.6400146484375,328.7300109863281,303.9439697265625,71069400,2020-09-25 13:30:00
1601299800,333.2200012207031,334.9599914550781,332.1499938964844,334.19000244140625,308.99212646484375,64584600,2020-09-28 13:30:00
1601386200,333.9700012207031,334.7699890136719,331.6199951171875,332.3699951171875,307.3094482421875,51304000,2020-09-29 13:30:00
1601472600,333.0899963378906,338.2900085449219,332.8800048828125,334.8900146484375,309.63946533203125,104081100,2020-09-30 13:30:00
1601559000,337.69000244140625,338.739990234375,335.010009765625,337.0400085449219,311.6273498535156,88698700,2020-10-01 13:30:00
1601645400,331.70001220703125,337.010009765625,331.19000244140625,333.8399963378906,308.66864013671875,89431100,2020-10-02 13:30:00
1601904600,336.05999755859375,339.9599914550781,336.010009765625,339.760009765625,314.14227294921875,45713100,2020-10-05 13:30:00
1601991000,339.9100036621094,342.1700134277344,334.3800048828125,334.92999267578125,309.6763916015625,90128900,2020-10-06 13:30:00
1602077400,338.1199951171875,341.6300048828125,338.0899963378906,340.760009765625,315.0668640136719,56999600,2020-10-07 13:30:00
1602163800,342.8500061035156,343.8500061035156,341.8599853515625,343.7799987792969,317.8592224121094,45242500,2020-10-08 13:30:00
1602250200,345.55999755859375,347.3500061035156,344.8900146484375,346.8500061035156,320.69769287109375,59528600,2020-10-09 13:30:00
1602509400,349.5899963378906,354.0199890136719,349.05999755859375,352.42999267578125,325.85693359375,80388500,2020-10-12 13:30:00
1602595800,352.2799987792969,352.4700012207031,349.0899963378906,350.1300048828125,323.7303466796875,73255500,2020-10-13 13:30:00
1602682200,350.75,351.92999267578125,347.1400146484375,347.92999267578125,321.6962890625,57727900,2020-10-14 13:30:00
1602768600,343.7099914550781,348.0199890136719,343.1300048828125,347.5,321.29864501953125,60357700,2020-10-15 13:30:00
1602855000,348.9599914550781,350.75,347.1000061035156,347.2900085449219,321.10455322265625,89501900,2020-10-16 13:30:00
1603114200,348.6499938964844,349.3299865722656,341.0400085449219,342.010009765625,316.22265625,68425600,2020-10-19 13:30:00
1603200600,343.4599914550781,346.8800048828125,342.6400146484375,343.3800048828125,317.4893798828125,60051900,2020-10-20 13:30:00
1603287000,343.3299865722656,345.6700134277344,342.3999938964844,342.7300109863281,316.888427734375,63575000,2020-10-21 13:30:00
1603373400,342.9599914550781,345.239990234375,340.6499938964844,344.6099853515625,318.6264953613281,55399300,2020-10-22 13:30:00
1603459800,345.92999267578125,345.989990234375,343.1300048828125,345.7799987792969,319.7083740234375,49143900,2020-10-23 13:30:00
1603719000,342.1300048828125,342.9800109863281,335.6199951171875,339.3900146484375,313.80010986328125,91473000,2020-10-26 13:30:00
1603805400,339.760009765625,340.1199951171875,337.989990234375,338.2200012207031,312.7183837890625,65994100,2020-10-27 13:30:00
1603891800,332.1000061035156,338.25,326.1300048828125,326.6600036621094,302.0299987792969,127094300,2020-10-28 13:30:00
1603978200,326.9100036621094,333.3999938964844,325.0899963378906,329.9800109863281,305.09967041015625,90597700,2020-10-29 13:30:00
1604064600,328.2799987792969,329.69000244140625,322.6000061035156,326.5400085449219,301.9190673828125,120287300,2020-10-30 13:30:00
1604327400,330.20001220703125,332.3599853515625,327.239990234375,330.20001220703125,305.3031005859375,86068300,2020-11-02 14:30:00
1604413800,333.69000244140625,338.25,330.2900085449219,336.0299987792969,310.69354248046875,93294200,2020-11-03 14:30:00
1604500200,340.8599853515625,347.94000244140625,339.5899963378906,343.5400085449219,317.6372985839844,126959700,2020-11-04 14:30:00
1604586600,349.239990234375,352.19000244140625,348.8599853515625,350.239990234375,323.83209228515625,82039700,2020-11-05 14:30:00
1604673000,349.92999267578125,351.510009765625,347.6499938964844,350.1600036621094,323.75811767578125,74973000,2020-11-06 14:30:00
1604932200,363.9700012207031,364.3800048828125,354.05999755859375,354.55999755859375,327.826416015625,172304200,2020-11-09 14:30:00
1605018600,353.489990234375,355.17999267578125,350.510009765625,354.0400085449219,327.3456115722656,85552000,2020-11-10 14:30:00
1605105000,356.3999938964844,357.55999755859375,355.05999755859375,356.6700134277344,329.7772216796875,58649000,2020-11-11 14:30:00
1605191400,355.5799865722656,356.7200012207031,351.260009765625,353.2099914550781,326.5781555175781,67546200,2020-11-12 14:30:00
1605277800,355.2699890136719,358.8999938964844,354.7099914550781,358.1000061035156,331.0993957519531,62892200,2020-11-13 14:30:00
1605537000,360.9800109863281,362.7799987792969,359.5899963378906,362.57000732421875,335.2324523925781,74541100,2020-11-16 14:30:00
1605623400,359.9700012207031,361.9200134277344,358.3399963378906,360.6199951171875,333.4294738769531,66111000,2020-11-17 14:30:00
1605709800,360.9100036621094,361.5,356.239990234375,356.2799987792969,329.4167175292969,70591300,2020-11-18 14:30:00
1605796200,355.6000061035156,358.17999267578125,354.1499938964844,357.7799987792969,330.80352783203125,59940900,2020-11-19 14:30:00
1605882600,357.5,357.7200012207031,355.25,355.3299865722656,328.5383605957031,70417300,2020-11-20 14:30:00
1606141800,357.2799987792969,358.82000732421875,354.8699951171875,357.4599914550781,330.5076904296875,63230600,2020-11-23 14:30:00
1606228200,360.2099914550781,363.80999755859375,359.2900085449219,363.2200012207031,335.8334655761719,62415900,2020-11-24 14:30:00
1606314600,363.1300048828125,363.1600036621094,361.4800109863281,362.6600036621094,335.3156433105469,45330900,2020-11-25 14:30:00
1606487400,363.8399963378906,364.17999267578125,362.5799865722656,363.6700134277344,336.24951171875,28514100,2020-11-27 14:30:00
1606746600,362.8299865722656,363.1199951171875,359.1700134277344,362.05999755859375,334.7608642578125,83872700,2020-11-30 14:30:00
1606833000,365.57000732421875,367.67999267578125,364.92999267578125,366.0199890136719,338.4223327636719,74231400,2020-12-01 14:30:00
1606919400,364.82000732421875,366.9599914550781,364.20001220703125,366.7900085449219,339.13421630859375,45927000,2020-12-02 14:30:00
1607005800,366.67999267578125,368.19000244140625,365.5,366.69000244140625,339.04180908203125,62882000,2020-12-03 14:30:00
1607092200,367.32000732421875,369.8500061035156,367.2200012207031,369.8500061035156,341.9634704589844,50749900,2020-12-04 14:30:00
1607351400,369.0199890136719,369.6199951171875,367.7200012207031,369.0899963378906,341.2607727050781,48944300,2020-12-07 14:30:00
1607437800,367.7200012207031,370.7799987792969,367.6700134277344,370.1700134277344,342.2593994140625,42458900,2020-12-08 14:30:00
1607524200,370.8800048828125,371.04998779296875,365.95001220703125,366.8500061035156,339.1896667480469,74098300,2020-12-09 14:30:00
1607610600,365.3699951171875,367.8599853515625,364.42999267578125,366.7300109863281,339.0787353515625,57735400,2020-12-10 14:30:00
1607697000,364.8999938964844,366.739990234375,363.260009765625,366.29998779296875,338.68109130859375,57698600,2020-12-11 14:30:00
1607956200,368.6400146484375,369.79998779296875,364.4700012207031,364.6600036621094,337.16485595703125,69216200,2020-12-14 14:30:00
1608042600,367.3999938964844,369.5899963378906,365.9200134277344,369.5899963378906,341.7231140136719,63865300,2020-12-15 14:30:00
1608129000,369.82000732421875,371.1600036621094,368.8699951171875,370.1700134277344,342.2593994140625,58420500,2020-12-16 14:30:00
1608215400,371.94000244140625,372.4599914550781,371.04998779296875,372.239990234375,344.17333984375,64119500,2020-12-17 14:30:00
1608301800,370.9700012207031,371.1499938964844,367.0199890136719,369.17999267578125,342.7991027832031,136542300,2020-12-18 14:30:00
1608561000,364.9700012207031,378.4599914550781,362.0299987792969,367.8599853515625,341.57342529296875,96386700,2020-12-21 14:30:00
1608647400,368.2099914550781,368.3299865722656,366.0299987792969,367.239990234375,340.9976501464844,47949000,2020-12-22 14:30:00
1608733800,368.2799987792969,369.6199951171875,367.2200012207031,367.57000732421875,341.3041076660156,46201400,2020-12-23 14:30:00
1608820200,368.0799865722656,369.0299987792969,367.45001220703125,369.0,342.6319580078125,26457900,2020-12-24 14:30:00
1609165800,371.739990234375,372.5899963378906,371.07000732421875,372.1700134277344,345.5753479003906,39000400,2020-12-28 14:30:00
1609252200,373.80999755859375,374.0,370.8299865722656,371.4599914550781,344.9161071777344,53680500,2020-12-29 14:30:00
1609338600,372.3399963378906,373.1000061035156,371.57000732421875,371.989990234375,345.408203125,49455300,2020-12-30 14:30:00
1609425000,371.7799987792969,374.6600036621094,371.2300109863281,373.8800048828125,347.1632080078125,78520700,2020-12-31 14:30:00
1609770600,375.30999755859375,375.45001220703125,364.82000732421875,368.7900085449219,342.43695068359375,110210800,2021-01-04 14:30:00
1609857000,368.1000061035156,372.5,368.04998779296875,371.3299865722656,344.79534912109375,66426200,2021-01-05 14:30:00
1609943400,369.7099914550781,376.9800109863281,369.1199951171875,373.54998779296875,346.8567810058594,107997700,2021-01-06 14:30:00
1610029800,376.1000061035156,379.8999938964844,375.9100036621094,379.1000061035156,352.0102233886719,68766800,2021-01-07 14:30:00
1610116200,380.5899963378906,381.489990234375,377.1000061035156,381.260009765625,354.015869140625,71677200,2021-01-08 14:30:00
1610375400,377.8500061035156,380.5799865722656,377.7200012207031,378.69000244140625,351.6294860839844,51034700,2021-01-11 14:30:00
1610461800,378.8900146484375,379.8599853515625,376.3599853515625,378.7699890136719,351.70379638671875,52547700,2021-01-12 14:30:00
1610548200,378.69000244140625,380.8599853515625,377.8500061035156,379.7900085449219,352.65087890625,45303600,2021-01-13 14:30:00
1610634600,380.5899963378906,381.1300048828125,378.1000061035156,378.4599914550781,351.4159851074219,49989100,2021-01-14 14:30:00
1610721000,376.7200012207031,377.5799865722656,373.70001220703125,375.70001220703125,348.8531494140625,107160000,2021-01-15 14:30:00
1611066600,378.3399963378906,379.2300109863281,376.75,378.6499938964844,351.59234619140625,51233300,2021-01-19 14:30:00
1611153000,381.1099853515625,384.7900085449219,380.69000244140625,383.8900146484375,356.4578857421875,61836100,2021-01-20 14:30:00
1611239400,384.489990234375,384.95001220703125,383.25,384.239990234375,356.7828674316406,47840100,2021-01-21 14:30:00
1611325800,382.25,384.1300048828125,381.8399963378906,382.8800048828125,355.52008056640625,52860500,2021-01-22 14:30:00
1611585000,383.6700134277344,384.7699890136719,378.4599914550781,384.3900146484375,356.9222412109375,70402000,2021-01-25 14:30:00
1611671400,385.4100036621094,385.8500061035156,383.5400085449219,383.7900085449219,356.36505126953125,42665300,2021-01-26 14:30:00
1611757800,380.2200012207031,380.32000732421875,372.010009765625,374.4100036621094,347.6553955078125,123351100,2021-01-27 14:30:00
1611844200,376.3599853515625,381.92999267578125,375.8900146484375,377.6300048828125,350.6452331542969,94198100,2021-01-28 14:30:00
1611930600,375.6300048828125,376.6700134277344,368.2699890136719,370.07000732421875,343.62542724609375,126765100,2021-01-29 14:30:00
1612189800,373.7200012207031,377.3399963378906,370.3800048828125,376.2300109863281,349.34527587890625,75817600,2021-02-01 14:30:00
1612276200,379.6499938964844,383.2200012207031,376.32000732421875,381.54998779296875,354.28509521484375,64450700,2021-02-02 14:30:00
1612362600,382.44000244140625,383.70001220703125,380.4800109863281,381.8500061035156,354.56365966796875,52427100,2021-02-03 14:30:00
1612449000,382.9599914550781,386.239990234375,381.9700012207031,386.19000244140625,358.5935363769531,47142600,2021-02-04 14:30:00
1612535400,388.20001220703125,388.4700012207031,386.1400146484375,387.7099914550781,360.0049133300781,48669800,2021-02-05 14:30:00
1612794600,389.2699890136719,390.55999755859375,388.3500061035156,390.510009765625,362.6048583984375,38365200,2021-02-08 14:30:00
1612881000,389.6099853515625,390.8900146484375,389.1700134277344,390.25,362.3634338378906,35551100,2021-02-09 14:30:00
1612967400,392.1199951171875,392.2799987792969,387.5,390.0799865722656,362.20562744140625,59154400,2021-02-10 14:30:00
1613053800,391.239990234375,391.69000244140625,388.1000061035156,390.7099914550781,362.7905578613281,42913300,2021-02-11 14:30:00
1613140200,389.8500061035156,392.8999938964844,389.7699890136719,392.6400146484375,364.58258056640625,50593300,2021-02-12 14:30:00
1613485800,393.9599914550781,394.1700134277344,391.5299987792969,392.29998779296875,364.2669982910156,50972400,2021-02-16 14:30:00
1613572200,390.4200134277344,392.6600036621094,389.3299865722656,392.3900146484375,364.3504943847656,52290600,2021-02-17 14:30:00
1613658600,389.5899963378906,391.5199890136719,387.739990234375,390.7200012207031,362.7998046875,59712800,2021-02-18 14:30:00
1613745000,392.07000732421875,392.3800048828125,389.54998779296875,390.0299987792969,362.1591796875,83241000,2021-02-19 14:30:00
1614004200,387.05999755859375,389.6199951171875,386.739990234375,387.0299987792969,359.3735046386719,67414200,2021-02-22 14:30:00
1614090600,384.6600036621094,388.95001220703125,380.20001220703125,387.5,359.8100280761719,107284100,2021-02-23 14:30:00
1614177000,386.3299865722656,392.2300109863281,385.2699890136719,391.7699890136719,363.7747802734375,72433900,2021-02-24 14:30:00
1614263400,390.4100036621094,391.8800048828125,380.7799987792969,382.3299865722656,355.0094299316406,146670500,2021-02-25 14:30:00
1614349800,384.3500061035156,385.5799865722656,378.2300109863281,380.3599853515625,353.1800842285156,152701600,2021-02-26 14:30:00
1614609000,385.5899963378906,390.9200134277344,380.57000732421875,389.5799865722656,361.7412414550781,105348800,2021-03-01 14:30:00
1614695400,389.82000732421875,390.07000732421875,386.0,386.5400085449219,358.9184875488281,79595300,2021-03-02 14:30:00
1614781800,385.7900085449219,386.8299865722656,381.30999755859375,381.4200134277344,354.16436767578125,119940200,2021-03-03 14:30:00
1614868200,381.2200012207031,384.0,371.8800048828125,376.70001220703125,349.7817077636719,183433000,2021-03-04 14:30:00
1614954600,380.4599914550781,384.760009765625,372.6400146484375,383.6300048828125,356.2164611816406,152039600,2021-03-05 14:30:00
1615213800,384.6600036621094,387.67999267578125,381.4200134277344,381.7200012207031,354.4430236816406,123149200,2021-03-08 14:30:00
1615300200,385.8500061035156,389.9100036621094,385.30999755859375,387.1700134277344,359.5035095214844,113633600,2021-03-09 14:30:00
1615386600,389.69000244140625,391.3999938964844,388.1700134277344,389.5799865722656,361.7412414550781,109899400,2021-03-10 14:30:00
1615473000,392.2300109863281,395.6499938964844,391.739990234375,393.5299987792969,365.4090881347656,86245000,2021-03-11 14:30:00
1615559400,392.07000732421875,394.2099914550781,391.20001220703125,394.05999755859375,365.901123046875,64653600,2021-03-12 14:30:00
1615815000,394.3299865722656,396.69000244140625,392.0299987792969,396.4100036621094,368.083251953125,73427200,2021-03-15 13:30:00
1615901400,397.07000732421875,397.8299865722656,395.0799865722656,395.9100036621094,367.6190185546875,73722500,2021-03-16 13:30:00
1615987800,394.5299987792969,398.1199951171875,393.29998779296875,397.260009765625,368.8725280761719,97959300,2021-03-17 13:30:00
1616074200,394.4800109863281,396.7200012207031,390.75,391.4800109863281,363.505615234375,115349100,2021-03-18 13:30:00
1616160600,389.8800048828125,391.57000732421875,387.1499938964844,389.4800109863281,362.8328857421875,113624500,2021-03-19 13:30:00
1616419800,390.0299987792969,394.07000732421875,389.9700012207031,392.5899963378906,365.7301330566406,73778600,2021-03-22 13:30:00
1616506200,391.9100036621094,393.4599914550781,388.6600036621094,389.5,362.85162353515625,90686600,2021-03-23 13:30:00
1616592600,391.0,392.75,387.4700012207031,387.5199890136719,361.0069885253906,97588600,2021-03-24 13:30:00
1616679000,385.9800109863281,390.54998779296875,383.8999938964844,389.70001220703125,363.03790283203125,116128600,2021-03-25 13:30:00
1616765400,390.92999267578125,396.4100036621094,390.2900085449219,395.9800109863281,368.88824462890625,114409100,2021-03-26 13:30:00
1617024600,394.3999938964844,396.75,392.80999755859375,395.7799987792969,368.7019348144531,108107600,2021-03-29 13:30:00
1617111000,394.4200134277344,395.45001220703125,393.0199890136719,394.7300109863281,367.7237243652344,76262200,2021-03-30 13:30:00
1617197400,395.3399963378906,398.0,395.30999755859375,396.3299865722656,369.21435546875,112734200,2021-03-31 13:30:00
1617283800,398.3999938964844,400.6700134277344,398.17999267578125,400.6099853515625,373.2014465332031,99682900,2021-04-01 13:30:00
1617629400,403.4599914550781,406.94000244140625,403.3800048828125,406.3599853515625,378.55810546875,91684800,2021-04-05 13:30:00
1617715800,405.760009765625,407.239990234375,405.3999938964844,406.1199951171875,378.33453369140625,62021000,2021-04-06 13:30:00
1617802200,405.94000244140625,406.9599914550781,405.45001220703125,406.5899963378906,378.77227783203125,55836300,2021-04-07 13:30:00
1617888600,407.92999267578125,408.5799865722656,406.92999267578125,408.5199890136719,380.57025146484375,57863100,2021-04-08 13:30:00
1617975000,408.3900146484375,411.6700134277344,408.260009765625,411.489990234375,383.3370361328125,61104600,2021-04-09 13:30:00
1618234200,410.8500061035156,411.92999267578125,410.20001220703125,411.6400146484375,383.476806640625,56704900,2021-04-12 13:30:00
1618320600,411.5299987792969,413.5299987792969,411.1199951171875,412.8599853515625,384.6133728027344,56551000,2021-04-13 13:30:00
1618407000,412.8299865722656,413.9599914550781,410.8699951171875,411.45001220703125,383.29986572265625,61659900,2021-04-14 13:30:00
1618493400,413.739990234375,416.1600036621094,413.69000244140625,415.8699951171875,387.4174499511719,60229800,2021-04-15 13:30:00
1618579800,417.25,417.9100036621094,415.7300109863281,417.260009765625,388.7123107910156,82037300,2021-04-16 13:30:00
1618839000,416.260009765625,416.739990234375,413.7900085449219,415.2099914550781,386.8025817871094,78498500,2021-04-19 13:30:00
1618925400,413.9100036621094,415.0899963378906,410.5899963378906,412.1700134277344,383.97052001953125,81851800,2021-04-20 13:30:00
1619011800,411.510009765625,416.2900085449219,411.3599853515625,416.07000732421875,387.60369873046875,66793000,2021-04-21 13:30:00
1619098200,415.8900146484375,416.7799987792969,411.1300048828125,412.2699890136719,384.063720703125,97582800,2021-04-22 13:30:00
1619184600,412.8699951171875,418.25,412.7900085449219,416.739990234375,388.22784423828125,73209200,2021-04-23 13:30:00
1619443800,417.44000244140625,418.2200012207031,416.80999755859375,417.6099853515625,389.0382995605469,52182400,2021-04-26 13:30:00
1619530200,417.92999267578125,418.1400146484375,416.29998779296875,417.5199890136719,388.9545593261719,51303100,2021-04-27 13:30:00
1619616600,417.80999755859375,419.010009765625,416.8999938964844,417.3999938964844,388.84271240234375,51238900,2021-04-28 13:30:00
1619703000,420.32000732421875,420.7200012207031,416.44000244140625,420.05999755859375,391.3207092285156,78544300,2021-04-29 13:30:00
1619789400,417.6300048828125,418.5400085449219,416.3399963378906,417.29998779296875,388.7495422363281,85527000,2021-04-30 13:30:00
1620048600,419.42999267578125,419.8399963378906,417.6700134277344,418.20001220703125,389.5880126953125,68128300,2021-05-03 13:30:00
1620135000,416.07000732421875,416.6000061035156,411.6700134277344,415.6199951171875,387.18463134765625,101591200,2021-05-04 13:30:00
1620221400,417.3800048828125,417.6300048828125,415.1499938964844,415.75,387.30560302734375,60162200,2021-05-05 13:30:00
1620307800,415.8299865722656,419.2099914550781,413.67999267578125,419.07000732421875,390.3985290527344,74321400,2021-05-06 13:30:00
1620394200,419.8900146484375,422.82000732421875,419.1600036621094,422.1199951171875,393.2398681640625,67733800,2021-05-07 13:30:00
1620653400,422.5,422.739990234375,417.80999755859375,417.94000244140625,389.3457946777344,81852400,2021-05-10 13:30:00
1620739800,413.1000061035156,415.2699890136719,410.05999755859375,414.2099914550781,385.8710021972656,116888000,2021-05-11 13:30:00
1620826200,411.2300109863281,412.5899963378906,404.0,405.4100036621094,377.6729736328125,134811000,2021-05-12 13:30:00
1620912600,407.07000732421875,412.3500061035156,407.0199890136719,410.2799987792969,382.20989990234375,106394000,2021-05-13 13:30:00
1620999000,413.2099914550781,417.489990234375,413.17999267578125,416.5799865722656,388.07879638671875,82201600,2021-05-14 13:30:00
1621258200,415.3900146484375,416.3900146484375,413.3599853515625,415.5199890136719,387.0913391113281,65129200,2021-05-17 13:30:00
1621344600,415.79998779296875,416.05999755859375,411.7699890136719,411.94000244140625,383.7563171386719,59810200,2021-05-18 13:30:00
1621431000,406.9200134277344,411.04998779296875,405.3299865722656,410.8599853515625,382.7501525878906,106467100,2021-05-19 13:30:00
1621517400,411.79998779296875,416.6300048828125,411.6700134277344,415.2799987792969,386.8677673339844,78022200,2021-05-20 13:30:00
1621603800,416.8699951171875,418.20001220703125,414.45001220703125,414.94000244140625,386.5511169433594,76578700,2021-05-21 13:30:00
1621863000,417.3399963378906,420.32000732421875,417.0799865722656,419.1700134277344,390.4916076660156,51376700,2021-05-24 13:30:00
1621949400,420.3299865722656,420.7099914550781,417.6199951171875,418.239990234375,389.62530517578125,57451400,2021-05-25 13:30:00
1622035800,418.8699951171875,419.6099853515625,417.760009765625,419.07000732421875,390.3985290527344,43088600,2021-05-26 13:30:00
1622122200,420.1700134277344,420.7200012207031,418.989990234375,419.2900085449219,390.6034240722656,56707700,2021-05-27 13:30:00
1622208600,420.9700012207031,421.25,419.7900085449219,420.0400085449219,391.3021240234375,58520200,2021-05-28 13:30:00
1622554200,422.57000732421875,422.7200012207031,419.20001220703125,419.6700134277344,390.9574279785156,54216600,2021-06-01 13:30:00
1622640600,420.3699951171875,421.2300109863281,419.2900085449219,420.3299865722656,391.5722961425781,49097100,2021-06-02 13:30:00
1622727000,417.8500061035156,419.989990234375,416.2799987792969,418.7699890136719,390.11895751953125,58138800,2021-06-03 13:30:00
1622813400,420.75,422.9200134277344,418.8399963378906,422.6000061035156,393.6870422363281,55938800,2021-06-04 13:30:00
1623072600,422.5899963378906,422.7799987792969,421.19000244140625,422.19000244140625,393.3050231933594,51555000,2021-06-07 13:30:00
1623159000,423.1099853515625,423.2099914550781,420.32000732421875,422.2799987792969,393.388916015625,47134300,2021-06-08 13:30:00
1623245400,423.17999267578125,423.260009765625,421.4100036621094,421.6499938964844,392.8019104003906,48436300,2021-06-09 13:30:00
1623331800,422.9599914550781,424.6300048828125,421.54998779296875,423.6099853515625,394.6278381347656,51020100,2021-06-10 13:30:00
1623418200,424.20001220703125,424.42999267578125,422.82000732421875,424.30999755859375,395.2799987792969,45570800,2021-06-11 13:30:00
1623677400,424.42999267578125,425.3699951171875,423.1000061035156,425.260009765625,396.16497802734375,42358500,2021-06-14 13:30:00
1623763800,425.4200134277344,425.4599914550781,423.5400085449219,424.4800109863281,395.43841552734375,51508500,2021-06-15 13:30:00
1623850200,424.6300048828125,424.8699951171875,419.9200134277344,422.1099853515625,393.23046875,80386100,2021-06-16 13:30:00
1623936600,421.6700134277344,423.0199890136719,419.32000732421875,421.9700012207031,393.1000671386719,90949700,2021-06-17 13:30:00
1624023000,417.0899963378906,417.8299865722656,414.70001220703125,414.9200134277344,387.79693603515625,118676300,2021-06-18 13:30:00
1624282200,416.79998779296875,421.05999755859375,415.92999267578125,420.8599853515625,393.34869384765625,72822000,2021-06-21 13:30:00
1624368600,420.8500061035156,424.0,420.0799865722656,423.1099853515625,395.4515686035156,57700300,2021-06-22 13:30:00
1624455000,423.19000244140625,424.04998779296875,422.510009765625,422.6000061035156,394.9750061035156,49445400,2021-06-23 13:30:00
1624541400,424.8900146484375,425.54998779296875,424.6199951171875,425.1000061035156,397.3115234375,45110300,2021-06-24 13:30:00
1624627800,425.8999938964844,427.0899963378906,425.54998779296875,426.6099853515625,398.72283935546875,58129500,2021-06-25 13:30:00
1624887000,427.1700134277344,427.6499938964844,425.8900146484375,427.4700012207031,399.52655029296875,53159600,2021-06-28 13:30:00
1624973400,427.8800048828125,428.55999755859375,427.1300048828125,427.70001220703125,399.7416076660156,35970500,2021-06-29 13:30:00
1625059800,427.2099914550781,428.7799987792969,427.17999267578125,428.05999755859375,400.07806396484375,64827900,2021-06-30 13:30:00
1625146200,428.8699951171875,430.6000061035156,428.79998779296875,430.42999267578125,402.2930603027344,53441000,2021-07-01 13:30:00
1625232600,431.6700134277344,434.1000061035156,430.5199890136719,433.7200012207031,405.3680114746094,57697700,2021-07-02 13:30:00
1625578200,433.7799987792969,434.010009765625,430.010009765625,432.92999267578125,404.629638671875,68710400,2021-07-06 13:30:00
1625664600,433.6600036621094,434.760009765625,431.510009765625,434.4599914550781,406.0596008300781,63549500,2021-07-07 13:30:00
1625751000,428.7799987792969,431.7300109863281,427.5199890136719,430.9200134277344,402.75103759765625,97595200,2021-07-08 13:30:00
1625837400,432.5299987792969,435.8399963378906,430.7099914550781,435.5199890136719,407.0503234863281,76238600,2021-07-09 13:30:00
1626096600,435.42999267578125,437.3500061035156,434.9700012207031,437.0799865722656,408.5083923339844,52889600,2021-07-12 13:30:00
1626183000,436.239990234375,437.8399963378906,435.30999755859375,435.5899963378906,407.11578369140625,52911300,2021-07-13 13:30:00
1626269400,437.3999938964844,437.9200134277344,434.9100036621094,436.239990234375,407.7232666015625,64130400,2021-07-14 13:30:00
1626355800,434.80999755859375,435.5299987792969,432.7200012207031,434.75,406.3307800292969,55126400,2021-07-15 13:30:00
1626442200,436.010009765625,436.05999755859375,430.9200134277344,431.3399963378906,403.14361572265625,75874700,2021-07-16 13:30:00
1626701400,426.19000244140625,431.4100036621094,421.9700012207031,424.9700012207031,397.19000244140625,147987000,2021-07-19 13:30:00
1626787800,425.67999267578125,432.4200134277344,424.8299865722656,431.05999755859375,402.8819274902344,99608200,2021-07-20 13:30:00
1626874200,432.3399963378906,434.70001220703125,431.010009765625,434.54998779296875,406.14373779296875,64724400,2021-07-21 13:30:00
1626960600,434.739990234375,435.7200012207031,433.69000244140625,435.4599914550781,406.9942932128906,47878500,2021-07-22 13:30:00
1627047000,437.5199890136719,440.29998779296875,436.7900085449219,439.94000244140625,411.1815185546875,63766600,2021-07-23 13:30:00
1627306200,439.30999755859375,441.0299987792969,439.260009765625,441.0199890136719,412.1908264160156,43719200,2021-07-26 13:30:00
1627392600,439.9100036621094,439.94000244140625,435.989990234375,439.010009765625,410.312255859375,67397100,2021-07-27 13:30:00
1627479000,439.67999267578125,440.29998779296875,437.30999755859375,438.8299865722656,410.1440124511719,52472400,2021-07-28 13:30:00
1627565400,439.82000732421875,441.79998779296875,439.80999755859375,440.6499938964844,411.844970703125,47435300,2021-07-29 13:30:00
1627651800,437.9100036621094,440.05999755859375,437.7699890136719,438.510009765625,409.844970703125,68951200,2021-07-30 13:30:00
1627911000,440.3399963378906,440.92999267578125,437.2099914550781,437.5899963378906,408.9850158691406,58783300,2021-08-02 13:30:00
1627997400,438.44000244140625,441.2799987792969,436.1000061035156,441.1499938964844,412.3123474121094,58053900,2021-08-03 13:30:00
1628083800,439.7799987792969,441.1199951171875,438.7300109863281,438.9800109863281,410.2841796875,46732200,2021-08-04 13:30:00
1628170200,440.2200012207031,441.8500061035156,439.8800048828125,441.760009765625,412.8824768066406,38969700,2021-08-05 13:30:00
1628256600,442.1000061035156,442.94000244140625,441.79998779296875,442.489990234375,413.56475830078125,46930000,2021-08-06 13:30:00
1628515800,442.4599914550781,442.79998779296875,441.30999755859375,442.1300048828125,413.228271484375,41222600,2021-08-09 13:30:00
1628602200,442.6099853515625,443.44000244140625,441.8800048828125,442.67999267578125,413.74237060546875,43339300,2021-08-10 13:30:00
1628688600,443.82000732421875,443.8800048828125,442.6199951171875,443.7799987792969,414.77044677734375,44034300,2021-08-11 13:30:00
1628775000,443.6199951171875,445.260009765625,442.6600036621094,445.1099853515625,416.0133972167969,38909400,2021-08-12 13:30:00
1628861400,445.5899963378906,445.94000244140625,445.07000732421875,445.9200134277344,416.7705078125,39470300,2021-08-13 13:30:00
1629120600,444.5299987792969,447.1099853515625,442.8699951171875,446.9700012207031,417.751953125,73740000,2021-08-16 13:30:00
1629207000,444.239990234375,444.9599914550781,440.8500061035156,444.0400085449219,415.013427734375,92673900,2021-08-17 13:30:00
1629293400,442.9599914550781,444.6300048828125,438.9200134277344,439.17999267578125,410.47113037109375,89351900,2021-08-18 13:30:00
1629379800,436.2699890136719,441.1400146484375,436.1199951171875,439.8599853515625,411.1066589355469,92812200,2021-08-19 13:30:00
1629466200,440.2300109863281,443.7099914550781,439.7099914550781,443.3599853515625,414.3778076171875,72008700,2021-08-20 13:30:00
1629725400,445.1600036621094,448.2300109863281,443.44000244140625,447.260009765625,418.02294921875,54973000,2021-08-23 13:30:00
1629811800,447.9700012207031,448.5400085449219,447.4200134277344,447.9700012207031,418.6865234375,38744700,2021-08-24 13:30:00
1629898200,448.1700134277344,449.4599914550781,447.7699890136719,448.9100036621094,419.5650939941406,40529700,2021-08-25 13:30:00
1629984600,448.6099853515625,448.8599853515625,446.1600036621094,446.260009765625,417.0883483886719,57829600,2021-08-26 13:30:00
1630071000,447.1199951171875,450.6499938964844,447.05999755859375,450.25,420.81744384765625,77235100,2021-08-27 13:30:00
1630330200,450.9700012207031,453.07000732421875,450.7099914550781,452.2300109863281,422.6679992675781,48357400,2021-08-30 13:30:00
1630416600,452.1300048828125,452.489990234375,450.9200134277344,451.55999755859375,422.0418395996094,59300200,2021-08-31 13:30:00
1630503000,452.55999755859375,453.1099853515625,451.54998779296875,451.79998779296875,422.26617431640625,48721400,2021-09-01 13:30:00
1630589400,453.32000732421875,454.04998779296875,451.9100036621094,453.19000244140625,423.5653076171875,42501000,2021-09-02 13:30:00
1630675800,451.9800109863281,453.6300048828125,451.54998779296875,453.0799865722656,423.4624938964844,47170500,2021-09-03 13:30:00
1631021400,452.7099914550781,452.80999755859375,450.739990234375,451.4599914550781,421.9483947753906,51671500,2021-09-07 13:30:00
1631107800,450.8900146484375,451.6700134277344,448.8599853515625,450.9100036621094,421.43438720703125,56181900,2021-09-08 13:30:00
1631194200,450.70001220703125,452.57000732421875,448.7200012207031,448.9800109863281,419.6304626464844,57970400,2021-09-09 13:30:00
1631280600,451.0400085449219,451.489990234375,445.30999755859375,445.44000244140625,416.3218994140625,89948200,2021-09-10 13:30:00
1631539800,448.6400146484375,448.9200134277344,444.1099853515625,446.5799865722656,417.3873596191406,83738600,2021-09-13 13:30:00
1631626200,448.1199951171875,448.3399963378906,443.2200012207031,444.1700134277344,415.135009765625,78197100,2021-09-14 13:30:00
1631712600,444.6199951171875,448.4100036621094,443.44000244140625,447.8800048828125,418.6023864746094,78792200,2021-09-15 13:30:00
1631799000,447.32000732421875,448.3599853515625,444.0199890136719,447.1700134277344,417.9388427734375,77786700,2021-09-16 13:30:00
1631885400,444.9200134277344,445.3699951171875,441.0199890136719,441.3999938964844,413.8677062988281,118425000,2021-09-17 13:30:00
1632144600,434.8800048828125,436.55999755859375,428.8599853515625,434.0400085449219,406.966796875,166445500,2021-09-20 13:30:00
1632231000,436.5299987792969,437.9100036621094,433.07000732421875,433.6300048828125,406.5823059082031,92526100,2021-09-21 13:30:00
1632317400,436.04998779296875,440.0299987792969,433.75,437.8599853515625,410.5484313964844,102350100,2021-09-22 13:30:00
1632403800,439.8500061035156,444.8900146484375,439.6000061035156,443.17999267578125,415.5366516113281,76396000,2021-09-23 13:30:00
1632490200,441.44000244140625,444.6700134277344,441.2099914550781,443.9100036621094,416.2210693359375,62094800,2021-09-24 13:30:00
1632749400,442.80999755859375,444.04998779296875,441.8999938964844,442.6400146484375,415.0302734375,61371100,2021-09-27 13:30:00
1632835800,439.69000244140625,440.0400085449219,432.94000244140625,433.7200012207031,406.66668701171875,130436300,2021-09-28 13:30:00
1632922200,435.19000244140625,437.0400085449219,433.8500061035156,434.45001220703125,407.3511962890625,82329200,2021-09-29 13:30:00
1633008600,436.0199890136719,436.7699890136719,428.7799987792969,429.1400146484375,402.3724060058594,140506000,2021-09-30 13:30:00
1633095000,430.9800109863281,436.0299987792969,427.2300109863281,434.239990234375,407.1543273925781,129240100,2021-10-01 13:30:00
1633354200,433.0,433.9599914550781,426.3599853515625,428.6400146484375,401.9035949707031,128570000,2021-10-04 13:30:00
1633440600,430.239990234375,435.489990234375,429.3900146484375,433.1000061035156,406.0853576660156,90682500,2021-10-05 13:30:00
1633527000,429.2699890136719,435.1199951171875,427.5400085449219,434.8999938964844,407.7730712890625,113032200,2021-10-06 13:30:00
1633613400,438.3900146484375,441.67999267578125,438.20001220703125,438.6600036621094,411.2985534667969,72437500,2021-10-07 13:30:00
1633699800,439.4800109863281,439.8900146484375,437.19000244140625,437.8599853515625,410.5484313964844,74557400,2021-10-08 13:30:00
1633959000,437.1600036621094,440.260009765625,434.6199951171875,434.69000244140625,407.5762023925781,65233300,2021-10-11 13:30:00
1634045400,435.6700134277344,436.1000061035156,432.7799987792969,433.6199951171875,406.5729064941406,71181200,2021-10-12 13:30:00
1634131800,434.7099914550781,436.04998779296875,431.5400085449219,435.17999267578125,408.03570556640625,72974000,2021-10-13 13:30:00
1634218200,439.0799865722656,442.6600036621094,438.5799865722656,442.5,414.8990478515625,70236800,2021-10-14 13:30:00
1634304600,444.75,446.260009765625,444.0899963378906,445.8699951171875,418.0588684082031,66260200,2021-10-15 13:30:00
1634563800,443.9700012207031,447.54998779296875,443.2699890136719,447.19000244140625,419.2965393066406,62213200,2021-10-18 13:30:00
1634650200,448.9200134277344,450.7099914550781,448.2699890136719,450.6400146484375,422.53131103515625,46996800,2021-10-19 13:30:00
1634736600,451.1300048828125,452.7300109863281,451.010009765625,452.4100036621094,424.1908874511719,49571600,2021-10-20 13:30:00
1634823000,451.7699890136719,453.8299865722656,451.30999755859375,453.5899963378906,425.29730224609375,41305400,2021-10-21 13:30:00
1634909400,453.1300048828125,454.6700134277344,451.04998779296875,453.1199951171875,424.85662841796875,58845100,2021-10-22 13:30:00
1635168600,454.2799987792969,455.8999938964844,452.3900146484375,455.54998779296875,427.1351013183594,45214500,2021-10-25 13:30:00
1635255000,457.20001220703125,458.489990234375,455.55999755859375,455.9599914550781,427.51947021484375,56075100,2021-10-26 13:30:00
1635341400,456.45001220703125,457.1600036621094,453.8599853515625,453.94000244140625,425.6254577636719,72438000,2021-10-27 13:30:00
1635427800,455.4599914550781,458.3999938964844,455.45001220703125,458.32000732421875,429.7322998046875,51437900,2021-10-28 13:30:00
1635514200,455.8699951171875,459.55999755859375,455.55999755859375,459.25,430.6042175292969,70162400,2021-10-29 13:30:00
1635773400,460.29998779296875,460.70001220703125,458.20001220703125,460.0400085449219,431.344970703125,48433600,2021-11-01 13:30:00
1635859800,460.2200012207031,462.2300109863281,460.0799865722656,461.8999938964844,433.0889892578125,48908400,2021-11-02 13:30:00
1635946200,461.29998779296875,465.1499938964844,460.8299865722656,464.7200012207031,435.7330322265625,52509800,2021-11-03 13:30:00
1636032600,465.3599853515625,467.0,464.989990234375,466.9100036621094,437.7864685058594,52847100,2021-11-04 13:30:00
1636119000,469.2799987792969,470.6499938964844,466.9200134277344,468.5299987792969,439.3054504394531,66390600,2021-11-05 13:30:00
1636381800,469.70001220703125,470.2300109863281,468.20001220703125,468.92999267578125,439.6803894042969,50405200,2021-11-08 14:30:00
1636468200,469.32000732421875,469.57000732421875,465.8800048828125,467.3800048828125,438.2272033691406,51149100,2021-11-09 14:30:00
1636554600,465.5799865722656,467.3800048828125,462.0400085449219,463.6199951171875,434.7016296386719,69429700,2021-11-10 14:30:00
1636641000,465.2099914550781,465.2900085449219,463.75,463.7699890136719,434.84234619140625,34848500,2021-11-11 14:30:00
1636727400,465.1199951171875,467.8599853515625,464.1099853515625,467.2699890136719,438.1240234375,53466700,2021-11-12 14:30:00
1636986600,468.6400146484375,468.80999755859375,466.2300109863281,467.42999267578125,438.2740783691406,46980500,2021-11-15 14:30:00
1637073000,467.1499938964844,470.489990234375,467.07000732421875,469.2799987792969,440.0086364746094,48857500,2021-11-16 14:30:00
1637159400,469.0,469.19000244140625,467.4800109863281,468.1400146484375,438.9398193359375,47858300,2021-11-17 14:30:00
1637245800,469.239990234375,470.010009765625,466.3399963378906,469.7300109863281,440.4305419921875,50625600,2021-11-18 14:30:00
1637332200,469.6099853515625,470.94000244140625,468.5,468.8900146484375,439.6429748535156,57315600,2021-11-19 14:30:00
1637591400,470.8900146484375,473.5400085449219,467.3500061035156,467.57000732421875,438.40533447265625,72762000,2021-11-22 14:30:00
1637677800,467.2200012207031,469.1000061035156,464.45001220703125,468.19000244140625,438.9866027832031,73206500,2021-11-23 14:30:00
1637764200,466.05999755859375,469.57000732421875,465.19000244140625,469.44000244140625,440.1587219238281,61858800,2021-11-24 14:30:00
1637937000,462.3399963378906,463.8999938964844,457.7699890136719,458.9700012207031,430.3417663574219,112669600,2021-11-26 14:30:00
1638196200,464.07000732421875,466.55999755859375,461.7300109863281,464.6000061035156,435.62054443359375,86268800,2021-11-29 14:30:00
1638282600,462.0,464.0299987792969,455.29998779296875,455.55999755859375,427.1444396972656,148559600,2021-11-30 14:30:00
1638369000,461.6400146484375,464.6700134277344,450.2900085449219,450.5,422.40008544921875,131939200,2021-12-01 14:30:00
1638455400,450.7300109863281,459.07000732421875,450.30999755859375,457.3999938964844,428.86962890625,127637800,2021-12-02 14:30:00
1638541800,459.1700134277344,460.29998779296875,448.9200134277344,453.4200134277344,425.1378173828125,137331600,2021-12-03 14:30:00
1638801000,456.1300048828125,460.7900085449219,453.55999755859375,458.7900085449219,430.17291259765625,98977500,2021-12-06 14:30:00
1638887400,464.4100036621094,468.8800048828125,458.6499938964844,468.2799987792969,439.0710754394531,95484700,2021-12-07 14:30:00
1638973800,468.70001220703125,470.0,466.8299865722656,469.5199890136719,440.2336730957031,72238800,2021-12-08 14:30:00
1639060200,468.1499938964844,469.6300048828125,466.1400146484375,466.3500061035156,437.2614440917969,61272600,2021-12-09 14:30:00
1639146600,469.2300109863281,470.8999938964844,466.510009765625,470.739990234375,441.3775329589844,77159800,2021-12-10 14:30:00
1639405800,470.19000244140625,470.55999755859375,466.2699890136719,466.57000732421875,437.4676818847656,87724700,2021-12-13 14:30:00
1639492200,463.0899963378906,465.739990234375,460.25,463.3599853515625,434.4579162597656,97264100,2021-12-14 14:30:00
1639578600,463.4200134277344,470.8599853515625,460.739990234375,470.6000061035156,441.246337890625,116899300,2021-12-15 14:30:00
1639665000,472.57000732421875,472.8699951171875,464.79998779296875,466.45001220703125,437.355224609375,116568600,2021-12-16 14:30:00
1639751400,461.54998779296875,464.739990234375,458.05999755859375,459.8699951171875,432.700439453125,135511600,2021-12-17 14:30:00
1640010600,454.4800109863281,455.3999938964844,451.1400146484375,454.9800109863281,428.0993957519531,107134800,2021-12-20 14:30:00
1640097000,458.6099853515625,463.2099914550781,456.30999755859375,463.05999755859375,435.7020263671875,69806300,2021-12-21 14:30:00
1640183400,462.7900085449219,467.80999755859375,462.5799865722656,467.69000244140625,440.05841064453125,58890200,2021-12-22 14:30:00
1640269800,468.75,472.19000244140625,468.6400146484375,470.6000061035156,442.7966003417969,56439700,2021-12-23 14:30:00
1640615400,472.05999755859375,477.30999755859375,472.010009765625,477.260009765625,449.06304931640625,56808600,2021-12-27 14:30:00
1640701800,477.7200012207031,478.80999755859375,476.05999755859375,476.8699951171875,448.69610595703125,47274600,2021-12-28 14:30:00
1640788200,476.9800109863281,478.55999755859375,475.9200134277344,477.4800109863281,449.2701110839844,54503000,2021-12-29 14:30:00
1640874600,477.92999267578125,479.0,475.6700134277344,476.1600036621094,448.028076171875,55329000,2021-12-30 14:30:00
1640961000,475.6400146484375,476.8599853515625,474.6700134277344,474.9599914550781,446.89892578125,65237400,2021-12-31 14:30:00
1641220200,476.29998779296875,477.8500061035156,473.8500061035156,477.7099914550781,449.4864501953125,72668200,2022-01-03 14:30:00
1641306600,479.2200012207031,479.9800109863281,475.5799865722656,477.54998779296875,449.33587646484375,71178700,2022-01-04 14:30:00
1641393000,477.1600036621094,477.9800109863281,468.2799987792969,468.3800048828125,440.7076721191406,104538900,2022-01-05 14:30:00
1641479400,467.8900146484375,470.82000732421875,465.42999267578125,467.94000244140625,440.29364013671875,86858900,2022-01-06 14:30:00
1641565800,467.95001220703125,469.20001220703125,464.6499938964844,466.0899963378906,438.55303955078125,85111600,2022-01-07 14:30:00
1641825000,462.70001220703125,465.739990234375,456.6000061035156,465.510009765625,438.00726318359375,119362000,2022-01-10 14:30:00
1641911400,465.2300109863281,469.8500061035156,462.04998779296875,469.75,441.9967041015625,74303100,2022-01-11 14:30:00
1641997800,471.5899963378906,473.20001220703125,468.94000244140625,471.0199890136719,443.1916809082031,67605400,2022-01-12 14:30:00
1642084200,472.19000244140625,472.8800048828125,463.44000244140625,464.5299987792969,437.08514404296875,91173100,2022-01-13 14:30:00
1642170600,461.19000244140625,465.0899963378906,459.8999938964844,464.7200012207031,437.26385498046875,95890900,2022-01-14 14:30:00
1642516200,459.739990234375,459.9599914550781,455.30999755859375,456.489990234375,429.5201110839844,109709100,2022-01-18 14:30:00
1642602600,458.1300048828125,459.6099853515625,451.4599914550781,451.75,425.06011962890625,109357600,2022-01-19 14:30:00
1642689000,453.75,458.739990234375,444.5,446.75,420.3555908203125,122379700,2022-01-20 14:30:00
1642775400,445.55999755859375,448.05999755859375,437.95001220703125,437.9800109863281,412.1037292480469,202271200,2022-01-21 14:30:00
1643034600,432.0299987792969,440.3800048828125,420.760009765625,439.8399963378906,413.85382080078125,251783900,2022-01-24 14:30:00
1643121000,433.05999755859375,439.7200012207031,427.1499938964844,434.4700012207031,408.8011474609375,167997300,2022-01-25 14:30:00
1643207400,440.7200012207031,444.0400085449219,428.8599853515625,433.3800048828125,407.7755126953125,186391100,2022-01-26 14:30:00
1643293800,438.260009765625,441.5899963378906,429.45001220703125,431.239990234375,405.7619323730469,149878300,2022-01-27 14:30:00
1643380200,432.67999267578125,442.0,427.82000732421875,441.95001220703125,415.83917236328125,164457400,2022-01-28 14:30:00
1643639400,441.239990234375,450.2799987792969,439.80999755859375,449.9100036621094,423.3288879394531,152251400,2022-01-31 14:30:00
1643725800,450.67999267578125,453.6300048828125,446.94000244140625,452.95001220703125,426.1893310546875,123155400,2022-02-01 14:30:00
1643812200,455.5,458.1199951171875,453.04998779296875,457.3500061035156,430.3293762207031,117361000,2022-02-02 14:30:00
1643898600,450.95001220703125,452.9700012207031,445.7099914550781,446.6000061035156,420.2144775390625,118024400,2022-02-03 14:30:00
1643985000,446.3500061035156,452.7799987792969,443.8299865722656,448.70001220703125,422.19049072265625,118454400,2022-02-04 14:30:00
1644244200,449.510009765625,450.989990234375,445.8500061035156,447.260009765625,420.8354797363281,84472900,2022-02-07 14:30:00
1644330600,446.7300109863281,451.9200134277344,445.2200012207031,450.94000244140625,424.29803466796875,81012000,2022-02-08 14:30:00
1644417000,455.2200012207031,457.8800048828125,455.010009765625,457.5400085449219,430.5081481933594,92589900,2022-02-09 14:30:00
1644503400,451.3399963378906,457.7099914550781,447.20001220703125,449.32000732421875,422.7737731933594,140103700,2022-02-10 14:30:00
1644589800,449.4100036621094,451.6099853515625,438.94000244140625,440.4599914550781,414.4372253417969,153214600,2022-02-11 14:30:00
1644849000,439.9200134277344,441.6000061035156,435.3399963378906,439.0199890136719,413.08233642578125,123006300,2022-02-14 14:30:00
1644935400,443.7300109863281,446.2799987792969,443.17999267578125,446.1000061035156,419.7440490722656,88482700,2022-02-15 14:30:00
1645021800,443.92999267578125,448.05999755859375,441.94000244140625,446.6000061035156,420.2144775390625,84863600,2022-02-16 14:30:00
1645108200,443.2200012207031,446.57000732421875,436.4200134277344,437.05999755859375,411.238037109375,102259100,2022-02-17 14:30:00
1645194600,437.3299865722656,438.6600036621094,431.82000732421875,434.2300109863281,408.5753173828125,132642900,2022-02-18 14:30:00
1645540200,431.8900146484375,435.5,425.8599853515625,429.57000732421875,404.1905822753906,124391800,2022-02-22 14:30:00
1645626600,432.6600036621094,433.260009765625,421.3500061035156,421.95001220703125,397.0207824707031,132578000,2022-02-23 14:30:00
1645713000,411.0199890136719,428.760009765625,410.6400146484375,428.29998779296875,402.9956359863281,213942900,2022-02-24 14:30:00
1645799400,429.6099853515625,437.8399963378906,427.8599853515625,437.75,411.8872375488281,121804500,2022-02-25 14:30:00
1646058600,432.0299987792969,438.20001220703125,430.70001220703125,436.6300048828125,410.83349609375,145615000,2022-02-28 14:30:00
1646145000,435.0400085449219,437.1700134277344,427.1099853515625,429.9800109863281,404.5763854980469,137785900,2022-03-01 14:30:00
1646231400,432.3699951171875,439.7200012207031,431.57000732421875,437.8900146484375,412.01910400390625,117726500,2022-03-02 14:30:00
1646317800,440.4700012207031,441.1099853515625,433.79998779296875,435.7099914550781,409.96783447265625,105501700,2022-03-03 14:30:00
1646404200,431.75,433.3699951171875,427.8800048828125,432.1700134277344,406.63702392578125,113978200,2022-03-04 14:30:00
1646663400,431.54998779296875,432.29998779296875,419.3599853515625,419.42999267578125,394.6496887207031,137896600,2022-03-07 14:30:00
1646749800,419.6199951171875,427.2099914550781,415.1199951171875,416.25,391.6575927734375,164772700,2022-03-08 14:30:00
1646836200,425.1400146484375,429.510009765625,422.82000732421875,427.4100036621094,402.1582336425781,116990800,2022-03-09 14:30:00
1646922600,422.5199890136719,426.42999267578125,420.44000244140625,425.4800109863281,400.3422546386719,93972700,2022-03-10 14:30:00
1647009000,428.1199951171875,428.7699890136719,419.5299987792969,420.07000732421875,395.25189208984375,95636300,2022-03-11 14:30:00
1647264600,420.8900146484375,424.54998779296875,415.7900085449219,417.0,392.36328125,95729200,2022-03-14 13:30:00
1647351000,419.7699890136719,426.8399963378906,418.4200134277344,426.1700134277344,400.9914855957031,106219100,2022-03-15 13:30:00
1647437400,429.8900146484375,435.67999267578125,424.79998779296875,435.6199951171875,409.8831787109375,144954800,2022-03-16 13:30:00
1647523800,433.5899963378906,441.07000732421875,433.19000244140625,441.07000732421875,415.01123046875,102676900,2022-03-17 13:30:00
1647610200,438.0,444.8599853515625,437.2200012207031,444.5199890136719,419.5567321777344,106345500,2022-03-18 13:30:00
1647869400,444.3399963378906,446.4599914550781,440.67999267578125,444.3900146484375,419.43402099609375,88349800,2022-03-21 13:30:00
1647955800,445.8599853515625,450.5799865722656,445.8599853515625,449.5899963378906,424.3419494628906,74650400,2022-03-22 13:30:00
1648042200,446.9100036621094,448.489990234375,443.7099914550781,443.79998779296875,418.8771667480469,79426100,2022-03-23 13:30:00
1648128600,445.94000244140625,450.5,444.760009765625,450.489990234375,425.1914978027344,64736900,2022-03-24 13:30:00
1648215000,451.1600036621094,452.9800109863281,448.42999267578125,452.69000244140625,427.26788330078125,77101300,2022-03-25 13:30:00
1648474200,452.05999755859375,455.9100036621094,450.05999755859375,455.9100036621094,430.30706787109375,68529800,2022-03-28 13:30:00
1648560600,460.0199890136719,462.07000732421875,457.17999267578125,461.54998779296875,435.6303405761719,86581500,2022-03-29 13:30:00
1648647000,460.3399963378906,461.20001220703125,456.4700012207031,458.70001220703125,432.9404296875,79666900,2022-03-30 13:30:00
1648733400,457.8900146484375,458.760009765625,451.1600036621094,451.6400146484375,426.27685546875,121699900,2022-03-31 13:30:00
1648819800,453.30999755859375,453.4599914550781,449.1400146484375,452.9200134277344,427.4849853515625,89048800,2022-04-01 13:30:00
1649079000,453.1300048828125,456.9100036621094,452.260009765625,456.79998779296875,431.1470642089844,59601000,2022-04-04 13:30:00
1649165400,455.2200012207031,457.8299865722656,449.82000732421875,451.0299987792969,425.701171875,74214500,2022-04-05 13:30:00
1649251800,446.8900146484375,448.92999267578125,443.4700012207031,446.5199890136719,421.44439697265625,106898000,2022-04-06 13:30:00
1649338200,445.5899963378906,450.69000244140625,443.5299987792969,448.7699890136719,423.5679931640625,78097200,2022-04-07 13:30:00
1649424600,447.9700012207031,450.6300048828125,445.94000244140625,447.57000732421875,422.4353942871094,79272700,2022-04-08 13:30:00
1649683800,444.1099853515625,445.0,439.3900146484375,439.9200134277344,415.2150573730469,89770500,2022-04-11 13:30:00
1649770200,443.0799865722656,445.75,436.6499938964844,438.2900085449219,413.6766052246094,84363600,2022-04-12 13:30:00
1649856600,438.0299987792969,444.1099853515625,437.8399963378906,443.30999755859375,418.4146728515625,74070400,2022-04-13 13:30:00
1649943000,443.54998779296875,444.7300109863281,437.67999267578125,437.7900085449219,413.20465087890625,97869500,2022-04-14 13:30:00
1650288600,436.80999755859375,439.75,435.6099853515625,437.9700012207031,413.37451171875,66002500,2022-04-18 13:30:00
1650375000,437.8599853515625,445.79998779296875,437.67999267578125,445.0400085449219,420.0474853515625,77821000,2022-04-19 13:30:00
1650461400,446.9200134277344,447.57000732421875,443.4800109863281,444.7099914550781,419.7360534667969,65224400,2022-04-20 13:30:00
1650547800,448.5400085449219,450.010009765625,437.1000061035156,438.05999755859375,413.4595642089844,85417300,2022-04-21 13:30:00
1650634200,436.9100036621094,438.0799865722656,425.44000244140625,426.0400085449219,402.1145324707031,132471800,2022-04-22 13:30:00
1650893400,423.6700134277344,428.69000244140625,418.8399963378906,428.510009765625,404.4458312988281,119647700,2022-04-25 13:30:00
1650979800,425.8299865722656,426.0400085449219,416.07000732421875,416.1000061035156,392.73272705078125,103996300,2022-04-26 13:30:00
1651066200,417.239990234375,422.9200134277344,415.010009765625,417.2699890136719,393.8370056152344,122030000,2022-04-27 13:30:00
1651152600,422.2900085449219,429.6400146484375,417.6000061035156,427.80999755859375,403.78509521484375,105449100,2022-04-28 13:30:00
1651239000,423.5899963378906,425.8699951171875,411.2099914550781,412.0,388.8630065917969,145491100,2022-04-29 13:30:00
1651498200,412.07000732421875,415.9200134277344,405.0199890136719,414.4800109863281,391.2036437988281,158312500,2022-05-02 13:30:00
1651584600,415.010009765625,418.92999267578125,413.3599853515625,416.3800048828125,392.99700927734375,100028200,2022-05-03 13:30:00
1651671000,417.0799865722656,429.6600036621094,413.7099914550781,429.05999755859375,404.9649963378906,144247900,2022-05-04 13:30:00
1651757400,424.54998779296875,425.0,409.44000244140625,413.80999755859375,390.57122802734375,172929100,2022-05-05 13:30:00
1651843800,411.1000061035156,414.79998779296875,405.7300109863281,411.3399963378906,388.24005126953125,151770800,2022-05-06 13:30:00
1652103000,405.1000061035156,406.4100036621094,396.5,398.1700134277344,375.8096008300781,155586100,2022-05-09 13:30:00
1652189400,404.489990234375,406.0799865722656,394.82000732421875,399.0899963378906,376.6780090332031,132497200,2022-05-10 13:30:00
1652275800,398.07000732421875,404.0400085449219,391.9599914550781,392.75,370.69403076171875,142361000,2022-05-11 13:30:00
1652362200,389.3699951171875,395.79998779296875,385.1499938964844,392.3399963378906,370.30706787109375,125090800,2022-05-12 13:30:00
1652448600,396.7099914550781,403.17999267578125,395.6099853515625,401.7200012207031,379.1602478027344,104174400,2022-05-13 13:30:00
1652707800,399.9800109863281,403.9700012207031,397.6000061035156,400.0899963378906,377.6218566894531,78622400,2022-05-16 13:30:00
1652794200,406.5299987792969,408.57000732421875,402.5799865722656,408.32000732421875,385.3896484375,83029700,2022-05-17 13:30:00
1652880600,403.5,403.79998779296875,390.54998779296875,391.8599853515625,369.8539733886719,117674500,2022-05-18 13:30:00
1652967000,388.6199951171875,394.1400146484375,387.1099853515625,389.4599914550781,367.5888366699219,98510700,2022-05-19 13:30:00
1653053400,393.25,397.0299987792969,380.5400085449219,389.6300048828125,367.74920654296875,131432200,2022-05-20 13:30:00
1653312600,392.8299865722656,397.7300109863281,390.3800048828125,396.9200134277344,374.6298522949219,76414900,2022-05-23 13:30:00
1653399000,392.55999755859375,395.1499938964844,386.9599914550781,393.8900146484375,371.7699890136719,91448800,2022-05-24 13:30:00
1653485400,392.30999755859375,399.45001220703125,391.8900146484375,397.3699951171875,375.0545959472656,91472900,2022-05-25 13:30:00
1653571800,398.6700134277344,407.0400085449219,398.45001220703125,405.30999755859375,382.5486755371094,82168300,2022-05-26 13:30:00
1653658200,407.9100036621094,415.3800048828125,407.70001220703125,415.260009765625,391.93994140625,84768700,2022-05-27 13:30:00
1654003800,413.54998779296875,416.4599914550781,410.0299987792969,412.92999267578125,389.74072265625,95937000,2022-05-31 13:30:00
1654090200,415.1700134277344,416.239990234375,406.92999267578125,409.5899963378906,386.58831787109375,86585800,2022-06-01 13:30:00
1654176600,409.4200134277344,417.44000244140625,407.0400085449219,417.3900146484375,393.9502868652344,79609600,2022-06-02 13:30:00
1654263000,412.3999938964844,414.0400085449219,409.510009765625,410.5400085449219,387.48492431640625,71874300,2022-06-03 13:30:00
1654522200,414.7799987792969,416.6099853515625,410.54998779296875,411.7900085449219,388.6647644042969,57508900,2022-06-06 13:30:00
1654608600,408.1000061035156,416.2200012207031,407.6099853515625,415.739990234375,392.39288330078125,59272400,2022-06-07 13:30:00
1654695000,413.92999267578125,415.82000732421875,410.3800048828125,411.2200012207031,388.1268615722656,64350000,2022-06-08 13:30:00
1654781400,409.3399963378906,411.739990234375,401.44000244140625,401.44000244140625,378.8960266113281,86289800,2022-06-09 13:30:00
1654867800,394.8800048828125,395.7799987792969,389.75,389.79998779296875,367.9096984863281,132893900,2022-06-10 13:30:00
1655127000,379.8500061035156,381.80999755859375,373.29998779296875,375.0,353.9408264160156,170004900,2022-06-13 13:30:00
1655213400,376.8500061035156,377.94000244140625,370.5899963378906,373.8699951171875,352.874267578125,104011800,2022-06-14 13:30:00
1655299800,377.3599853515625,383.8999938964844,372.1199951171875,379.20001220703125,357.9049072265625,125666800,2022-06-15 13:30:00
1655386200,370.510009765625,370.94000244140625,364.0799865722656,366.6499938964844,346.05975341796875,134473300,2022-06-16 13:30:00
1655472600,365.510009765625,369.3800048828125,362.1700134277344,365.8599853515625,346.8057556152344,111113900,2022-06-17 13:30:00
1655818200,371.8900146484375,376.5299987792969,371.80999755859375,375.07000732421875,355.5361022949219,76811900,2022-06-21 13:30:00
1655904600,370.6199951171875,378.7200012207031,370.17999267578125,374.3900146484375,354.8915100097656,90059400,2022-06-22 13:30:00
1655991000,376.6400146484375,378.8299865722656,372.8900146484375,378.05999755859375,358.3703918457031,79292100,2022-06-23 13:30:00
1656077400,381.3999938964844,390.0899963378906,381.3699951171875,390.0799865722656,369.7643127441406,98050300,2022-06-24 13:30:00
1656336600,391.04998779296875,391.3599853515625,387.44000244140625,388.5899963378906,368.3519287109375,66009600,2022-06-27 13:30:00
1656423000,390.2300109863281,393.1600036621094,380.5299987792969,380.6499938964844,360.8254699707031,86548900,2022-06-28 13:30:00
1656509400,381.2300109863281,382.2699890136719,378.4200134277344,380.3399963378906,360.5316162109375,65676000,2022-06-29 13:30:00
1656595800,376.239990234375,380.6600036621094,372.55999755859375,377.25,357.6025390625,112508300,2022-06-30 13:30:00
1656682200,376.55999755859375,381.70001220703125,373.79998779296875,381.239990234375,361.384765625,74839700,2022-07-01 13:30:00
1657027800,375.8800048828125,381.9800109863281,372.8999938964844,381.9599914550781,362.0672607421875,81438000,2022-07-05 13:30:00
1657114200,382.1099853515625,385.8699951171875,379.6000061035156,383.25,363.2900695800781,70426200,2022-07-06 13:30:00
1657200600,385.1199951171875,389.8299865722656,383.2699890136719,388.989990234375,368.73114013671875,64525900,2022-07-07 13:30:00
1657287000,387.2699890136719,390.6400146484375,385.6600036621094,388.6700134277344,368.42779541015625,72397800,2022-07-08 13:30:00
1657546200,385.8500061035156,386.8699951171875,383.5,384.2300109863281,364.218994140625,58366900,2022-07-11 13:30:00
1657632600,383.6499938964844,386.1600036621094,378.989990234375,380.8299865722656,360.99609375,62219200,2022-07-12 13:30:00
1657719000,375.1000061035156,381.9200134277344,374.6600036621094,378.8299865722656,359.1002502441406,84224600,2022-07-13 13:30:00
1657805400,373.6099853515625,379.04998779296875,371.0400085449219,377.9100036621094,358.2281799316406,89704800,2022-07-14 13:30:00
1657891800,382.54998779296875,385.25,380.5400085449219,385.1300048828125,365.0721435546875,79060400,2022-07-15 13:30:00
1658151000,388.3800048828125,389.0899963378906,380.6600036621094,381.95001220703125,362.0577697753906,63203600,2022-07-18 13:30:00
1658237400,386.0799865722656,392.8699951171875,385.3900146484375,392.2699890136719,371.8403015136719,78506000,2022-07-19 13:30:00
1658323800,392.4700012207031,396.260009765625,391.0299987792969,394.7699890136719,374.2101135253906,71843800,2022-07-20 13:30:00
1658410200,394.1600036621094,398.8399963378906,391.6300048828125,398.7900085449219,378.020751953125,64903900,2022-07-21 13:30:00
1658496600,398.9200134277344,400.17999267578125,392.75,395.0899963378906,374.513427734375,72197300,2022-07-22 13:30:00
1658755800,395.75,396.4700012207031,393.2099914550781,395.57000732421875,374.9683837890625,53631500,2022-07-25 13:30:00
1658842200,393.8399963378906,394.05999755859375,389.95001220703125,390.8900146484375,370.53216552734375,52946400,2022-07-26 13:30:00
1658928600,394.3599853515625,402.8800048828125,394.04998779296875,401.0400085449219,380.153564453125,82342100,2022-07-27 13:30:00
1659015000,401.8900146484375,406.79998779296875,398.1499938964844,406.07000732421875,384.9216003417969,73966600,2022-07-28 13:30:00
1659101400,407.5799865722656,413.0299987792969,406.7699890136719,411.989990234375,390.5332946777344,87003700,2022-07-29 13:30:00
1659360600,409.1499938964844,413.4100036621094,408.3999938964844,410.7699890136719,389.37677001953125,69997500,2022-08-01 13:30:00
1659447000,409.1199951171875,413.0,406.82000732421875,408.05999755859375,386.8080139160156,63435400,2022-08-02 13:30:00
1659533400,410.29998779296875,415.67999267578125,410.0,414.45001220703125,392.86517333984375,67820600,2022-08-03 13:30:00
1659619800,414.3699951171875,415.0899963378906,412.44000244140625,414.1700134277344,392.5997314453125,45656600,2022-08-04 13:30:00
1659706200,409.6600036621094,414.1499938964844,409.6000061035156,413.4700012207031,391.9361267089844,56814900,2022-08-05 13:30:00
1659965400,415.25,417.6199951171875,411.8299865722656,412.989990234375,391.481201171875,53886100,2022-08-08 13:30:00
1660051800,412.2200012207031,412.75,410.2200012207031,411.3500061035156,389.92657470703125,44931800,2022-08-09 13:30:00
1660138200,418.7799987792969,420.1400146484375,416.7200012207031,419.989990234375,398.11663818359375,68665700,2022-08-10 13:30:00
1660224600,422.989990234375,424.95001220703125,419.2099914550781,419.989990234375,398.11663818359375,59489700,2022-08-11 13:30:00
1660311000,422.0299987792969,427.2099914550781,421.0299987792969,427.1000061035156,404.8563537597656,61694500,2022-08-12 13:30:00
1660570200,424.7699890136719,429.4100036621094,424.7099914550781,428.8599853515625,406.5246887207031,54048300,2022-08-15 13:30:00
1660656600,427.7300109863281,431.7300109863281,426.8800048828125,429.70001220703125,407.3209228515625,59289000,2022-08-16 13:30:00
1660743000,425.9100036621094,429.5,424.5400085449219,426.6499938964844,404.4297180175781,63563400,2022-08-17 13:30:00
1660829400,426.8599853515625,428.6099853515625,425.5,427.8900146484375,405.60516357421875,49023200,2022-08-18 13:30:00
1660915800,424.9800109863281,425.260009765625,421.2200012207031,422.1400146484375,400.15472412109375,68016900,2022-08-19 13:30:00
1661175000,417.04998779296875,417.2300109863281,412.3999938964844,413.3500061035156,391.8224792480469,77695600,2022-08-22 13:30:00
1661261400,412.8999938964844,415.4200134277344,411.7699890136719,412.3500061035156,390.8745422363281,49105200,2022-08-23 13:30:00
1661347800,412.1099853515625,415.1099853515625,411.3900146484375,413.6700134277344,392.1257629394531,49177800,2022-08-24 13:30:00
1661434200,415.239990234375,419.55999755859375,414.0899963378906,419.510009765625,397.6616516113281,50942300,2022-08-25 13:30:00
1661520600,419.3900146484375,419.9599914550781,405.25,405.30999755859375,384.201171875,103087000,2022-08-26 13:30:00
1661779800,402.20001220703125,405.8399963378906,401.20001220703125,402.6300048828125,381.6607360839844,65370800,2022-08-29 13:30:00
1661866200,403.8500061035156,404.1000061035156,396.0,398.2099914550781,377.47088623046875,85652400,2022-08-30 13:30:00
1661952600,399.92999267578125,401.239990234375,395.0400085449219,395.17999267578125,374.5987854003906,76029700,2022-08-31 13:30:00
1662039000,392.8900146484375,396.7799987792969,390.0400085449219,396.4200134277344,375.774169921875,78740100,2022-09-01 13:30:00
1662125400,400.2799987792969,401.55999755859375,390.3299865722656,392.239990234375,371.8118591308594,99632100,2022-09-02 13:30:00
1662471000,393.1300048828125,394.1199951171875,388.4200134277344,390.760009765625,370.408935546875,76637400,2022-09-06 13:30:00
1662557400,390.42999267578125,398.5899963378906,390.20001220703125,397.7799987792969,377.0633544921875,70964200,2022-09-07 13:30:00
1662643800,395.3900146484375,400.8599853515625,394.1199951171875,400.3800048828125,379.5279846191406,80821700,2022-09-08 13:30:00
1662730200,402.739990234375,407.510009765625,402.4599914550781,406.6000061035156,385.4239501953125,76706900,2022-09-09 13:30:00
1662989400,408.7799987792969,411.7300109863281,408.4599914550781,410.9700012207031,389.5663757324219,69256300,2022-09-12 13:30:00
1663075800,401.8299865722656,403.1000061035156,391.9200134277344,393.1000061035156,372.6270446777344,122947100,2022-09-13 13:30:00
1663162200,394.4700012207031,396.20001220703125,391.1199951171875,394.6000061035156,374.0489501953125,85023700,2022-09-14 13:30:00
1663248600,392.9599914550781,395.9599914550781,388.7799987792969,390.1199951171875,369.80230712890625,87633800,2022-09-15 13:30:00
1663335000,384.1400146484375,386.25,382.1099853515625,385.55999755859375,366.9810485839844,103084800,2022-09-16 13:30:00
1663594200,382.260009765625,388.54998779296875,382.17999267578125,388.54998779296875,369.82696533203125,73278500,2022-09-19 13:30:00
1663680600,385.05999755859375,386.1199951171875,381.20001220703125,384.0899963378906,365.5820007324219,77274900,2022-09-20 13:30:00
1663767000,386.1099853515625,389.30999755859375,377.3800048828125,377.3900146484375,359.2048034667969,106746600,2022-09-21 13:30:00
1663853400,376.5799865722656,378.29998779296875,373.44000244140625,374.2200012207031,356.1875,89472600,2022-09-22 13:30:00
1663939800,370.5799865722656,370.6199951171875,363.2900085449219,367.95001220703125,350.2196350097656,122346900,2022-09-23 13:30:00
1664199000,366.4100036621094,370.2099914550781,363.0299987792969,364.30999755859375,346.7550964355469,92581200,2022-09-26 13:30:00
1664285400,368.0199890136719,370.3999938964844,360.8699951171875,363.3800048828125,345.8699035644531,108294100,2022-09-27 13:30:00
1664371800,364.3800048828125,372.29998779296875,362.6000061035156,370.5299987792969,352.67535400390625,110802200,2022-09-28 13:30:00
1664458200,366.80999755859375,367.1099853515625,359.70001220703125,362.7900085449219,345.3082580566406,112952300,2022-09-29 13:30:00
1664544600,361.79998779296875,365.9100036621094,357.0400085449219,357.17999267578125,339.9686279296875,153711200,2022-09-30 13:30:00
1664803800,361.0799865722656,368.54998779296875,359.2099914550781,366.6099853515625,348.9442443847656,89756500,2022-10-03 13:30:00
1664890200,372.3999938964844,378.0,366.57000732421875,377.9700012207031,359.7568664550781,103602800,2022-10-04 13:30:00
1664976600,373.3900146484375,379.4599914550781,370.95001220703125,377.0899963378906,358.91925048828125,88065700,2022-10-05 13:30:00
1665063000,375.6199951171875,378.7200012207031,372.67999267578125,373.20001220703125,355.21673583984375,82333500,2022-10-06 13:30:00
1665149400,368.9700012207031,373.2900085449219,360.94000244140625,362.7900085449219,345.3082580566406,107789500,2022-10-07 13:30:00
1665408600,363.9599914550781,364.2099914550781,357.6700134277344,360.0199890136719,342.67181396484375,76042800,2022-10-10 13:30:00
1665495000,358.239990234375,363.0299987792969,355.7099914550781,357.739990234375,340.5016174316406,92482800,2022-10-11 13:30:00
1665581400,358.1700134277344,359.82000732421875,356.29998779296875,356.55999755859375,339.3785095214844,76991800,2022-10-12 13:30:00
1665667800,349.2099914550781,367.510009765625,348.1099853515625,365.9700012207031,348.3351135253906,147254500,2022-10-13 13:30:00
1665754200,368.54998779296875,370.260009765625,356.9599914550781,357.6300048828125,340.3969421386719,123737000,2022-10-14 13:30:00
1666013400,364.010009765625,367.9800109863281,357.2799987792969,366.82000732421875,349.14410400390625,93168200,2022-10-17 13:30:00
1666099800,375.1300048828125,375.45001220703125,367.5199890136719,371.1300048828125,353.2464294433594,97162900,2022-10-18 13:30:00
1666186200,368.989990234375,371.8500061035156,365.54998779296875,368.5,350.7431945800781,79746900,2022-10-19 13:30:00
1666272600,368.0299987792969,372.6700134277344,364.6099853515625,365.4100036621094,347.8020324707031,88283100,2022-10-20 13:30:00
1666359000,365.1199951171875,374.79998779296875,363.5400085449219,374.2900085449219,356.2541198730469,131038400,2022-10-21 13:30:00
1666618200,375.8900146484375,380.05999755859375,373.1099853515625,378.8699951171875,360.61346435546875,85436900,2022-10-24 13:30:00
1666704600,378.7900085449219,385.25,378.6700134277344,384.9200134277344,366.37188720703125,78846300,2022-10-25 13:30:00
1666791000,381.6199951171875,387.5799865722656,381.3500061035156,382.0199890136719,363.6116638183594,104087300,2022-10-26 13:30:00
1666877400,383.07000732421875,385.0,379.3299865722656,379.9800109863281,361.6700439453125,81971800,2022-10-27 13:30:00
1666963800,379.8699951171875,389.5199890136719,379.67999267578125,389.0199890136719,370.27435302734375,100302000,2022-10-28 13:30:00
1667223000,386.44000244140625,388.3999938964844,385.260009765625,386.2099914550781,367.59979248046875,96631300,2022-10-31 13:30:00
1667309400,390.1400146484375,390.3900146484375,383.2900085449219,384.5199890136719,365.9912109375,85407600,2022-11-01 13:30:00
1667395800,383.8999938964844,388.6300048828125,374.760009765625,374.8699951171875,356.80621337890625,126990400,2022-11-02 13:30:00
1667482200,371.4700012207031,374.20001220703125,368.7900085449219,371.010009765625,353.1322326660156,87100100,2022-11-03 13:30:00
1667568600,377.0,378.8699951171875,370.0,376.3500061035156,358.2148742675781,103505200,2022-11-04 13:30:00
1667831400,377.7099914550781,380.57000732421875,375.5299987792969,379.95001220703125,361.6414489746094,68286900,2022-11-07 14:30:00
1667917800,381.1099853515625,385.1199951171875,377.7200012207031,382.0,363.5926818847656,84641100,2022-11-08 14:30:00
1668004200,379.92999267578125,381.1400146484375,373.6099853515625,374.1300048828125,356.1018371582031,78495500,2022-11-09 14:30:00
1668090600,388.04998779296875,395.0400085449219,385.6400146484375,394.69000244140625,375.67108154296875,141455800,2022-11-10 14:30:00
1668177000,395.5899963378906,399.3500061035156,393.6099853515625,398.510009765625,379.3070068359375,93839900,2022-11-11 14:30:00
1668436200,396.6600036621094,400.17999267578125,394.8299865722656,395.1199951171875,376.0804138183594,71903500,2022-11-14 14:30:00
1668522600,401.1499938964844,402.30999755859375,394.489990234375,398.489990234375,379.28802490234375,93194500,2022-11-15 14:30:00
1668609000,396.7799987792969,397.7799987792969,394.7900085449219,395.45001220703125,376.3945617675781,68508500,2022-11-16 14:30:00
1668695400,390.4599914550781,394.95001220703125,390.1400146484375,394.239990234375,375.2428283691406,74496300,2022-11-17 14:30:00
1668781800,397.739990234375,397.80999755859375,393.0400085449219,396.0299987792969,376.9466247558594,92922500,2022-11-18 14:30:00
1669041000,394.6400146484375,395.82000732421875,392.6600036621094,394.5899963378906,375.5759582519531,51243200,2022-11-21 14:30:00
1669127400,396.6300048828125,400.07000732421875,395.1499938964844,399.8999938964844,380.63006591796875,60429000,2022-11-22 14:30:00
1669213800,399.54998779296875,402.92999267578125,399.30999755859375,402.4200134277344,383.0287170410156,68261600,2022-11-23 14:30:00
1669386600,401.8299865722656,402.9100036621094,401.5400085449219,402.3299865722656,382.9429626464844,30545400,2022-11-25 14:30:00
1669645800,399.0899963378906,400.80999755859375,395.1099853515625,395.9100036621094,376.83233642578125,67881600,2022-11-28 14:30:00
1669732200,396.04998779296875,397.29998779296875,393.29998779296875,395.2300109863281,376.1851501464844,52310000,2022-11-29 14:30:00
1669818600,395.489990234375,407.67999267578125,393.4800109863281,407.67999267578125,388.03515625,144566700,2022-11-30 14:30:00
1669905000,408.7699890136719,410.0,404.75,407.3800048828125,387.74969482421875,76398200,2022-12-01 14:30:00
1669991400,402.25,407.8599853515625,402.1400146484375,406.9100036621094,387.30230712890625,85342700,2022-12-02 14:30:00
1670250600,403.95001220703125,404.92999267578125,398.1700134277344,399.5899963378906,380.3349609375,77289800,2022-12-05 14:30:00
1670337000,399.4200134277344,399.989990234375,391.6400146484375,393.8299865722656,374.8525695800781,77972200,2022-12-06 14:30:00
1670423400,392.94000244140625,395.6400146484375,391.9700012207031,393.1600036621094,374.21490478515625,65927900,2022-12-07 14:30:00
1670509800,395.1400146484375,397.3599853515625,393.2699890136719,396.239990234375,377.146484375,60737900,2022-12-08 14:30:00
1670596200,394.94000244140625,397.6199951171875,393.1499938964844,393.2799987792969,374.3291015625,81447700,2022-12-09 14:30:00
1670855400,394.1099853515625,398.95001220703125,393.4100036621094,398.95001220703125,379.7259216308594,75405800,2022-12-12 14:30:00
1670941800,410.2200012207031,410.489990234375,399.07000732421875,401.9700012207031,382.60028076171875,123782500,2022-12-13 14:30:00
1671028200,401.6099853515625,405.5,396.30999755859375,399.3999938964844,380.1541748046875,108111300,2022-12-14 14:30:00
1671114600,394.29998779296875,395.25,387.8900146484375,389.6300048828125,370.8549499511719,117705900,2022-12-15 14:30:00
1671201000,385.17999267578125,386.5799865722656,381.0400085449219,383.2699890136719,366.4765625,119858000,2022-12-16 14:30:00
1671460200,383.4700012207031,383.82000732421875,378.2799987792969,380.0199890136719,363.3689880371094,79878100,2022-12-19 14:30:00
1671546600,379.2300109863281,382.2300109863281,377.8500061035156,380.5400085449219,363.8662109375,74427200,2022-12-20 14:30:00
1671633000,383.25,387.4100036621094,382.69000244140625,386.2300109863281,369.3069763183594,78167400,2022-12-21 14:30:00
1671719400,383.04998779296875,386.2099914550781,374.7699890136719,380.7200012207031,364.038330078125,100120900,2022-12-22 14:30:00
1671805800,379.6499938964844,383.05999755859375,378.0299987792969,382.9100036621094,366.13238525390625,59857300,2022-12-23 14:30:00
1672151400,382.7900085449219,383.1499938964844,379.6499938964844,381.3999938964844,364.6885986328125,51638200,2022-12-27 14:30:00
1672237800,381.3299865722656,383.3900146484375,376.4200134277344,376.6600036621094,360.15625,70911500,2022-12-28 14:30:00
1672324200,379.6300048828125,384.3500061035156,379.0799865722656,383.44000244140625,366.6391906738281,66970900,2022-12-29 14:30:00
1672410600,380.6400146484375,382.5799865722656,378.42999267578125,382.42999267578125,365.67340087890625,84022200,2022-12-30 14:30:00
1672756200,384.3699951171875,386.42999267578125,377.8299865722656,380.82000732421875,364.1340026855469,74850700,2023-01-03 14:30:00
1672842600,383.17999267578125,385.8800048828125,380.0,383.760009765625,366.9451599121094,85934100,2023-01-04 14:30:00
1672929000,381.7200012207031,381.8399963378906,378.760009765625,379.3800048828125,362.7569885253906,76970500,2023-01-05 14:30:00
1673015400,382.6099853515625,389.25,379.4100036621094,388.0799865722656,371.0758056640625,104189600,2023-01-06 14:30:00
1673274600,390.3699951171875,393.70001220703125,387.6700134277344,387.8599853515625,370.8655090332031,73978100,2023-01-09 14:30:00
1673361000,387.25,390.6499938964844,386.2699890136719,390.5799865722656,373.46630859375,65358100,2023-01-10 14:30:00
1673447400,392.2300109863281,395.6000061035156,391.3800048828125,395.5199890136719,378.1897888183594,68881100,2023-01-11 14:30:00
1673533800,396.6700134277344,398.489990234375,392.4200134277344,396.9599914550781,379.5667419433594,90157700,2023-01-12 14:30:00
1673620200,393.6199951171875,399.1000061035156,393.3399963378906,398.5,381.03924560546875,63903900,2023-01-13 14:30:00
1673965800,398.4800109863281,400.2300109863281,397.05999755859375,397.7699890136719,380.34130859375,62677300,2023-01-17 14:30:00
1674052200,399.010009765625,400.1199951171875,391.2799987792969,391.489990234375,374.3364562988281,99632300,2023-01-18 14:30:00
1674138600,389.3599853515625,391.0799865722656,387.260009765625,388.6400146484375,371.61138916015625,86958900,2023-01-19 14:30:00
1674225000,390.1000061035156,396.0400085449219,388.3800048828125,395.8800048828125,378.5341796875,91806400,2023-01-20 14:30:00
1674484200,396.7200012207031,402.6499938964844,395.7200012207031,400.6300048828125,383.07598876953125,84178800,2023-01-23 14:30:00
1674570600,398.8800048828125,401.1499938964844,397.6400146484375,400.20001220703125,382.6648254394531,59524900,2023-01-24 14:30:00
1674657000,395.95001220703125,400.70001220703125,393.55999755859375,400.3500061035156,382.8082275390625,84800300,2023-01-25 14:30:00
1674743400,403.1300048828125,404.9200134277344,400.0299987792969,404.75,387.0154113769531,72287400,2023-01-26 14:30:00
1674829800,403.6600036621094,408.1600036621094,403.44000244140625,405.67999267578125,387.9046936035156,68346200,2023-01-27 14:30:00
1675089000,402.79998779296875,405.1300048828125,400.2799987792969,400.5899963378906,383.0376892089844,74202000,2023-01-30 14:30:00
1675175400,401.1300048828125,406.5299987792969,400.7699890136719,406.4800109863281,388.66961669921875,86811800,2023-01-31 14:30:00
1675261800,405.2099914550781,413.6700134277344,402.3500061035156,410.79998779296875,392.8003234863281,101459200,2023-02-01 14:30:00
1675348200,414.8599853515625,418.30999755859375,412.8800048828125,416.7799987792969,398.518310546875,101654500,2023-02-02 14:30:00
1675434600,411.5899963378906,416.9700012207031,411.0899963378906,412.3500061035156,394.28240966796875,94736800,2023-02-03 14:30:00
1675693800,409.7900085449219,411.2900085449219,408.1000061035156,409.8299865722656,391.87286376953125,60295300,2023-02-06 14:30:00
1675780200,408.8699951171875,416.489990234375,407.57000732421875,415.19000244140625,396.99798583984375,90990700,2023-02-07 14:30:00
1675866600,413.1300048828125,414.5299987792969,409.92999267578125,410.6499938964844,392.6569519042969,76227500,2023-02-08 14:30:00
1675953000,414.4100036621094,414.57000732421875,405.80999755859375,407.0899963378906,389.2529602050781,78694900,2023-02-09 14:30:00
1676039400,405.8599853515625,408.44000244140625,405.010009765625,408.0400085449219,390.16131591796875,70769700,2023-02-10 14:30:00
1676298600,408.7200012207031,412.9700012207031,408.239990234375,412.8299865722656,394.74139404296875,64913500,2023-02-13 14:30:00
1676385000,411.239990234375,415.04998779296875,408.510009765625,412.6400146484375,394.5597839355469,88389300,2023-02-14 14:30:00
1676471400,410.3500061035156,414.05999755859375,409.4700012207031,413.9800109863281,395.8410339355469,61555700,2023-02-15 14:30:00
1676557800,408.7900085449219,412.9100036621094,408.1400146484375,408.2799987792969,390.3907165527344,76431500,2023-02-16 14:30:00
1676644200,406.05999755859375,407.510009765625,404.04998779296875,407.260009765625,389.4154968261719,89257800,2023-02-17 14:30:00
1676989800,403.05999755859375,404.1600036621094,398.82000732421875,399.0899963378906,381.60345458984375,82655900,2023-02-21 14:30:00
1677076200,399.5199890136719,401.1300048828125,397.0199890136719,398.5400085449219,381.0775451660156,83742300,2023-02-22 14:30:00
1677162600,401.55999755859375,402.20001220703125,396.25,400.6600036621094,383.1046142578125,96242400,2023-02-23 14:30:00
1677249000,395.4200134277344,397.25,393.6400146484375,396.3800048828125,379.0121765136719,108194400,2023-02-24 14:30:00
1677508200,399.8699951171875,401.2900085449219,396.75,397.7300109863281,380.302978515625,80444700,2023-02-27 14:30:00
1677594600,397.2300109863281,399.2799987792969,396.1499938964844,396.260009765625,378.8974914550781,96438600,2023-02-28 14:30:00
1677681000,395.4100036621094,396.69000244140625,393.3800048828125,394.739990234375,377.44403076171875,99706800,2023-03-01 14:30:00
1677767400,392.67999267578125,398.69000244140625,392.3299865722656,397.80999755859375,380.3795471191406,85127800,2023-03-02 14:30:00
1677853800,399.7099914550781,404.45001220703125,399.0299987792969,404.19000244140625,386.47998046875,90120000,2023-03-03 14:30:00
1678113000,405.04998779296875,407.45001220703125,404.010009765625,404.4700012207031,386.74774169921875,72795900,2023-03-06 14:30:00
1678199400,404.4200134277344,404.6700134277344,397.6300048828125,398.2699890136719,380.8193359375,108310600,2023-03-07 14:30:00
1678285800,398.3900146484375,399.7099914550781,396.5899963378906,398.9200134277344,381.44097900390625,74746600,2023-03-08 14:30:00
1678372200,399.739990234375,401.4800109863281,390.5299987792969,391.55999755859375,374.40338134765625,111945300,2023-03-09 14:30:00
1678458600,390.989990234375,393.1600036621094,384.32000732421875,385.9100036621094,369.0009460449219,189253000,2023-03-10 14:30:00
1678714200,381.80999755859375,390.3900146484375,380.6499938964844,385.3599853515625,368.47503662109375,157790000,2023-03-13 13:30:00
1678800600,390.5,393.45001220703125,387.04998779296875,391.7300109863281,374.5659484863281,149752400,2023-03-14 13:30:00
1678887000,385.8900146484375,389.489990234375,383.7099914550781,389.2799987792969,372.2232666015625,172996900,2023-03-15 13:30:00
1678973400,386.82000732421875,396.4700012207031,386.2900085449219,396.1099853515625,378.75396728515625,143254200,2023-03-16 13:30:00
1679059800,393.2200012207031,394.3999938964844,388.54998779296875,389.989990234375,374.3253479003906,140553400,2023-03-17 13:30:00
1679319000,390.79998779296875,394.1700134277344,390.07000732421875,393.739990234375,377.9246826171875,93055800,2023-03-20 13:30:00
1679405400,397.239990234375,399.4100036621094,395.5799865722656,398.9100036621094,382.8870849609375,91524200,2023-03-21 13:30:00
1679491800,398.7300109863281,402.489990234375,392.07000732421875,392.1099853515625,376.36016845703125,111746600,2023-03-22 13:30:00
1679578200,395.0899963378906,399.2900085449219,390.3500061035156,393.1700134277344,377.37762451171875,119351300,2023-03-23 13:30:00
1679664600,391.8399963378906,395.8399963378906,389.3999938964844,395.75,379.85400390625,107682400,2023-03-24 13:30:00
1679923800,398.1199951171875,398.9200134277344,395.55999755859375,396.489990234375,380.56427001953125,74010400,2023-03-27 13:30:00
1680010200,395.7699890136719,396.489990234375,393.69000244140625,395.6000061035156,379.71002197265625,62871700,2023-03-28 13:30:00
1680096600,399.92999267578125,401.6000061035156,398.67999267578125,401.3500061035156,385.2291259765625,77497900,2023-03-29 13:30:00
1680183000,404.0899963378906,404.3500061035156,401.760009765625,403.70001220703125,387.484619140625,69840000,2023-03-30 13:30:00
1680269400,404.6600036621094,409.70001220703125,404.54998779296875,409.3900146484375,392.94610595703125,112062600,2023-03-31 13:30:00
1680528600,408.8500061035156,411.3699951171875,408.44000244140625,410.95001220703125,394.4434814453125,67391100,2023-04-03 13:30:00
1680615000,411.6199951171875,411.9200134277344,407.239990234375,408.6700134277344,392.2550354003906,66601500,2023-04-04 13:30:00
1680701400,407.9100036621094,408.70001220703125,405.8800048828125,407.6000061035156,391.2279968261719,65200200,2023-04-05 13:30:00
1680787800,406.7699890136719,409.4800109863281,405.67999267578125,409.19000244140625,392.754150390625,63743300,2023-04-06 13:30:00
1681133400,406.6099853515625,409.69000244140625,405.9700012207031,409.6099853515625,393.1572570800781,63681000,2023-04-10 13:30:00
1681219800,410.260009765625,411.17999267578125,408.9200134277344,409.7200012207031,393.2628173828125,59297900,2023-04-11 13:30:00
1681306200,411.8699951171875,412.1700134277344,407.44000244140625,408.04998779296875,391.6599426269531,86420400,2023-04-12 13:30:00
1681392600,409.17999267578125,413.8399963378906,407.989990234375,413.4700012207031,396.8621826171875,85814800,2023-04-13 13:30:00
1681479000,412.80999755859375,415.0899963378906,410.05999755859375,412.4599914550781,395.892822265625,78161500,2023-04-14 13:30:00
1681738200,412.3699951171875,413.9599914550781,411.0899963378906,413.94000244140625,397.3133850097656,66436400,2023-04-17 13:30:00
1681824600,415.5799865722656,415.7200012207031,412.7799987792969,414.2099914550781,397.5724792480469,63560000,2023-04-18 13:30:00
1681911000,412.2200012207031,415.0799865722656,412.1600036621094,414.1400146484375,397.5054016113281,55227300,2023-04-19 13:30:00
1681997400,411.2099914550781,413.70001220703125,410.2699890136719,411.8800048828125,395.33612060546875,75840400,2023-04-20 13:30:00
1682083800,412.19000244140625,412.67999267578125,410.1700134277344,412.20001220703125,395.6431884765625,73457400,2023-04-21 13:30:00
1682343000,411.989990234375,413.07000732421875,410.6000061035156,412.6300048828125,396.0559387207031,64332100,2023-04-24 13:30:00
1682429400,410.5799865722656,411.1600036621094,406.0199890136719,406.0799865722656,389.76904296875,97766700,2023-04-25 13:30:00
1682515800,406.7200012207031,407.8399963378906,403.7799987792969,404.3599853515625,388.1181640625,80447000,2023-04-26 13:30:00
1682602200,407.0,412.69000244140625,406.739990234375,412.4100036621094,395.8448181152344,92968400,2023-04-27 13:30:00
1682688600,411.489990234375,415.94000244140625,411.42999267578125,415.92999267578125,399.2234191894531,89433100,2023-04-28 13:30:00
1682947800,415.4700012207031,417.6199951171875,415.2699890136719,415.510009765625,398.82025146484375,62122300,2023-05-01 13:30:00
1683034200,414.7699890136719,414.82000732421875,407.82000732421875,410.8399963378906,394.33782958984375,103998500,2023-05-02 13:30:00
1683120600,411.3599853515625,413.8699951171875,407.7699890136719,408.0199890136719,391.6311340332031,91531800,2023-05-03 13:30:00
1683207000,406.92999267578125,407.2699890136719,403.739990234375,405.1300048828125,388.85723876953125,94901900,2023-05-04 13:30:00
1683293400,408.9100036621094,413.7200012207031,408.6400146484375,412.6300048828125,396.0559387207031,87891800,2023-05-05 13:30:00
1683552600,412.9700012207031,413.239990234375,411.2799987792969,412.739990234375,396.16156005859375,50046800,2023-05-08 13:30:00
1683639000,411.1300048828125,412.0899963378906,410.69000244140625,410.92999267578125,394.42431640625,49220100,2023-05-09 13:30:00
1683725400,413.8800048828125,414.5400085449219,408.8699951171875,412.8500061035156,396.26715087890625,96142900,2023-05-10 13:30:00
1683811800,411.95001220703125,412.42999267578125,409.9700012207031,412.1300048828125,395.5760803222656,70157100,2023-05-11 13:30:00
1683898200,413.4200134277344,413.6400146484375,409.07000732421875,411.5899963378906,395.0577697753906,70481500,2023-05-12 13:30:00
1684157400,412.2200012207031,413.42999267578125,410.2300109863281,413.010009765625,396.42071533203125,54289400,2023-05-15 13:30:00
1684243800,411.8599853515625,412.82000732421875,410.239990234375,410.25,393.7716369628906,57705500,2023-05-16 13:30:00
1684330200,412.3500061035156,415.8599853515625,410.6400146484375,415.2300109863281,398.55157470703125,87287000,2023-05-17 13:30:00
1684416600,414.8999938964844,419.6700134277344,414.6700134277344,419.2300109863281,402.3908996582031,97177200,2023-05-18 13:30:00
1684503000,420.1700134277344,420.7200012207031,417.3500061035156,418.6199951171875,401.8053894042969,103793300,2023-05-19 13:30:00
1684762200,418.6400146484375,420.3900146484375,417.3500061035156,418.7900085449219,401.96856689453125,60745400,2023-05-22 13:30:00
1684848600,417.0799865722656,418.7200012207031,413.67999267578125,414.0899963378906,397.457275390625,86383500,2023-05-23 13:30:00
1684935000,412.4200134277344,412.82000732421875,409.8800048828125,411.0899963378906,394.57781982421875,89213700,2023-05-24 13:30:00
1685021400,414.739990234375,416.1600036621094,412.4100036621094,414.6499938964844,397.99481201171875,90961600,2023-05-25 13:30:00
1685107800,415.3299865722656,420.7699890136719,415.25,420.0199890136719,403.14910888671875,93830000,2023-05-26 13:30:00
1685453400,422.0299987792969,422.5799865722656,418.739990234375,420.17999267578125,403.3026428222656,72216000,2023-05-30 13:30:00
1685539800,418.2799987792969,419.2200012207031,416.2200012207031,417.8500061035156,401.0663146972656,110811800,2023-05-31 13:30:00
1685626200,418.0899963378906,422.9200134277344,416.7900085449219,421.82000732421875,404.8768310546875,88865000,2023-06-01 13:30:00
1685712600,424.5,428.739990234375,423.95001220703125,427.9200134277344,410.7318115234375,91426200,2023-06-02 13:30:00
1685971800,428.2799987792969,429.6199951171875,426.3699951171875,427.1000061035156,409.9447937011719,65460200,2023-06-05 13:30:00
1686058200,426.6700134277344,428.5799865722656,425.989990234375,428.0299987792969,410.8374328613281,64022200,2023-06-06 13:30:00
1686144600,428.44000244140625,429.6199951171875,426.1099853515625,426.54998779296875,409.41680908203125,85373300,2023-06-07 13:30:00
1686231000,426.6199951171875,429.6000061035156,425.82000732421875,429.1300048828125,411.89324951171875,61952800,2023-06-08 13:30:00
1686317400,429.9599914550781,431.989990234375,428.8699951171875,429.8999938964844,412.63226318359375,85742800,2023-06-09 13:30:00
1686576600,430.9200134277344,433.8800048828125,430.1700134277344,433.79998779296875,416.3756103515625,76104300,2023-06-12 13:30:00
1686663000,435.32000732421875,437.3299865722656,434.6300048828125,436.6600036621094,419.12078857421875,95899700,2023-06-13 13:30:00
1686749400,437.010009765625,439.05999755859375,433.5899963378906,437.17999267578125,419.619873046875,100612100,2023-06-14 13:30:00
1686835800,436.3299865722656,443.8999938964844,436.2300109863281,442.6000061035156,424.82220458984375,110303100,2023-06-15 13:30:00
1686922200,443.0199890136719,443.6099853515625,438.9700012207031,439.4599914550781,423.3751525878906,114165800,2023-06-16 13:30:00
1687267800,437.45001220703125,438.3699951171875,435.0299987792969,437.17999267578125,421.1785583496094,76160400,2023-06-20 13:30:00
1687354200,436.1600036621094,436.989990234375,434.3299865722656,434.94000244140625,419.0206298828125,76982300,2023-06-21 13:30:00
1687440600,433.95001220703125,436.6199951171875,433.6000061035156,436.510009765625,420.5331726074219,70637200,2023-06-22 13:30:00
1687527000,432.92999267578125,435.05999755859375,432.4700012207031,433.2099914550781,417.3539123535156,92074500,2023-06-23 13:30:00
1687786200,432.6199951171875,434.6099853515625,431.19000244140625,431.44000244140625,415.648681640625,72823600,2023-06-26 13:30:00
1687872600,432.3500061035156,436.80999755859375,431.8800048828125,436.1700134277344,420.20556640625,72813700,2023-06-27 13:30:00
1687959000,435.04998779296875,437.44000244140625,434.4100036621094,436.3900146484375,420.4175109863281,75636000,2023-06-28 13:30:00
1688045400,435.9599914550781,438.2799987792969,435.5400085449219,438.1099853515625,422.0745544433594,67882300,2023-06-29 13:30:00
1688131800,441.44000244140625,444.29998779296875,441.1099853515625,443.2799987792969,427.0552978515625,104964000,2023-06-30 13:30:00
1688391000,442.9200134277344,444.0799865722656,442.6300048828125,443.7900085449219,427.54669189453125,32793400,2023-07-03 13:30:00
1688563800,441.9100036621094,443.8900146484375,441.8999938964844,443.1300048828125,426.9107971191406,58418400,2023-07-05 13:30:00
1688650200,439.4200134277344,440.1000061035156,437.05999755859375,439.6600036621094,423.56781005859375,80658300,2023-07-06 13:30:00
1688736600,438.6300048828125,442.6400146484375,438.29998779296875,438.54998779296875,422.4984436035156,86134200,2023-07-07 13:30:00
1688995800,438.17999267578125,439.8399963378906,437.5899963378906,439.6600036621094,423.56781005859375,62443500,2023-07-10 13:30:00
1689082200,440.45001220703125,442.9700012207031,439.44000244140625,442.4599914550781,426.265380859375,64463800,2023-07-11 13:30:00
1689168600,446.3900146484375,447.4800109863281,444.9100036621094,446.0199890136719,429.6949768066406,91924500,2023-07-12 13:30:00
1689255000,447.8999938964844,450.3800048828125,447.45001220703125,449.55999755859375,433.10546875,72425200,2023-07-13 13:30:00
1689341400,450.4800109863281,451.3599853515625,448.489990234375,449.2799987792969,432.8357238769531,69815800,2023-07-14 13:30:00
1689600600,449.1300048828125,451.92999267578125,449.0799865722656,450.8399963378906,434.338623046875,52680200,2023-07-17 13:30:00
1689687000,450.5,454.8599853515625,450.04998779296875,454.19000244140625,437.5660095214844,80668200,2023-07-18 13:30:00
1689773400,455.010009765625,456.42999267578125,454.1099853515625,455.20001220703125,438.5390930175781,65891700,2023-07-19 13:30:00
1689859800,454.1700134277344,455.1000061035156,451.44000244140625,452.17999267578125,435.6295471191406,70591600,2023-07-20 13:30:00
1689946200,453.9599914550781,454.1700134277344,452.1700134277344,452.17999267578125,435.6295471191406,71275600,2023-07-21 13:30:00
1690205400,453.3699951171875,455.0400085449219,452.29998779296875,454.20001220703125,437.57562255859375,54023400,2023-07-24 13:30:00
1690291800,453.9200134277344,456.739990234375,453.8699951171875,455.44000244140625,438.770263671875,55191200,2023-07-25 13:30:00
1690378200,454.4700012207031,456.989990234375,453.3800048828125,455.510009765625,438.8377380371094,71052900,2023-07-26 13:30:00
1690464600,459.0199890136719,459.44000244140625,451.54998779296875,452.489990234375,435.9282531738281,92194400,2023-07-27 13:30:00
1690551000,455.8800048828125,457.7799987792969,452.489990234375,456.9200134277344,440.19610595703125,80011800,2023-07-28 13:30:00
1690810200,457.4100036621094,458.1600036621094,456.04998779296875,457.7900085449219,441.0342102050781,62040400,2023-07-31 13:30:00
1690896600,456.2699890136719,457.25,455.489990234375,456.4800109863281,439.77215576171875,55291500,2023-08-01 13:30:00
1690983000,453.25,453.5199890136719,449.3500061035156,450.1300048828125,433.6545715332031,93933400,2023-08-02 13:30:00
1691069400,448.0400085449219,450.7900085449219,447.3699951171875,448.8399963378906,432.41180419921875,64276100,2023-08-03 13:30:00
1691155800,450.7200012207031,452.8999938964844,446.2699890136719,446.80999755859375,430.45611572265625,100128900,2023-08-04 13:30:00
1691415000,448.7099914550781,450.8699951171875,447.989990234375,450.7099914550781,434.2133483886719,58357500,2023-08-07 13:30:00
1691501400,448.0799865722656,450.70001220703125,445.2699890136719,448.75,432.3250732421875,71361300,2023-08-08 13:30:00
1691587800,449.0299987792969,449.20001220703125,444.9599914550781,445.75,429.4349365234375,78789600,2023-08-09 13:30:00
1691674200,448.19000244140625,451.70001220703125,444.70001220703125,445.9100036621094,429.5890808105469,93005500,2023-08-10 13:30:00
1691760600,443.9700012207031,446.70001220703125,443.3500061035156,445.6499938964844,429.33856201171875,68690900,2023-08-11 13:30:00
1692019800,444.70001220703125,448.1099853515625,444.3800048828125,448.1099853515625,431.7085266113281,47867400,2023-08-14 13:30:00
1692106200,446.2699890136719,446.6400146484375,442.29998779296875,442.8900146484375,426.67962646484375,75707500,2023-08-15 13:30:00
1692192600,442.4599914550781,444.17999267578125,439.5299987792969,439.6400146484375,423.5486145019531,80107200,2023-08-16 13:30:00
1692279000,441.1600036621094,441.42999267578125,435.75,436.2900085449219,420.3211975097656,95711300,2023-08-17 13:30:00
1692365400,433.3699951171875,437.57000732421875,433.010009765625,436.5,420.52349853515625,98852000,2023-08-18 13:30:00
1692624600,437.54998779296875,440.1099853515625,435.32000732421875,439.3399963378906,423.2594909667969,68719000,2023-08-21 13:30:00
1692711000,441.17999267578125,441.17999267578125,437.57000732421875,438.1499938964844,422.11309814453125,64994200,2023-08-22 13:30:00
1692797400,439.25,443.6700134277344,439.1000061035156,443.0299987792969,426.81451416015625,68441000,2023-08-23 13:30:00
1692883800,444.69000244140625,445.2200012207031,436.8599853515625,436.8900146484375,420.8992919921875,88517300,2023-08-24 13:30:00
1692970200,438.67999267578125,441.29998779296875,435.0,439.9700012207031,423.866455078125,102325100,2023-08-25 13:30:00
1693229400,442.239990234375,443.3999938964844,439.9700012207031,442.760009765625,426.5543518066406,61595400,2023-08-28 13:30:00
1693315800,442.6499938964844,449.45001220703125,442.4599914550781,449.1600036621094,432.7200927734375,83081900,2023-08-29 13:30:00
1693402200,449.510009765625,451.6700134277344,448.7799987792969,451.010009765625,434.5024108886719,69053900,2023-08-30 13:30:00
1693488600,451.6499938964844,452.8299865722656,450.1600036621094,450.3500061035156,433.8665466308594,66084600,2023-08-31 13:30:00
1693575000,453.1700134277344,453.6700134277344,449.67999267578125,451.19000244140625,434.6758117675781,58944100,2023-09-01 13:30:00
1693920600,450.7300109863281,451.05999755859375,449.1700134277344,449.239990234375,432.79718017578125,55166200,2023-09-05 13:30:00
1694007000,448.3999938964844,448.510009765625,443.80999755859375,446.2200012207031,429.8877258300781,70758500,2023-09-06 13:30:00
1694093400,443.1099853515625,445.54998779296875,442.75,444.8500061035156,428.5678405761719,70355400,2023-09-07 13:30:00
1694179800,444.8999938964844,447.1099853515625,444.5299987792969,445.5199890136719,429.2132873535156,61659700,2023-09-08 13:30:00
1694439000,448.239990234375,448.7699890136719,446.4700012207031,448.45001220703125,432.0361633300781,60180100,2023-09-11 13:30:00
1694525400,446.95001220703125,448.5299987792969,445.3900146484375,445.989990234375,429.6661071777344,67565400,2023-09-12 13:30:00
1694611800,446.2200012207031,447.7099914550781,445.0799865722656,446.510009765625,430.16717529296875,60199300,2023-09-13 13:30:00
1694698200,449.07000732421875,451.0799865722656,447.7200012207031,450.3599853515625,433.8761901855469,83430800,2023-09-14 13:30:00
1694784600,447.1400146484375,447.4800109863281,442.9200134277344,443.3699951171875,428.6487121582031,111848900,2023-09-15 13:30:00
1695043800,443.04998779296875,444.9700012207031,442.55999755859375,443.6300048828125,428.900146484375,55752200,2023-09-18 13:30:00
1695130200,442.67999267578125,443.2900085449219,439.94000244140625,442.7099914550781,428.0106506347656,66514600,2023-09-19 13:30:00
1695216600,444.010009765625,444.44000244140625,438.42999267578125,438.6400146484375,424.0758056640625,82562600,2023-09-20 13:30:00
1695303000,435.70001220703125,435.9700012207031,431.2300109863281,431.3900146484375,417.0664978027344,104095800,2023-09-21 13:30:00
1695389400,432.45001220703125,434.1000061035156,429.989990234375,430.4200134277344,416.1287536621094,100829700,2023-09-22 13:30:00
1695648600,429.1700134277344,432.2699890136719,428.7200012207031,432.2300109863281,417.87860107421875,70874500,2023-09-25 13:30:00
1695735000,429.0899963378906,429.82000732421875,425.0199890136719,425.8800048828125,411.7394714355469,96168400,2023-09-26 13:30:00
1695821400,427.0899963378906,427.6700134277344,422.2900085449219,426.04998779296875,411.90374755859375,104705800,2023-09-27 13:30:00
1695907800,425.4800109863281,430.25,424.8699951171875,428.5199890136719,414.2917785644531,92258300,2023-09-28 13:30:00
1695994200,431.6700134277344,431.8500061035156,425.9100036621094,427.4800109863281,413.2863464355469,115111300,2023-09-29 13:30:00
1696253400,426.6199951171875,428.6000061035156,424.4599914550781,427.30999755859375,413.1219787597656,83798600,2023-10-02 13:30:00
1696339800,425.05999755859375,427.3699951171875,420.17999267578125,421.5899963378906,407.5918884277344,103760600,2023-10-03 13:30:00
1696426200,422.07000732421875,425.42999267578125,420.55999755859375,424.6600036621094,410.5599060058594,87453000,2023-10-04 13:30:00
1696512600,424.3599853515625,425.3699951171875,421.1700134277344,424.5,410.40521240234375,70142700,2023-10-05 13:30:00
1696599000,421.9700012207031,431.1300048828125,420.6000061035156,429.5400085449219,415.2779235839844,113273300,2023-10-06 13:30:00
1696858200,427.5799865722656,432.8800048828125,427.010009765625,432.2900085449219,417.9366455078125,80374400,2023-10-09 13:30:00
1696944600,432.94000244140625,437.2200012207031,432.5299987792969,434.5400085449219,420.1119079589844,78607300,2023-10-10 13:30:00
1697031000,435.6400146484375,436.5799865722656,433.17999267578125,436.32000732421875,421.8327941894531,62451700,2023-10-11 13:30:00
1697117400,436.95001220703125,437.3399963378906,431.2300109863281,433.6600036621094,419.2611389160156,81154200,2023-10-12 13:30:00
1697203800,435.2099914550781,436.45001220703125,429.8800048828125,431.5,417.17279052734375,95143100,2023-10-13 13:30:00
1697463000,433.82000732421875,437.1400146484375,433.57000732421875,436.0400085449219,421.56207275390625,75433200,2023-10-16 13:30:00
1697549400,432.80999755859375,438.1400146484375,432.45001220703125,436.0199890136719,421.542724609375,75324700,2023-10-17 13:30:00
1697635800,434.19000244140625,435.17999267578125,429.0899963378906,430.2099914550781,415.9256286621094,93559800,2023-10-18 13:30:00
1697722200,430.95001220703125,432.82000732421875,425.7300109863281,426.42999267578125,412.2711486816406,121323000,2023-10-19 13:30:00
1697808600,425.9800109863281,426.5400085449219,421.0799865722656,421.19000244140625,407.20513916015625,123919900,2023-10-20 13:30:00
1698067800,419.6099853515625,424.45001220703125,417.79998779296875,420.4599914550781,406.4993896484375,92035100,2023-10-23 13:30:00
1698154200,422.6499938964844,424.82000732421875,420.739990234375,423.6300048828125,409.564208984375,78564200,2023-10-24 13:30:00
1698240600,421.8900146484375,421.9200134277344,417.0199890136719,417.54998779296875,403.68597412109375,94223200,2023-10-25 13:30:00
1698327000,416.45001220703125,417.3299865722656,411.6000061035156,412.54998779296875,398.8520202636719,115156800,2023-10-26 13:30:00
1698413400,414.19000244140625,414.6000061035156,409.2099914550781,410.67999267578125,397.0440979003906,107367700,2023-10-27 13:30:00
1698672600,413.55999755859375,416.67999267578125,412.2200012207031,415.5899963378906,401.7910461425781,86562700,2023-10-30 13:30:00
1698759000,416.17999267578125,418.5299987792969,414.2099914550781,418.20001220703125,404.314453125,79665200,2023-10-31 13:30:00
1698845400,419.20001220703125,423.5,418.6499938964844,422.6600036621094,408.6263732910156,98068100,2023-11-01 13:30:00
1698931800,426.5799865722656,430.9200134277344,426.55999755859375,430.760009765625,416.4573974609375,94938900,2023-11-02 13:30:00
1699018200,433.1400146484375,436.2900085449219,433.010009765625,434.69000244140625,420.2568664550781,100167800,2023-11-03 13:30:00
1699281000,435.4700012207031,436.1499938964844,433.67999267578125,435.69000244140625,421.2237243652344,67831700,2023-11-06 14:30:00
1699367400,435.69000244140625,437.5899963378906,434.510009765625,436.92999267578125,422.4224853515625,64256100,2023-11-07 14:30:00
1699453800,437.54998779296875,438.0899963378906,434.8699951171875,437.25,422.7319641113281,61746000,2023-11-08 14:30:00
1699540200,438.42999267578125,438.4700012207031,433.3999938964844,433.8399963378906,419.4352111816406,83174400,2023-11-09 14:30:00
1699626600,435.9800109863281,440.92999267578125,433.8299865722656,440.6099853515625,425.9803161621094,89462200,2023-11-10 14:30:00
1699885800,439.2300109863281,441.3299865722656,438.4200134277344,440.19000244140625,425.57427978515625,52236100,2023-11-13 14:30:00
1699972200,446.32000732421875,450.05999755859375,446.0899963378906,448.7300109863281,433.83074951171875,97176900,2023-11-14 14:30:00
1700058600,450.1099853515625,451.3800048828125,448.79998779296875,449.67999267578125,434.74920654296875,77327600,2023-11-15 14:30:00
1700145000,449.2200012207031,450.55999755859375,448.1199951171875,450.2300109863281,435.28094482421875,66665800,2023-11-16 14:30:00
1700231400,450.239990234375,451.4200134277344,449.2900085449219,450.7900085449219,435.82232666015625,83133200,2023-11-17 14:30:00
1700490600,450.5299987792969,455.1300048828125,450.5199890136719,454.260009765625,439.1771240234375,69936200,2023-11-20 14:30:00
1700577000,453.17999267578125,454.1300048828125,451.9599914550781,453.2699890136719,438.2200622558594,49244600,2023-11-21 14:30:00
1700663400,454.9800109863281,456.3800048828125,453.8900146484375,455.0199890136719,439.9118347167969,59394900,2023-11-22 14:30:00
1700836200,455.07000732421875,455.5,454.7300109863281,455.29998779296875,440.1825256347656,29737400,2023-11-24 14:30:00
1701095400,454.6499938964844,455.489990234375,454.0799865722656,454.4800109863281,439.3898010253906,50506000,2023-11-27 14:30:00
1701181800,454.0799865722656,456.2699890136719,453.5,454.92999267578125,439.82489013671875,62115000,2023-11-28 14:30:00
1701268200,457.1499938964844,458.32000732421875,454.20001220703125,454.6099853515625,439.51544189453125,63146000,2023-11-29 14:30:00
1701354600,455.4800109863281,456.760009765625,453.3399963378906,456.3999938964844,441.2460632324219,79752700,2023-11-30 14:30:00
1701441000,455.7699890136719,459.6499938964844,455.1600036621094,459.1000061035156,443.8564453125,89183400,2023-12-01 14:30:00
1701700200,455.6000061035156,459.1199951171875,454.3399963378906,456.69000244140625,441.5264892578125,72430900,2023-12-04 14:30:00
1701786600,455.260009765625,457.5899963378906,454.8699951171875,456.6000061035156,441.43939208984375,69793500,2023-12-05 14:30:00
1701873000,458.80999755859375,458.8399963378906,454.30999755859375,454.760009765625,439.66058349609375,69124700,2023-12-06 14:30:00
1701959400,456.9100036621094,458.8999938964844,456.2900085449219,458.2300109863281,443.015380859375,66995400,2023-12-07 14:30:00
1702045800,457.4599914550781,460.75,457.2099914550781,460.20001220703125,444.9198913574219,83194400,2023-12-08 14:30:00
1702305000,459.69000244140625,462.1700134277344,459.4700012207031,461.989990234375,446.6504821777344,65002200,2023-12-11 14:30:00
1702391400,461.6300048828125,464.20001220703125,460.6000061035156,464.1000061035156,448.6903991699219,68327600,2023-12-12 14:30:00
1702477800,464.489990234375,470.760009765625,464.1199951171875,470.5,454.8778991699219,93278000,2023-12-13 14:30:00
1702564200,472.5,473.7300109863281,469.25,472.010009765625,456.3377685546875,119026000,2023-12-14 14:30:00
1702650600,469.489990234375,470.70001220703125,467.42999267578125,469.3299865722656,455.58642578125,141553700,2023-12-15 14:30:00
1702909800,470.9800109863281,472.9800109863281,469.8900146484375,471.9700012207031,458.14910888671875,70375300,2023-12-18 14:30:00
1702996200,472.5299987792969,474.9200134277344,472.45001220703125,474.8399963378906,460.93505859375,55761800,2023-12-19 14:30:00
1703082600,473.9599914550781,475.8999938964844,467.82000732421875,468.260009765625,454.54779052734375,102921000,2023-12-20 14:30:00
1703169000,471.3299865722656,472.9800109863281,468.8399963378906,472.70001220703125,458.85772705078125,86667500,2023-12-21 14:30:00
1703255400,473.8599853515625,475.3800048828125,471.70001220703125,473.6499938964844,459.7799377441406,67160400,2023-12-22 14:30:00
1703601000,474.07000732421875,476.5799865722656,473.989990234375,475.6499938964844,461.72137451171875,55387000,2023-12-26 14:30:00
1703687400,475.44000244140625,476.6600036621094,474.8900146484375,476.510009765625,462.55621337890625,68000300,2023-12-27 14:30:00
1703773800,476.8800048828125,477.54998779296875,476.260009765625,476.69000244140625,462.7309265136719,77158100,2023-12-28 14:30:00
1703860200,476.489990234375,477.0299987792969,473.29998779296875,475.30999755859375,461.3913269042969,122283100,2023-12-29 14:30:00
1704205800,472.1600036621094,473.6700134277344,470.489990234375,472.6499938964844,458.8092041015625,123623700,2024-01-02 14:30:00
1704292200,470.42999267578125,471.19000244140625,468.1700134277344,468.7900085449219,455.062255859375,103585900,2024-01-03 14:30:00
1704378600,468.29998779296875,470.9599914550781,467.04998779296875,467.2799987792969,453.5964660644531,84232200,2024-01-04 14:30:00
1704465000,467.489990234375,470.44000244140625,466.42999267578125,467.9200134277344,454.21771240234375,86118900,2024-01-05 14:30:00
1704724200,468.42999267578125,474.75,468.29998779296875,474.6000061035156,460.7021179199219,74879100,2024-01-08 14:30:00
1704810600,471.8699951171875,474.92999267578125,471.3500061035156,473.8800048828125,460.003173828125,65931400,2024-01-09 14:30:00
1704897000,474.1600036621094,477.45001220703125,473.8699951171875,476.55999755859375,462.6047058105469,67310600,2024-01-10 14:30:00
1704983400,477.5899963378906,478.1199951171875,472.260009765625,476.3500061035156,462.40087890625,77940700,2024-01-11 14:30:00
1705069800,477.8399963378906,478.6000061035156,475.2300109863281,476.67999267578125,462.72119140625,58026400,2024-01-12 14:30:00
1705415400,475.260009765625,476.6099853515625,473.05999755859375,474.92999267578125,461.0224609375,85014900,2024-01-16 14:30:00
1705501800,471.82000732421875,472.7900085449219,469.8699951171875,472.2900085449219,458.45977783203125,68843900,2024-01-17 14:30:00
1705588200,474.010009765625,477.05999755859375,472.4200134277344,476.489990234375,462.5367736816406,91856200,2024-01-18 14:30:00
1705674600,477.6499938964844,482.7200012207031,476.5400085449219,482.42999267578125,468.3028564453125,110834500,2024-01-19 14:30:00
1705933800,484.010009765625,485.2200012207031,482.7799987792969,483.45001220703125,469.2929382324219,75844900,2024-01-22 14:30:00
1706020200,484.010009765625,485.1099853515625,482.8900146484375,484.8599853515625,470.66168212890625,49945300,2024-01-23 14:30:00
1706106600,487.80999755859375,488.7699890136719,484.8800048828125,485.3900146484375,471.1761779785156,81765000,2024-01-24 14:30:00
1706193000,487.5799865722656,488.30999755859375,485.3900146484375,488.0299987792969,473.7388000488281,72525000,2024-01-25 14:30:00
1706279400,487.5899963378906,489.1199951171875,486.5400085449219,487.4100036621094,473.1369934082031,76641600,2024-01-26 14:30:00
1706538600,487.7300109863281,491.4200134277344,487.1700134277344,491.2699890136719,476.8839416503906,61322800,2024-01-29 14:30:00
1706625000,490.55999755859375,491.6199951171875,490.1099853515625,490.8900146484375,476.51507568359375,58618400,2024-01-30 14:30:00
1706711400,488.6199951171875,489.0799865722656,482.8599853515625,482.8800048828125,468.7396545410156,126011100,2024-01-31 14:30:00
1706797800,484.6300048828125,489.2300109863281,483.79998779296875,489.20001220703125,474.8746032714844,91891600,2024-02-01 14:30:00
1706884200,489.6499938964844,496.04998779296875,489.29998779296875,494.3500061035156,479.873779296875,99228200,2024-02-02 14:30:00
1707143400,493.70001220703125,494.3800048828125,490.2300109863281,492.54998779296875,478.1264953613281,75757100,2024-02-05 14:30:00
1707229800,493.5199890136719,494.32000732421875,492.04998779296875,493.9800109863281,479.51458740234375,55918600,2024-02-06 14:30:00
1707316200,496.2900085449219,498.5299987792969,495.3599853515625,498.1000061035156,483.51397705078125,70556500,2024-02-07 14:30:00
1707402600,498.1000061035156,498.7099914550781,497.260009765625,498.32000732421875,483.7275390625,52343600,2024-02-08 14:30:00
1707489000,498.8399963378906,501.6499938964844,498.489990234375,501.20001220703125,486.52313232421875,63979400,2024-02-09 14:30:00
1707748200,501.1700134277344,503.5,500.239990234375,500.9800109863281,486.3096008300781,56502300,2024-02-12 14:30:00
1707834600,494.5299987792969,497.0899963378906,490.7200012207031,494.0799865722656,479.6116638183594,113099200,2024-02-13 14:30:00
1707921000,496.7900085449219,499.07000732421875,494.3999938964844,498.57000732421875,483.9702453613281,68387800,2024-02-14 14:30:00
1708007400,499.2900085449219,502.20001220703125,498.79998779296875,502.010009765625,487.3094787597656,61683000,2024-02-15 14:30:00
1708093800,501.70001220703125,502.8699951171875,498.75,499.510009765625,484.88262939453125,75532900,2024-02-16 14:30:00
1708439400,497.7200012207031,498.4100036621094,494.45001220703125,496.760009765625,482.2132263183594,71736700,2024-02-20 14:30:00
1708525800,495.4200134277344,497.3699951171875,493.55999755859375,497.2099914550781,482.6499328613281,59293400,2024-02-21 14:30:00
1708612200,504.010009765625,508.489990234375,503.0199890136719,507.5,492.6386413574219,76402500,2024-02-22 14:30:00
1708698600,509.2699890136719,510.1300048828125,507.1000061035156,507.8500061035156,492.9784240722656,61321800,2024-02-23 14:30:00
1708957800,508.29998779296875,508.75,505.8599853515625,505.989990234375,491.1728515625,50386700,2024-02-26 14:30:00
1709044200,506.70001220703125,507.1600036621094,504.75,506.92999267578125,492.0853576660156,48854500,2024-02-27 14:30:00
1709130600,505.3299865722656,506.8599853515625,504.9599914550781,506.260009765625,491.43499755859375,56506600,2024-02-28 14:30:00
1709217000,508.07000732421875,509.739990234375,505.3500061035156,508.0799865722656,493.2016906738281,83924800,2024-02-29 14:30:00
1709303400,508.9800109863281,513.2899780273438,508.55999755859375,512.8499755859375,497.83197021484375,76844800,2024-03-01 14:30:00
1709562600,512.030029296875,514.2000122070312,512.0,512.2999877929688,497.298095703125,49799300,2024-03-04 14:30:00
1709649000,510.239990234375,510.70001220703125,504.9100036621094,507.17999267578125,492.32806396484375,72855600,2024-03-05 14:30:00
1709735400,510.54998779296875,512.0700073242188,508.4200134277344,509.75,494.82281494140625,68382400,2024-03-06 14:30:00
1709821800,513.1400146484375,515.8900146484375,509.80999755859375,514.8099975585938,499.7346496582031,58652100,2024-03-07 14:30:00
1709908200,515.4600219726562,518.219970703125,511.1300048828125,511.7200012207031,496.735107421875,86532500,2024-03-08 14:30:00
1710163800,510.4800109863281,511.8800048828125,508.5,511.2799987792969,496.3080139160156,62557200,2024-03-11 13:30:00
1710250200,513.4500122070312,517.3800048828125,510.8599853515625,516.780029296875,501.6470031738281,73114400,2024-03-12 13:30:00
1710336600,517.1099853515625,517.2899780273438,514.489990234375,515.969970703125,500.8606262207031,55104100,2024-03-13 13:30:00
1710423000,516.969970703125,517.1300048828125,511.82000732421875,514.9500122070312,499.87054443359375,110171800,2024-03-14 13:30:00
1710509400,510.2099914550781,511.70001220703125,508.1199951171875,509.8299865722656,496.4381103515625,107646300,2024-03-15 13:30:00
1710768600,514.0,515.47998046875,512.4400024414062,512.8599853515625,499.3885192871094,88893300,2024-03-18 13:30:00
1710855000,512.1500244140625,516.0,511.1199951171875,515.7100219726562,502.1636657714844,60755300,2024-03-19 13:30:00
1710941400,515.77001953125,520.6199951171875,515.0800170898438,520.47998046875,506.808349609375,69594600,2024-03-20 13:30:00
1711027800,523.3900146484375,524.1099853515625,521.9099731445312,522.2000122070312,508.48321533203125,60256100,2024-03-21 13:30:00
1711114200,522.1099853515625,522.6099853515625,520.969970703125,521.2100219726562,507.5191955566406,79070800,2024-03-22 13:30:00
1711373400,519.7999877929688,520.9500122070312,519.6099853515625,519.77001953125,506.1170654296875,48512100,2024-03-25 13:30:00
1711459800,521.22998046875,521.5800170898438,518.4000244140625,518.8099975585938,505.1822509765625,65463700,2024-03-26 13:30:00
1711546200,521.7100219726562,523.2100219726562,519.489990234375,523.1699829101562,509.4277038574219,82999800,2024-03-27 13:30:00
1711632600,523.2100219726562,524.6099853515625,522.780029296875,523.0700073242188,509.330322265625,96294900,2024-03-28 13:30:00
1711978200,523.8300170898438,524.3800048828125,520.969970703125,522.1599731445312,508.44415283203125,62477500,2024-04-01 13:30:00
1712064600,518.239990234375,518.97998046875,516.47998046875,518.8400268554688,505.21148681640625,74230300,2024-04-02 13:30:00
1712151000,517.719970703125,520.9500122070312,517.6699829101562,519.4099731445312,505.7665100097656,59155800,2024-04-03 13:30:00
1712237400,523.52001953125,523.8699951171875,512.760009765625,513.0700073242188,499.59307861328125,96858100,2024-04-04 13:30:00
1712323800,514.4600219726562,520.4400024414062,514.010009765625,518.4299926757812,504.8122863769531,74546500,2024-04-05 13:30:00
1712583000,519.1500244140625,520.1799926757812,517.8900146484375,518.719970703125,505.0945739746094,48401800,2024-04-08 13:30:00
1712669400,520.5,520.75,514.3499755859375,519.3200073242188,505.67889404296875,68049200,2024-04-09 13:30:00
1712755800,513.47998046875,516.1599731445312,512.0900268554688,514.1199951171875,500.6154479980469,82652800,2024-04-10 13:30:00
1712842200,515.6799926757812,519.47998046875,512.0800170898438,518.0,504.39349365234375,70099000,2024-04-11 13:30:00
1712928600,514.3699951171875,515.8200073242188,509.0799865722656,510.8500061035156,497.43133544921875,92561100,2024-04-12 13:30:00
1713187800,515.1300048828125,515.2999877929688,503.5799865722656,504.45001220703125,491.199462890625,92101400,2024-04-15 13:30:00
1713274200,504.94000244140625,506.5,502.2099914550781,503.5299987792969,490.3037109375,73484000,2024-04-16 13:30:00
1713360600,506.04998779296875,506.2200012207031,499.1199951171875,500.54998779296875,487.4018859863281,75910300,2024-04-17 13:30:00
1713447000,501.9800109863281,504.1300048828125,498.55999755859375,499.5199890136719,486.39892578125,74548100,2024-04-18 13:30:00
1713533400,499.44000244140625,500.4599914550781,493.8599853515625,495.1600036621094,482.1534729003906,102212600,2024-04-19 13:30:00
1713792600,497.8299865722656,502.3800048828125,495.42999267578125,499.7200012207031,486.5937194824219,67961000,2024-04-22 13:30:00
1713879000,501.7799987792969,506.0899963378906,499.5299987792969,505.6499938964844,492.367919921875,64633600,2024-04-23 13:30:00
1713965400,506.55999755859375,507.3699951171875,503.1300048828125,505.4100036621094,492.13421630859375,55928100,2024-04-24 13:30:00
1714051800,499.17999267578125,504.2699890136719,497.489990234375,503.489990234375,490.2646789550781,69122400,2024-04-25 13:30:00
1714138200,506.3500061035156,509.8800048828125,505.70001220703125,508.260009765625,494.909423828125,64306100,2024-04-26 13:30:00
1714397400,510.0899963378906,510.75,507.25,510.05999755859375,496.66204833984375,46415400,2024-04-29 13:30:00
1714483800,508.55999755859375,509.55999755859375,501.9800109863281,501.9800109863281,488.79437255859375,77483600,2024-04-30 13:30:00
1714570200,501.3800048828125,508.19000244140625,499.8699951171875,500.3500061035156,487.2071533203125,80242800,2024-05-01 13:30:00
1714656600,504.1499938964844,505.8900146484375,499.54998779296875,505.0299987792969,491.7642517089844,62550200,2024-05-02 13:30:00
1714743000,511.1600036621094,512.5499877929688,508.55999755859375,511.2900085449219,497.8598327636719,72756700,2024-05-03 13:30:00
1715002200,513.75,516.6099853515625,513.2999877929688,516.5700073242188,503.0011291503906,47264700,2024-05-06 13:30:00
1715088600,517.5599975585938,518.5700073242188,516.4500122070312,517.1400146484375,503.55615234375,52561300,2024-05-07 13:30:00
1715175000,515.260009765625,517.739990234375,515.1400146484375,517.1900024414062,503.60479736328125,42047200,2024-05-08 13:30:00
1715261400,517.3800048828125,520.2100219726562,516.7100219726562,520.1699829101562,506.50653076171875,43643700,2024-05-09 13:30:00
1715347800,521.8099975585938,522.6400146484375,519.5900268554688,520.8400268554688,507.158935546875,52233200,2024-05-10 13:30:00
1715607000,522.5599975585938,522.6699829101562,519.739990234375,520.9099731445312,507.2270812988281,36716400,2024-05-13 13:30:00
1715693400,521.1099853515625,523.8300170898438,520.5599975585938,523.2999877929688,509.5543212890625,57535900,2024-05-14 13:30:00
1715779800,525.8300170898438,530.0800170898438,525.1799926757812,529.780029296875,515.8641357421875,59504900,2024-05-15 13:30:00
1715866200,529.8800048828125,531.52001953125,528.5399780273438,528.6900024414062,514.8026733398438,50244800,2024-05-16 13:30:00
1715952600,528.8099975585938,529.52001953125,527.3200073242188,529.4500122070312,515.5427856445312,59187600,2024-05-17 13:30:00
1716211800,529.5700073242188,531.5599975585938,529.1699829101562,530.0599975585938,516.1367797851562,37764200,2024-05-20 13:30:00
1716298200,529.280029296875,531.52001953125,529.0700073242188,531.3599853515625,517.4025268554688,33437000,2024-05-21 13:30:00
1716384600,530.6500244140625,531.3800048828125,527.5999755859375,529.8300170898438,515.9129028320312,48390000,2024-05-22 13:30:00
1716471000,532.9600219726562,533.0700073242188,524.719970703125,525.9600219726562,512.1444702148438,57211200,2024-05-23 13:30:00
1716557400,527.8499755859375,530.27001953125,526.8800048828125,529.4400024414062,515.5330810546875,41291100,2024-05-24 13:30:00
1716903000,530.27001953125,530.510009765625,527.1099853515625,529.8099975585938,515.893310546875,36269600,2024-05-28 13:30:00
1716989400,525.6799926757812,527.3099975585938,525.3699951171875,526.0999755859375,512.28076171875,45190300,2024-05-29 13:30:00
1717075800,524.52001953125,525.2000122070312,521.3300170898438,522.6099853515625,508.8824462890625,46377600,2024-05-30 13:30:00
1717162200,523.5900268554688,527.5,518.3599853515625,527.3699951171875,513.5174560546875,90785800,2024-05-31 13:30:00
1717421400,529.02001953125,529.3099975585938,522.5999755859375,527.7999877929688,513.9361572265625,46835700,2024-06-03 13:30:00
1717507800,526.4600219726562,529.1500244140625,524.9600219726562,528.3900146484375,514.5106201171875,34632700,2024-06-04 13:30:00
1717594200,530.77001953125,534.6900024414062,528.72998046875,534.6699829101562,520.6256103515625,47610400,2024-06-05 13:30:00
1717680600,534.97998046875,535.4199829101562,532.6799926757812,534.6599731445312,520.6159057617188,30808500,2024-06-06 13:30:00
1717767000,533.6599731445312,536.8900146484375,532.5399780273438,534.010009765625,519.98291015625,43224500,2024-06-07 13:30:00
1718026200,533.1799926757812,535.989990234375,532.5700073242188,535.6599731445312,521.5896606445312,35686100,2024-06-10 13:30:00
1718112600,534.0700073242188,537.010009765625,532.0499877929688,536.9500122070312,522.8457641601562,36383400,2024-06-11 13:30:00
1718199000,541.6300048828125,544.1199951171875,540.2999877929688,541.3599853515625,527.139892578125,63251300,2024-06-12 13:30:00
1718285400,543.1500244140625,543.3300170898438,539.5900268554688,542.4500122070312,528.2012939453125,44760900,2024-06-13 13:30:00
1718371800,540.8800048828125,542.8099975585938,539.8499755859375,542.780029296875,528.5226440429688,40089900,2024-06-14 13:30:00
1718631000,542.0800170898438,548.530029296875,541.6099853515625,547.0999755859375,532.7290649414062,55839500,2024-06-17 13:30:00
1718717400,547.1599731445312,548.6199951171875,546.72998046875,548.489990234375,534.0827026367188,41376400,2024-06-18 13:30:00
1718890200,549.4400024414062,550.1199951171875,545.1799926757812,547.0,532.6317749023438,70328200,2024-06-20 13:30:00
1718976600,544.4000244140625,545.6500244140625,543.02001953125,544.510009765625,531.9176635742188,64338600,2024-06-21 13:30:00
1719235800,544.3300170898438,546.9500122070312,542.6199951171875,542.739990234375,530.1885986328125,45528700,2024-06-24 13:30:00
1719322200,543.989990234375,545.2000122070312,542.4400024414062,544.8300170898438,532.230224609375,37936200,2024-06-25 13:30:00
1719408600,543.6900024414062,546.239990234375,543.030029296875,545.510009765625,532.8946533203125,38550600,2024-06-26 13:30:00
1719495000,545.3699951171875,546.9600219726562,544.6099853515625,546.3699951171875,533.734619140625,35041500,2024-06-27 13:30:00
1719581400,547.1599731445312,550.280029296875,542.9500122070312,544.219970703125,531.6343383789062,76144500,2024-06-28 13:30:00
1719840600,545.6300048828125,545.8800048828125,542.52001953125,545.3400268554688,532.7284545898438,40297800,2024-07-01 13:30:00
1719927000,543.7000122070312,549.010009765625,543.6500244140625,549.010009765625,536.3135986328125,40434800,2024-07-02 13:30:00
1720013400,548.6900024414062,551.8300170898438,548.6500244140625,551.4600219726562,538.70703125,32789900,2024-07-03 13:30:00
1720186200,551.77001953125,555.0499877929688,551.1199951171875,554.6400146484375,541.8134155273438,41488400,2024-07-05 13:30:00
1720445400,555.4400024414062,556.25,554.1900024414062,555.280029296875,542.4386596679688,36110500,2024-07-08 13:30:00
1720531800,556.260009765625,557.1799926757812,555.52001953125,555.8200073242188,542.9661254882812,27289700,2024-07-09 13:30:00
1720618200,557.0700073242188,561.6699829101562,556.77001953125,561.3200073242188,548.3388671875,38701200,2024-07-10 13:30:00
1720704600,561.4400024414062,562.3300170898438,555.8300170898438,556.47998046875,543.6109008789062,53054200,2024-07-11 13:30:00
1720791000,557.6300048828125,563.6699829101562,557.1500244140625,559.989990234375,547.0396728515625,53084400,2024-07-12 13:30:00
1721050200,562.030029296875,564.8400268554688,559.6300048828125,561.530029296875,548.5440063476562,40584300,2024-07-15 13:30:00
1721136600,562.8699951171875,565.1599731445312,562.0999755859375,564.8599853515625,551.7970581054688,36475300,2024-07-16 13:30:00
1721223000,558.7999877929688,560.510009765625,556.6099853515625,556.9400024414062,544.0601806640625,57119000,2024-07-17 13:30:00
1721309400,558.510009765625,559.52001953125,550.4299926757812,552.6599731445312,539.8792724609375,56270400,2024-07-18 13:30:00
1721395800,552.4199829101562,554.0800170898438,547.9099731445312,548.989990234375,536.2940673828125,65509100,2024-07-19 13:30:00
1721655000,553.0,555.27001953125,551.02001953125,554.6500244140625,541.8231811523438,43346700,2024-07-22 13:30:00
1721741400,554.5399780273438,556.739990234375,553.280029296875,553.780029296875,540.973388671875,34439600,2024-07-23 13:30:00
1721827800,548.8599853515625,549.1699829101562,540.2899780273438,541.22998046875,528.7135009765625,74515300,2024-07-24 13:30:00
1721914200,541.3499755859375,547.4600219726562,537.4500122070312,538.4099731445312,525.958740234375,61158300,2024-07-25 13:30:00
1722000600,542.280029296875,547.1900024414062,541.489990234375,544.4400024414062,531.8492431640625,53763800,2024-07-26 13:30:00
1722259800,546.02001953125,547.0499877929688,542.719970703125,544.760009765625,532.161865234375,39515800,2024-07-29 13:30:00
1722346200,546.260009765625,547.3400268554688,538.52001953125,542.0,529.4656982421875,46853600,2024-07-30 13:30:00
1722432600,548.97998046875,553.5,547.5800170898438,550.8099975585938,538.0719604492188,65663400,2024-07-31 13:30:00
1722519000,552.5700073242188,554.8699951171875,539.4299926757812,543.010009765625,530.452392578125,76428700,2024-08-01 13:30:00
1722605400,535.75,536.989990234375,528.5999755859375,532.9000244140625,520.5762329101562,82789100,2024-08-02 13:30:00
1722864600,511.6400146484375,523.5800170898438,510.2699890136719,517.3800048828125,505.4150695800781,146267400,2024-08-05 13:30:00
1722951000,519.219970703125,529.75,517.8699951171875,522.1500244140625,510.07476806640625,84826300,2024-08-06 13:30:00
1723037400,528.469970703125,531.5900268554688,518.0499877929688,518.6599731445312,506.6654052734375,70698300,2024-08-07 13:30:00
1723123800,523.9099731445312,531.2899780273438,521.8400268554688,530.6500244140625,518.3782348632812,63276600,2024-08-08 13:30:00
1723210200,529.8099975585938,534.510009765625,528.5599975585938,532.989990234375,520.6640625,45619600,2024-08-09 13:30:00
1723469400,534.2100219726562,535.72998046875,530.9500122070312,533.27001953125,520.9376220703125,42542100,2024-08-12 13:30:00
1723555800,536.530029296875,542.280029296875,536.280029296875,542.0399780273438,529.5047607421875,52333100,2024-08-13 13:30:00
1723642200,542.8499755859375,544.9600219726562,540.1199951171875,543.75,531.17529296875,42446900,2024-08-14 13:30:00
1723728600,549.5,553.3599853515625,548.8800048828125,553.0700073242188,540.2796630859375,60846800,2024-08-15 13:30:00
1723815000,551.4199829101562,555.02001953125,551.260009765625,554.3099975585938,541.4910278320312,44430700,2024-08-16 13:30:00
1724074200,554.72998046875,559.6099853515625,553.8599853515625,559.6099853515625,546.66845703125,39121800,2024-08-19 13:30:00
1724160600,559.1500244140625,560.8400268554688,557.3300170898438,558.7000122070312,545.7794799804688,33732300,2024-08-20 13:30:00
1724247000,559.77001953125,562.1099853515625,554.72998046875,560.6199951171875,547.6551513671875,41514600,2024-08-21 13:30:00
1724333400,562.5599975585938,563.1799926757812,554.97998046875,556.219970703125,543.3568115234375,56121500,2024-08-22 13:30:00
1724419800,559.530029296875,563.0900268554688,557.2899780273438,562.1300048828125,549.1301879882812,50639400,2024-08-23 13:30:00
1724679000,563.1799926757812,563.9099731445312,559.0499877929688,560.7899780273438,547.8211059570312,35788600,2024-08-26 13:30:00
1724765400,559.489990234375,562.0599975585938,558.3200073242188,561.5599975585938,548.573486328125,32693900,2024-08-27 13:30:00
1724851800,561.2100219726562,561.6500244140625,555.0399780273438,558.2999877929688,545.3888549804688,41066000,2024-08-28 13:30:00
1724938200,560.3099975585938,563.6799926757812,557.1799926757812,558.3499755859375,545.4375,38715200,2024-08-29 13:30:00
1725024600,560.77001953125,564.2000122070312,557.1400146484375,563.6799926757812,550.6443481445312,62700100,2024-08-30 13:30:00
1725370200,560.469970703125,560.8099975585938,549.510009765625,552.0800170898438,539.3126831054688,60600100,2024-09-03 13:30:00
1725456600,550.2000122070312,554.4299926757812,549.4600219726562,550.9500122070312,538.2088623046875,47224900,2024-09-04 13:30:00
1725543000,550.8900146484375,553.7999877929688,547.0999755859375,549.6099853515625,536.899658203125,44264300,2024-09-05 13:30:00
1725629400,549.9400024414062,551.5999755859375,539.4400024414062,540.3599853515625,527.8637084960938,68493800,2024-09-06 13:30:00
1725888600,544.6500244140625,547.7100219726562,542.6799926757812,546.4099731445312,533.7736206054688,40445800,2024-09-09 13:30:00
1725975000,548.3599853515625,549.1500244140625,543.3800048828125,548.7899780273438,536.0986938476562,36394600,2024-09-10 13:30:00
1726061400,548.7000122070312,555.3599853515625,539.9600219726562,554.4199829101562,541.5985717773438,75248600,2024-09-11 13:30:00
1726147800,555.010009765625,559.4000244140625,552.739990234375,559.0900268554688,546.1605224609375,51819600,2024-09-12 13:30:00
1726234200,559.7100219726562,563.030029296875,559.4500122070312,562.010009765625,549.0128784179688,39310500,2024-09-13 13:30:00
1726493400,561.739990234375,563.1099853515625,559.9000244140625,562.8400268554688,549.8237915039062,36656100,2024-09-16 13:30:00
1726579800,565.0999755859375,566.5800170898438,560.7899780273438,563.0700073242188,550.0484619140625,49321000,2024-09-17 13:30:00
1726666200,563.739990234375,568.6900024414062,560.8300170898438,561.4000244140625,548.4171142578125,59044900,2024-09-18 13:30:00
1726752600,571.010009765625,572.8800048828125,568.0800170898438,570.97998046875,557.7754516601562,75315500,2024-09-19 13:30:00
1726839000,567.8400268554688,569.3099975585938,565.1699829101562,568.25,556.8113403320312,77503100,2024-09-20 13:30:00
1727098200,569.3400268554688,570.3300170898438,568.0999755859375,569.6699829101562,558.2026977539062,44116900,2024-09-23 13:30:00
1727184600,570.47998046875,571.3599853515625,567.5999755859375,571.2999877929688,559.7999877929688,46805700,2024-09-24 13:30:00
1727271000,571.1400146484375,571.8900146484375,568.9099731445312,570.0399780273438,558.5653076171875,38428600,2024-09-25 13:30:00
1727357400,574.3800048828125,574.7100219726562,569.9000244140625,572.2999877929688,560.7798461914062,48336000,2024-09-26 13:30:00
1727443800,573.3900146484375,574.219970703125,570.4199829101562,571.469970703125,559.9664916992188,42100900,2024-09-27 13:30:00
1727703000,570.4199829101562,574.3800048828125,568.0800170898438,573.760009765625,562.2103881835938,63557400,2024-09-30 13:30:00
1727789400,573.4000244140625,574.0599975585938,566.0,568.6199951171875,557.1738891601562,72668800,2024-10-01 13:30:00
1727875800,567.7100219726562,569.9000244140625,565.27001953125,568.8599853515625,557.4090576171875,38097800,2024-10-02 13:30:00
1727962200,567.3599853515625,569.7999877929688,565.489990234375,567.8200073242188,556.3900146484375,40846500,2024-10-03 13:30:00
1728048600,572.3499755859375,573.3599853515625,568.0999755859375,572.97998046875,561.4461059570312,42939100,2024-10-04 13:30:00
1728307800,571.2999877929688,571.9600219726562,566.6300048828125,567.7999877929688,556.3704223632812,49964700,2024-10-07 13:30:00
1728394200,570.4199829101562,573.780029296875,569.530029296875,573.1699829101562,561.63232421875,37398700,2024-10-08 13:30:00
1728480600,573.1599731445312,577.7100219726562,572.5499877929688,577.1400146484375,565.5223999023438,37912200,2024-10-09 13:30:00
1728567000,575.77001953125,577.5800170898438,574.489990234375,576.1300048828125,564.53271484375,44138100,2024-10-10 13:30:00
1728653400,576.0499877929688,580.3300170898438,575.9099731445312,579.5800170898438,567.9132690429688,42268000,2024-10-11 13:30:00
1728912600,581.219970703125,585.27001953125,580.72998046875,584.3200073242188,572.557861328125,36217200,2024-10-14 13:30:00
1728999000,584.5900268554688,584.9000244140625,578.5399780273438,579.780029296875,568.1093139648438,54203600,2024-10-15 13:30:00
1729085400,579.780029296875,582.8300170898438,578.9600219726562,582.2999877929688,570.5784912109375,30725400,2024-10-16 13:30:00
1729171800,585.9099731445312,586.1199951171875,582.1599731445312,582.3499755859375,570.6275024414062,34393700,2024-10-17 13:30:00
1729258200,584.0700073242188,585.3900146484375,582.5800170898438,584.5900268554688,572.8223876953125,37416800,2024-10-18 13:30:00
1729517400,583.8499755859375,584.8499755859375,580.5999755859375,583.6300048828125,571.8817138671875,36439000,2024-10-21 13:30:00
1729603800,581.0499877929688,584.5,580.3800048828125,583.3200073242188,571.5779418945312,34183800,2024-10-22 13:30:00
1729690200,581.260009765625,581.7100219726562,574.4199829101562,577.989990234375,566.3552856445312,49314600,2024-10-23 13:30:00
1729776600,579.97998046875,580.0599975585938,576.5700073242188,579.239990234375,567.5802001953125,34979900,2024-10-24 13:30:00
1729863000,581.510009765625,584.4600219726562,578.0800170898438,579.0399780273438,567.384033203125,47268200,2024-10-25 13:30:00
1730122200,582.5800170898438,582.7100219726562,580.52001953125,580.8300170898438,569.1382446289062,30174700,2024-10-28 13:30:00
1730208600,579.8499755859375,582.9099731445312,578.4299926757812,581.77001953125,570.0592651367188,42899700,2024-10-29 13:30:00
1730295000,581.2899780273438,583.3200073242188,579.2899780273438,580.010009765625,568.3346557617188,41435800,2024-10-30 13:30:00
1730381400,575.5599975585938,575.6300048828125,568.4400024414062,568.6400146484375,557.1934814453125,60182500,2024-10-31 13:30:00
1730467800,571.3200073242188,575.5499877929688,570.6199951171875,571.0399780273438,559.5452270507812,45667500,2024-11-01 13:30:00
1730730600,571.1799926757812,572.5,567.8900146484375,569.8099975585938,558.3399658203125,38217000,2024-11-04 14:30:00
1730817000,570.739990234375,576.739990234375,570.52001953125,576.7000122070312,565.09130859375,39478300,2024-11-05 14:30:00
1730903400,589.2000122070312,591.9299926757812,585.3900146484375,591.0399780273438,579.1426391601562,68182000,2024-11-06 14:30:00
1730989800,593.0800170898438,596.6500244140625,593.0,595.6099853515625,583.6205444335938,47233200,2024-11-07 14:30:00
1731076200,596.1699829101562,599.6400146484375,596.1699829101562,598.1900024414062,586.148681640625,46444900,2024-11-08 14:30:00
1731335400,599.8099975585938,600.1699829101562,597.0,598.760009765625,586.7072143554688,37586800,2024-11-11 14:30:00
1731421800,598.6799926757812,599.2899780273438,594.3699951171875,596.9000244140625,584.8845825195312,43006100,2024-11-12 14:30:00
1731508200,597.3699951171875,599.22998046875,594.9600219726562,597.1900024414062,585.1688232421875,47388600,2024-11-13 14:30:00
1731594600,597.3200073242188,597.8099975585938,592.6500244140625,593.3499755859375,581.4060668945312,38904100,2024-11-14 14:30:00
1731681000,589.719970703125,590.2000122070312,583.8599853515625,585.75,573.9590454101562,75988800,2024-11-15 14:30:00
1731940200,586.219970703125,589.489990234375,585.3400268554688,588.1500244140625,576.3108520507812,37001700,2024-11-18 14:30:00
1732026600,584.7100219726562,591.0399780273438,584.030029296875,590.2999877929688,578.41748046875,49412000,2024-11-19 14:30:00
1732113000,590.3800048828125,590.7899780273438,584.6300048828125,590.5,578.6134643554688,50032600,2024-11-20 14:30:00
1732199400,593.4000244140625,595.1199951171875,587.4500122070312,593.6699829101562,581.7196655273438,46750300,2024-11-21 14:30:00
1732285800,593.6599731445312,596.1500244140625,593.1500244140625,595.510009765625,583.5226440429688,38226400,2024-11-22 14:30:00
1732545000,599.52001953125,600.8599853515625,595.2000122070312,597.530029296875,585.5020141601562,42441400,2024-11-25 14:30:00
1732631400,598.7999877929688,601.3300170898438,598.0700073242188,600.6500244140625,588.5592041015625,45621300,2024-11-26 14:30:00
1732717800,600.4600219726562,600.8499755859375,597.280029296875,598.8300170898438,586.7758178710938,34000200,2024-11-27 14:30:00
1732890600,599.6599731445312,603.3499755859375,599.3800048828125,602.5499877929688,590.4208374023438,30177400,2024-11-29 14:30:00
1733149800,602.969970703125,604.3200073242188,602.469970703125,603.6300048828125,591.4791259765625,31746000,2024-12-02 14:30:00
1733236200,603.3900146484375,604.1599731445312,602.3400268554688,603.9099731445312,591.7534790039062,26906600,2024-12-03 14:30:00
1733322600,605.6300048828125,607.9099731445312,604.9500122070312,607.6599731445312,595.4280395507812,42787600,2024-12-04 14:30:00
1733409000,607.6599731445312,608.47998046875,606.2999877929688,606.6599731445312,594.4481201171875,28762200,2024-12-05 14:30:00
1733495400,607.4400024414062,609.0700073242188,607.02001953125,607.8099975585938,595.574951171875,31241500,2024-12-06 14:30:00
1733754600,607.6900024414062,607.8599853515625,604.0800170898438,604.6799926757812,592.508056640625,34742700,2024-12-09 14:30:00
1733841000,605.3699951171875,605.7999877929688,602.1300048828125,602.7999877929688,590.6658935546875,37234500,2024-12-10 14:30:00
1733927400,605.780029296875,608.4299926757812,605.5,607.4600219726562,595.2320556640625,28677700,2024-12-11 14:30:00
1734013800,606.5800170898438,607.1599731445312,604.3300170898438,604.3300170898438,592.1651611328125,31543800,2024-12-12 14:30:00
1734100200,606.4000244140625,607.1300048828125,602.8099975585938,604.2100219726562,592.0474243164062,35904700,2024-12-13 14:30:00
1734359400,606.0,607.780029296875,605.2100219726562,606.7899780273438,594.5755004882812,43695200,2024-12-16 14:30:00
1734445800,604.1900024414062,605.1699829101562,602.8900146484375,604.2899780273438,592.1258544921875,55773500,2024-12-17 14:30:00
1734532200,603.97998046875,606.4099731445312,585.8900146484375,586.280029296875,574.4784545898438,108248700,2024-12-18 14:30:00
1734618600,591.3599853515625,593.0,585.8499755859375,586.0999755859375,574.3019409179688,85919500,2024-12-19 14:30:00
1734705000,581.77001953125,595.75,580.9099731445312,591.1500244140625,581.1998901367188,125716700,2024-12-20 14:30:00
1734964200,590.8900146484375,595.2999877929688,587.6599731445312,594.6900024414062,584.6803588867188,57635800,2024-12-23 14:30:00
1735050600,596.0599975585938,601.3400268554688,595.469970703125,601.2999877929688,591.1790771484375,33160100,2024-12-24 14:30:00
1735223400,599.5,602.47998046875,598.0800170898438,601.3400268554688,591.2184448242188,41219100,2024-12-26 14:30:00
1735309800,597.5399780273438,597.780029296875,590.760009765625,595.010009765625,584.9949340820312,64969300,2024-12-27 14:30:00
1735569000,587.8900146484375,591.739990234375,584.4099731445312,588.219970703125,578.3192749023438,56578800,2024-12-30 14:30:00
1735655400,589.9099731445312,590.6400146484375,584.4199829101562,586.0800170898438,576.2152709960938,57052700,2024-12-31 14:30:00
1735828200,589.3900146484375,591.1300048828125,580.5,584.6400146484375,574.799560546875,50204000,2025-01-02 14:30:00
1735914600,587.530029296875,592.5999755859375,586.4299926757812,591.9500122070312,581.986572265625,37888500,2025-01-03 14:30:00
1736173800,596.27001953125,599.7000122070312,593.5999755859375,595.3599853515625,585.339111328125,47679400,2025-01-06 14:30:00
1736260200,597.4199829101562,597.75,586.780029296875,588.6300048828125,578.7223510742188,60393100,2025-01-07 14:30:00
1736346600,588.7000122070312,590.5800170898438,585.2000122070312,589.489990234375,579.5678100585938,47304700,2025-01-08 14:30:00
1736519400,585.8800048828125,585.9500122070312,578.5499877929688,580.489990234375,570.7192993164062,73105000,2025-01-10 14:30:00
1736778600,575.77001953125,581.75,575.3499755859375,581.3900146484375,571.604248046875,47910100,2025-01-13 14:30:00
1736865000,584.3599853515625,585.0,578.3499755859375,582.1900024414062,572.3906860351562,48420600,2025-01-14 14:30:00
1736951400,590.3300170898438,593.9400024414062,589.2000122070312,592.780029296875,582.8025512695312,56900200,2025-01-15 14:30:00
1737037800,594.1699829101562,594.3499755859375,590.9299926757812,591.6400146484375,581.6818237304688,43319700,2025-01-16 14:30:00
1737124200,596.9600219726562,599.3599853515625,595.6099853515625,597.5800170898438,587.521728515625,58070600,2025-01-17 14:30:00
1737469800,600.6699829101562,603.0599975585938,598.6699829101562,603.0499877929688,592.8995971679688,42532900,2025-01-21 14:30:00
1737556200,605.9199829101562,607.8200073242188,605.3599853515625,606.4400024414062,596.232666015625,48196000,2025-01-22 14:30:00
1737642600,605.7999877929688,609.75,605.52001953125,609.75,599.4869384765625,41152100,2025-01-23 14:30:00
1737729000,609.8099975585938,610.780029296875,606.7999877929688,607.969970703125,597.7367553710938,34604700,2025-01-24 14:30:00
1737988200,594.8099975585938,599.6900024414062,594.6400146484375,599.3699951171875,589.2815551757812,70361100,2025-01-27 14:30:00
1738074600,600.6199951171875,605.3699951171875,597.25,604.52001953125,594.3448486328125,44433300,2025-01-28 14:30:00
1738161000,603.719970703125,604.1300048828125,599.219970703125,601.8099975585938,591.6804809570312,37177400,2025-01-29 14:30:00
1738247400,603.9600219726562,606.5999755859375,600.719970703125,605.0399780273438,594.8560791015625,39281300,2025-01-30 14:30:00
1738333800,607.5,609.9600219726562,601.0499877929688,601.8200073242188,591.6903076171875,66566900,2025-01-31 14:30:00
1738593000,592.6699829101562,600.2899780273438,590.489990234375,597.77001953125,587.70849609375,65857200,2025-02-03 14:30:00
1738679400,597.8300170898438,602.2999877929688,597.280029296875,601.780029296875,591.6510620117188,33457800,2025-02-04 14:30:00
1738765800,600.6400146484375,604.3699951171875,598.5800170898438,604.219970703125,594.0498657226562,30653100,2025-02-05 14:30:00
1738852200,605.989990234375,606.4500122070312,602.6300048828125,606.3200073242188,596.1146240234375,35771500,2025-02-06 14:30:00
1738938600,606.8900146484375,608.1300048828125,600.0499877929688,600.77001953125,590.6580200195312,50788500,2025-02-07 14:30:00
1739197800,604.030029296875,605.5,602.739990234375,604.8499755859375,594.6693725585938,26048700,2025-02-10 14:30:00
1739284200,602.5499877929688,605.8599853515625,602.4299926757812,605.3099975585938,595.1215209960938,30056700,2025-02-11 14:30:00
1739370600,599.2000122070312,604.5499877929688,598.510009765625,603.3599853515625,593.2044067382812,45076100,2025-02-12 14:30:00
1739457000,604.47998046875,609.9400024414062,603.2000122070312,609.72998046875,599.4672241210938,40921300,2025-02-13 14:30:00
1739543400,609.9400024414062,610.989990234375,609.0700073242188,609.7000122070312,599.4376831054688,26910400,2025-02-14 14:30:00
1739889000,610.8800048828125,611.489990234375,608.3800048828125,611.489990234375,601.197509765625,26749000,2025-02-18 14:30:00
1739975400,610.0800170898438,613.22998046875,609.5599975585938,612.9299926757812,602.6133422851562,31011100,2025-02-19 14:30:00
1740061800,611.5399780273438,611.6799926757812,607.02001953125,610.3800048828125,600.106201171875,36554000,2025-02-20 14:30:00
1740148200,610.1599731445312,610.2999877929688,599.469970703125,599.9400024414062,589.8419799804688,76519800,2025-02-21 14:30:00
1740407400,602.02001953125,603.030029296875,596.489990234375,597.2100219726562,587.157958984375,50737200,2025-02-24 14:30:00
1740493800,597.1500244140625,597.8900146484375,589.5599975585938,594.239990234375,584.23779296875,58266500,2025-02-25 14:30:00
1740580200,595.9299926757812,599.5800170898438,591.8599853515625,594.5399780273438,584.5328979492188,43321600,2025-02-26 14:30:00
1740666600,596.8499755859375,598.02001953125,584.6500244140625,585.0499877929688,575.20263671875,74196700,2025-02-27 14:30:00
1740753000,585.5599975585938,594.719970703125,582.4400024414062,594.1799926757812,584.1788940429688,88744100,2025-02-28 14:30:00
1741012200,596.1799926757812,597.3400268554688,579.9000244140625,583.77001953125,573.9442138671875,74249200,2025-03-03 14:30:00
1741098600,579.7100219726562,585.3900146484375,572.25,576.8599853515625,567.1504516601562,109648200,2025-03-04 14:30:00
1741185000,576.6900024414062,584.8800048828125,573.0800170898438,583.0599975585938,573.2461547851562,71230500,2025-03-05 14:30:00
1741271400,575.47998046875,580.1699829101562,570.1199951171875,572.7100219726562,563.0703125,80094900,2025-03-06 14:30:00
1741357800,570.9000244140625,577.3900146484375,565.6300048828125,575.9199829101562,566.2261962890625,81158800,2025-03-07 14:30:00
1741613400,567.5900268554688,569.5399780273438,555.5900268554688,560.5800170898438,551.1444702148438,99326600,2025-03-10 13:30:00
1741699800,559.4000244140625,564.02001953125,552.02001953125,555.9199829101562,546.5628662109375,88102100,2025-03-11 13:30:00
1741786200,562.1699829101562,563.1099853515625,553.6900024414062,558.8699951171875,549.4631958007812,69588200,2025-03-12 13:30:00
1741872600,558.489990234375,559.1099853515625,549.6799926757812,551.4199829101562,542.1386108398438,74079400,2025-03-13 13:30:00
1741959000,556.1099853515625,563.8300170898438,551.489990234375,562.8099975585938,553.3369140625,62660300,2025-03-14 13:30:00
1742218200,562.7899780273438,569.7100219726562,562.3499755859375,567.1500244140625,557.60400390625,49008700,2025-03-17 13:30:00
1742304600,564.7999877929688,565.02001953125,559.0599975585938,561.02001953125,551.5770874023438,66041400,2025-03-18 13:30:00
1742391000,562.8300170898438,570.9500122070312,561.6300048828125,567.1300048828125,557.5842895507812,66556000,2025-03-19 13:30:00
1742477400,563.3300170898438,570.5700073242188,562.5999755859375,565.489990234375,555.9718627929688,62958200,2025-03-20 13:30:00
1742563800,559.280029296875,564.8900146484375,558.030029296875,563.97998046875,556.1552734375,83763000,2025-03-21 13:30:00
1742823000,570.7999877929688,575.1500244140625,570.2000122070312,574.0800170898438,566.1151733398438,58766800,2025-03-24 13:30:00
1742909400,575.2999877929688,576.4099731445312,573.6900024414062,575.4600219726562,567.4760131835938,38355700,2025-03-25 13:30:00
1742995800,575.1900024414062,576.3300170898438,567.1900024414062,568.5900268554688,560.7012939453125,51848300,2025-03-26 13:30:00
1743082200,567.1799926757812,570.9000244140625,564.9400024414062,567.0800170898438,559.2122802734375,42164200,2025-03-27 13:30:00
1743168600,565.530029296875,566.27001953125,555.0700073242188,555.6599731445312,547.9506225585938,71662700,2025-03-28 13:30:00
1743427800,549.8300170898438,560.7100219726562,546.8699951171875,559.3900146484375,551.6288452148438,95328200,2025-03-31 13:30:00
1743514200,557.4500122070312,562.9400024414062,553.6799926757812,560.969970703125,553.18701171875,54609600,2025-04-01 13:30:00
1743600600,555.0499877929688,567.4199829101562,554.8099975585938,564.52001953125,556.687744140625,76014500,2025-04-02 13:30:00
1743687000,545.1099853515625,547.969970703125,536.7000122070312,536.7000122070312,529.2538452148438,125986000,2025-04-03 13:30:00
1743773400,523.6699829101562,525.8699951171875,505.05999755859375,505.2799987792969,498.2696838378906,217965100,2025-04-04 13:30:00
1744032600,489.19000244140625,523.1699829101562,481.79998779296875,504.3800048828125,497.3821716308594,256611400,2025-04-07 13:30:00
1744119000,521.8599853515625,524.97998046875,489.1600036621094,496.4800109863281,489.591796875,165816600,2025-04-08 13:30:00
1744205400,493.44000244140625,548.6199951171875,493.04998779296875,548.6199951171875,541.0084228515625,241867300,2025-04-09 13:30:00
1744291800,532.1699829101562,533.5,509.32000732421875,524.5800170898438,517.3019409179688,162331200,2025-04-10 13:30:00
1744378200,523.010009765625,536.4299926757812,520.0700073242188,533.9400024414062,526.5320434570312,97866300,2025-04-11 13:30:00
1744637400,544.0499877929688,544.280029296875,533.8599853515625,539.1199951171875,531.6401977539062,68034000,2025-04-14 13:30:00
1744723800,539.6699829101562,543.22998046875,536.8099975585938,537.6099853515625,530.151123046875,56892900,2025-04-15 13:30:00
1744810200,531.6799926757812,537.8900146484375,520.2899780273438,525.6599731445312,518.3668823242188,83484800,2025-04-16 13:30:00
1744896600,527.6400146484375,531.1699829101562,523.9099731445312,526.4099731445312,519.1065063476562,79868100,2025-04-17 13:30:00
1745242200,521.1599731445312,521.7000122070312,508.4599914550781,513.8800048828125,506.7503356933594,69368100,2025-04-21 13:30:00
1745328600,520.1400146484375,529.2999877929688,519.1900024414062,527.25,519.9348754882812,75948100,2025-04-22 13:30:00
1745415000,540.4299926757812,545.4299926757812,533.8800048828125,535.4199829101562,527.9915161132812,90590700,2025-04-23 13:30:00
1745501400,536.719970703125,547.4299926757812,535.4500122070312,546.6900024414062,539.105224609375,64150400,2025-04-24 13:30:00
1745587800,546.6500244140625,551.0499877929688,543.6900024414062,550.6400146484375,543.0004272460938,61119600,2025-04-25 13:30:00
1745847000,551.3900146484375,553.5499877929688,545.02001953125,550.8499755859375,543.2073974609375,47613800,2025-04-28 13:30:00
1745933400,548.9099731445312,555.4500122070312,548.5499877929688,554.3200073242188,546.6292724609375,47775100,2025-04-29 13:30:00
1746019800,547.5700073242188,556.52001953125,541.52001953125,554.5399780273438,546.8462524414062,93101500,2025-04-30 13:30:00
1746106200,560.3699951171875,564.0700073242188,557.8599853515625,558.469970703125,550.7217407226562,63186100,2025-05-01 13:30:00
1746192600,564.72998046875,568.3800048828125,562.3800048828125,566.760009765625,558.8966674804688,60717300,2025-05-02 13:30:00
1746451800,562.5700073242188,566.6500244140625,561.7000122070312,563.510009765625,555.6918334960938,38659200,2025-05-05 13:30:00
1746538200,557.9299926757812,563.3499755859375,556.9600219726562,558.7999877929688,551.047119140625,48264700,2025-05-06 13:30:00
1746624600,560.1500244140625,563.8200073242188,556.0399780273438,561.1500244140625,553.3645629882812,55588000,2025-05-07 13:30:00
1746711000,565.239990234375,570.3099975585938,561.7000122070312,565.0599975585938,557.2202758789062,65130800,2025-05-08 13:30:00
1746797400,566.47998046875,567.5,562.760009765625,564.3400268554688,556.51025390625,37603400,2025-05-09 13:30:00
1747056600,581.469970703125,583.0,577.0399780273438,582.989990234375,574.9014892578125,78993600,2025-05-12 13:30:00
1747143000,583.4099731445312,589.0800170898438,582.8400268554688,586.8400268554688,578.6981811523438,67947200,2025-05-13 13:30:00
1747229400,587.8099975585938,588.97998046875,585.5399780273438,587.5900268554688,579.437744140625,66283500,2025-05-14 13:30:00
1747315800,585.5599975585938,590.969970703125,585.0999755859375,590.4600219726562,582.267822265625,71268100,2025-05-15 13:30:00
1747402200,591.25,594.5,589.280029296875,594.2000122070312,585.9559326171875,76052100,2025-05-16 13:30:00
1747661400,588.0999755859375,595.5399780273438,588.0999755859375,594.8499755859375,586.596923828125,68168500,2025-05-19 13:30:00
1747747800,593.0900268554688,594.0499877929688,589.5999755859375,592.8499755859375,584.6246948242188,60614500,2025-05-20 13:30:00
1747834200,588.4400024414062,592.5800170898438,581.8200073242188,582.8599853515625,574.7732543945312,95197700,2025-05-21 13:30:00
1747920600,582.6599731445312,586.6199951171875,581.4099731445312,583.0900268554688,575.0001831054688,70860400,2025-05-22 13:30:00
1748007000,575.97998046875,581.8099975585938,575.5999755859375,579.1099853515625,571.0753173828125,76029000,2025-05-23 13:30:00
1748352600,586.0700073242188,591.3099975585938,578.4299926757812,591.1500244140625,582.9483032226562,72588500,2025-05-27 13:30:00
1748439000,591.5599975585938,592.77001953125,586.989990234375,587.72998046875,579.5757446289062,68445500,2025-05-28 13:30:00
1748525400,593.0599975585938,593.2000122070312,586.0700073242188,590.0499877929688,581.8635864257812,69973300,2025-05-29 13:30:00
1748611800,588.9299926757812,591.1300048828125,583.239990234375,589.3900146484375,581.2127685546875,90601200,2025-05-30 13:30:00
1748871000,587.760009765625,592.7899780273438,585.0599975585938,592.7100219726562,584.4866943359375,61630500,2025-06-02 13:30:00
1748957400,592.3400268554688,597.0800170898438,591.8499755859375,596.0900268554688,587.8197631835938,63606200,2025-06-03 13:30:00
1749043800,596.9600219726562,597.9500122070312,595.489990234375,595.9299926757812,587.6619262695312,57314200,2025-06-04 13:30:00
1749130200,597.6300048828125,599.0,591.0499877929688,593.0499877929688,584.8218994140625,92278700,2025-06-05 13:30:00
1749216600,598.6599731445312,600.8300170898438,596.8599853515625,599.1400146484375,590.8275146484375,66588700,2025-06-06 13:30:00
1749475800,599.719970703125,601.25,598.489990234375,599.6799926757812,591.3599853515625,53016400,2025-06-09 13:30:00
1749562200,600.219970703125,603.469970703125,599.0900268554688,603.0800170898438,594.7128295898438,66247000,2025-06-10 13:30:00
1749648600,604.1900024414062,605.0599975585938,599.27001953125,601.3599853515625,593.0166625976562,73658200,2025-06-11 13:30:00
1749735000,600.010009765625,603.75,599.52001953125,603.75,595.37353515625,64129000,2025-06-12 13:30:00
1749821400,598.5,601.8499755859375,595.47998046875,597.0,588.7171630859375,89506000,2025-06-13 13:30:00
1750080600,600.4000244140625,604.4500122070312,600.219970703125,602.6799926757812,594.3182983398438,79984100,2025-06-16 13:30:00
1750167000,600.2100219726562,601.75,596.760009765625,597.530029296875,589.2398681640625,82209400,2025-06-17 13:30:00
1750253400,598.4400024414062,601.219970703125,596.469970703125,597.4400024414062,589.1509399414062,76605000,2025-06-18 13:30:00
1750426200,598.3800048828125,599.4600219726562,592.8599853515625,594.280029296875,587.7673950195312,94051400,2025-06-20 13:30:00
1750685400,595.0399780273438,600.5399780273438,591.8900146484375,600.1500244140625,593.5730590820312,87426000,2025-06-23 13:30:00
1750771800,604.3300170898438,607.8499755859375,603.4099731445312,606.780029296875,600.1304321289062,67735300,2025-06-24 13:30:00
1750858200,607.9099731445312,608.6099853515625,605.5399780273438,607.1199951171875,600.4666137695312,62114800,2025-06-25 13:30:00
1750944600,608.989990234375,612.3099975585938,608.3699951171875,611.8699951171875,605.1646118164062,78548400,2025-06-26 13:30:00
1751031000,612.8800048828125,616.3900146484375,610.8300170898438,614.9099731445312,608.1712036132812,86258400,2025-06-27 13:30:00
1751290200,617.3800048828125,619.219970703125,615.0399780273438,617.8499755859375,611.0790405273438,92502500,2025-06-30 13:30:00
1751376600,616.3599853515625,618.8300170898438,615.52001953125,617.6500244140625,610.8812866210938,70030100,2025-07-01 13:30:00
1751463000,617.239990234375,620.489990234375,616.6099853515625,620.4500122070312,613.650634765625,66510400,2025-07-02 13:30:00
1751549400,622.4500122070312,626.280029296875,622.4299926757812,625.3400268554688,618.4869995117188,51065800,2025-07-03 13:30:00
1751895000,623.3599853515625,624.030029296875,617.8699951171875,620.6799926757812,613.8779907226562,74814500,2025-07-07 13:30:00
1751981400,621.3499755859375,622.1099853515625,619.52001953125,620.3400268554688,613.5418090820312,59024600,2025-07-08 13:30:00
1752067800,622.77001953125,624.719970703125,620.9099731445312,624.0599975585938,617.2210083007812,66113300,2025-07-09 13:30:00
1752154200,624.2000122070312,626.8699951171875,623.010009765625,625.8200073242188,618.9617919921875,57529000,2025-07-10 13:30:00
1752240600,622.739990234375,624.8599853515625,621.530029296875,623.6199951171875,616.7858276367188,63670200,2025-07-11 13:30:00
1752499800,623.1599731445312,625.1599731445312,621.7999877929688,624.8099975585938,617.9627685546875,51898500,2025-07-14 13:30:00
1752586200,627.52001953125,627.8599853515625,622.0599975585938,622.1400146484375,615.3220825195312,74317300,2025-07-15 13:30:00
1752672600,623.739990234375,624.72998046875,618.0499877929688,624.219970703125,617.3792114257812,88987500,2025-07-16 13:30:00
1752759000,624.4000244140625,628.4000244140625,624.1799926757812,628.0399780273438,621.1573486328125,68885700,2025-07-17 13:30:00
1752845400,629.2999877929688,629.469970703125,626.4600219726562,627.5800170898438,620.7025146484375,65621600,2025-07-18 13:30:00
1753104600,628.77001953125,631.5399780273438,628.3400268554688,628.77001953125,621.87939453125,63375000,2025-07-21 13:30:00
1753191000,629.0999755859375,629.72998046875,626.1900024414062,628.8599853515625,621.9684448242188,60046300,2025-07-22 13:30:00
1753277400,631.5499877929688,634.2100219726562,629.72998046875,634.2100219726562,627.259765625,70511000,2025-07-23 13:30:00
1753363800,634.5999755859375,636.1500244140625,633.989990234375,634.4199829101562,627.4674682617188,71307100,2025-07-24 13:30:00
1753450200,635.0900268554688,637.5800170898438,634.8400268554688,637.0999755859375,630.1181030273438,56865400,2025-07-25 13:30:00
1753709400,637.47998046875,638.0399780273438,635.5399780273438,636.9400024414062,629.9598999023438,54917100,2025-07-28 13:30:00
1753795800,638.3499755859375,638.6699829101562,634.3400268554688,635.260009765625,628.2982788085938,60556300,2025-07-29 13:30:00
1753882200,635.9199829101562,637.6799926757812,631.5399780273438,634.4600219726562,627.507080078125,80418900,2025-07-30 13:30:00
1753968600,639.4600219726562,639.8499755859375,630.77001953125,632.0800170898438,625.1531982421875,103385200,2025-07-31 13:30:00
1754055000,626.2999877929688,626.3400268554688,619.2899780273438,621.719970703125,614.9066162109375,140103600,2025-08-01 13:30:00
1754314200,625.6699829101562,631.219970703125,625.5800170898438,631.1699829101562,624.2530517578125,73218000,2025-08-04 13:30:00
1754400600,631.7899780273438,632.6099853515625,627.0399780273438,627.969970703125,621.0880737304688,68051400,2025-08-05 13:30:00
1754487000,629.0499877929688,633.4400024414062,628.1300048828125,632.780029296875,625.8455200195312,64357500,2025-08-06 13:30:00
1754573400,636.239990234375,636.97998046875,629.1099853515625,632.25,625.3212280273438,74205800,2025-08-07 13:30:00
1754659800,634.0599975585938,637.6500244140625,633.739990234375,637.1799926757812,630.1972045898438,64051600,2025-08-08 13:30:00
1754919000,637.4600219726562,638.9500122070312,634.6599731445312,635.9199829101562,628.9510498046875,58742300,2025-08-11 13:30:00
1755005400,638.2899780273438,642.8499755859375,636.7899780273438,642.6900024414062,635.6468505859375,64730800,2025-08-12 13:30:00
1755091800,644.9099731445312,646.1900024414062,642.6799926757812,644.8900146484375,637.8228149414062,60092800,2025-08-13 13:30:00
1755178200,642.7899780273438,645.6199951171875,642.3400268554688,644.9500122070312,637.882080078125,59327500,2025-08-14 13:30:00
1755264600,645.989990234375,646.0900268554688,642.52001953125,643.4400024414062,636.388671875,68592500,2025-08-15 13:30:00
1755523800,642.8599853515625,644.0,642.1799926757812,643.2999877929688,636.2501220703125,43804900,2025-08-18 13:30:00
1755610200,643.1199951171875,644.1099853515625,638.47998046875,639.8099975585938,632.7984008789062,69750700,2025-08-19 13:30:00
1755696600,639.4000244140625,639.6599731445312,632.9500122070312,638.1099853515625,631.1170043945312,88890300,2025-08-20 13:30:00
1755783000,636.280029296875,637.969970703125,633.8099975585938,635.5499877929688,628.5851440429688,54805800,2025-08-21 13:30:00
1755869400,637.760009765625,646.5,637.25,645.3099975585938,638.2381591796875,84083200,2025-08-22 13:30:00
1756128600,644.0399780273438,645.2899780273438,642.3499755859375,642.469970703125,635.4292602539062,51274300,2025-08-25 13:30:00
1756215000,642.2000122070312,645.510009765625,641.5700073242188,645.1599731445312,638.0897827148438,51581600,2025-08-26 13:30:00
1756301400,644.5700073242188,647.3699951171875,644.4199829101562,646.6300048828125,639.5436401367188,48341100,2025-08-27 13:30:00
1756387800,647.239990234375,649.47998046875,645.3400268554688,648.9199829101562,641.8085327148438,61519500,2025-08-28 13:30:00
1756474200,647.469970703125,647.8400268554688,643.1400146484375,645.0499877929688,637.9810180664062,74522200,2025-08-29 13:30:00
1756819800,637.5,640.489990234375,634.9199829101562,640.27001953125,633.2533569335938,81983500,2025-09-02 13:30:00
1756906200,642.6699829101562,644.2100219726562,640.4600219726562,643.739990234375,636.6853637695312,70820900,2025-09-03 13:30:00
1756992600,644.4199829101562,649.1500244140625,643.510009765625,649.1199951171875,642.00634765625,65219200,2025-09-04 13:30:00
1757079000,651.47998046875,652.2100219726562,643.3300170898438,647.239990234375,640.1470336914062,85178900,2025-09-05 13:30:00
1757338200,648.6199951171875,649.8400268554688,647.22998046875,648.8300170898438,641.7195434570312,63133100,2025-09-08 13:30:00
1757424600,648.969970703125,650.8599853515625,647.219970703125,650.3300170898438,643.2031860351562,66133900,2025-09-09 13:30:00
1757511000,653.6199951171875,654.5499877929688,650.6300048828125,652.2100219726562,645.0625610351562,78034500,2025-09-10 13:30:00
1757597400,654.1799926757812,658.3300170898438,653.5900268554688,657.6300048828125,650.423095703125,69934400,2025-09-11 13:30:00
1757683800,657.5999755859375,659.1099853515625,656.9000244140625,657.4099731445312,650.20556640625,72780100,2025-09-12 13:30:00
1757943000,659.6400146484375,661.0399780273438,659.3400268554688,660.9099731445312,653.6671752929688,63772400,2025-09-15 13:30:00
1758029400,661.469970703125,661.780029296875,659.2100219726562,660.0,652.7671508789062,61169000,2025-09-16 13:30:00
1758115800,660.010009765625,661.719970703125,654.2999877929688,659.1799926757812,651.9561157226562,101952200,2025-09-17 13:30:00
1758202200,661.8900146484375,664.8900146484375,660.27001953125,662.260009765625,655.0023803710938,90459200,2025-09-18 13:30:00
1758288600,662.3300170898438,664.5499877929688,660.3699951171875,663.7000122070312,658.2465209960938,97945600,2025-09-19 13:30:00
1758547800,662.2000122070312,667.2899780273438,662.1699829101562,666.8400268554688,661.3607177734375,69452200,2025-09-22 13:30:00
1758634200,666.719970703125,667.3400268554688,661.97998046875,663.2100219726562,657.7605590820312,81708900,2025-09-23 13:30:00
1758720600,664.510009765625,664.6099853515625,659.6699829101562,661.0999755859375,655.6677856445312,68082200,2025-09-24 13:30:00
1758807000,657.9400024414062,659.4099731445312,654.4099731445312,658.0499877929688,652.6429443359375,89622100,2025-09-25 13:30:00
1758893400,659.510009765625,662.3699951171875,657.8800048828125,661.8200073242188,656.3819580078125,69179200,2025-09-26 13:30:00
1759152600,664.3599853515625,665.280029296875,661.8599853515625,663.6799926757812,658.2266845703125,73499000,2025-09-29 13:30:00
1759239000,662.9299926757812,666.6500244140625,661.6099853515625,666.1799926757812,660.7061157226562,86288000,2025-09-30 13:30:00
1759325400,663.1699829101562,669.3699951171875,663.0599975585938,668.4500122070312,662.9574584960938,72545400,2025-10-01 13:30:00
1759411800,670.4500122070312,670.5700073242188,666.780029296875,669.219970703125,663.7210693359375,56896000,2025-10-02 13:30:00
1759498200,669.989990234375,672.6799926757812,668.1599731445312,669.2100219726562,663.7112426757812,70494400,2025-10-03 13:30:00
1759757400,671.6199951171875,672.510009765625,669.4600219726562,671.6099853515625,666.0914916992188,54623300,2025-10-06 13:30:00
1759843800,672.5399780273438,672.989990234375,667.6699829101562,669.1199951171875,663.6219482421875,72020100,2025-10-07 13:30:00
1759930200,670.25,673.2100219726562,669.4199829101562,673.1099853515625,667.5791625976562,60702200,2025-10-08 13:30:00
1760016600,673.530029296875,673.9400024414062,669.2100219726562,671.1599731445312,665.6452026367188,66501900,2025-10-09 13:30:00
1760103000,672.1300048828125,673.9500122070312,652.8400268554688,653.02001953125,647.6542358398438,159422600,2025-10-10 13:30:00
1760362200,660.6500244140625,665.1300048828125,659.77001953125,663.0399780273438,657.5919189453125,79560500,2025-10-13 13:30:00
1760448600,657.1699829101562,665.8300170898438,653.1699829101562,662.22998046875,656.78857421875,88779600,2025-10-14 13:30:00
1760535000,666.8200073242188,670.22998046875,658.9299926757812,665.1699829101562,659.7044067382812,81702600,2025-10-15 13:30:00
1760621400,666.8200073242188,668.7100219726562,657.1099853515625,660.6400146484375,655.2117309570312,110563300,2025-10-16 13:30:00
1760707800,659.5,665.760009765625,658.1400146484375,664.3900146484375,658.9308471679688,96500900,2025-10-17 13:30:00
1760967000,667.3200073242188,672.2100219726562,667.27001953125,671.2999877929688,665.7840576171875,60493400,2025-10-20 13:30:00
1761053400,671.4400024414062,672.989990234375,669.97998046875,671.2899780273438,665.7741088867188,56249000,2025-10-21 13:30:00
1761139800,672.0,672.0,663.2999877929688,667.7999877929688,662.3128051757812,80564000,2025-10-22 13:30:00
1761226200,668.1199951171875,672.7100219726562,667.7999877929688,671.760009765625,666.2402954101562,65604500,2025-10-23 13:30:00
1761312600,676.4600219726562,678.469970703125,675.6500244140625,677.25,671.6851806640625,74356500,2025-10-24 13:30:00
1761571800,682.72998046875,685.5399780273438,682.1199951171875,685.239990234375,679.6094970703125,63339800,2025-10-27 13:30:00
1761658200,687.0499877929688,688.9099731445312,684.8300170898438,687.0599975585938,681.4144897460938,61738100,2025-10-28 13:30:00
1761744600,688.719970703125,689.7000122070312,682.8699951171875,687.3900146484375,681.7418823242188,85657100,2025-10-29 13:30:00
1761831000,683.9000244140625,685.9400024414062,679.8300170898438,679.8300170898438,674.2440185546875,76335800,2025-10-30 13:30:00
1761917400,685.0399780273438,685.0800170898438,679.239990234375,682.0599975585938,676.4556274414062,87164100,2025-10-31 13:30:00
1762180200,685.6699829101562,685.7999877929688,679.9400024414062,683.3400268554688,677.7251586914062,57315000,2025-11-03 14:30:00
1762266600,676.1099853515625,679.9600219726562,674.5800170898438,675.239990234375,669.6917114257812,78427000,2025-11-04 14:30:00
1762353000,674.97998046875,680.8599853515625,674.1699829101562,677.5800170898438,672.012451171875,74402400,2025-11-05 14:30:00
1762439400,676.469970703125,677.3800048828125,668.719970703125,670.3099975585938,664.8021850585938,85035300,2025-11-06 14:30:00
1762525800,667.9099731445312,671.0800170898438,661.2100219726562,670.969970703125,665.4567260742188,100592400,2025-11-07 14:30:00
1762785000,677.239990234375,682.1799926757812,675.030029296875,681.4400024414062,675.8407592773438,75842900,2025-11-10 14:30:00
1762871400,679.9500122070312,683.5700073242188,678.72998046875,683.0,677.3878784179688,58953400,2025-11-11 14:30:00
1762957800,684.7899780273438,684.9600219726562,680.9500122070312,683.3800048828125,677.7647705078125,62312500,2025-11-12 14:30:00
1763044200,680.5,680.8599853515625,670.52001953125,672.0399780273438,666.5180053710938,103457800,2025-11-13 14:30:00
1763130600,665.3800048828125,675.6599731445312,663.27001953125,671.9299926757812,666.4088745117188,96846700,2025-11-14 14:30:00
1763389800,669.7000122070312,673.7100219726562,662.1699829101562,665.6699829101562,660.2002563476562,90456100,2025-11-17 14:30:00
1763476200,662.0999755859375,665.1199951171875,655.8599853515625,660.0800170898438,654.6561889648438,114467500,2025-11-18 14:30:00
1763562600,660.780029296875,667.3400268554688,658.75,662.6300048828125,657.185302734375,94703000,2025-11-19 14:30:00
1763649000,672.9099731445312,675.5599975585938,651.8900146484375,652.530029296875,647.1683349609375,165293500,2025-11-20 14:30:00
1763735400,655.0499877929688,664.5499877929688,650.8499755859375,659.030029296875,653.6148681640625,123956200,2025-11-21 14:30:00
1763994600,662.6900024414062,670.0599975585938,661.5900268554688,668.72998046875,663.2351684570312,80437900,2025-11-24 14:30:00
1764081000,668.6300048828125,676.2100219726562,664.47998046875,675.02001953125,669.4734497070312,81077100,2025-11-25 14:30:00
1764167400,677.6300048828125,681.7000122070312,676.719970703125,679.6799926757812,674.09521484375,71879600,2025-11-26 14:30:00
1764340200,680.8599853515625,683.6699829101562,680.5,683.3900146484375,677.7747192382812,49212000,2025-11-28 14:30:00
1764599400,678.8099975585938,682.989990234375,678.739990234375,680.27001953125,674.6802978515625,61201200,2025-12-01 14:30:00
1764685800,681.9199829101562,683.8200073242188,679.3300170898438,681.530029296875,675.9300537109375,62953800,2025-12-02 14:30:00
1764772200,680.5700073242188,684.9099731445312,679.6900024414062,683.8900146484375,678.2706298828125,57238500,2025-12-03 14:30:00
1764858600,685.2999877929688,685.3699951171875,681.3400268554688,684.3900146484375,678.7665405273438,61970300,2025-12-04 14:30:00
1764945000,685.469970703125,688.3900146484375,684.5800170898438,685.6900024414062,680.0557861328125,79241000,2025-12-05 14:30:00
1765204200,686.5900268554688,686.6400146484375,681.5700073242188,683.6300048828125,678.0127563476562,55231500,2025-12-08 14:30:00
1765290600,683.1500244140625,685.3900146484375,682.5900268554688,683.0399780273438,677.4276123046875,58310100,2025-12-09 14:30:00
1765377000,682.5599975585938,688.969970703125,681.3099975585938,687.5700073242188,681.92041015625,85671300,2025-12-10 14:30:00
1765463400,685.1400146484375,689.25,682.1699829101562,689.1699829101562,683.5072631835938,86173700,2025-12-11 14:30:00
1765549800,688.1699829101562,688.8800048828125,679.1699829101562,681.760009765625,676.1581420898438,113160300,2025-12-12 14:30:00
1765809000,685.739990234375,685.760009765625,679.25,680.72998046875,675.1365356445312,90811000,2025-12-15 14:30:00
1765895400,679.22998046875,681.0800170898438,674.97998046875,678.8699951171875,673.2918701171875,122030600,2025-12-16 14:30:00
1765981800,679.8900146484375,680.4400024414062,671.2000122070312,671.4000244140625,665.8832397460938,110625200,2025-12-17 14:30:00
1766068200,677.5999755859375,680.739990234375,674.9000244140625,676.469970703125,670.9114990234375,108650100,2025-12-18 14:30:00
1766154600,676.5900268554688,681.0900268554688,676.469970703125,680.5900268554688,676.9923095703125,103599500,2025-12-19 14:30:00
1766413800,683.9400024414062,685.3599853515625,680.5900268554688,684.8300170898438,681.2098388671875,69556700,2025-12-22 14:30:00
1766500200,683.9199829101562,688.2000122070312,683.8699951171875,687.9600219726562,684.3233032226562,64840000,2025-12-23 14:30:00
1766586600,687.9500122070312,690.8300170898438,687.7999877929688,690.3800048828125,686.7305297851562,39445600,2025-12-24 14:30:00
1766759400,690.6400146484375,691.6599731445312,689.27001953125,690.3099975585938,686.660888671875,41613300,2025-12-26 14:30:00
1767018600,687.5399780273438,689.2000122070312,686.0700073242188,687.8499755859375,684.2138671875,62559500,2025-12-29 14:30:00
1767105000,687.4500122070312,688.5599975585938,686.5800170898438,687.010009765625,683.3782958984375,47160700,2025-12-30 14:30:00
1767191400,687.1400146484375,687.3599853515625,681.7100219726562,681.9199829101562,678.3152465820312,74144800,2025-12-31 14:30:00
1767364200,685.7100219726562,686.8699951171875,679.8200073242188,683.1699829101562,679.55859375,89377200,2026-01-02 14:30:00
1767623400,686.5399780273438,689.4299926757812,686.3800048828125,687.719970703125,684.0845947265625,71927200,2026-01-05 14:30:00
1767709800,687.9299926757812,692.3200073242188,687.780029296875,691.8099975585938,688.1529541015625,69273800,2026-01-06 14:30:00
1767796200,692.1900024414062,693.9600219726562,689.3200073242188,689.5800170898438,685.9347534179688,75588300,2026-01-07 14:30:00
1767882600,688.8200073242188,690.6199951171875,687.489990234375,689.510009765625,685.8651123046875,64019200,2026-01-08 14:30:00
1767969000,690.6300048828125,695.3099975585938,689.1799926757812,694.0700073242188,690.4010009765625,80125500,2026-01-09 14:30:00
1768228200,690.6799926757812,696.0900268554688,690.6300048828125,695.1599731445312,691.4852294921875,63976000,2026-01-12 14:30:00
1768314600,695.489990234375,696.0900268554688,691.3499755859375,693.77001953125,690.1026000976562,78309700,2026-01-13 14:30:00
1768401000,691.0,691.719970703125,686.0399780273438,690.3599853515625,686.7105712890625,94676700,2026-01-14 14:30:00
1768487400,694.5700073242188,695.4500122070312,691.25,692.239990234375,688.5806884765625,77862000,2026-01-15 14:30:00
1768573800,693.6599731445312,694.25,690.0999755859375,691.6599731445312,688.0037231445312,79289200,2026-01-16 14:30:00
1768919400,681.489990234375,684.77001953125,676.5700073242188,677.5800170898438,673.9981689453125,111623300,2026-01-20 14:30:00
1769005800,679.6500244140625,688.739990234375,678.1300048828125,685.4000244140625,681.77685546875,127844500,2026-01-21 14:30:00
1769092200,689.8499755859375,691.1300048828125,686.9199829101562,688.97998046875,685.3379516601562,77112200,2026-01-22 14:30:00
1769178600,688.1500244140625,690.9600219726562,687.1599731445312,689.22998046875,685.5865478515625,63059600,2026-01-23 14:30:00
1769437800,690.489990234375,694.1300048828125,689.9199829101562,692.72998046875,689.068115234375,60473800,2026-01-26 14:30:00
1769524200,694.1799926757812,696.530029296875,693.5700073242188,695.489990234375,691.8134765625,55506100,2026-01-27 14:30:00
1769610600,697.0499877929688,697.8400268554688,693.9400024414062,695.4199829101562,691.7438354492188,61172200,2026-01-28 14:30:00
1769697000,696.3900146484375,697.0599975585938,684.8300170898438,694.0399780273438,690.3711547851562,97486200,2026-01-29 14:30:00
1769783400,691.7899780273438,694.2100219726562,687.1199951171875,691.969970703125,688.3121337890625,101835100,2026-01-30 14:30:00
1770042600,689.5800170898438,696.9299926757812,689.4199829101562,695.4099731445312,691.73388671875,79286500,2026-02-02 14:30:00
1770129000,696.2100219726562,696.9600219726562,684.030029296875,689.530029296875,685.885009765625,107904600,2026-02-03 14:30:00
1770215400,690.3499755859375,691.4500122070312,681.760009765625,686.1900024414062,682.5626831054688,105204600,2026-02-04 14:30:00
1770301800,680.9400024414062,683.6900024414062,675.7899780273438,677.6199951171875,674.0379638671875,113610800,2026-02-05 14:30:00
1770388200,681.4600219726562,692.3099975585938,680.8499755859375,690.6199951171875,686.96923828125,89127600,2026-02-06 14:30:00
1770647400,689.4199829101562,695.8699951171875,688.3400268554688,693.9500122070312,690.2816162109375,73885200,2026-02-09 14:30:00
1770733800,694.9500122070312,696.5399780273438,691.6599731445312,692.1199951171875,688.4613037109375,65185700,2026-02-10 14:30:00
1770820200,696.3900146484375,697.1400146484375,689.1799926757812,691.9600219726562,688.3021850585938,76353900,2026-02-11 14:30:00
1770906600,694.239990234375,695.3499755859375,680.3699951171875,681.27001953125,677.668701171875,118829000,2026-02-12 14:30:00
1770993000,681.6900024414062,686.280029296875,677.52001953125,681.75,678.1461181640625,96267500,2026-02-13 14:30:00
1771338600,680.1400146484375,684.9400024414062,675.780029296875,682.8499755859375,679.2402954101562,81354700,2026-02-17 14:30:00
1771425000,684.02001953125,689.1500244140625,682.8300170898438,686.2899780273438,682.662109375,73570300,2026-02-18 14:30:00
1771511400,683.8400268554688,686.1799926757812,681.5499877929688,684.47998046875,680.8616943359375,58649400,2026-02-19 14:30:00
1771597800,682.3200073242188,690.0599975585938,681.72998046875,689.4299926757812,685.7855834960938,100034000,2026-02-20 14:30:00
1771857000,687.8300170898438,690.0,680.3699951171875,682.3900146484375,678.7827758789062,90558100,2026-02-23 14:30:00
1771943400,681.9000244140625,688.3499755859375,680.0,687.3499755859375,683.7164916992188,73798700,2026-02-24 14:30:00
1772029800,690.1799926757812,693.6799926757812,690.0999755859375,693.1500244140625,689.4859008789062,56369500,2026-02-25 14:30:00
1772116200,693.280029296875,693.2999877929688,684.3499755859375,689.2999877929688,685.6561889648438,71671000,2026-02-26 14:30:00
1772202600,683.0900268554688,686.8599853515625,681.6400146484375,685.989990234375,682.3637084960938,83308900,2026-02-27 14:30:00
1772461800,678.7000122070312,688.6199951171875,678.02001953125,686.3800048828125,682.7516479492188,87477200,2026-03-02 14:30:00
1772548200,675.0599975585938,682.6099853515625,669.6599731445312,680.3300170898438,676.7337036132812,105003100,2026-03-03 14:30:00
1772634600,681.6300048828125,687.0900268554688,679.6199951171875,685.1300048828125,681.50830078125,79182200,2026-03-04 14:30:00
1772721000,682.0800170898438,685.530029296875,675.6099853515625,681.3099975585938,677.7084350585938,106606500,2026-03-05 14:30:00
1772807400,673.4099731445312,676.1099853515625,669.760009765625,672.3800048828125,668.8256225585938,100687000,2026-03-06 14:30:00
1773063000,666.3900146484375,679.9199829101562,662.3900146484375,678.27001953125,674.6845092773438,102667700,2026-03-09 13:30:00
1773149400,677.719970703125,683.3599853515625,674.760009765625,677.1799926757812,673.6002807617188,81505300,2026-03-10 13:30:00
1773235800,677.5800170898438,680.0800170898438,673.3400268554688,676.3300170898438,672.7548217773438,68441700,2026-03-11 13:30:00
1773322200,671.1599731445312,671.6500244140625,665.8699951171875,666.0599975585938,662.5390625,108882200,2026-03-12 13:30:00
1773408600,669.27001953125,672.3400268554688,661.3599853515625,662.2899780273438,658.7890014648438,97200200,2026-03-13 13:30:00
1773667800,668.3800048828125,672.0700073242188,667.1199951171875,669.030029296875,665.493408203125,82023100,2026-03-16 13:30:00
1773754200,672.3900146484375,674.4400024414062,669.7000122070312,670.7899780273438,667.2440185546875,87128000,2026-03-17 13:30:00
1773840600,668.3599853515625,669.719970703125,661.1900024414062,661.4299926757812,657.9335327148438,82062600,2026-03-18 13:30:00
1773927000,656.969970703125,662.97998046875,655.1699829101562,659.7999877929688,656.3121337890625,111272500,2026-03-19 13:30:00
1774013400,656.510009765625,656.6900024414062,644.719970703125,648.5700073242188,646.9034423828125,163617500,2026-03-20 13:30:00
1774272600,658.0700073242188,662.6199951171875,653.9400024414062,655.3800048828125,653.6959228515625,134802700,2026-03-23 13:30:00
1774359000,651.3200073242188,657.030029296875,649.8800048828125,653.1799926757812,651.5015869140625,96457500,2026-03-24 13:30:00
1774445400,658.6699829101562,660.8900146484375,654.239990234375,656.8200073242188,655.1322021484375,90653800,2026-03-25 13:30:00
1774531800,652.0599975585938,654.8499755859375,644.8200073242188,645.0900268554688,643.432373046875,96494400,2026-03-26 13:30:00
1774618200,642.5,642.6599731445312,633.1099853515625,634.0900268554688,632.4606323242188,103649400,2026-03-27 13:30:00
1774877400,640.1099853515625,640.3699951171875,629.280029296875,631.969970703125,630.3460693359375,99275900,2026-03-30 13:30:00
1774963800,638.9400024414062,651.5399780273438,637.97998046875,650.3400268554688,648.6688842773438,152534100,2026-03-31 13:30:00
1775050200,653.9000244140625,658.52001953125,653.0,655.239990234375,653.5562744140625,97841500,2026-04-01 13:30:00
1775136600,646.4199829101562,658.2000122070312,645.1099853515625,655.8300170898438,654.144775390625,68358700,2026-04-02 13:30:00
1775482200,655.8599853515625,659.719970703125,655.52001953125,658.9299926757812,657.23681640625,39105800,2026-04-06 13:30:00
1775568600,656.6500244140625,659.6099853515625,651.0599975585938,659.219970703125,657.5260009765625,69980400,2026-04-07 13:30:00
1775655000,676.3900146484375,677.0800170898438,671.4600219726562,676.010009765625,674.27294921875,93606100,2026-04-08 13:30:00
1775741400,674.8400268554688,681.1599731445312,673.77001953125,679.9099731445312,678.162841796875,57134400,2026-04-09 13:30:00
1775827800,681.3200073242188,682.030029296875,678.4500122070312,679.4600219726562,677.7140502929688,42253500,2026-04-10 13:30:00
1776087000,677.4099731445312,686.2999877929688,676.5800170898438,686.0999755859375,684.3369750976562,54185800,2026-04-13 13:30:00
1776173400,687.6900024414062,694.5800170898438,687.6599731445312,694.4600219726562,692.675537109375,63480500,2026-04-14 13:30:00
1776259800,695.260009765625,700.280029296875,694.2000122070312,699.9400024414062,698.1414184570312,58240400,2026-04-15 13:30:00
1776346200,701.0599975585938,702.780029296875,698.530029296875,701.6599731445312,699.8569946289062,49972400,2026-04-16 13:30:00
1776432600,706.1400146484375,712.3900146484375,705.760009765625,710.1400146484375,708.3152465820312,70661900,2026-04-17 13:30:00
1776691800,708.780029296875,709.9099731445312,706.1400146484375,708.719970703125,706.8988037109375,43546800,2026-04-20 13:30:00
1776778200,710.280029296875,711.280029296875,702.6400146484375,704.0800170898438,702.2708129882812,58941400,2026-04-21 13:30:00
1776864600,709.1500244140625,711.4500122070312,708.219970703125,711.2100219726562,709.3825073242188,42518500,2026-04-22 13:30:00
1776951000,709.5,712.3599853515625,702.280029296875,708.4500122070312,706.6295776367188,56174000,2026-04-23 13:30:00
1777037400,710.75,714.469970703125,709.010009765625,713.9400024414062,712.10546875,45182000,2026-04-24 13:30:00
1777296600,713.1699829101562,715.6300048828125,712.2999877929688,715.1699829101562,713.332275390625,33135900,2026-04-27 13:30:00
1777383000,711.8200073242188,712.8800048828125,709.25,711.6900024414062,709.8612060546875,43117400,2026-04-28 13:30:00
1777469400,711.0,712.2000122070312,708.3699951171875,711.5800170898438,709.7515258789062,41859200,2026-04-29 13:30:00
1777555800,714.6300048828125,719.7899780273438,710.4500122070312,718.6599731445312,716.8132934570312,67240900,2026-04-30 13:30:00
1777642200,721.25,724.8699951171875,720.469970703125,720.6500244140625,718.7982177734375,43049800,2026-05-01 13:30:00
1777901400,720.0700073242188,722.1199951171875,714.989990234375,718.010009765625,716.1649780273438,51950600,2026-05-04 13:30:00
1777987800,721.77001953125,725.0399780273438,721.489990234375,723.77001953125,721.9102172851562,36933200,2026-05-05 13:30:00
1778074200,728.1599731445312,734.5900268554688,727.8200073242188,733.8300170898438,731.9443359375,53288900,2026-05-06 13:30:00
1778160600,735.0499877929688,736.1300048828125,729.75,731.5800170898438,729.7001342773438,51724600,2026-05-07 13:30:00
1778247000,734.9299926757812,738.0800170898438,734.5700073242188,737.6199951171875,735.724609375,47227100,2026-05-08 13:30:00
1778506200,736.4500122070312,740.7899780273438,736.4500122070312,739.2999877929688,737.4002685546875,44024000,2026-05-11 13:30:00
1778592600,736.8900146484375,738.8400268554688,731.8300170898438,738.1799926757812,736.2831420898438,54185300,2026-05-12 13:30:00
1778679000,738.469970703125,743.9099731445312,735.469970703125,742.3099975585938,740.4025268554688,44200200,2026-05-13 13:30:00
1778765400,743.6500244140625,749.530029296875,743.5599975585938,748.1699829101562,746.2474975585938,45307600,2026-05-14 13:30:00
1778851800,741.7899780273438,743.4600219726562,737.9600219726562,739.1699829101562,737.2706298828125,60410800,2026-05-15 13:30:00
1779111000,739.8300170898438,741.4199829101562,733.3900146484375,738.6500244140625,736.751953125,47843900,2026-05-18 13:30:00
1779197400,734.780029296875,737.6500244140625,731.530029296875,733.72998046875,731.8446044921875,54255900,2026-05-19 13:30:00
1779283800,735.7100219726562,741.8699951171875,733.8900146484375,741.25,739.3452758789062,45768000,2026-05-20 13:30:00
1779370200,738.6400146484375,744.8699951171875,737.030029296875,742.719970703125,740.8114624023438,43332200,2026-05-21 13:30:00
1779456600,746.239990234375,748.9400024414062,744.47998046875,745.6400146484375,743.7239990234375,41762000,2026-05-22 13:30:00
1779802200,750.010009765625,752.1300048828125,748.3699951171875,750.5900268554688,748.6613159179688,41123600,2026-05-26 13:30:00
1779888600,750.8800048828125,751.3800048828125,748.219970703125,750.4600219726562,748.5316162109375,42106300,2026-05-27 13:30:00
1779975000,750.25,755.1500244140625,749.22998046875,754.5999755859375,752.6609497070312,41562600,2026-05-28 13:30:00
1780061400,755.9000244140625,758.0800170898438,754.6900024414062,756.47998046875,754.5361328125,55075700,2026-05-29 13:30:00
1780320600,755.3599853515625,760.280029296875,754.6900024414062,758.5399780273438,756.5908203125,43634900,2026-06-01 13:30:00
1780407000,757.030029296875,760.4000244140625,756.75,759.5700073242188,757.6182250976562,31581900,2026-06-02 13:30:00
1780493400,758.1500244140625,758.7999877929688,753.5700073242188,754.239990234375,752.3018798828125,51402500,2026-06-03 13:30:00
1780579800,752.0999755859375,758.3099975585938,751.469970703125,757.0900268554688,755.1445922851562,49923000,2026-06-04 13:30:00
1780666200,752.3099975585938,752.8200073242188,735.530029296875,737.5499877929688,735.65478515625,93989400,2026-06-05 13:30:00
1780925400,743.3599853515625,745.3400268554688,738.1900024414062,739.219970703125,737.3204345703125,49319100,2026-06-08 13:30:00
1781011800,743.6300048828125,746.9000244140625,722.5900268554688,737.0499877929688,735.1560668945312,87683500,2026-06-09 13:30:00
1781098200,733.3900146484375,738.3800048828125,725.3300170898438,725.4299926757812,723.56591796875,60341300,2026-06-10 13:30:00
1781184600,728.760009765625,740.0,724.4099731445312,737.760009765625,735.8642578125,86330500,2026-06-11 13:30:00
1781271000,740.7100219726562,744.4400024414062,735.030029296875,741.75,739.843994140625,57079500,2026-06-12 13:30:00
1781530200,751.8499755859375,756.6799926757812,751.760009765625,754.8300170898438,752.890380859375,60176400,2026-06-15 13:30:00
1781616600,754.5499877929688,755.4400024414062,749.8800048828125,750.3300170898438,748.4019775390625,67093100,2026-06-16 13:30:00
1781703000,751.2899780273438,752.1500244140625,739.219970703125,740.9600219726562,739.0560302734375,85945200,2026-06-17 13:30:00
1781789400,747.760009765625,748.22998046875,743.8599853515625,746.739990234375,746.739990234375,80875700,2026-06-18 13:30:00
1782135000,747.7000122070312,750.1799926757812,743.1300048828125,744.3900146484375,744.3900146484375,46628100,2026-06-22 13:30:00
1782221400,733.8099975585938,739.6300048828125,732.2999877929688,733.5800170898438,733.5800170898438,66846800,2026-06-23 13:30:00
1782307800,735.1699829101562,739.9500122070312,730.8400268554688,733.239990234375,733.239990234375,57439500,2026-06-24 13:30:00
1782394200,738.9099731445312,739.3699951171875,729.5999755859375,734.2999877929688,734.2999877929688,53934400,2026-06-25 13:30:00
1782480600,728.9500122070312,736.530029296875,716.5800170898438,728.989990234375,728.989990234375,71034000,2026-06-26 13:30:00
1782739800,736.530029296875,741.5599975585938,732.0900268554688,741.0,741.0,58035200,2026-06-29 13:30:00
1782826200,741.2899780273438,748.02001953125,740.8900146484375,746.77001953125,746.77001953125,55626000,2026-06-30 13:30:00
1782912600,745.0,749.4400024414062,742.3800048828125,745.760009765625,745.760009765625,47100900,2026-07-01 13:30:00
1782999000,747.4000244140625,751.3099975585938,740.030029296875,744.780029296875,744.780029296875,57447800,2026-07-02 13:30:00
1783344600,748.739990234375,752.4099731445312,747.4099731445312,751.280029296875,751.280029296875,50673300,2026-07-06 13:30:00
1783431000,750.219970703125,750.9600219726562,745.2100219726562,747.7100219726562,747.7100219726562,43721500,2026-07-07 13:30:00
1783517400,743.1599731445312,746.1500244140625,739.510009765625,745.4000244140625,745.4000244140625,43767400,2026-07-08 13:30:00
1783603800,747.3499755859375,751.969970703125,745.5900268554688,751.7100219726562,751.7100219726562,41441700,2026-07-09 13:30:00
1783690200,752.0499877929688,755.4199829101562,748.0999755859375,754.9500122070312,754.9500122070312,42191300,2026-07-10 13:30:00
1783949400,752.469970703125,753.9099731445312,748.0,749.1699829101562,749.1699829101562,44013600,2026-07-13 13:30:00
1784035800,750.9099731445312,753.3400268554688,748.6599731445312,751.8300170898438,751.8300170898438,35143100,2026-07-14 13:30:00
1784122200,754.239990234375,755.5800170898438,750.2000122070312,754.8099975585938,754.8099975585938,43844800,2026-07-15 13:30:00
1784208600,752.760009765625,754.5700073242188,747.8800048828125,750.719970703125,750.719970703125,46409800,2026-07-16 13:30:00
1784295000,742.0800170898438,747.2899780273438,740.7999877929688,743.2899780273438,743.2899780273438,62651000,2026-07-17 13:30:00
1784554200,747.0599975585938,748.72998046875,741.510009765625,742.0900268554688,742.0900268554688,50422300,2026-07-20 13:30:00
1784640600,746.2899780273438,749.0399780273438,744.1799926757812,748.280029296875,748.280029296875,34324300,2026-07-21 13:30:00
1784727000,746.6199951171875,750.02001953125,746.3699951171875,747.4099731445312,747.4099731445312,32836200,2026-07-22 13:30:00
1784813400,739.3699951171875,742.5599975585938,735.2100219726562,738.1799926757812,738.1799926757812,55437300,2026-07-23 13:30:00
1784899800,738.510009765625,743.719970703125,737.2899780273438,738.9299926757812,738.9299926757812,44782000,2026-07-24 13:30:00
1785159000,744.9099731445312,745.530029296875,735.8699951171875,739.0900268554688,739.0900268554688,41461200,2026-07-27 13:30:00
1785245400,739.1900024414062,742.7899780273438,735.97998046875,740.8599853515625,740.8599853515625,47322200,2026-07-28 13:30:00
1785331800,739.969970703125,742.6799926757812,729.0999755859375,729.4600219726562,729.4600219726562,70697200,2026-07-29 13:30:00
1785418200,736.0499877929688,742.4500122070312,734.5900268554688,741.6900024414062,741.6900024414062,66811300,2026-07-30 13:30:00
1785504600,744.6799926757812,748.9000244140625,737.6799926757812,747.030029296875,747.030029296875,62445900,2026-07-31 13:30:00
1785763800,749.4400024414062,758.5800170898438,748.7999877929688,757.6699829101562,757.6699829101562,59927500,2026-08-03 13:30:00
1785850200,760.6300048828125,773.4099731445312,760.52001953125,771.3300170898438,771.3300170898438,69154800,2026-08-04 13:30:00
1785936600,775.8499755859375,776.8499755859375,769.510009765625,769.7899780273438,769.7899780273438,44689100,2026-08-05 13:30:00
1786023000,770.2100219726562,771.8200073242188,767.4600219726562,768.5599975585938,768.5599975585938,38416900,2026-08-06 13:30:00
1786109400,771.02001953125,773.9199829101562,769.6099853515625,773.260009765625,773.260009765625,43586300,2026-08-07 13:30:00
1786368600,772.5999755859375,775.0499877929688,771.6199951171875,773.030029296875,773.030029296875,39249500,2026-08-10 13:30:00
1786455000,774.530029296875,774.6099853515625,769.2000122070312,770.5599975585938,770.5599975585938,36740600,2026-08-11 13:30:00
1786541400,774.7100219726562,774.9000244140625,771.280029296875,772.489990234375,772.489990234375,33179100,2026-08-12 13:30:00
1786627800,774.8699951171875,779.3699951171875,774.1099853515625,777.8800048828125,777.8800048828125,35634500,2026-08-13 13:30:00
1786714200,778.5399780273438,778.7999877929688,775.4299926757812,776.3400268554688,776.3400268554688,31367900,2026-08-14 13:30:00
1786973400,776.1799926757812,776.780029296875,772.510009765625,772.6699829101562,772.6699829101562,34356600,2026-08-17 13:30:00
1787059800,768.7000122070312,769.5,766.9199829101562,767.4500122070312,767.4500122070312,43920900,2026-08-18 13:30:00
1787146200,770.3599853515625,772.469970703125,768.0999755859375,769.0599975585938,769.0599975585938,40306000,2026-08-19 13:30:00
1787232600,765.9600219726562,768.1500244140625,762.0399780273438,762.5999755859375,762.5999755859375,45520300,2026-08-20 13:30:00
1787319000,766.0499877929688,767.8499755859375,764.1699829101562,765.719970703125,765.719970703125,39188700,2026-08-21 13:30:00
1787578200,764.780029296875,765.219970703125,762.0800170898438,763.469970703125,763.469970703125,32430900,2026-08-24 13:30:00
1787664600,766.1599731445312,766.780029296875,763.0499877929688,765.9099731445312,765.9099731445312,27422300,2026-08-25 13:30:00
1787751000,764.72998046875,767.3499755859375,763.9299926757812,766.0800170898438,766.0800170898438,28751600,2026-08-26 13:30:00
1787837400,768.5,772.3599853515625,767.1599731445312,771.0999755859375,771.0999755859375,34557100,2026-08-27 13:30:00
1787923800,771.760009765625,775.2999877929688,768.3099975585938,769.3499755859375,769.3499755859375,36744300,2026-08-28 13:30:00
1788183000,767.3300170898438,768.0,764.719970703125,767.0499877929688,767.0499877929688,38810800,2026-08-31 13:30:00
1788269400,762.010009765625,764.6699829101562,759.47998046875,761.780029296875,761.780029296875,41126300,2026-09-01 13:30:00
1788355800,762.4500122070312,766.4299926757812,761.72998046875,765.1599731445312,765.1599731445312,29566200,2026-09-02 13:30:00
1788442200,767.9000244140625,774.030029296875,767.4500122070312,773.1699829101562,773.1699829101562,43531600,2026-09-03 13:30:00
1788528600,772.010009765625,772.8699951171875,769.0,770.1900024414062,770.1900024414062,34054200,2026-09-04 13:30:00
1788874200,769.0700073242188,769.7000122070312,765.1400146484375,765.9600219726562,765.9600219726562,44746100,2026-09-08 13:30:00
1788960600,764.0800170898438,764.469970703125,760.9400024414062,762.4000244140625,762.4000244140625,32812400,2026-09-09 13:30:00
1789047000,758.030029296875,760.1099853515625,756.6400146484375,757.8300170898438,757.8300170898438,42740400,2026-09-10 13:30:00
1789133400,764.719970703125,766.3800048828125,763.5999755859375,764.2899780273438,764.2899780273438,45512700,2026-09-11 13:30:00
1789392600,759.0,763.52001953125,757.9299926757812,760.8800048828125,760.8800048828125,43992400,2026-09-14 13:30:00
1789479000,760.1199951171875,760.3499755859375,756.1500244140625,757.3900146484375,757.3900146484375,46195000,2026-09-15 13:30:00
1789565400,759.5,761.6500244140625,749.5999755859375,751.64501953125,751.64501953125,39374238,2026-09-16 13:30:00
