ts,open,high,low,close,volume,dt_utc
1782221400,733.8099975585938,734.22998046875,732.2999877929688,733.9099731445312,4055119,2026-06-23 13:30:00+00:00
1782221700,733.9000244140625,734.5599975585938,732.4149780273438,734.3800048828125,1234551,2026-06-23 13:35:00+00:00
1782222000,734.3800048828125,735.3858032226562,733.7999877929688,734.9400024414062,965762,2026-06-23 13:40:00+00:00
1782222300,734.9000244140625,736.9500122070312,734.5399780273438,736.3800048828125,861863,2026-06-23 13:45:00+00:00
1782222600,736.3900146484375,737.1400146484375,736.3599853515625,736.6199951171875,855974,2026-06-23 13:50:00+00:00
1782222900,736.5999755859375,737.22998046875,736.0800170898438,737.1699829101562,612748,2026-06-23 13:55:00+00:00
1782223200,737.125,738.3499755859375,737.0,738.02001953125,917721,2026-06-23 14:00:00+00:00
1782223500,738.02001953125,738.5599975585938,737.6300048828125,738.3800048828125,695831,2026-06-23 14:05:00+00:00
1782223800,738.4099731445312,739.030029296875,738.1599731445312,738.9000244140625,773079,2026-06-23 14:10:00+00:00
1782224100,738.8900146484375,739.239990234375,738.530029296875,739.1400146484375,438915,2026-06-23 14:15:00+00:00
1782224400,739.1500244140625,739.6300048828125,738.510009765625,738.8400268554688,589658,2026-06-23 14:20:00+00:00
1782224700,738.8400268554688,739.010009765625,738.1300048828125,738.9000244140625,467204,2026-06-23 14:25:00+00:00
1782225000,738.9000244140625,739.1099853515625,737.780029296875,738.1599731445312,531494,2026-06-23 14:30:00+00:00
1782225300,738.1500244140625,738.7999877929688,737.5700073242188,737.5999755859375,369989,2026-06-23 14:35:00+00:00
1782225600,737.6400146484375,738.1510009765625,737.2050170898438,737.39501953125,430264,2026-06-23 14:40:00+00:00
1782225900,737.4000244140625,737.5900268554688,736.7100219726562,737.3250122070312,482998,2026-06-23 14:45:00+00:00
1782226200,737.3300170898438,737.9600219726562,736.7899780273438,737.1799926757812,521719,2026-06-23 14:50:00+00:00
1782226500,737.1599731445312,737.3200073242188,736.5,737.0,393516,2026-06-23 14:55:00+00:00
1782226800,737.030029296875,737.4299926757812,736.4400024414062,736.5599975585938,330544,2026-06-23 15:00:00+00:00
1782227100,736.5499877929688,736.6950073242188,735.280029296875,735.9600219726562,508830,2026-06-23 15:05:00+00:00
1782227400,735.989990234375,736.239990234375,735.6799926757812,736.114990234375,351534,2026-06-23 15:10:00+00:00
1782227700,736.0999755859375,736.239990234375,735.1599731445312,735.22998046875,278320,2026-06-23 15:15:00+00:00
1782228000,735.239990234375,735.530029296875,734.5900268554688,734.6199951171875,373969,2026-06-23 15:20:00+00:00
1782228300,734.6199951171875,734.8900146484375,734.260009765625,734.5900268554688,501322,2026-06-23 15:25:00+00:00
1782228600,734.5999755859375,735.260009765625,734.4299926757812,734.969970703125,515678,2026-06-23 15:30:00+00:00
1782228900,734.97998046875,735.510009765625,734.27001953125,734.5,493888,2026-06-23 15:35:00+00:00
1782229200,734.5,735.1699829101562,734.2100219726562,735.0,327982,2026-06-23 15:40:00+00:00
1782229500,735.0,735.510009765625,734.780029296875,735.0850219726562,334760,2026-06-23 15:45:00+00:00
1782229800,735.0900268554688,736.219970703125,734.9099731445312,735.8699951171875,459252,2026-06-23 15:50:00+00:00
1782230100,735.8699951171875,736.1445922851562,735.3300170898438,735.969970703125,261576,2026-06-23 15:55:00+00:00
1782230400,735.97998046875,736.739990234375,735.8599853515625,736.6699829101562,296893,2026-06-23 16:00:00+00:00
1782230700,736.6699829101562,737.3300170898438,736.5,737.1799926757812,421075,2026-06-23 16:05:00+00:00
1782231000,737.1799926757812,737.669921875,737.1599731445312,737.47998046875,388239,2026-06-23 16:10:00+00:00
1782231300,737.47998046875,737.6199951171875,736.9299926757812,737.0599975585938,354676,2026-06-23 16:15:00+00:00
1782231600,737.030029296875,737.4476928710938,736.5999755859375,737.3300170898438,278696,2026-06-23 16:20:00+00:00
1782231900,737.3200073242188,737.530029296875,737.0499877929688,737.3800048828125,370688,2026-06-23 16:25:00+00:00
1782232200,737.3800048828125,737.469970703125,736.9500122070312,737.0900268554688,188018,2026-06-23 16:30:00+00:00
1782232500,737.0800170898438,737.5399780273438,737.010009765625,737.47998046875,402374,2026-06-23 16:35:00+00:00
1782232800,737.47998046875,737.97998046875,737.47998046875,737.8699951171875,308600,2026-06-23 16:40:00+00:00
1782233100,737.864990234375,737.9400024414062,737.1010131835938,737.4000244140625,381474,2026-06-23 16:45:00+00:00
1782233400,737.3900146484375,737.4099731445312,736.9400024414062,737.3300170898438,257555,2026-06-23 16:50:00+00:00
1782233700,737.3350219726562,737.6400146484375,737.02001953125,737.4199829101562,223908,2026-06-23 16:55:00+00:00
1782234000,737.4439697265625,737.47998046875,736.6110229492188,736.739990234375,272947,2026-06-23 17:00:00+00:00
1782234300,736.75,736.97998046875,736.510009765625,736.9299926757812,207392,2026-06-23 17:05:00+00:00
1782234600,736.9099731445312,737.739990234375,736.9000244140625,737.3499755859375,261824,2026-06-23 17:10:00+00:00
1782234900,737.3699951171875,737.5900268554688,736.9400024414062,737.1099853515625,242139,2026-06-23 17:15:00+00:00
1782235200,737.1199951171875,738.0999755859375,737.0794067382812,737.8699951171875,303371,2026-06-23 17:20:00+00:00
1782235500,737.8699951171875,737.9199829101562,737.469970703125,737.530029296875,163226,2026-06-23 17:25:00+00:00
1782235800,737.5599975585938,737.75,737.1400146484375,737.75,221598,2026-06-23 17:30:00+00:00
1782236100,737.739990234375,738.030029296875,737.4600219726562,737.5399780273438,220458,2026-06-23 17:35:00+00:00
1782236400,737.530029296875,737.6500244140625,737.0700073242188,737.1500244140625,229498,2026-06-23 17:40:00+00:00
1782236700,737.1699829101562,737.4600219726562,737.0499877929688,737.2750244140625,278118,2026-06-23 17:45:00+00:00
1782237000,737.2750244140625,737.2899780273438,736.010009765625,736.0800170898438,399307,2026-06-23 17:50:00+00:00
1782237300,736.0800170898438,736.22998046875,735.75,735.7949829101562,320357,2026-06-23 17:55:00+00:00
1782237600,735.8300170898438,736.5700073242188,735.6500244140625,736.0399780273438,512364,2026-06-23 18:00:00+00:00
1782237900,736.0598754882812,736.1300048828125,735.3699951171875,735.77001953125,347607,2026-06-23 18:05:00+00:00
1782238200,735.7899780273438,736.02001953125,735.6900024414062,735.8099975585938,296829,2026-06-23 18:10:00+00:00
1782238500,735.7899780273438,736.02001953125,735.4600219726562,735.5800170898438,334379,2026-06-23 18:15:00+00:00
1782238800,735.5850219726562,735.8800048828125,735.219970703125,735.6799926757812,296153,2026-06-23 18:20:00+00:00
1782239100,735.7100219726562,735.72998046875,735.2999877929688,735.4000244140625,652657,2026-06-23 18:25:00+00:00
1782239400,735.3900146484375,735.5087890625,735.0999755859375,735.135009765625,314099,2026-06-23 18:30:00+00:00
1782239700,735.135009765625,735.2650146484375,734.844970703125,734.9099731445312,507851,2026-06-23 18:35:00+00:00
1782240000,734.9000244140625,734.9000244140625,733.77001953125,733.8159790039062,645868,2026-06-23 18:40:00+00:00
1782240300,733.8200073242188,734.02001953125,733.4785766601562,733.9605102539062,803223,2026-06-23 18:45:00+00:00
1782240600,733.9600219726562,734.52001953125,733.3200073242188,733.7100219726562,891765,2026-06-23 18:50:00+00:00
1782240900,733.7000122070312,734.239990234375,733.3499755859375,734.0225219726562,783640,2026-06-23 18:55:00+00:00
1782241200,734.0,735.010009765625,733.7899780273438,734.97998046875,667064,2026-06-23 19:00:00+00:00
1782241500,734.969970703125,735.5999755859375,734.239990234375,734.4400024414062,988169,2026-06-23 19:05:00+00:00
1782241800,734.4199829101562,734.8599853515625,734.1768188476562,734.469970703125,936129,2026-06-23 19:10:00+00:00
1782242100,734.4600219726562,734.5999755859375,733.760009765625,733.7999877929688,818481,2026-06-23 19:15:00+00:00
1782242400,733.7999877929688,735.1749877929688,733.7000122070312,734.7899780273438,1870552,2026-06-23 19:20:00+00:00
1782242700,734.7999877929688,735.280029296875,734.5999755859375,735.010009765625,987052,2026-06-23 19:25:00+00:00
1782243000,735.02001953125,735.2100219726562,734.3599853515625,734.989990234375,731487,2026-06-23 19:30:00+00:00
1782243300,735.0,735.1900024414062,734.5999755859375,734.6099853515625,1966344,2026-06-23 19:35:00+00:00
1782243600,734.6099853515625,734.7100219726562,734.1300048828125,734.5,1696913,2026-06-23 19:40:00+00:00
1782243900,734.5,734.72998046875,733.9199829101562,734.7100219726562,1868934,2026-06-23 19:45:00+00:00
1782244200,734.7000122070312,735.5599975585938,734.5399780273438,735.510009765625,2746684,2026-06-23 19:50:00+00:00
1782244500,735.5,735.5,733.5,733.6699829101562,6854005,2026-06-23 19:55:00+00:00
1782307800,735.1699829101562,737.1500244140625,734.3200073242188,736.8400268554688,2382376,2026-06-24 13:30:00+00:00
1782308100,736.8400268554688,737.2899780273438,736.1387939453125,736.3599853515625,809752,2026-06-24 13:35:00+00:00
1782308400,736.3400268554688,736.5499877929688,734.7164916992188,735.7449951171875,969292,2026-06-24 13:40:00+00:00
1782308700,735.719970703125,736.239990234375,734.2999877929688,735.489990234375,1311945,2026-06-24 13:45:00+00:00
1782309000,735.5,737.7000122070312,735.47998046875,737.2999877929688,966421,2026-06-24 13:50:00+00:00
1782309300,737.2999877929688,737.3300170898438,735.8400268554688,735.9349975585938,535342,2026-06-24 13:55:00+00:00
1782309600,735.9400024414062,736.3300170898438,735.239990234375,735.47998046875,360022,2026-06-24 14:00:00+00:00
1782309900,735.510009765625,736.469970703125,735.25,735.739990234375,392817,2026-06-24 14:05:00+00:00
1782310200,735.780029296875,736.219970703125,735.1400146484375,735.5900268554688,892574,2026-06-24 14:10:00+00:00
1782310500,735.5599975585938,735.9600219726562,734.719970703125,734.8800048828125,331358,2026-06-24 14:15:00+00:00
1782310800,734.8800048828125,736.4500122070312,734.1099853515625,736.27001953125,493511,2026-06-24 14:20:00+00:00
1782311100,736.280029296875,736.9749755859375,735.9450073242188,736.489990234375,285032,2026-06-24 14:25:00+00:00
1782311400,736.4600219726562,737.2899780273438,736.4600219726562,736.9600219726562,559618,2026-06-24 14:30:00+00:00
1782311700,736.9400024414062,737.1699829101562,736.2100219726562,736.25,422055,2026-06-24 14:35:00+00:00
1782312000,736.3099975585938,737.6699829101562,736.1599731445312,737.619873046875,272103,2026-06-24 14:40:00+00:00
1782312300,737.6099853515625,738.9199829101562,737.52001953125,738.3099975585938,521402,2026-06-24 14:45:00+00:00
1782312600,738.3200073242188,739.0700073242188,738.3200073242188,738.4199829101562,487918,2026-06-24 14:50:00+00:00
1782312900,738.4249877929688,739.7100219726562,738.1400146484375,739.6599731445312,359928,2026-06-24 14:55:00+00:00
1782313200,739.6799926757812,739.9450073242188,739.1300048828125,739.3099975585938,586642,2026-06-24 15:00:00+00:00
1782313500,739.3099975585938,739.3900146484375,738.25,738.4349975585938,313686,2026-06-24 15:05:00+00:00
1782313800,738.4299926757812,738.8400268554688,737.969970703125,738.510009765625,358371,2026-06-24 15:10:00+00:00
1782314100,738.5,739.3800048828125,738.4000244140625,739.1600952148438,410261,2026-06-24 15:15:00+00:00
1782314400,739.1900024414062,739.3574829101562,738.6699829101562,738.719970703125,279863,2026-06-24 15:20:00+00:00
1782314700,738.719970703125,739.6400146484375,738.1409912109375,739.6400146484375,422828,2026-06-24 15:25:00+00:00
1782315000,739.6300048828125,739.9299926757812,738.9099731445312,739.22998046875,414655,2026-06-24 15:30:00+00:00
1782315300,739.2100219726562,739.5499877929688,738.6300048828125,738.8599853515625,296174,2026-06-24 15:35:00+00:00
1782315600,738.8599853515625,739.0499877929688,738.1600952148438,738.4600219726562,298363,2026-06-24 15:40:00+00:00
1782315900,738.489990234375,738.7000122070312,737.8300170898438,738.6599731445312,363312,2026-06-24 15:45:00+00:00
1782316200,738.6799926757812,739.27001953125,738.6610107421875,738.8400268554688,222441,2026-06-24 15:50:00+00:00
1782316500,738.7999877929688,739.0689697265625,738.1400146484375,738.3400268554688,187955,2026-06-24 15:55:00+00:00
1782316800,738.3400268554688,738.6199951171875,737.9400024414062,738.1157836914062,190916,2026-06-24 16:00:00+00:00
1782317100,738.0999755859375,738.4210205078125,737.8099975585938,738.1500244140625,121414,2026-06-24 16:05:00+00:00
1782317400,738.1597900390625,738.8699951171875,737.9500122070312,738.4600219726562,141561,2026-06-24 16:10:00+00:00
1782317700,738.469970703125,738.8200073242188,738.1484985351562,738.2999877929688,115296,2026-06-24 16:15:00+00:00
1782318000,738.3099975585938,738.7498779296875,738.0399780273438,738.6300048828125,170065,2026-06-24 16:20:00+00:00
1782318300,738.6204223632812,738.6300048828125,738.0,738.0800170898438,184404,2026-06-24 16:25:00+00:00
1782318600,738.0900268554688,738.0999755859375,737.489990234375,737.6599731445312,236587,2026-06-24 16:30:00+00:00
1782318900,737.6500244140625,737.9299926757812,736.489990234375,736.530029296875,375928,2026-06-24 16:35:00+00:00
1782319200,736.5311889648438,736.5800170898438,735.9199829101562,736.3200073242188,524417,2026-06-24 16:40:00+00:00
1782319500,736.3200073242188,736.6300048828125,735.9299926757812,736.3400268554688,373852,2026-06-24 16:45:00+00:00
1782319800,736.3400268554688,736.8300170898438,735.7999877929688,735.8001098632812,222221,2026-06-24 16:50:00+00:00
1782320100,735.8200073242188,736.0252075195312,735.3900146484375,735.6900024414062,327345,2026-06-24 16:55:00+00:00
1782320400,735.7000122070312,736.4600219726562,735.530029296875,736.4199829101562,368124,2026-06-24 17:00:00+00:00
1782320700,736.4000244140625,736.4299926757812,734.6699829101562,734.9630737304688,427355,2026-06-24 17:05:00+00:00
1782321000,734.9600219726562,735.3770141601562,734.6099853515625,734.7899780273438,390261,2026-06-24 17:10:00+00:00
1782321300,734.780029296875,735.1500244140625,733.5599975585938,733.8200073242188,609435,2026-06-24 17:15:00+00:00
1782321600,733.8099975585938,733.8200073242188,733.0399780273438,733.1300048828125,468611,2026-06-24 17:20:00+00:00
1782321900,733.1300048828125,733.239990234375,732.0599975585938,732.1599731445312,438050,2026-06-24 17:25:00+00:00
1782322200,732.1599731445312,732.6900024414062,731.280029296875,732.3300170898438,661357,2026-06-24 17:30:00+00:00
1782322500,732.3300170898438,732.9249877929688,731.6801147460938,732.530029296875,460801,2026-06-24 17:35:00+00:00
1782322800,732.5,732.84912109375,731.8099975585938,731.9542846679688,377457,2026-06-24 17:40:00+00:00
1782323100,731.9199829101562,732.6500244140625,731.52001953125,732.4600219726562,345856,2026-06-24 17:45:00+00:00
1782323400,732.4500122070312,732.6199951171875,732.0850219726562,732.530029296875,218681,2026-06-24 17:50:00+00:00
1782323700,732.5499877929688,733.1500244140625,731.7000122070312,731.8699951171875,437794,2026-06-24 17:55:00+00:00
1782324000,731.8599853515625,732.9500122070312,731.77001953125,732.5999755859375,464765,2026-06-24 18:00:00+00:00
1782324300,732.6099853515625,733.3800048828125,732.5499877929688,733.010009765625,347464,2026-06-24 18:05:00+00:00
1782324600,733.010009765625,733.1300048828125,732.5499877929688,732.8800048828125,1333594,2026-06-24 18:10:00+00:00
1782324900,732.8900146484375,733.9500122070312,732.8699951171875,733.77001953125,552156,2026-06-24 18:15:00+00:00
1782325200,733.77001953125,734.3298950195312,733.5650024414062,734.3099975585938,381391,2026-06-24 18:20:00+00:00
1782325500,734.3099975585938,734.6599731445312,734.1400146484375,734.3400268554688,464287,2026-06-24 18:25:00+00:00
1782325800,734.3519897460938,734.5700073242188,733.9959716796875,734.25,446611,2026-06-24 18:30:00+00:00
1782326100,734.219970703125,734.3099975585938,733.5,733.6199951171875,411602,2026-06-24 18:35:00+00:00
1782326400,733.6199951171875,733.77001953125,732.875,733.260009765625,556350,2026-06-24 18:40:00+00:00
1782326700,733.239990234375,733.239990234375,731.4600219726562,731.7999877929688,596787,2026-06-24 18:45:00+00:00
1782327000,731.8200073242188,732.1950073242188,731.22998046875,732.1300048828125,876052,2026-06-24 18:50:00+00:00
1782327300,732.1400146484375,732.8300170898438,731.6500244140625,731.9299926757812,446993,2026-06-24 18:55:00+00:00
1782327600,731.9299926757812,732.9400024414062,731.3400268554688,732.5900268554688,583380,2026-06-24 19:00:00+00:00
1782327900,732.5900268554688,732.59912109375,730.8599853515625,731.3250122070312,741157,2026-06-24 19:05:00+00:00
1782328200,731.3200073242188,731.760009765625,730.8400268554688,731.6400146484375,781000,2026-06-24 19:10:00+00:00
1782328500,731.6300048828125,731.739990234375,731.2100219726562,731.5999755859375,735379,2026-06-24 19:15:00+00:00
1782328800,731.5900268554688,731.8599853515625,731.260009765625,731.8499755859375,435937,2026-06-24 19:20:00+00:00
1782329100,731.8599853515625,732.3289794921875,731.72998046875,731.97998046875,653041,2026-06-24 19:25:00+00:00
1782329400,731.969970703125,732.2100219726562,731.510009765625,731.6799926757812,621434,2026-06-24 19:30:00+00:00
1782329700,731.7000122070312,731.9500122070312,731.3800048828125,731.780029296875,597248,2026-06-24 19:35:00+00:00
1782330000,731.760009765625,732.093994140625,730.9299926757812,731.489990234375,1004610,2026-06-24 19:40:00+00:00
1782330300,731.5,732.260009765625,731.4400024414062,732.0599975585938,927484,2026-06-24 19:45:00+00:00
1782330600,732.0900268554688,733.0900268554688,731.530029296875,732.9949951171875,1460238,2026-06-24 19:50:00+00:00
1782330900,732.97998046875,733.3499755859375,732.094970703125,733.0800170898438,4087093,2026-06-24 19:55:00+00:00
1782394200,738.9099731445312,739.3699951171875,736.8599853515625,737.3399047851562,2290954,2026-06-25 13:30:00+00:00
1782394500,737.3099975585938,738.0250244140625,736.8800048828125,736.9600219726562,728645,2026-06-25 13:35:00+00:00
1782394800,736.989990234375,737.1165161132812,734.0401000976562,734.2899780273438,956280,2026-06-25 13:40:00+00:00
1782395100,734.2999877929688,734.7849731445312,731.5399780273438,732.889892578125,1504795,2026-06-25 13:45:00+00:00
1782395400,732.8900146484375,733.6599731445312,730.5,730.7000122070312,1122053,2026-06-25 13:50:00+00:00
1782395700,730.6599731445312,731.219970703125,729.5999755859375,729.8350219726562,1333328,2026-06-25 13:55:00+00:00
1782396000,729.8350219726562,733.530029296875,729.780029296875,733.239990234375,1285270,2026-06-25 14:00:00+00:00
1782396300,733.27001953125,735.030029296875,733.25,734.9099731445312,975194,2026-06-25 14:05:00+00:00
1782396600,734.9299926757812,735.8599853515625,734.0499877929688,734.1199951171875,942601,2026-06-25 14:10:00+00:00
1782396900,734.1300048828125,735.6699829101562,733.1799926757812,735.5599975585938,572213,2026-06-25 14:15:00+00:00
1782397200,735.5549926757812,736.5,734.510009765625,735.0,684376,2026-06-25 14:20:00+00:00
1782397500,735.010009765625,735.9199829101562,734.8099975585938,735.4749755859375,468631,2026-06-25 14:25:00+00:00
1782397800,735.4400024414062,737.0999755859375,735.3200073242188,736.3699951171875,690777,2026-06-25 14:30:00+00:00
1782398100,736.3800048828125,736.8400268554688,735.5899047851562,736.64501953125,389804,2026-06-25 14:35:00+00:00
1782398400,736.6699829101562,736.760009765625,734.77001953125,735.409912109375,511150,2026-06-25 14:40:00+00:00
1782398700,735.3900146484375,736.5900268554688,734.75,736.3499755859375,460281,2026-06-25 14:45:00+00:00
1782399000,736.3300170898438,737.8200073242188,736.02001953125,737.7999877929688,570673,2026-06-25 14:50:00+00:00
1782399300,737.72998046875,737.72998046875,735.030029296875,735.22998046875,682515,2026-06-25 14:55:00+00:00
1782399600,735.260009765625,736.22998046875,734.8599853515625,736.1599731445312,360286,2026-06-25 15:00:00+00:00
1782399900,736.1600952148438,736.52001953125,734.5,734.760009765625,573608,2026-06-25 15:05:00+00:00
1782400200,734.75,734.8900146484375,732.6199951171875,732.969970703125,759178,2026-06-25 15:10:00+00:00
1782400500,732.97998046875,733.875,731.8499755859375,733.6699829101562,869307,2026-06-25 15:15:00+00:00
1782400800,733.6400146484375,734.8499755859375,732.9500122070312,734.5100708007812,438640,2026-06-25 15:20:00+00:00
1782401100,734.510009765625,734.8599853515625,733.7811279296875,734.2899780273438,318833,2026-06-25 15:25:00+00:00
1782401400,734.2899780273438,735.4500122070312,734.0900268554688,734.2230834960938,363481,2026-06-25 15:30:00+00:00
1782401700,734.219970703125,734.9500122070312,734.1900024414062,734.2100219726562,262389,2026-06-25 15:35:00+00:00
1782402000,734.219970703125,734.8800048828125,733.9199829101562,734.77001953125,243193,2026-06-25 15:40:00+00:00
1782402300,734.75,735.7899780273438,734.3200073242188,734.448974609375,353941,2026-06-25 15:45:00+00:00
1782402600,734.4199829101562,734.963623046875,734.0800170898438,734.5999755859375,350497,2026-06-25 15:50:00+00:00
1782402900,734.5700073242188,734.9500122070312,734.0,734.1400146484375,312731,2026-06-25 15:55:00+00:00
1782403200,734.1599731445312,734.3900146484375,733.6699829101562,734.1500244140625,419773,2026-06-25 16:00:00+00:00
1782403500,734.1699829101562,735.4099731445312,733.9979858398438,735.3300170898438,313185,2026-06-25 16:05:00+00:00
1782403800,735.3300170898438,736.1799926757812,735.22998046875,735.6900024414062,275271,2026-06-25 16:10:00+00:00
1782404100,735.7100219726562,736.27001953125,735.4099731445312,735.5,459374,2026-06-25 16:15:00+00:00
1782404400,735.510009765625,735.760009765625,734.27001953125,734.4401245117188,231278,2026-06-25 16:20:00+00:00
1782404700,734.4450073242188,734.6199951171875,733.9400024414062,734.1900024414062,145748,2026-06-25 16:25:00+00:00
1782405000,734.2249755859375,734.2249755859375,732.969970703125,733.389892578125,270861,2026-06-25 16:30:00+00:00
1782405300,733.3474731445312,733.5900268554688,732.6599731445312,732.77001953125,236045,2026-06-25 16:35:00+00:00
1782405600,732.77001953125,732.9600219726562,732.114990234375,732.2899780273438,307419,2026-06-25 16:40:00+00:00
1782405900,732.2899780273438,732.9099731445312,731.5,732.7999877929688,483054,2026-06-25 16:45:00+00:00
1782406200,732.8099975585938,733.0900268554688,732.2816772460938,732.7000122070312,185405,2026-06-25 16:50:00+00:00
1782406500,732.72998046875,732.739990234375,732.0700073242188,732.5399780273438,263554,2026-06-25 16:55:00+00:00
1782406800,732.5599975585938,733.0198974609375,732.489990234375,732.5078125,272270,2026-06-25 17:00:00+00:00
1782407100,732.5,732.8099975585938,732.135009765625,732.7000122070312,170339,2026-06-25 17:05:00+00:00
1782407400,732.6900024414062,733.719970703125,732.6900024414062,733.219970703125,300186,2026-06-25 17:10:00+00:00
1782407700,733.22998046875,734.25,732.489990234375,732.510009765625,303872,2026-06-25 17:15:00+00:00
1782408000,732.52001953125,733.0700073242188,732.0800170898438,732.8900146484375,265270,2026-06-25 17:20:00+00:00
1782408300,732.9199829101562,733.6500244140625,732.8400268554688,733.260009765625,176168,2026-06-25 17:25:00+00:00
1782408600,733.27001953125,733.52001953125,732.6199951171875,732.9299926757812,473496,2026-06-25 17:30:00+00:00
1782408900,732.9299926757812,733.5499877929688,732.8599853515625,733.3400268554688,221327,2026-06-25 17:35:00+00:00
1782409200,733.3300170898438,733.7899780273438,732.52001953125,732.6300048828125,280614,2026-06-25 17:40:00+00:00
1782409500,732.64990234375,732.6500244140625,731.6599731445312,731.8599853515625,272022,2026-06-25 17:45:00+00:00
1782409800,731.8300170898438,732.7899780273438,731.5999755859375,732.5700073242188,1049173,2026-06-25 17:50:00+00:00
1782410100,732.5599975585938,733.5800170898438,732.3400268554688,733.4500122070312,277407,2026-06-25 17:55:00+00:00
1782410400,733.4400024414062,733.52001953125,731.3800048828125,731.9299926757812,684404,2026-06-25 18:00:00+00:00
1782410700,732.010009765625,733.5999755859375,731.72998046875,733.4249877929688,389947,2026-06-25 18:05:00+00:00
1782411000,733.4000244140625,733.989990234375,732.9000244140625,733.219970703125,290147,2026-06-25 18:10:00+00:00
1782411300,733.22998046875,735.3699951171875,732.969970703125,734.8200073242188,423139,2026-06-25 18:15:00+00:00
1782411600,734.8200073242188,735.1900024414062,734.2100219726562,734.9099731445312,545511,2026-06-25 18:20:00+00:00
1782411900,734.9099731445312,736.0599975585938,734.9000244140625,735.8400268554688,503430,2026-06-25 18:25:00+00:00
1782412200,735.8300170898438,735.8499755859375,733.9509887695312,734.02001953125,487104,2026-06-25 18:30:00+00:00
1782412500,734.02001953125,734.7100219726562,733.5999755859375,734.4600219726562,429100,2026-06-25 18:35:00+00:00
1782412800,734.4400024414062,734.489990234375,733.8400268554688,733.9249877929688,240605,2026-06-25 18:40:00+00:00
1782413100,733.9199829101562,733.9199829101562,732.6900024414062,733.5650024414062,472887,2026-06-25 18:45:00+00:00
1782413400,733.5599975585938,734.3499755859375,733.39501953125,733.6849975585938,225129,2026-06-25 18:50:00+00:00
1782413700,733.7000122070312,734.0900268554688,733.530029296875,733.8800048828125,557703,2026-06-25 18:55:00+00:00
1782414000,733.9299926757812,733.94140625,732.72998046875,733.0,278761,2026-06-25 19:00:00+00:00
1782414300,732.9600219726562,733.22998046875,732.77001953125,733.0900268554688,637429,2026-06-25 19:05:00+00:00
1782414600,733.0900268554688,733.2000122070312,732.3200073242188,732.3800048828125,802619,2026-06-25 19:10:00+00:00
1782414900,732.3699951171875,732.6199951171875,731.8699951171875,732.22998046875,600012,2026-06-25 19:15:00+00:00
1782415200,732.2501220703125,732.6500244140625,732.030029296875,732.6500244140625,473041,2026-06-25 19:20:00+00:00
1782415500,732.6500244140625,732.8499755859375,732.0512084960938,732.3923950195312,639433,2026-06-25 19:25:00+00:00
1782415800,732.3900146484375,732.5,731.760009765625,732.1500244140625,613613,2026-06-25 19:30:00+00:00
1782416100,732.1400146484375,732.1500244140625,731.6900024414062,732.0891723632812,1177683,2026-06-25 19:35:00+00:00
1782416400,732.0900268554688,732.3300170898438,731.5999755859375,731.9600219726562,706812,2026-06-25 19:40:00+00:00
1782416700,731.9760131835938,732.030029296875,731.3599853515625,731.7550048828125,1173970,2026-06-25 19:45:00+00:00
1782417000,731.760009765625,732.6099853515625,731.3300170898438,732.5399780273438,1067447,2026-06-25 19:50:00+00:00
1782417300,732.5599975585938,733.3800048828125,731.9400024414062,733.27001953125,3008874,2026-06-25 19:55:00+00:00
1782480600,728.9450073242188,729.6599731445312,726.8599853515625,727.8599853515625,2579437,2026-06-26 13:30:00+00:00
1782480900,727.8599853515625,729.1300048828125,727.5900268554688,728.1300048828125,774922,2026-06-26 13:35:00+00:00
1782481200,728.1099853515625,729.4299926757812,727.72998046875,729.239990234375,583008,2026-06-26 13:40:00+00:00
1782481500,729.239990234375,729.7999877929688,727.969970703125,728.7100219726562,691468,2026-06-26 13:45:00+00:00
1782481800,728.6500244140625,729.6500244140625,728.52001953125,729.3200073242188,529081,2026-06-26 13:50:00+00:00
1782482100,729.3900146484375,731.3099975585938,729.1900024414062,730.89501953125,791514,2026-06-26 13:55:00+00:00
1782482400,730.8699951171875,732.280029296875,730.6300048828125,732.1900024414062,962854,2026-06-26 14:00:00+00:00
1782482700,732.2000122070312,733.1500244140625,732.1300048828125,733.02001953125,670601,2026-06-26 14:05:00+00:00
1782483000,733.0001220703125,733.4400024414062,732.4000244140625,733.2000122070312,636854,2026-06-26 14:10:00+00:00
1782483300,733.1900024414062,733.5700073242188,732.4400024414062,732.6099853515625,625122,2026-06-26 14:15:00+00:00
1782483600,732.6099853515625,734.2424926757812,732.469970703125,733.4500122070312,590355,2026-06-26 14:20:00+00:00
1782483900,733.4400024414062,733.9400024414062,733.239990234375,733.489990234375,418348,2026-06-26 14:25:00+00:00
1782484200,733.489990234375,733.9199829101562,733.0260009765625,733.364990234375,437501,2026-06-26 14:30:00+00:00
1782484500,733.3800048828125,733.4199829101562,732.1199951171875,732.1799926757812,490183,2026-06-26 14:35:00+00:00
1782484800,732.1699829101562,733.0800170898438,731.6005249023438,732.1699829101562,719234,2026-06-26 14:40:00+00:00
1782485100,732.2000122070312,733.3800048828125,732.0499877929688,732.8800048828125,328567,2026-06-26 14:45:00+00:00
1782485400,732.9000244140625,733.22998046875,732.2301025390625,732.530029296875,324677,2026-06-26 14:50:00+00:00
1782485700,732.52001953125,732.9749755859375,731.8599853515625,732.4500122070312,330085,2026-06-26 14:55:00+00:00
1782486000,732.4600219726562,733.4000244140625,732.4400024414062,732.780029296875,275083,2026-06-26 15:00:00+00:00
1782486300,732.7999877929688,733.1599731445312,732.280029296875,733.0599975585938,311474,2026-06-26 15:05:00+00:00
1782486600,733.0599975585938,733.219970703125,731.9400024414062,732.0700073242188,325345,2026-06-26 15:10:00+00:00
1782486900,732.0800170898438,733.22998046875,731.6199951171875,733.0599975585938,422362,2026-06-26 15:15:00+00:00
1782487200,733.030029296875,733.8499755859375,732.8200073242188,733.7999877929688,459844,2026-06-26 15:20:00+00:00
1782487500,733.780029296875,734.6699829101562,733.6680297851562,734.6699829101562,572714,2026-06-26 15:25:00+00:00
1782487800,734.6699829101562,735.6099853515625,734.3699951171875,734.52001953125,485293,2026-06-26 15:30:00+00:00
1782488100,734.52001953125,735.9600219726562,734.52001953125,735.7518920898438,459799,2026-06-26 15:35:00+00:00
1782488400,735.7999877929688,736.530029296875,735.5399780273438,736.27001953125,1067168,2026-06-26 15:40:00+00:00
1782488700,736.260009765625,736.4600219726562,735.5449829101562,735.5700073242188,299213,2026-06-26 15:45:00+00:00
1782489000,735.5800170898438,736.0399780273438,734.1799926757812,734.5650024414062,702130,2026-06-26 15:50:00+00:00
1782489300,734.5499877929688,735.8699951171875,734.3800048828125,735.4000244140625,411465,2026-06-26 15:55:00+00:00
1782489600,735.4000244140625,735.52001953125,735.0900268554688,735.3300170898438,307618,2026-06-26 16:00:00+00:00
1782489900,735.3200073242188,735.4000244140625,734.1199951171875,734.25,493308,2026-06-26 16:05:00+00:00
1782490200,734.239990234375,734.489990234375,733.7999877929688,734.1199951171875,298964,2026-06-26 16:10:00+00:00
1782490500,734.1300048828125,734.6300048828125,733.780029296875,734.0,378112,2026-06-26 16:15:00+00:00
1782490800,734.010009765625,734.1400146484375,732.739990234375,733.239990234375,683169,2026-06-26 16:20:00+00:00
1782491100,733.239990234375,733.6400146484375,733.114990234375,733.4199829101562,248333,2026-06-26 16:25:00+00:00
1782491400,733.4000244140625,734.7000122070312,733.4000244140625,734.6300048828125,399655,2026-06-26 16:30:00+00:00
1782491700,734.6400146484375,734.780029296875,734.219970703125,734.3900146484375,387603,2026-06-26 16:35:00+00:00
1782492000,734.4199829101562,734.6400146484375,733.989990234375,734.030029296875,282984,2026-06-26 16:40:00+00:00
1782492300,734.0499877929688,734.3900146484375,733.8499755859375,734.35498046875,242152,2026-06-26 16:45:00+00:00
1782492600,734.3599853515625,734.9000244140625,734.280029296875,734.6099853515625,308567,2026-06-26 16:50:00+00:00
1782492900,734.5999755859375,734.5999755859375,734.25,734.469970703125,553633,2026-06-26 16:55:00+00:00
1782493200,734.47998046875,735.1898803710938,734.1699829101562,734.9299926757812,1072586,2026-06-26 17:00:00+00:00
1782493500,734.9349975585938,735.7899780273438,734.9099731445312,735.6500244140625,503894,2026-06-26 17:05:00+00:00
1782493800,735.6199951171875,735.8599853515625,734.9299926757812,735.0850219726562,269283,2026-06-26 17:10:00+00:00
1782494100,735.0999755859375,735.159912109375,734.2899780273438,734.4400024414062,312733,2026-06-26 17:15:00+00:00
1782494400,734.4500122070312,734.6199951171875,733.9600219726562,734.0499877929688,254430,2026-06-26 17:20:00+00:00
1782494700,734.0399780273438,734.97998046875,733.7899780273438,734.719970703125,299790,2026-06-26 17:25:00+00:00
1782495000,734.719970703125,735.3900146484375,734.4500122070312,734.6325073242188,607375,2026-06-26 17:30:00+00:00
1782495300,734.6199951171875,734.6300048828125,733.989990234375,734.0499877929688,210745,2026-06-26 17:35:00+00:00
1782495600,734.0499877929688,734.530029296875,733.6199951171875,734.260009765625,256537,2026-06-26 17:40:00+00:00
1782495900,734.260009765625,734.4099731445312,733.8400268554688,733.8599853515625,308354,2026-06-26 17:45:00+00:00
1782496200,733.8599853515625,734.3200073242188,733.7999877929688,734.0800170898438,490773,2026-06-26 17:50:00+00:00
1782496500,734.0599975585938,734.0900268554688,733.469970703125,733.6599731445312,257240,2026-06-26 17:55:00+00:00
1782496800,733.6900024414062,734.4000244140625,733.6300048828125,734.260009765625,425897,2026-06-26 18:00:00+00:00
1782497100,734.22998046875,734.5900268554688,734.0399780273438,734.1900024414062,414628,2026-06-26 18:05:00+00:00
1782497400,734.1500244140625,734.4349975585938,733.8599853515625,734.0399780273438,410104,2026-06-26 18:10:00+00:00
1782497700,734.0499877929688,734.219970703125,733.239990234375,733.4000244140625,401311,2026-06-26 18:15:00+00:00
1782498000,733.4000244140625,733.6699829101562,733.239990234375,733.5599975585938,362582,2026-06-26 18:20:00+00:00
1782498300,733.5499877929688,733.6699829101562,732.739990234375,732.8300170898438,523588,2026-06-26 18:25:00+00:00
1782498600,732.8300170898438,733.6699829101562,732.77001953125,733.4650268554688,500496,2026-06-26 18:30:00+00:00
1782498900,733.469970703125,733.47998046875,732.72998046875,732.8900146484375,653782,2026-06-26 18:35:00+00:00
1782499200,732.89501953125,733.1500244140625,732.7501220703125,732.77001953125,275589,2026-06-26 18:40:00+00:00
1782499500,732.8099975585938,732.8099975585938,731.760009765625,732.0299072265625,1343333,2026-06-26 18:45:00+00:00
1782499800,732.030029296875,732.1199951171875,731.6099853515625,731.7899780273438,705681,2026-06-26 18:50:00+00:00
1782500100,731.7899780273438,732.1300048828125,731.280029296875,731.6199951171875,642203,2026-06-26 18:55:00+00:00
1782500400,731.6300048828125,732.0999755859375,731.4299926757812,731.4600219726562,747871,2026-06-26 19:00:00+00:00
1782500700,731.4299926757812,732.47998046875,731.3300170898438,732.3499755859375,584108,2026-06-26 19:05:00+00:00
1782501000,732.3400268554688,732.7999877929688,732.0125122070312,732.7899780273438,743956,2026-06-26 19:10:00+00:00
1782501300,732.77001953125,732.989990234375,732.4400024414062,732.75,904491,2026-06-26 19:15:00+00:00
1782501600,732.75,732.8900146484375,731.780029296875,732.27001953125,666454,2026-06-26 19:20:00+00:00
1782501900,732.260986328125,732.47998046875,732.0999755859375,732.1900024414062,457110,2026-06-26 19:25:00+00:00
1782502200,732.2000122070312,732.8699951171875,731.760009765625,732.6699829101562,779885,2026-06-26 19:30:00+00:00
1782502500,732.6599731445312,732.8599853515625,732.280029296875,732.33251953125,923723,2026-06-26 19:35:00+00:00
1782502800,732.3300170898438,733.3499755859375,732.3099975585938,733.27001953125,602325,2026-06-26 19:40:00+00:00
1782503100,733.280029296875,733.8599853515625,732.7100219726562,733.0499877929688,1278652,2026-06-26 19:45:00+00:00
1782503400,733.0399780273438,733.6699829101562,732.5601196289062,733.1500244140625,1508906,2026-06-26 19:50:00+00:00
1782503700,733.1300048828125,733.5999755859375,716.5800170898438,729.0800170898438,6846621,2026-06-26 19:55:00+00:00
1782739800,736.5250244140625,738.760009765625,735.2999877929688,738.6799926757812,2570080,2026-06-29 13:30:00+00:00
1782740100,738.6699829101562,738.6799926757812,736.9299926757812,738.0299072265625,804156,2026-06-29 13:35:00+00:00
1782740400,738.010009765625,739.25,737.4400024414062,739.239990234375,641410,2026-06-29 13:40:00+00:00
1782740700,739.25,739.72998046875,738.7849731445312,738.8499755859375,956993,2026-06-29 13:45:00+00:00
1782741000,738.8499755859375,739.89501953125,738.3499755859375,738.9000244140625,575442,2026-06-29 13:50:00+00:00
1782741300,738.8900146484375,739.010009765625,736.4099731445312,736.889892578125,891566,2026-06-29 13:55:00+00:00
1782741600,736.8699951171875,737.0700073242188,735.8800048828125,736.0499877929688,956842,2026-06-29 14:00:00+00:00
1782741900,736.0499877929688,736.1599731445312,734.6500244140625,735.051513671875,781976,2026-06-29 14:05:00+00:00
1782742200,735.0800170898438,735.3300170898438,732.7000122070312,732.7000122070312,880684,2026-06-29 14:10:00+00:00
1782742500,732.7000122070312,733.9400024414062,732.0900268554688,733.6900024414062,1327368,2026-06-29 14:15:00+00:00
1782742800,733.719970703125,734.5850219726562,733.3099975585938,734.1599731445312,806300,2026-06-29 14:20:00+00:00
1782743100,734.1599731445312,736.1900024414062,734.1400146484375,736.0700073242188,972450,2026-06-29 14:25:00+00:00
1782743400,736.0800170898438,737.6500244140625,735.9299926757812,737.4000244140625,811881,2026-06-29 14:30:00+00:00
1782743700,737.39501953125,737.719970703125,736.8699951171875,737.1400146484375,585582,2026-06-29 14:35:00+00:00
1782744000,737.0999755859375,737.8099975585938,736.8200073242188,737.0499877929688,444038,2026-06-29 14:40:00+00:00
1782744300,737.0399780273438,737.0399780273438,735.8800048828125,736.6599731445312,868092,2026-06-29 14:45:00+00:00
1782744600,736.6500244140625,738.3200073242188,736.6300048828125,737.9650268554688,573435,2026-06-29 14:50:00+00:00
1782744900,737.9600219726562,737.9600219726562,737.1400146484375,737.8599853515625,400504,2026-06-29 14:55:00+00:00
1782745200,737.8800048828125,738.02001953125,737.2000122070312,737.3579711914062,481912,2026-06-29 15:00:00+00:00
1782745500,737.3599853515625,737.530029296875,737.02001953125,737.2100219726562,272363,2026-06-29 15:05:00+00:00
1782745800,737.2100219726562,737.47998046875,736.5,737.4600219726562,372214,2026-06-29 15:10:00+00:00
1782746100,737.47998046875,737.739990234375,736.9000244140625,736.969970703125,308183,2026-06-29 15:15:00+00:00
1782746400,736.9600219726562,737.489990234375,736.3300170898438,736.72998046875,432927,2026-06-29 15:20:00+00:00
1782746700,736.719970703125,737.8200073242188,736.5499877929688,737.77001953125,252935,2026-06-29 15:25:00+00:00
1782747000,737.760009765625,738.030029296875,737.530029296875,737.5999755859375,531255,2026-06-29 15:30:00+00:00
1782747300,737.5800170898438,738.1699829101562,737.2100219726562,738.0499877929688,319713,2026-06-29 15:35:00+00:00
1782747600,738.010009765625,738.489990234375,737.719970703125,738.4400024414062,290035,2026-06-29 15:40:00+00:00
1782747900,738.4400024414062,738.4450073242188,737.780029296875,737.9099731445312,474121,2026-06-29 15:45:00+00:00
1782748200,737.9199829101562,738.1799926757812,737.760009765625,738.0599975585938,201728,2026-06-29 15:50:00+00:00
1782748500,738.0399780273438,738.5800170898438,737.8244018554688,738.510009765625,241579,2026-06-29 15:55:00+00:00
1782748800,738.5399780273438,738.9099731445312,738.4600219726562,738.9000244140625,582153,2026-06-29 16:00:00+00:00
1782749100,738.8900146484375,739.1300048828125,738.6599731445312,738.7901000976562,480507,2026-06-29 16:05:00+00:00
1782749400,738.8201293945312,738.989990234375,738.4400024414062,738.5,184103,2026-06-29 16:10:00+00:00
1782749700,738.5,738.8400268554688,738.4400024414062,738.5800170898438,1903895,2026-06-29 16:15:00+00:00
1782750000,738.5599975585938,738.8099975585938,738.3699951171875,738.77001953125,192392,2026-06-29 16:20:00+00:00
1782750300,738.760009765625,738.8499755859375,738.260009765625,738.3300170898438,278007,2026-06-29 16:25:00+00:00
1782750600,738.3400268554688,738.510009765625,737.969970703125,738.1199951171875,245356,2026-06-29 16:30:00+00:00
1782750900,738.1199951171875,738.4500122070312,737.989990234375,738.4450073242188,262037,2026-06-29 16:35:00+00:00
1782751200,738.4400024414062,738.5800170898438,738.3099975585938,738.5,149573,2026-06-29 16:40:00+00:00
1782751500,738.510009765625,738.6201171875,738.1900024414062,738.4600219726562,163806,2026-06-29 16:45:00+00:00
1782751800,738.510009765625,738.9500122070312,738.4099731445312,738.885009765625,255152,2026-06-29 16:50:00+00:00
1782752100,738.8800048828125,738.8900146484375,738.6199951171875,738.6799926757812,756865,2026-06-29 16:55:00+00:00
1782752400,738.6900024414062,739.0599975585938,738.6900024414062,739.02001953125,156207,2026-06-29 17:00:00+00:00
1782752700,739.02001953125,739.3699951171875,738.9600219726562,739.260009765625,188961,2026-06-29 17:05:00+00:00
1782753000,739.280029296875,740.2000122070312,739.260009765625,739.969970703125,554729,2026-06-29 17:10:00+00:00
1782753300,739.97998046875,740.2999877929688,739.8699951171875,740.0750122070312,250101,2026-06-29 17:15:00+00:00
1782753600,740.0499877929688,740.375,739.4849853515625,739.5,443003,2026-06-29 17:20:00+00:00
1782753900,739.5,740.1799926757812,739.4600219726562,740.1400146484375,346510,2026-06-29 17:25:00+00:00
1782754200,740.135009765625,740.6300048828125,739.97998046875,740.2899780273438,280931,2026-06-29 17:30:00+00:00
1782754500,740.2999877929688,740.4199829101562,739.97998046875,740.3200073242188,197183,2026-06-29 17:35:00+00:00
1782754800,740.2999877929688,740.4500122070312,740.260009765625,740.2849731445312,136083,2026-06-29 17:40:00+00:00
1782755100,740.2899780273438,740.5599975585938,740.0999755859375,740.489990234375,177140,2026-06-29 17:45:00+00:00
1782755400,740.489990234375,740.8200073242188,740.39501953125,740.5599975585938,179744,2026-06-29 17:50:00+00:00
1782755700,740.5499877929688,740.6799926757812,740.1699829101562,740.4099731445312,184755,2026-06-29 17:55:00+00:00
1782756000,740.4000244140625,740.77001953125,740.22998046875,740.6099853515625,290116,2026-06-29 18:00:00+00:00
1782756300,740.6099853515625,740.760009765625,740.4400024414062,740.52001953125,523343,2026-06-29 18:05:00+00:00
1782756600,740.52001953125,740.7100219726562,740.4299926757812,740.5789794921875,709069,2026-06-29 18:10:00+00:00
1782756900,740.5700073242188,740.6199951171875,740.3599853515625,740.4199829101562,298207,2026-06-29 18:15:00+00:00
1782757200,740.4299926757812,740.5800170898438,740.1799926757812,740.4000244140625,263078,2026-06-29 18:20:00+00:00
1782757500,740.4099731445312,740.4099731445312,740.1199951171875,740.2150268554688,514123,2026-06-29 18:25:00+00:00
1782757800,740.2150268554688,740.719970703125,740.1500244140625,740.6099853515625,309890,2026-06-29 18:30:00+00:00
1782758100,740.6300048828125,740.9500122070312,740.5499877929688,740.7949829101562,295728,2026-06-29 18:35:00+00:00
1782758400,740.7999877929688,741.0499877929688,740.6900024414062,740.969970703125,290475,2026-06-29 18:40:00+00:00
1782758700,740.989990234375,741.1900024414062,740.8699951171875,740.9600219726562,308883,2026-06-29 18:45:00+00:00
1782759000,740.9400024414062,740.9550170898438,740.6799926757812,740.85498046875,334165,2026-06-29 18:50:00+00:00
1782759300,740.85498046875,740.9099731445312,740.5599975585938,740.6849975585938,428554,2026-06-29 18:55:00+00:00
1782759600,740.6900024414062,740.9199829101562,740.510009765625,740.614990234375,1115678,2026-06-29 19:00:00+00:00
1782759900,740.6099853515625,740.97998046875,740.52001953125,740.760009765625,336859,2026-06-29 19:05:00+00:00
1782760200,740.760009765625,740.7999877929688,740.52001953125,740.5800170898438,989256,2026-06-29 19:10:00+00:00
1782760500,740.5700073242188,740.7899780273438,740.3400268554688,740.6400146484375,812481,2026-06-29 19:15:00+00:00
1782760800,740.6400146484375,741.1199951171875,740.6400146484375,741.0,420945,2026-06-29 19:20:00+00:00
1782761100,741.0,741.0399780273438,740.8699951171875,740.8699951171875,591095,2026-06-29 19:25:00+00:00
1782761400,740.8699951171875,740.9099731445312,740.4299926757812,740.489990234375,535172,2026-06-29 19:30:00+00:00
1782761700,740.47998046875,740.7550048828125,740.47998046875,740.719970703125,571833,2026-06-29 19:35:00+00:00
1782762000,740.719970703125,740.989990234375,740.4600219726562,740.6500244140625,1205474,2026-06-29 19:40:00+00:00
1782762300,740.6500244140625,740.9199829101562,740.5999755859375,740.8900146484375,923273,2026-06-29 19:45:00+00:00
1782762600,740.8900146484375,741.0,740.22998046875,740.2899780273438,2384337,2026-06-29 19:50:00+00:00
1782762900,740.2899780273438,741.5599975585938,740.2899780273438,740.8499755859375,4054970,2026-06-29 19:55:00+00:00
1782826200,741.2899780273438,741.969970703125,740.8900146484375,741.3049926757812,1787543,2026-06-30 13:30:00+00:00
1782826500,741.3099975585938,742.0900268554688,741.1099853515625,741.469970703125,778822,2026-06-30 13:35:00+00:00
1782826800,741.4600219726562,742.3099975585938,741.22998046875,741.9099731445312,910901,2026-06-30 13:40:00+00:00
1782827100,741.8699951171875,742.3099975585938,741.6699829101562,742.010009765625,592726,2026-06-30 13:45:00+00:00
1782827400,741.989990234375,743.469970703125,741.8800048828125,743.1799926757812,1009884,2026-06-30 13:50:00+00:00
1782827700,743.1799926757812,743.9600219726562,743.1599731445312,743.9199829101562,547698,2026-06-30 13:55:00+00:00
1782828000,743.9099731445312,744.530029296875,742.8599853515625,744.52001953125,3100579,2026-06-30 14:00:00+00:00
1782828300,744.52001953125,744.5299072265625,743.3699951171875,743.5399780273438,369176,2026-06-30 14:05:00+00:00
1782828600,743.5650024414062,743.8800048828125,743.1724853515625,743.6300048828125,418594,2026-06-30 14:10:00+00:00
1782828900,743.6199951171875,743.8499755859375,743.3099975585938,743.5599975585938,298480,2026-06-30 14:15:00+00:00
1782829200,743.5700073242188,744.4600219726562,743.4600219726562,744.2999877929688,299097,2026-06-30 14:20:00+00:00
1782829500,744.3109741210938,744.5750122070312,744.02001953125,744.47998046875,237314,2026-06-30 14:25:00+00:00
1782829800,744.469970703125,745.3300170898438,744.4400024414062,745.3200073242188,434445,2026-06-30 14:30:00+00:00
1782830100,745.3300170898438,745.3800048828125,744.3400268554688,744.5549926757812,625219,2026-06-30 14:35:00+00:00
1782830400,744.5599975585938,744.9249877929688,744.1599731445312,744.780029296875,334239,2026-06-30 14:40:00+00:00
1782830700,744.7999877929688,744.8099975585938,743.6511840820312,743.8699951171875,317645,2026-06-30 14:45:00+00:00
1782831000,743.8900146484375,744.27001953125,743.3200073242188,743.3798828125,341395,2026-06-30 14:50:00+00:00
1782831300,743.3800048828125,743.719970703125,742.9299926757812,743.3198852539062,263306,2026-06-30 14:55:00+00:00
1782831600,743.3200073242188,744.3200073242188,743.239990234375,744.1699829101562,269756,2026-06-30 15:00:00+00:00
1782831900,744.1699829101562,744.510009765625,743.7999877929688,744.4249877929688,284409,2026-06-30 15:05:00+00:00
1782832200,744.4400024414062,744.9199829101562,744.3300170898438,744.8300170898438,466836,2026-06-30 15:10:00+00:00
1782832500,744.8200073242188,744.8800048828125,744.3599853515625,744.5499877929688,225849,2026-06-30 15:15:00+00:00
1782832800,744.5499877929688,745.218994140625,744.530029296875,745.1400146484375,346595,2026-06-30 15:20:00+00:00
1782833100,745.1500244140625,745.3599853515625,744.97998046875,745.260009765625,317186,2026-06-30 15:25:00+00:00
1782833400,745.2750244140625,745.47998046875,745.0499877929688,745.4500122070312,457431,2026-06-30 15:30:00+00:00
1782833700,745.4299926757812,745.47998046875,744.8499755859375,744.9400024414062,262459,2026-06-30 15:35:00+00:00
1782834000,744.9500122070312,745.25,744.7940063476562,745.030029296875,194669,2026-06-30 15:40:00+00:00
1782834300,745.030029296875,745.6900024414062,745.030029296875,745.4149780273438,244820,2026-06-30 15:45:00+00:00
1782834600,745.4299926757812,745.7349853515625,745.280029296875,745.6799926757812,221972,2026-06-30 15:50:00+00:00
1782834900,745.6699829101562,746.0,745.6300048828125,745.7899780273438,353269,2026-06-30 15:55:00+00:00
1782835200,745.7999877929688,746.1500244140625,745.760009765625,746.0,391433,2026-06-30 16:00:00+00:00
1782835500,746.0025024414062,746.405029296875,745.97998046875,746.0850219726562,333250,2026-06-30 16:05:00+00:00
1782835800,746.0800170898438,746.3200073242188,746.0499877929688,746.280029296875,226252,2026-06-30 16:10:00+00:00
1782836100,746.27001953125,746.6199951171875,746.1799926757812,746.3900146484375,380723,2026-06-30 16:15:00+00:00
1782836400,746.3900146484375,746.530029296875,746.260009765625,746.4199829101562,239427,2026-06-30 16:20:00+00:00
1782836700,746.4199829101562,746.4400024414062,746.260009765625,746.2899780273438,366476,2026-06-30 16:25:00+00:00
1782837000,746.2899780273438,746.4199829101562,746.1199951171875,746.219970703125,298510,2026-06-30 16:30:00+00:00
1782837300,746.219970703125,746.4199829101562,746.1199951171875,746.4199829101562,185406,2026-06-30 16:35:00+00:00
1782837600,746.4000244140625,746.6099853515625,746.3300170898438,746.5307006835938,293982,2026-06-30 16:40:00+00:00
1782837900,746.5399780273438,746.7899780273438,746.47998046875,746.7899780273438,282884,2026-06-30 16:45:00+00:00
1782838200,746.7899780273438,747.0399780273438,746.6300048828125,746.9400024414062,406701,2026-06-30 16:50:00+00:00
1782838500,746.9500122070312,747.0,746.655029296875,746.77001953125,231170,2026-06-30 16:55:00+00:00
1782838800,746.780029296875,747.1400146484375,746.77001953125,746.97998046875,222298,2026-06-30 17:00:00+00:00
1782839100,746.97998046875,747.0800170898438,746.8400268554688,746.8699951171875,192471,2026-06-30 17:05:00+00:00
1782839400,746.8900146484375,746.9199829101562,746.5750122070312,746.594970703125,176597,2026-06-30 17:10:00+00:00
1782839700,746.594970703125,746.7424926757812,746.52001953125,746.6400146484375,442476,2026-06-30 17:15:00+00:00
1782840000,746.6500244140625,746.8900146484375,746.5999755859375,746.6950073242188,203658,2026-06-30 17:20:00+00:00
1782840300,746.7000122070312,746.75,746.3699951171875,746.489990234375,222828,2026-06-30 17:25:00+00:00
1782840600,746.510009765625,746.6699829101562,746.3200073242188,746.5700073242188,206833,2026-06-30 17:30:00+00:00
1782840900,746.5700073242188,746.6199951171875,746.1500244140625,746.2000122070312,430786,2026-06-30 17:35:00+00:00
1782841200,746.2000122070312,746.6300048828125,746.1799926757812,746.6099853515625,313834,2026-06-30 17:40:00+00:00
1782841500,746.60498046875,746.6599731445312,746.3200073242188,746.3699951171875,275184,2026-06-30 17:45:00+00:00
1782841800,746.3800048828125,746.5999755859375,746.2999877929688,746.469970703125,188357,2026-06-30 17:50:00+00:00
1782842100,746.4600219726562,746.5399780273438,746.4000244140625,746.489990234375,171685,2026-06-30 17:55:00+00:00
1782842400,746.489990234375,746.8599853515625,746.3800048828125,746.6599731445312,283412,2026-06-30 18:00:00+00:00
1782842700,746.6649780273438,746.77001953125,746.3200073242188,746.6599731445312,284579,2026-06-30 18:05:00+00:00
1782843000,746.6599731445312,746.8250122070312,746.5850219726562,746.77001953125,225522,2026-06-30 18:10:00+00:00
1782843300,746.77001953125,746.9650268554688,746.6799926757812,746.9500122070312,236989,2026-06-30 18:15:00+00:00
1782843600,746.9400024414062,747.0800170898438,746.8499755859375,746.8699951171875,364063,2026-06-30 18:20:00+00:00
1782843900,746.8599853515625,746.9199829101562,746.7000122070312,746.7999877929688,207765,2026-06-30 18:25:00+00:00
1782844200,746.77001953125,746.8200073242188,746.5599975585938,746.6900024414062,299568,2026-06-30 18:30:00+00:00
1782844500,746.7000122070312,746.8499755859375,746.6599731445312,746.72998046875,240346,2026-06-30 18:35:00+00:00
1782844800,746.7249755859375,747.0599975585938,746.719970703125,746.97998046875,299062,2026-06-30 18:40:00+00:00
1782845100,746.969970703125,747.3499755859375,746.8599853515625,747.3300170898438,407624,2026-06-30 18:45:00+00:00
1782845400,747.3200073242188,747.4400024414062,747.0,747.1300048828125,358764,2026-06-30 18:50:00+00:00
1782845700,747.125,747.3300170898438,747.0900268554688,747.1300048828125,363398,2026-06-30 18:55:00+00:00
1782846000,747.1300048828125,747.4000244140625,747.1099853515625,747.25,336809,2026-06-30 19:00:00+00:00
1782846300,747.22998046875,747.5999755859375,747.1300048828125,747.5,375077,2026-06-30 19:05:00+00:00
1782846600,747.5020141601562,747.780029296875,747.3200073242188,747.719970703125,470204,2026-06-30 19:10:00+00:00
1782846900,747.719970703125,748.02001953125,747.5999755859375,747.6199951171875,660814,2026-06-30 19:15:00+00:00
1782847200,747.6400146484375,747.7999877929688,747.469970703125,747.6300048828125,1152773,2026-06-30 19:20:00+00:00
1782847500,747.6199951171875,747.7000122070312,747.2999877929688,747.4199829101562,952990,2026-06-30 19:25:00+00:00
1782847800,747.4299926757812,747.489990234375,747.1300048828125,747.1400146484375,683924,2026-06-30 19:30:00+00:00
1782848100,747.14501953125,747.2000122070312,746.72998046875,746.9299926757812,706926,2026-06-30 19:35:00+00:00
1782848400,746.9199829101562,747.1400146484375,746.8099975585938,747.1300048828125,732755,2026-06-30 19:40:00+00:00
1782848700,747.1389770507812,747.3499755859375,746.8150024414062,746.9099731445312,885649,2026-06-30 19:45:00+00:00
1782849000,746.9000244140625,747.489990234375,746.6749877929688,747.4400024414062,1610289,2026-06-30 19:50:00+00:00
1782849300,747.4500122070312,747.8599853515625,746.3699951171875,746.47998046875,8282003,2026-06-30 19:55:00+00:00
1782912600,745.0,745.1799926757812,742.5,742.6300048828125,2388004,2026-07-01 13:30:00+00:00
1782912900,742.6300048828125,743.4099731445312,742.375,743.072509765625,912760,2026-07-01 13:35:00+00:00
1782913200,743.1199951171875,743.75,742.780029296875,743.2100219726562,1153801,2026-07-01 13:40:00+00:00
1782913500,743.219970703125,744.119873046875,742.8599853515625,743.6900024414062,913819,2026-07-01 13:45:00+00:00
1782913800,743.6900024414062,744.9199829101562,743.6099853515625,744.75,846149,2026-07-01 13:50:00+00:00
1782914100,744.739990234375,745.3400268554688,744.4801025390625,745.3200073242188,828006,2026-07-01 13:55:00+00:00
1782914400,745.3400268554688,745.6300048828125,745.0,745.3900146484375,483830,2026-07-01 14:00:00+00:00
1782914700,745.405029296875,746.3049926757812,745.3300170898438,746.094970703125,543302,2026-07-01 14:05:00+00:00
1782915000,746.0900268554688,746.8900146484375,746.02001953125,746.6099853515625,628072,2026-07-01 14:10:00+00:00
1782915300,746.64501953125,746.8300170898438,746.3499755859375,746.75,750140,2026-07-01 14:15:00+00:00
1782915600,746.739990234375,746.989990234375,746.6300048828125,746.8099975585938,454617,2026-07-01 14:20:00+00:00
1782915900,746.8099975585938,747.02001953125,746.6699829101562,746.8200073242188,300827,2026-07-01 14:25:00+00:00
1782916200,746.8200073242188,746.9000244140625,746.02001953125,746.3049926757812,419233,2026-07-01 14:30:00+00:00
1782916500,746.2899780273438,746.9299926757812,746.0,746.9199829101562,487713,2026-07-01 14:35:00+00:00
1782916800,746.8930053710938,747.1099853515625,746.469970703125,746.6400146484375,546225,2026-07-01 14:40:00+00:00
1782917100,746.6099853515625,746.6400146484375,745.6900024414062,746.4600219726562,481804,2026-07-01 14:45:00+00:00
1782917400,746.489990234375,747.0700073242188,746.41748046875,746.8599853515625,379682,2026-07-01 14:50:00+00:00
1782917700,746.8800048828125,746.969970703125,746.3800048828125,746.9600219726562,306704,2026-07-01 14:55:00+00:00
1782918000,746.989990234375,747.9149780273438,746.9000244140625,747.780029296875,506271,2026-07-01 15:00:00+00:00
1782918300,747.7849731445312,748.0700073242188,747.3900146484375,747.6599731445312,718027,2026-07-01 15:05:00+00:00
1782918600,747.6699829101562,748.0900268554688,747.4708862304688,748.0700073242188,407140,2026-07-01 15:10:00+00:00
1782918900,748.0900268554688,748.6400146484375,748.030029296875,748.47998046875,573080,2026-07-01 15:15:00+00:00
1782919200,748.47998046875,749.0499877929688,748.47998046875,748.8900146484375,527674,2026-07-01 15:20:00+00:00
1782919500,748.8699951171875,749.3200073242188,748.8099975585938,749.2899780273438,768037,2026-07-01 15:25:00+00:00
1782919800,749.280029296875,749.364990234375,748.6400146484375,748.6599731445312,320244,2026-07-01 15:30:00+00:00
1782920100,748.6500244140625,748.8800048828125,748.3400268554688,748.6300048828125,360520,2026-07-01 15:35:00+00:00
1782920400,748.6599731445312,748.9099731445312,748.5,748.8099975585938,248668,2026-07-01 15:40:00+00:00
1782920700,748.780029296875,748.9099731445312,748.3599853515625,748.4600219726562,336484,2026-07-01 15:45:00+00:00
1782921000,748.469970703125,748.8400268554688,748.3499755859375,748.52001953125,193883,2026-07-01 15:50:00+00:00
1782921300,748.52001953125,748.8800048828125,748.3599853515625,748.7899780273438,286282,2026-07-01 15:55:00+00:00
1782921600,748.8109741210938,749.1400146484375,748.6900024414062,748.8099975585938,262549,2026-07-01 16:00:00+00:00
1782921900,748.7999877929688,749.0900268554688,748.6699829101562,748.8800048828125,152324,2026-07-01 16:05:00+00:00
1782922200,748.8800048828125,749.1400146484375,748.72998046875,749.0900268554688,177492,2026-07-01 16:10:00+00:00
1782922500,749.0800170898438,749.1699829101562,748.8599853515625,749.0800170898438,385667,2026-07-01 16:15:00+00:00
1782922800,749.0800170898438,749.4349975585938,748.97998046875,749.239990234375,236481,2026-07-01 16:20:00+00:00
1782923100,749.25,749.3599853515625,748.969970703125,748.9700927734375,204706,2026-07-01 16:25:00+00:00
1782923400,748.97998046875,749.2100219726562,748.969970703125,749.0399780273438,137705,2026-07-01 16:30:00+00:00
1782923700,749.02001953125,749.030029296875,748.52001953125,748.5599975585938,250109,2026-07-01 16:35:00+00:00
1782924000,748.5399780273438,748.6799926757812,748.2899780273438,748.5999755859375,295509,2026-07-01 16:40:00+00:00
1782924300,748.6099853515625,748.8300170898438,748.3200073242188,748.3200073242188,283186,2026-07-01 16:45:00+00:00
1782924600,748.3250122070312,748.5549926757812,747.89501953125,748.0599975585938,313846,2026-07-01 16:50:00+00:00
1782924900,748.0800170898438,748.1300048828125,747.322509765625,747.52001953125,318935,2026-07-01 16:55:00+00:00
1782925200,747.510009765625,747.9299926757812,747.3900146484375,747.5150146484375,250031,2026-07-01 17:00:00+00:00
1782925500,747.510009765625,747.569091796875,747.0399780273438,747.47998046875,456779,2026-07-01 17:05:00+00:00
1782925800,747.5,747.8699951171875,747.27001953125,747.8201293945312,178588,2026-07-01 17:10:00+00:00
1782926100,747.8200073242188,748.1199951171875,747.720703125,748.0700073242188,321515,2026-07-01 17:15:00+00:00
1782926400,748.0900268554688,748.3099975585938,748.0499877929688,748.2100219726562,179773,2026-07-01 17:20:00+00:00
1782926700,748.2398071289062,748.4199829101562,747.9199829101562,747.9299926757812,271513,2026-07-01 17:25:00+00:00
1782927000,747.9400024414062,748.1799926757812,747.6799926757812,747.8200073242188,210559,2026-07-01 17:30:00+00:00
1782927300,747.8400268554688,748.0499877929688,747.6500244140625,747.9400024414062,218628,2026-07-01 17:35:00+00:00
1782927600,747.9500122070312,747.97998046875,747.469970703125,747.489990234375,119831,2026-07-01 17:40:00+00:00
1782927900,747.47998046875,747.6400146484375,747.2899780273438,747.4199829101562,225530,2026-07-01 17:45:00+00:00
1782928200,747.4199829101562,747.7399291992188,747.239990234375,747.5999755859375,184187,2026-07-01 17:50:00+00:00
1782928500,747.6099853515625,747.6199951171875,747.1599731445312,747.1950073242188,234030,2026-07-01 17:55:00+00:00
1782928800,747.2000122070312,747.6900024414062,747.14501953125,747.6900024414062,420904,2026-07-01 18:00:00+00:00
1782929100,747.6799926757812,747.6799926757812,747.2899780273438,747.530029296875,194348,2026-07-01 18:05:00+00:00
1782929400,747.510009765625,747.5499877929688,747.0900268554688,747.0999755859375,184084,2026-07-01 18:10:00+00:00
1782929700,747.0900268554688,747.260009765625,746.7100219726562,747.2100219726562,339707,2026-07-01 18:15:00+00:00
1782930000,747.219970703125,747.4400024414062,747.1199951171875,747.4400024414062,338516,2026-07-01 18:20:00+00:00
1782930300,747.4299926757812,747.5349731445312,747.1300048828125,747.1400146484375,204926,2026-07-01 18:25:00+00:00
1782930600,747.1300048828125,747.2698974609375,747.0,747.219970703125,233101,2026-07-01 18:30:00+00:00
1782930900,747.2000122070312,747.3800048828125,747.0900268554688,747.280029296875,212911,2026-07-01 18:35:00+00:00
1782931200,747.27001953125,747.3300170898438,747.0499877929688,747.1799926757812,232956,2026-07-01 18:40:00+00:00
1782931500,747.1799926757812,747.2000122070312,746.6801147460938,746.9299926757812,372970,2026-07-01 18:45:00+00:00
1782931800,746.9349975585938,746.9949951171875,746.4500122070312,746.4801025390625,435589,2026-07-01 18:50:00+00:00
1782932100,746.47998046875,746.9299926757812,746.4500122070312,746.8499755859375,284593,2026-07-01 18:55:00+00:00
1782932400,746.8599853515625,747.3300170898438,746.780029296875,747.2750244140625,441118,2026-07-01 19:00:00+00:00
1782932700,747.260009765625,747.6900024414062,747.239990234375,747.6099853515625,412872,2026-07-01 19:05:00+00:00
1782933000,747.5999755859375,747.6199951171875,747.219970703125,747.3499755859375,441600,2026-07-01 19:10:00+00:00
1782933300,747.3200073242188,747.5900268554688,747.27001953125,747.4000244140625,225077,2026-07-01 19:15:00+00:00
1782933600,747.4099731445312,747.530029296875,747.280029296875,747.489990234375,254844,2026-07-01 19:20:00+00:00
1782933900,747.5,747.5,746.9400024414062,746.9400024414062,601085,2026-07-01 19:25:00+00:00
1782934200,746.9400024414062,747.3099975585938,746.9299926757812,747.1500244140625,546729,2026-07-01 19:30:00+00:00
1782934500,747.1400146484375,747.1599731445312,746.77001953125,746.8400268554688,426906,2026-07-01 19:35:00+00:00
1782934800,746.8300170898438,746.8699951171875,746.4600219726562,746.6500244140625,953912,2026-07-01 19:40:00+00:00
1782935100,746.6500244140625,746.6799926757812,746.3300170898438,746.52001953125,673954,2026-07-01 19:45:00+00:00
1782935400,746.530029296875,746.7999877929688,745.9199829101562,746.239990234375,1424220,2026-07-01 19:50:00+00:00
1782935700,746.22998046875,746.25,745.1599731445312,745.7000122070312,4176329,2026-07-01 19:55:00+00:00
1782999000,747.4000244140625,748.719970703125,747.0999755859375,748.5599975585938,2508520,2026-07-02 13:30:00+00:00
1782999300,748.5399780273438,749.1900024414062,747.989990234375,748.780029296875,539873,2026-07-02 13:35:00+00:00
1782999600,748.8099975585938,750.25,748.6300048828125,749.7999877929688,706026,2026-07-02 13:40:00+00:00
1782999900,749.760009765625,750.7362060546875,749.510009765625,750.405029296875,474360,2026-07-02 13:45:00+00:00
1783000200,750.4190063476562,751.2449951171875,750.1799926757812,750.469970703125,707106,2026-07-02 13:50:00+00:00
1783000500,750.489990234375,750.77001953125,750.030029296875,750.760009765625,435326,2026-07-02 13:55:00+00:00
1783000800,750.780029296875,751.0900268554688,750.4000244140625,750.7794799804688,387736,2026-07-02 14:00:00+00:00
1783001100,750.780029296875,751.3099975585938,750.1199951171875,750.2449951171875,505269,2026-07-02 14:05:00+00:00
1783001400,750.260009765625,751.239990234375,749.6699829101562,750.9600219726562,578904,2026-07-02 14:10:00+00:00
1783001700,750.969970703125,751.219970703125,750.1400146484375,750.6699829101562,390691,2026-07-02 14:15:00+00:00
1783002000,750.6599731445312,750.77001953125,749.52001953125,749.6500244140625,628550,2026-07-02 14:20:00+00:00
1783002300,749.6599731445312,749.7999877929688,747.6099853515625,747.9400024414062,986129,2026-07-02 14:25:00+00:00
1783002600,747.9500122070312,749.3800048828125,747.5599975585938,748.27001953125,701328,2026-07-02 14:30:00+00:00
1783002900,748.2750244140625,749.1400146484375,747.8040161132812,748.4550170898438,417189,2026-07-02 14:35:00+00:00
1783003200,748.4500122070312,748.6300048828125,746.3499755859375,746.8800048828125,636437,2026-07-02 14:40:00+00:00
1783003500,746.8900146484375,747.6799926757812,746.3200073242188,747.27001953125,489508,2026-07-02 14:45:00+00:00
1783003800,747.2849731445312,747.7100219726562,746.02001953125,746.5,459111,2026-07-02 14:50:00+00:00
1783004100,746.47998046875,747.6699829101562,746.4299926757812,747.6599731445312,266821,2026-07-02 14:55:00+00:00
1783004400,747.6500244140625,747.8280029296875,746.0399780273438,746.0700073242188,526444,2026-07-02 15:00:00+00:00
1783004700,746.0900268554688,746.3699951171875,744.2000122070312,745.3624877929688,915252,2026-07-02 15:05:00+00:00
1783005000,745.3800048828125,746.530029296875,745.010009765625,746.0599975585938,405388,2026-07-02 15:10:00+00:00
1783005300,746.0599975585938,746.3400268554688,744.4400024414062,744.6300048828125,523939,2026-07-02 15:15:00+00:00
1783005600,744.6900024414062,745.9400024414062,744.3300170898438,745.8800048828125,448169,2026-07-02 15:20:00+00:00
1783005900,745.9099731445312,746.02001953125,744.8900146484375,744.9099731445312,406656,2026-07-02 15:25:00+00:00
1783006200,744.8800048828125,746.2650146484375,744.8699951171875,746.0800170898438,379207,2026-07-02 15:30:00+00:00
1783006500,746.0999755859375,746.7100219726562,745.9600219726562,746.2349853515625,483631,2026-07-02 15:35:00+00:00
1783006800,746.22998046875,746.5499877929688,745.2861938476562,745.2861938476562,348866,2026-07-02 15:40:00+00:00
1783007100,745.2899780273438,745.718994140625,744.739990234375,744.8599853515625,166238,2026-07-02 15:45:00+00:00
1783007400,744.8800048828125,744.8800048828125,744.0499877929688,744.614990234375,311294,2026-07-02 15:50:00+00:00
1783007700,744.5999755859375,744.9400024414062,744.0700073242188,744.64501953125,324263,2026-07-02 15:55:00+00:00
1783008000,744.6500244140625,744.8699951171875,743.6699829101562,744.3200073242188,728464,2026-07-02 16:00:00+00:00
1783008300,744.3099975585938,744.594970703125,743.7999877929688,743.906005859375,193043,2026-07-02 16:05:00+00:00
1783008600,743.9500122070312,744.669921875,743.8099975585938,744.5,211939,2026-07-02 16:10:00+00:00
1783008900,744.5,744.614990234375,743.969970703125,744.0499877929688,219089,2026-07-02 16:15:00+00:00
1783009200,744.0499877929688,744.0750122070312,743.3699951171875,743.4500122070312,333837,2026-07-02 16:20:00+00:00
1783009500,743.4400024414062,744.02001953125,743.4199829101562,743.5399780273438,266933,2026-07-02 16:25:00+00:00
1783009800,743.5599975585938,743.5700073242188,742.8300170898438,742.8300170898438,734008,2026-07-02 16:30:00+00:00
1783010100,742.8200073242188,743.1099853515625,742.1099853515625,742.6699829101562,479644,2026-07-02 16:35:00+00:00
1783010400,742.6799926757812,743.3599853515625,742.5999755859375,743.2449951171875,523397,2026-07-02 16:40:00+00:00
1783010700,743.22998046875,743.27001953125,742.77001953125,742.989990234375,241683,2026-07-02 16:45:00+00:00
1783011000,742.989990234375,743.3599853515625,742.5700073242188,742.9000244140625,289710,2026-07-02 16:50:00+00:00
1783011300,742.9099731445312,742.9199829101562,741.8099975585938,742.1799926757812,340170,2026-07-02 16:55:00+00:00
1783011600,742.2000122070312,742.280029296875,740.52001953125,740.85498046875,475859,2026-07-02 17:00:00+00:00
1783011900,740.8499755859375,741.9500122070312,740.3699951171875,741.52001953125,513056,2026-07-02 17:05:00+00:00
1783012200,741.510009765625,741.9400024414062,741.219970703125,741.75,340622,2026-07-02 17:10:00+00:00
1783012500,741.75,742.1699829101562,741.3800048828125,741.4600219726562,1007248,2026-07-02 17:15:00+00:00
1783012800,741.469970703125,741.9000244140625,741.280029296875,741.3657836914062,859947,2026-07-02 17:20:00+00:00
1783013100,741.3699951171875,741.6500244140625,741.1400146484375,741.530029296875,688107,2026-07-02 17:25:00+00:00
1783013400,741.5399780273438,742.0999755859375,741.4299926757812,741.4299926757812,263261,2026-07-02 17:30:00+00:00
1783013700,741.4299926757812,741.5700073242188,740.6500244140625,740.75,513240,2026-07-02 17:35:00+00:00
1783014000,740.7449951171875,741.2100219726562,740.4299926757812,741.1199951171875,259671,2026-07-02 17:40:00+00:00
1783014300,741.0800170898438,741.1500244140625,740.22998046875,740.6400146484375,336425,2026-07-02 17:45:00+00:00
1783014600,740.6300048828125,741.1099853515625,740.3499755859375,740.9409790039062,255859,2026-07-02 17:50:00+00:00
1783014900,740.9400024414062,741.02001953125,740.030029296875,740.239990234375,476222,2026-07-02 17:55:00+00:00
1783015200,740.260009765625,740.989990234375,740.0499877929688,740.9400024414062,462007,2026-07-02 18:00:00+00:00
1783015500,740.9400024414062,742.469970703125,740.9000244140625,742.4400024414062,548620,2026-07-02 18:05:00+00:00
1783015800,742.4400024414062,742.9000244140625,742.1300048828125,742.219970703125,287109,2026-07-02 18:10:00+00:00
1783016100,742.25,742.3800048828125,741.4000244140625,741.6900024414062,302712,2026-07-02 18:15:00+00:00
1783016400,741.6699829101562,742.2899780273438,741.6649780273438,742.155029296875,218599,2026-07-02 18:20:00+00:00
1783016700,742.155029296875,742.72998046875,741.9600219726562,742.719970703125,224082,2026-07-02 18:25:00+00:00
1783017000,742.7100219726562,743.3400268554688,742.6599731445312,742.9299926757812,397918,2026-07-02 18:30:00+00:00
1783017300,742.9600219726562,743.280029296875,742.8499755859375,743.1599731445312,263336,2026-07-02 18:35:00+00:00
1783017600,743.1649780273438,743.3300170898438,742.969970703125,743.0399780273438,239079,2026-07-02 18:40:00+00:00
1783017900,743.0549926757812,743.2899780273438,742.530029296875,743.2374877929688,345624,2026-07-02 18:45:00+00:00
1783018200,743.219970703125,743.510009765625,742.8599853515625,742.8599853515625,510746,2026-07-02 18:50:00+00:00
1783018500,742.8699951171875,743.0999755859375,742.5800170898438,742.989501953125,223207,2026-07-02 18:55:00+00:00
1783018800,742.989990234375,743.1301879882812,741.5599975585938,741.648193359375,316834,2026-07-02 19:00:00+00:00
1783019100,741.6400146484375,742.0999755859375,741.27001953125,741.8599853515625,465790,2026-07-02 19:05:00+00:00
1783019400,741.875,742.22998046875,741.530029296875,742.0399780273438,272595,2026-07-02 19:10:00+00:00
1783019700,742.0499877929688,742.1500244140625,741.52001953125,741.7999877929688,286971,2026-07-02 19:15:00+00:00
1783020000,741.8200073242188,741.8900146484375,741.52001953125,741.5999755859375,728011,2026-07-02 19:20:00+00:00
1783020300,741.5900268554688,742.6400146484375,741.4600219726562,742.3099975585938,628453,2026-07-02 19:25:00+00:00
1783020600,742.3400268554688,742.8900146484375,742.1699829101562,742.8400268554688,484616,2026-07-02 19:30:00+00:00
1783020900,742.8499755859375,743.1500244140625,742.5800170898438,743.1099853515625,464160,2026-07-02 19:35:00+00:00
1783021200,743.1099853515625,743.375,742.77001953125,743.25,614894,2026-07-02 19:40:00+00:00
1783021500,743.260009765625,743.3800048828125,742.989990234375,743.27001953125,899053,2026-07-02 19:45:00+00:00
1783021800,743.280029296875,744.510009765625,743.2750244140625,744.47998046875,2388157,2026-07-02 19:50:00+00:00
1783022100,744.5,745.5800170898438,744.280029296875,744.8400268554688,5949984,2026-07-02 19:55:00+00:00
1783344600,748.739990234375,749.4849853515625,748.1199951171875,749.1599731445312,1901032,2026-07-06 13:30:00+00:00
1783344900,749.1599731445312,749.1599731445312,747.4099731445312,748.2916870117188,667148,2026-07-06 13:35:00+00:00
1783345200,748.3099975585938,748.6599731445312,747.719970703125,748.6400146484375,683589,2026-07-06 13:40:00+00:00
1783345500,748.6199951171875,749.0999755859375,748.2999877929688,748.9400024414062,796538,2026-07-06 13:45:00+00:00
1783345800,748.9500122070312,749.5399780273438,748.25,748.875,807576,2026-07-06 13:50:00+00:00
1783346100,748.8699951171875,748.9650268554688,748.3099975585938,748.5,440195,2026-07-06 13:55:00+00:00
1783346400,748.5399780273438,749.010009765625,747.969970703125,748.3800048828125,369303,2026-07-06 14:00:00+00:00
1783346700,748.3400268554688,749.0499877929688,748.0499877929688,748.8099975585938,335369,2026-07-06 14:05:00+00:00
1783347000,748.8090209960938,749.4500122070312,748.5999755859375,749.4000244140625,432665,2026-07-06 14:10:00+00:00
1783347300,749.4000244140625,749.47998046875,748.9600219726562,749.1799926757812,1553172,2026-07-06 14:15:00+00:00
1783347600,749.1900024414062,749.8400268554688,749.0399780273438,749.6500244140625,813372,2026-07-06 14:20:00+00:00
1783347900,749.6699829101562,749.97998046875,749.5599975585938,749.9400024414062,702714,2026-07-06 14:25:00+00:00
1783348200,749.9299926757812,750.1699829101562,749.6199951171875,749.7000122070312,539237,2026-07-06 14:30:00+00:00
1783348500,749.7000122070312,749.8599853515625,749.4400024414062,749.6668090820312,459219,2026-07-06 14:35:00+00:00
1783348800,749.6500244140625,749.7550048828125,749.0999755859375,749.6699829101562,356776,2026-07-06 14:40:00+00:00
1783349100,749.6500244140625,749.8699951171875,749.5,749.75,259281,2026-07-06 14:45:00+00:00
1783349400,749.75,750.0399780273438,749.5999755859375,749.8900146484375,439754,2026-07-06 14:50:00+00:00
1783349700,749.8599853515625,750.2750244140625,749.7000122070312,750.2750244140625,387027,2026-07-06 14:55:00+00:00
1783350000,750.280029296875,750.4199829101562,749.9500122070312,750.1799926757812,407756,2026-07-06 15:00:00+00:00
1783350300,750.1749877929688,750.2999877929688,749.9949951171875,750.25,308518,2026-07-06 15:05:00+00:00
1783350600,750.260009765625,750.4000244140625,749.8200073242188,750.1099853515625,427011,2026-07-06 15:10:00+00:00
1783350900,750.094970703125,750.094970703125,749.6099853515625,749.989990234375,275695,2026-07-06 15:15:00+00:00
1783351200,749.989990234375,750.3699951171875,749.760009765625,750.369873046875,369123,2026-07-06 15:20:00+00:00
1783351500,750.3300170898438,750.8099975585938,750.219970703125,750.760009765625,777787,2026-07-06 15:25:00+00:00
1783351800,750.780029296875,750.9600219726562,750.5900268554688,750.6199951171875,388160,2026-07-06 15:30:00+00:00
1783352100,750.6199951171875,750.7050170898438,750.3499755859375,750.6300048828125,324331,2026-07-06 15:35:00+00:00
1783352400,750.6300048828125,750.8499755859375,750.5599975585938,750.8099975585938,309989,2026-07-06 15:40:00+00:00
1783352700,750.8099975585938,750.9299926757812,750.6508178710938,750.8699951171875,318060,2026-07-06 15:45:00+00:00
1783353000,750.8800048828125,750.969970703125,750.6099853515625,750.6300048828125,351942,2026-07-06 15:50:00+00:00
1783353300,750.6400146484375,750.9500122070312,750.6199951171875,750.8400268554688,307064,2026-07-06 15:55:00+00:00
1783353600,750.8300170898438,750.8699951171875,750.6599731445312,750.7999877929688,196362,2026-07-06 16:00:00+00:00
1783353900,750.8049926757812,751.030029296875,750.72998046875,750.9400024414062,335347,2026-07-06 16:05:00+00:00
1783354200,750.9249877929688,751.1099853515625,750.8800048828125,750.989990234375,410148,2026-07-06 16:10:00+00:00
1783354500,750.97998046875,751.0700073242188,750.8499755859375,750.989990234375,337273,2026-07-06 16:15:00+00:00
1783354800,750.989990234375,751.1199951171875,750.8200073242188,750.9000244140625,285370,2026-07-06 16:20:00+00:00
1783355100,750.8699951171875,750.9199829101562,750.5499877929688,750.6500244140625,293745,2026-07-06 16:25:00+00:00
1783355400,750.6500244140625,750.77001953125,750.469970703125,750.6300048828125,394515,2026-07-06 16:30:00+00:00
1783355700,750.6300048828125,750.6599731445312,750.3900146484375,750.5999755859375,268717,2026-07-06 16:35:00+00:00
1783356000,750.60009765625,750.760009765625,750.5800170898438,750.719970703125,181265,2026-07-06 16:40:00+00:00
1783356300,750.719970703125,751.030029296875,750.5499877929688,751.010009765625,320021,2026-07-06 16:45:00+00:00
1783356600,751.02001953125,751.0800170898438,750.6099853515625,750.6099853515625,233763,2026-07-06 16:50:00+00:00
1783356900,750.6199951171875,750.7299194335938,750.3699951171875,750.4600219726562,451795,2026-07-06 16:55:00+00:00
1783357200,750.47998046875,750.9749755859375,750.405029296875,750.8756713867188,268503,2026-07-06 17:00:00+00:00
1783357500,750.8701171875,751.530029296875,750.8699951171875,751.3900146484375,455392,2026-07-06 17:05:00+00:00
1783357800,751.3800048828125,751.469970703125,751.1898803710938,751.3499755859375,222312,2026-07-06 17:10:00+00:00
1783358100,751.3400268554688,751.4400024414062,750.97998046875,751.0850219726562,560672,2026-07-06 17:15:00+00:00
1783358400,751.0800170898438,751.1199951171875,750.8150024414062,750.969970703125,202340,2026-07-06 17:20:00+00:00
1783358700,750.969970703125,751.0999755859375,750.6099853515625,750.7000122070312,447552,2026-07-06 17:25:00+00:00
1783359000,750.7000122070312,750.75,750.25,750.3494873046875,315372,2026-07-06 17:30:00+00:00
1783359300,750.3350219726562,750.530029296875,750.1799926757812,750.344970703125,218173,2026-07-06 17:35:00+00:00
1783359600,750.3400268554688,750.3400268554688,749.6300048828125,750.0850219726562,478553,2026-07-06 17:40:00+00:00
1783359900,750.0850219726562,750.4099731445312,749.8499755859375,750.296875,178229,2026-07-06 17:45:00+00:00
1783360200,750.3099975585938,750.52001953125,750.0499877929688,750.0695190429688,190389,2026-07-06 17:50:00+00:00
1783360500,750.0800170898438,750.14501953125,749.9299926757812,750.1298828125,164282,2026-07-06 17:55:00+00:00
1783360800,750.1300048828125,750.77001953125,750.1300048828125,750.7100219726562,376150,2026-07-06 18:00:00+00:00
1783361100,750.7100219726562,751.1099853515625,750.6199951171875,750.9600219726562,408703,2026-07-06 18:05:00+00:00
1783361400,750.9600219726562,751.0599975585938,750.8250122070312,751.010009765625,322665,2026-07-06 18:10:00+00:00
1783361700,751.0399780273438,751.52001953125,751.02001953125,751.3699951171875,357395,2026-07-06 18:15:00+00:00
1783362000,751.3599853515625,751.5,751.25,751.47998046875,296442,2026-07-06 18:20:00+00:00
1783362300,751.47998046875,751.6063842773438,751.280029296875,751.3300170898438,264314,2026-07-06 18:25:00+00:00
1783362600,751.3300170898438,751.5180053710938,751.0900268554688,751.1300048828125,328390,2026-07-06 18:30:00+00:00
1783362900,751.1199951171875,751.2899780273438,751.010009765625,751.0650024414062,622291,2026-07-06 18:35:00+00:00
1783363200,751.0700073242188,751.3599853515625,751.0700073242188,751.239990234375,235840,2026-07-06 18:40:00+00:00
1783363500,751.25,751.6680297851562,751.2100219726562,751.5900268554688,260397,2026-07-06 18:45:00+00:00
1783363800,751.5900268554688,751.8200073242188,751.530029296875,751.8012084960938,269865,2026-07-06 18:50:00+00:00
1783364100,751.8099975585938,752.0250244140625,751.6799926757812,751.9299926757812,393445,2026-07-06 18:55:00+00:00
1783364400,751.9400024414062,752.1300048828125,751.6799926757812,751.8599853515625,344140,2026-07-06 19:00:00+00:00
1783364700,751.8699951171875,751.97998046875,751.6900024414062,751.77001953125,831736,2026-07-06 19:05:00+00:00
1783365000,751.77001953125,751.9299926757812,751.6900024414062,751.7899780273438,365360,2026-07-06 19:10:00+00:00
1783365300,751.7999877929688,752.1400146484375,751.6599731445312,752.114990234375,876464,2026-07-06 19:15:00+00:00
1783365600,752.1099853515625,752.4099731445312,752.0001220703125,752.2999877929688,684081,2026-07-06 19:20:00+00:00
1783365900,752.3099975585938,752.359375,752.1099853515625,752.2899780273438,548469,2026-07-06 19:25:00+00:00
1783366200,752.280029296875,752.2899780273438,751.9349975585938,752.0399780273438,632983,2026-07-06 19:30:00+00:00
1783366500,752.0449829101562,752.1500244140625,751.739990234375,751.9600219726562,1458343,2026-07-06 19:35:00+00:00
1783366800,751.9500122070312,752.0449829101562,751.780029296875,752.030029296875,444293,2026-07-06 19:40:00+00:00
1783367100,752.0399780273438,752.219970703125,751.8800048828125,751.9600219726562,925725,2026-07-06 19:45:00+00:00
1783367400,751.9600219726562,751.97998046875,751.2000122070312,751.2100219726562,2227157,2026-07-06 19:50:00+00:00
1783367700,751.219970703125,751.4000244140625,750.77001953125,751.3099975585938,5168682,2026-07-06 19:55:00+00:00
1783431000,750.219970703125,750.9600219726562,749.3800048828125,749.47998046875,2008176,2026-07-07 13:30:00+00:00
1783431300,749.4600219726562,749.9199829101562,749.1599731445312,749.510009765625,633195,2026-07-07 13:35:00+00:00
1783431600,749.47998046875,750.22998046875,749.1599731445312,750.1500854492188,682340,2026-07-07 13:40:00+00:00
1783431900,750.1599731445312,750.2100219726562,749.5,749.6199951171875,622507,2026-07-07 13:45:00+00:00
1783432200,749.5900268554688,749.9000244140625,748.739990234375,748.9400024414062,580944,2026-07-07 13:50:00+00:00
1783432500,748.9400024414062,749.0499877929688,748.25,748.8499755859375,750127,2026-07-07 13:55:00+00:00
1783432800,748.8504028320312,749.2000122070312,748.22998046875,748.5599975585938,448314,2026-07-07 14:00:00+00:00
1783433100,748.5900268554688,748.969970703125,748.1199951171875,748.280029296875,383710,2026-07-07 14:05:00+00:00
1783433400,748.27001953125,748.2899780273438,746.9600219726562,747.030029296875,777076,2026-07-07 14:10:00+00:00
1783433700,747.0108032226562,747.5050048828125,746.469970703125,747.5050048828125,743850,2026-07-07 14:15:00+00:00
1783434000,747.5,747.7100219726562,746.6199951171875,746.6400146484375,421552,2026-07-07 14:20:00+00:00
1783434300,746.6699829101562,746.719970703125,746.0900268554688,746.7000122070312,838358,2026-07-07 14:25:00+00:00
1783434600,746.6799926757812,747.010009765625,746.2899780273438,746.3800048828125,687134,2026-07-07 14:30:00+00:00
1783434900,746.3699951171875,746.5499877929688,745.8699951171875,745.8800048828125,632548,2026-07-07 14:35:00+00:00
1783435200,745.8800048828125,746.1400146484375,745.2100219726562,745.7899780273438,775993,2026-07-07 14:40:00+00:00
1783435500,745.7949829101562,746.4849853515625,745.7000122070312,746.1799926757812,496856,2026-07-07 14:45:00+00:00
1783435800,746.1900024414062,746.7650146484375,745.97998046875,746.6199951171875,490024,2026-07-07 14:50:00+00:00
1783436100,746.6199951171875,746.9199829101562,746.4299926757812,746.4450073242188,408609,2026-07-07 14:55:00+00:00
1783436400,746.4600219726562,746.5700073242188,745.9400024414062,746.3699951171875,482982,2026-07-07 15:00:00+00:00
1783436700,746.3699951171875,746.6699829101562,746.1799926757812,746.5650024414062,335094,2026-07-07 15:05:00+00:00
1783437000,746.5650024414062,746.6799926757812,746.0700073242188,746.0701293945312,364875,2026-07-07 15:10:00+00:00
1783437300,746.0700073242188,746.1099853515625,745.760009765625,745.9500122070312,299834,2026-07-07 15:15:00+00:00
1783437600,745.9500122070312,746.3300170898438,745.780029296875,745.8900146484375,230533,2026-07-07 15:20:00+00:00
1783437900,745.9199829101562,746.3690185546875,745.77001953125,746.3690185546875,232311,2026-07-07 15:25:00+00:00
1783438200,746.3599853515625,746.4400024414062,745.9299926757812,745.9299926757812,224539,2026-07-07 15:30:00+00:00
1783438500,745.9400024414062,746.219970703125,745.6400146484375,745.6649780273438,245432,2026-07-07 15:35:00+00:00
1783438800,745.6599731445312,746.4279174804688,745.4299926757812,746.4279174804688,259401,2026-07-07 15:40:00+00:00
1783439100,746.4199829101562,747.2100219726562,746.4000244140625,746.630126953125,517932,2026-07-07 15:45:00+00:00
1783439400,746.6300048828125,747.2999877929688,746.6199951171875,747.02001953125,325676,2026-07-07 15:50:00+00:00
1783439700,747.010009765625,747.4500122070312,746.780029296875,747.3599853515625,262281,2026-07-07 15:55:00+00:00
1783440000,747.3800048828125,747.7899780273438,747.2600708007812,747.6500244140625,332994,2026-07-07 16:00:00+00:00
1783440300,747.6699829101562,748.0700073242188,747.25,747.489990234375,345258,2026-07-07 16:05:00+00:00
1783440600,747.489990234375,748.1599731445312,747.489990234375,748.0399780273438,270305,2026-07-07 16:10:00+00:00
1783440900,748.0499877929688,748.2000122070312,747.8400268554688,748.0399780273438,394558,2026-07-07 16:15:00+00:00
1783441200,748.0399780273438,748.8400268554688,748.02001953125,748.5399169921875,533271,2026-07-07 16:20:00+00:00
1783441500,748.5349731445312,748.989990234375,748.47998046875,748.77001953125,366371,2026-07-07 16:25:00+00:00
1783441800,748.7650146484375,749.0198974609375,748.4299926757812,748.60498046875,424389,2026-07-07 16:30:00+00:00
1783442100,748.6099853515625,748.8400268554688,748.239990234375,748.8150024414062,223593,2026-07-07 16:35:00+00:00
1783442400,748.8200073242188,748.9400024414062,748.5700073242188,748.8699951171875,406224,2026-07-07 16:40:00+00:00
1783442700,748.8599853515625,749.1300048828125,748.8499755859375,749.0399780273438,443469,2026-07-07 16:45:00+00:00
1783443000,749.0599975585938,749.1199951171875,748.75,748.7899780273438,288795,2026-07-07 16:50:00+00:00
1783443300,748.8099975585938,748.9600219726562,748.5,748.9600219726562,323810,2026-07-07 16:55:00+00:00
1783443600,748.9600219726562,749.1699829101562,748.8599853515625,749.1699829101562,201021,2026-07-07 17:00:00+00:00
1783443900,749.1400146484375,749.3400268554688,749.0900268554688,749.1599731445312,490250,2026-07-07 17:05:00+00:00
1783444200,749.155029296875,749.1799926757812,748.740478515625,748.8099975585938,190037,2026-07-07 17:10:00+00:00
1783444500,748.8300170898438,748.8599853515625,748.4199829101562,748.6099853515625,235662,2026-07-07 17:15:00+00:00
1783444800,748.6300048828125,749.1502075195312,748.5499877929688,748.9990844726562,235895,2026-07-07 17:20:00+00:00
1783445100,748.989990234375,749.0800170898438,748.7999877929688,748.8400268554688,228833,2026-07-07 17:25:00+00:00
1783445400,748.8499755859375,749.1799926757812,748.8300170898438,749.0599975585938,221909,2026-07-07 17:30:00+00:00
1783445700,749.0399780273438,749.219970703125,748.7999877929688,749.10498046875,250926,2026-07-07 17:35:00+00:00
1783446000,749.1099853515625,749.27001953125,748.9400024414062,749.125,198795,2026-07-07 17:40:00+00:00
1783446300,749.1300048828125,749.1400146484375,748.739990234375,748.8800048828125,311444,2026-07-07 17:45:00+00:00
1783446600,748.9000244140625,749.030029296875,748.6500244140625,748.8073120117188,160103,2026-07-07 17:50:00+00:00
1783446900,748.7999877929688,749.1799926757812,748.72998046875,749.1799926757812,190357,2026-07-07 17:55:00+00:00
1783447200,749.1799926757812,749.27001953125,748.8900146484375,749.0900268554688,305510,2026-07-07 18:00:00+00:00
1783447500,749.094970703125,749.2000122070312,748.8300170898438,748.9400024414062,178724,2026-07-07 18:05:00+00:00
1783447800,748.969970703125,749.2000122070312,748.9000244140625,748.9949951171875,346659,2026-07-07 18:10:00+00:00
1783448100,749.010009765625,749.1900024414062,748.8900146484375,749.0499877929688,406214,2026-07-07 18:15:00+00:00
1783448400,749.0499877929688,749.2999877929688,748.9299926757812,749.1400146484375,214625,2026-07-07 18:20:00+00:00
1783448700,749.1500244140625,749.260009765625,748.8699951171875,748.989990234375,189553,2026-07-07 18:25:00+00:00
1783449000,749.0,749.0700073242188,748.5700073242188,748.7100219726562,418308,2026-07-07 18:30:00+00:00
1783449300,748.6900024414062,749.0399780273438,748.5399780273438,748.9099731445312,257120,2026-07-07 18:35:00+00:00
1783449600,748.9099731445312,748.9600219726562,748.4000244140625,748.7266235351562,408160,2026-07-07 18:40:00+00:00
1783449900,748.72998046875,748.8400268554688,747.6599731445312,748.155029296875,446637,2026-07-07 18:45:00+00:00
1783450200,748.1699829101562,748.239990234375,747.469970703125,747.7899780273438,633556,2026-07-07 18:50:00+00:00
1783450500,747.780029296875,747.9000244140625,747.4199829101562,747.510009765625,505309,2026-07-07 18:55:00+00:00
1783450800,747.5,747.7000122070312,746.8200073242188,747.2000122070312,878388,2026-07-07 19:00:00+00:00
1783451100,747.2100219726562,747.5700073242188,746.6699829101562,746.7794799804688,701270,2026-07-07 19:05:00+00:00
1783451400,746.780029296875,747.030029296875,746.5499877929688,746.8201293945312,770342,2026-07-07 19:10:00+00:00
1783451700,746.7999877929688,746.8699951171875,746.0,746.6900024414062,943688,2026-07-07 19:15:00+00:00
1783452000,746.665771484375,747.0599975585938,746.4299926757812,747.0399780273438,564601,2026-07-07 19:20:00+00:00
1783452300,747.0399780273438,747.0599975585938,746.5499877929688,746.7000122070312,460710,2026-07-07 19:25:00+00:00
1783452600,746.6699829101562,747.27001953125,746.6599731445312,747.1925048828125,606140,2026-07-07 19:30:00+00:00
1783452900,747.2000122070312,747.2000122070312,746.6699829101562,746.77001953125,525934,2026-07-07 19:35:00+00:00
1783453200,746.760009765625,746.8200073242188,746.3800048828125,746.52001953125,704955,2026-07-07 19:40:00+00:00
1783453500,746.530029296875,747.0599975585938,746.5,746.989990234375,990271,2026-07-07 19:45:00+00:00
1783453800,747.010009765625,747.77001953125,747.010009765625,747.7449951171875,1271051,2026-07-07 19:50:00+00:00
1783454100,747.719970703125,747.969970703125,747.1400146484375,747.7000122070312,2942974,2026-07-07 19:55:00+00:00
1783517400,743.1599731445312,744.0850219726562,742.6400146484375,743.6599731445312,3113957,2026-07-08 13:30:00+00:00
1783517700,743.6599731445312,744.169921875,743.0399780273438,743.9749755859375,835165,2026-07-08 13:35:00+00:00
1783518000,743.9500122070312,744.75,743.8099975585938,744.3400268554688,603095,2026-07-08 13:40:00+00:00
1783518300,744.3099975585938,744.9249877929688,743.5,743.6400146484375,1008334,2026-07-08 13:45:00+00:00
1783518600,743.6300048828125,744.4600219726562,743.3499755859375,743.6599731445312,589677,2026-07-08 13:50:00+00:00
1783518900,743.6599731445312,744.6300048828125,743.22998046875,744.02001953125,703915,2026-07-08 13:55:00+00:00
1783519200,744.030029296875,744.47998046875,743.5900268554688,743.8098754882812,549242,2026-07-08 14:00:00+00:00
1783519500,743.7899780273438,744.7000122070312,743.77001953125,744.260009765625,556244,2026-07-08 14:05:00+00:00
1783519800,744.239990234375,744.4299926757812,743.0599975585938,743.219970703125,595716,2026-07-08 14:10:00+00:00
1783520100,743.2000122070312,743.5999755859375,742.6799926757812,743.2000122070312,578912,2026-07-08 14:15:00+00:00
1783520400,743.1799926757812,744.5399780273438,742.9804077148438,743.7899780273438,632267,2026-07-08 14:20:00+00:00
1783520700,743.780029296875,744.4299926757812,742.760009765625,743.1099853515625,468132,2026-07-08 14:25:00+00:00
1783521000,743.0900268554688,743.6900024414062,742.72998046875,743.3099975585938,478327,2026-07-08 14:30:00+00:00
1783521300,743.2999877929688,743.2999877929688,742.2337036132812,742.3200073242188,580585,2026-07-08 14:35:00+00:00
1783521600,742.27001953125,742.72998046875,741.9500122070312,742.4400024414062,505123,2026-07-08 14:40:00+00:00
1783521900,742.4299926757812,742.47998046875,741.2899780273438,741.2899780273438,582546,2026-07-08 14:45:00+00:00
1783522200,741.2899780273438,742.8363037109375,740.9299926757812,742.1199951171875,812582,2026-07-08 14:50:00+00:00
1783522500,742.0999755859375,742.7100219726562,741.56201171875,741.8400268554688,325792,2026-07-08 14:55:00+00:00
1783522800,741.8300170898438,742.030029296875,741.4199829101562,741.5399780273438,235469,2026-07-08 15:00:00+00:00
1783523100,741.5349731445312,741.9299926757812,741.3900146484375,741.5050048828125,342367,2026-07-08 15:05:00+00:00
1783523400,741.5,741.8400268554688,740.9500122070312,741.1199951171875,351963,2026-07-08 15:10:00+00:00
1783523700,741.0999755859375,741.5125122070312,740.3800048828125,741.3200073242188,597418,2026-07-08 15:15:00+00:00
1783524000,741.2999877929688,741.5599975585938,740.0499877929688,740.1500244140625,560931,2026-07-08 15:20:00+00:00
1783524300,740.1400146484375,740.3300170898438,739.5499877929688,739.9400024414062,698137,2026-07-08 15:25:00+00:00
1783524600,739.9600219726562,740.7576293945312,739.510009765625,740.7399291992188,572448,2026-07-08 15:30:00+00:00
1783524900,740.7100219726562,741.27001953125,740.4099731445312,740.5900268554688,396502,2026-07-08 15:35:00+00:00
1783525200,740.5999755859375,741.1900024414062,740.5599975585938,740.739990234375,232555,2026-07-08 15:40:00+00:00
1783525500,740.719970703125,741.010009765625,740.3200073242188,740.5,290627,2026-07-08 15:45:00+00:00
1783525800,740.4949951171875,740.5900268554688,740.0198974609375,740.47998046875,476006,2026-07-08 15:50:00+00:00
1783526100,740.47998046875,740.7999877929688,740.1699829101562,740.6400146484375,430967,2026-07-08 15:55:00+00:00
1783526400,740.6799926757812,741.260009765625,740.6099853515625,741.25,390387,2026-07-08 16:00:00+00:00
1783526700,741.239990234375,741.75,741.0900268554688,741.6599731445312,322584,2026-07-08 16:05:00+00:00
1783527000,741.6599731445312,742.3499755859375,741.6400146484375,742.27001953125,348047,2026-07-08 16:10:00+00:00
1783527300,742.27001953125,742.684326171875,741.97998046875,742.5800170898438,437682,2026-07-08 16:15:00+00:00
1783527600,742.5800170898438,743.22998046875,742.5399780273438,742.72998046875,400624,2026-07-08 16:20:00+00:00
1783527900,742.739990234375,743.469970703125,742.6699829101562,743.0999755859375,264525,2026-07-08 16:25:00+00:00
1783528200,743.0900268554688,743.8270263671875,742.97998046875,743.0250244140625,328898,2026-07-08 16:30:00+00:00
1783528500,743.02001953125,743.5399780273438,742.4500122070312,743.219970703125,507501,2026-07-08 16:35:00+00:00
1783528800,743.1900024414062,744.2177124023438,742.8900146484375,743.9400024414062,431671,2026-07-08 16:40:00+00:00
1783529100,743.9299926757812,744.280029296875,743.5800170898438,744.27001953125,417133,2026-07-08 16:45:00+00:00
1783529400,744.2899780273438,744.6099853515625,744.0900268554688,744.4000244140625,366260,2026-07-08 16:50:00+00:00
1783529700,744.4000244140625,744.75,744.22998046875,744.6799926757812,300279,2026-07-08 16:55:00+00:00
1783530000,744.6599731445312,744.7000122070312,744.1099853515625,744.2899780273438,322369,2026-07-08 17:00:00+00:00
1783530300,744.2899780273438,744.75,744.1699829101562,744.280029296875,309047,2026-07-08 17:05:00+00:00
1783530600,744.2899780273438,744.6300048828125,743.9849853515625,744.280029296875,352487,2026-07-08 17:10:00+00:00
1783530900,744.2899780273438,744.989990234375,744.280029296875,744.9400024414062,277739,2026-07-08 17:15:00+00:00
1783531200,744.9299926757812,745.4600219726562,744.8699951171875,745.4400024414062,352432,2026-07-08 17:20:00+00:00
1783531500,745.4500122070312,745.780029296875,745.22998046875,745.719970703125,256535,2026-07-08 17:25:00+00:00
1783531800,745.72998046875,746.0900268554688,745.5499877929688,745.5499877929688,313575,2026-07-08 17:30:00+00:00
1783532100,745.5499877929688,745.719970703125,745.2550048828125,745.260009765625,362237,2026-07-08 17:35:00+00:00
1783532400,745.27001953125,745.3200073242188,744.7000122070312,744.9500122070312,349507,2026-07-08 17:40:00+00:00
1783532700,744.9400024414062,744.97998046875,744.260009765625,744.3599853515625,303764,2026-07-08 17:45:00+00:00
1783533000,744.3800048828125,744.8800048828125,744.2324829101562,744.4299926757812,208058,2026-07-08 17:50:00+00:00
1783533300,744.4299926757812,744.469970703125,743.9500122070312,744.3900146484375,250451,2026-07-08 17:55:00+00:00
1783533600,744.3800048828125,745.4500122070312,744.0,745.2899780273438,653580,2026-07-08 18:00:00+00:00
1783533900,745.239990234375,745.3800048828125,744.8699951171875,745.27001953125,222634,2026-07-08 18:05:00+00:00
1783534200,745.25,745.510009765625,744.9199829101562,745.280029296875,287744,2026-07-08 18:10:00+00:00
1783534500,745.2999877929688,745.4099731445312,744.7224731445312,745.1799926757812,283448,2026-07-08 18:15:00+00:00
1783534800,745.1599731445312,745.3099975585938,744.8800048828125,744.9099731445312,191908,2026-07-08 18:20:00+00:00
1783535100,744.9400024414062,745.22998046875,744.6699829101562,744.6699829101562,230637,2026-07-08 18:25:00+00:00
1783535400,744.6699829101562,744.7797241210938,744.260009765625,744.4400024414062,263695,2026-07-08 18:30:00+00:00
1783535700,744.4600219726562,745.25,744.3300170898438,745.1799926757812,268681,2026-07-08 18:35:00+00:00
1783536000,745.1699829101562,745.3099975585938,744.5698852539062,745.0399780273438,214897,2026-07-08 18:40:00+00:00
1783536300,745.0800170898438,745.3300170898438,744.7999877929688,745.27001953125,189434,2026-07-08 18:45:00+00:00
1783536600,745.260009765625,745.5,745.030029296875,745.1400146484375,389759,2026-07-08 18:50:00+00:00
1783536900,745.1500244140625,745.3300170898438,744.780029296875,745.3300170898438,201555,2026-07-08 18:55:00+00:00
1783537200,745.3400268554688,745.7249755859375,745.0499877929688,745.260009765625,362839,2026-07-08 19:00:00+00:00
1783537500,745.25,745.4099731445312,744.989990234375,745.2999877929688,240649,2026-07-08 19:05:00+00:00
1783537800,745.3200073242188,745.3400268554688,744.7999877929688,744.8900146484375,327549,2026-07-08 19:10:00+00:00
1783538100,744.8900146484375,745.1500244140625,744.6799926757812,744.8300170898438,251633,2026-07-08 19:15:00+00:00
1783538400,744.8400268554688,745.27001953125,744.8099975585938,745.030029296875,241820,2026-07-08 19:20:00+00:00
1783538700,745.030029296875,745.3599853515625,744.9400024414062,745.1900024414062,251953,2026-07-08 19:25:00+00:00
1783539000,745.2000122070312,745.3400268554688,744.8300170898438,744.9199829101562,277760,2026-07-08 19:30:00+00:00
1783539300,744.9249877929688,745.3900146484375,744.8350219726562,745.239990234375,365064,2026-07-08 19:35:00+00:00
1783539600,745.219970703125,745.3699951171875,744.8900146484375,745.3300170898438,385543,2026-07-08 19:40:00+00:00
1783539900,745.3300170898438,745.3699951171875,744.4099731445312,744.7999877929688,850847,2026-07-08 19:45:00+00:00
1783540200,744.780029296875,745.7000122070312,744.5999755859375,745.6599731445312,851758,2026-07-08 19:50:00+00:00
1783540500,745.739990234375,746.1500244140625,745.27001953125,745.2899780273438,3054338,2026-07-08 19:55:00+00:00
1783603800,747.3499755859375,747.5,745.6799926757812,747.3499755859375,2486544,2026-07-09 13:30:00+00:00
1783604100,747.3599853515625,748.3579711914062,747.0999755859375,748.1199951171875,704785,2026-07-09 13:35:00+00:00
1783604400,748.1500244140625,748.510009765625,747.489990234375,748.4000244140625,461671,2026-07-09 13:40:00+00:00
1783604700,748.4000244140625,748.760009765625,747.739990234375,748.1099853515625,475555,2026-07-09 13:45:00+00:00
1783605000,748.0999755859375,749.1099853515625,747.8150024414062,748.9500122070312,1449695,2026-07-09 13:50:00+00:00
1783605300,748.97998046875,749.22998046875,748.5599975585938,748.6699829101562,457388,2026-07-09 13:55:00+00:00
1783605600,748.6900024414062,749.02001953125,748.5009765625,748.6900024414062,329240,2026-07-09 14:00:00+00:00
1783605900,748.6699829101562,748.8499755859375,747.969970703125,747.969970703125,423110,2026-07-09 14:05:00+00:00
1783606200,747.9600219726562,748.0,747.27001953125,747.5499877929688,471240,2026-07-09 14:10:00+00:00
1783606500,747.5599975585938,747.5599975585938,745.9299926757812,746.2586059570312,1456170,2026-07-09 14:15:00+00:00
1783606800,746.260009765625,746.989990234375,745.5900268554688,746.9500122070312,703987,2026-07-09 14:20:00+00:00
1783607100,746.9299926757812,748.1900024414062,746.75,747.8798828125,697765,2026-07-09 14:25:00+00:00
1783607400,747.8599853515625,748.0650024414062,747.0999755859375,747.6500244140625,225965,2026-07-09 14:30:00+00:00
1783607700,747.6500244140625,748.47998046875,747.5499877929688,748.4000244140625,212739,2026-07-09 14:35:00+00:00
1783608000,748.4000244140625,748.47998046875,747.8099975585938,747.8800048828125,192076,2026-07-09 14:40:00+00:00
1783608300,747.9099731445312,748.3800048828125,747.8400268554688,748.0499877929688,226563,2026-07-09 14:45:00+00:00
1783608600,748.0599975585938,748.0599975585938,747.25,747.969970703125,411178,2026-07-09 14:50:00+00:00
1783608900,747.9600219726562,748.9199829101562,747.9600219726562,748.72998046875,314693,2026-07-09 14:55:00+00:00
1783609200,748.719970703125,748.9400024414062,748.5999755859375,748.860107421875,297352,2026-07-09 15:00:00+00:00
1783609500,748.8800048828125,749.5599975585938,748.8400268554688,749.489990234375,369154,2026-07-09 15:05:00+00:00
1783609800,749.5,749.5800170898438,749.0999755859375,749.2000122070312,293939,2026-07-09 15:10:00+00:00
1783610100,749.1900024414062,749.5900268554688,748.97998046875,749.219970703125,316150,2026-07-09 15:15:00+00:00
1783610400,749.239990234375,749.9600219726562,749.2100219726562,749.9000244140625,215873,2026-07-09 15:20:00+00:00
1783610700,749.9080200195312,749.97998046875,749.719970703125,749.7999877929688,324864,2026-07-09 15:25:00+00:00
1783611000,749.780029296875,749.7999877929688,749.4849853515625,749.5800170898438,215318,2026-07-09 15:30:00+00:00
1783611300,749.5499877929688,749.8800048828125,749.52001953125,749.8699951171875,182820,2026-07-09 15:35:00+00:00
1783611600,749.8699951171875,750.25,749.80078125,750.1099853515625,263604,2026-07-09 15:40:00+00:00
1783611900,750.0999755859375,750.25,749.9299926757812,750.1599731445312,163099,2026-07-09 15:45:00+00:00
1783612200,750.1699829101562,750.2000122070312,749.8699951171875,749.9199829101562,185723,2026-07-09 15:50:00+00:00
1783612500,749.9199829101562,750.0850219726562,749.7999877929688,749.8699951171875,193083,2026-07-09 15:55:00+00:00
1783612800,749.8800048828125,750.4400024414062,749.8699951171875,750.3300170898438,258866,2026-07-09 16:00:00+00:00
1783613100,750.3200073242188,750.5700073242188,750.3200073242188,750.4400024414062,225574,2026-07-09 16:05:00+00:00
1783613400,750.4600219726562,750.5499877929688,750.3499755859375,750.5250244140625,183901,2026-07-09 16:10:00+00:00
1783613700,750.510009765625,750.6699829101562,750.3800048828125,750.5593872070312,201571,2026-07-09 16:15:00+00:00
1783614000,750.5399780273438,750.8200073242188,750.4500122070312,750.7999877929688,280654,2026-07-09 16:20:00+00:00
1783614300,750.7899780273438,750.8099975585938,750.573974609375,750.6400146484375,1491905,2026-07-09 16:25:00+00:00
1783614600,750.6400146484375,750.89990234375,750.47998046875,750.47998046875,266054,2026-07-09 16:30:00+00:00
1783614900,750.4749755859375,750.5900268554688,750.3300170898438,750.5800170898438,279523,2026-07-09 16:35:00+00:00
1783615200,750.5900268554688,750.7899780273438,750.5900268554688,750.6900024414062,183015,2026-07-09 16:40:00+00:00
1783615500,750.6900024414062,750.75,750.3699951171875,750.47998046875,181236,2026-07-09 16:45:00+00:00
1783615800,750.47998046875,750.60498046875,750.3599853515625,750.4199829101562,200371,2026-07-09 16:50:00+00:00
1783616100,750.4100952148438,750.4949951171875,750.239990234375,750.4400024414062,663809,2026-07-09 16:55:00+00:00
1783616400,750.4500122070312,750.8400268554688,750.4000244140625,750.719970703125,174654,2026-07-09 17:00:00+00:00
1783616700,750.7000122070312,751.2200927734375,750.6400146484375,751.125,304715,2026-07-09 17:05:00+00:00
1783617000,751.1199951171875,751.3900146484375,751.0800170898438,751.22998046875,246238,2026-07-09 17:10:00+00:00
1783617300,751.22998046875,751.5850219726562,751.219970703125,751.5399780273438,168952,2026-07-09 17:15:00+00:00
1783617600,751.5499877929688,751.6699829101562,751.3800048828125,751.4500122070312,250581,2026-07-09 17:20:00+00:00
1783617900,751.4550170898438,751.7899780273438,751.4500122070312,751.7550048828125,244090,2026-07-09 17:25:00+00:00
1783618200,751.760009765625,751.8300170898438,751.4500122070312,751.6300048828125,300959,2026-07-09 17:30:00+00:00
1783618500,751.6104736328125,751.9000244140625,751.5900268554688,751.7100219726562,211758,2026-07-09 17:35:00+00:00
1783618800,751.719970703125,751.7999877929688,751.510009765625,751.7000122070312,182383,2026-07-09 17:40:00+00:00
1783619100,751.7100219726562,751.969970703125,751.6900024414062,751.8400268554688,272284,2026-07-09 17:45:00+00:00
1783619400,751.8499755859375,751.9099731445312,751.6799926757812,751.72998046875,235938,2026-07-09 17:50:00+00:00
1783619700,751.719970703125,751.75,751.1799926757812,751.6300048828125,322261,2026-07-09 17:55:00+00:00
1783620000,751.625,751.72998046875,751.4400024414062,751.5250244140625,292088,2026-07-09 18:00:00+00:00
1783620300,751.5250244140625,751.8099975585938,751.510009765625,751.7000122070312,288164,2026-07-09 18:05:00+00:00
1783620600,751.7000122070312,751.8300170898438,751.6300048828125,751.739990234375,243271,2026-07-09 18:10:00+00:00
1783620900,751.739990234375,751.864990234375,751.5499877929688,751.6300048828125,219393,2026-07-09 18:15:00+00:00
1783621200,751.64501953125,751.64501953125,751.3400268554688,751.344970703125,317386,2026-07-09 18:20:00+00:00
1783621500,751.3499755859375,751.4505004882812,751.239990234375,751.4505004882812,309616,2026-07-09 18:25:00+00:00
1783621800,751.4500122070312,751.5894775390625,751.22998046875,751.27001953125,282941,2026-07-09 18:30:00+00:00
1783622100,751.260009765625,751.3499755859375,751.1027221679688,751.14501953125,293451,2026-07-09 18:35:00+00:00
1783622400,751.14501953125,751.3300170898438,751.0399780273438,751.2999877929688,488916,2026-07-09 18:40:00+00:00
1783622700,751.2899780273438,751.3400268554688,751.1099853515625,751.2899780273438,354478,2026-07-09 18:45:00+00:00
1783623000,751.2899780273438,751.3400268554688,751.1099853515625,751.1265869140625,515492,2026-07-09 18:50:00+00:00
1783623300,751.1099853515625,751.1300048828125,750.8599853515625,751.0499267578125,382493,2026-07-09 18:55:00+00:00
1783623600,751.0499877929688,751.0700073242188,750.72998046875,750.8300170898438,407176,2026-07-09 19:00:00+00:00
1783623900,750.8201293945312,751.010009765625,750.6600952148438,750.780029296875,307281,2026-07-09 19:05:00+00:00
1783624200,750.77001953125,751.030029296875,750.6699829101562,750.9000244140625,296623,2026-07-09 19:10:00+00:00
1783624500,750.9000244140625,751.469970703125,750.8400268554688,751.2999877929688,386727,2026-07-09 19:15:00+00:00
1783624800,751.2999877929688,751.4299926757812,751.1400146484375,751.1799926757812,370584,2026-07-09 19:20:00+00:00
1783625100,751.1900024414062,751.260009765625,751.0499877929688,751.0999755859375,305276,2026-07-09 19:25:00+00:00
1783625400,751.0900268554688,751.1199951171875,750.9299926757812,751.094970703125,435133,2026-07-09 19:30:00+00:00
1783625700,751.0999755859375,751.3699951171875,751.0900268554688,751.27001953125,338426,2026-07-09 19:35:00+00:00
1783626000,751.280029296875,751.47998046875,751.1400146484375,751.405029296875,423006,2026-07-09 19:40:00+00:00
1783626300,751.4000244140625,751.469970703125,751.25,751.25,666632,2026-07-09 19:45:00+00:00
1783626600,751.25,751.25,750.8300170898438,750.8300170898438,1824225,2026-07-09 19:50:00+00:00
1783626900,750.8499755859375,751.6699829101562,750.8400268554688,751.6500244140625,2520041,2026-07-09 19:55:00+00:00
1783690200,752.0499877929688,752.8599853515625,752.010009765625,752.5900268554688,1607405,2026-07-10 13:30:00+00:00
1783690500,752.5999755859375,753.219970703125,752.47998046875,752.6099853515625,391046,2026-07-10 13:35:00+00:00
1783690800,752.5900268554688,752.6400146484375,751.7999877929688,752.219970703125,489799,2026-07-10 13:40:00+00:00
1783691100,752.219970703125,753.1599731445312,752.0850219726562,753.030029296875,343826,2026-07-10 13:45:00+00:00
1783691400,753.0150146484375,753.1900024414062,752.6599731445312,752.885009765625,401390,2026-07-10 13:50:00+00:00
1783691700,752.8699951171875,753.2349853515625,752.6099853515625,752.9149780273438,375957,2026-07-10 13:55:00+00:00
1783692000,752.9199829101562,753.3499755859375,752.780029296875,753.1199951171875,310003,2026-07-10 14:00:00+00:00
1783692300,753.1199951171875,753.25,752.4909057617188,753.0700073242188,308962,2026-07-10 14:05:00+00:00
1783692600,753.0900268554688,753.1400146484375,752.6201171875,752.6849975585938,286316,2026-07-10 14:10:00+00:00
1783692900,752.697021484375,752.969970703125,752.3400268554688,752.6799926757812,339067,2026-07-10 14:15:00+00:00
1783693200,752.6699829101562,752.8300170898438,752.1099853515625,752.5399780273438,338961,2026-07-10 14:20:00+00:00
1783693500,752.530029296875,753.135009765625,752.1500244140625,752.586181640625,362496,2026-07-10 14:25:00+00:00
1783693800,752.5858764648438,753.25,748.0999755859375,750.9000244140625,2744953,2026-07-10 14:30:00+00:00
1783694100,750.97998046875,752.0599975585938,750.4299926757812,751.6900024414062,744224,2026-07-10 14:35:00+00:00
1783694400,751.7000122070312,752.2899780273438,751.3099975585938,752.1099853515625,463649,2026-07-10 14:40:00+00:00
1783694700,752.0999755859375,752.469970703125,751.614990234375,752.4099731445312,210520,2026-07-10 14:45:00+00:00
1783695000,752.4099731445312,752.6199951171875,751.9199829101562,751.9500122070312,342414,2026-07-10 14:50:00+00:00
1783695300,751.9299926757812,752.03857421875,751.0800170898438,751.2199096679688,342347,2026-07-10 14:55:00+00:00
1783695600,751.1799926757812,751.4400024414062,750.8900146484375,750.97998046875,290927,2026-07-10 15:00:00+00:00
1783695900,751.0,751.760009765625,750.6519775390625,751.760009765625,223687,2026-07-10 15:05:00+00:00
1783696200,751.75,752.0297241210938,751.6199951171875,751.9400024414062,156974,2026-07-10 15:10:00+00:00
1783696500,751.9299926757812,753.1599731445312,751.9299926757812,752.6900024414062,338334,2026-07-10 15:15:00+00:00
1783696800,752.7000122070312,753.0850219726562,752.4199829101562,753.030029296875,208873,2026-07-10 15:20:00+00:00
1783697100,753.0499877929688,753.4199829101562,753.030029296875,753.25,311585,2026-07-10 15:25:00+00:00
1783697400,753.25,753.3900146484375,752.8800048828125,753.0,313342,2026-07-10 15:30:00+00:00
1783697700,753.0499877929688,753.0499877929688,752.3300170898438,752.4299926757812,244694,2026-07-10 15:35:00+00:00
1783698000,752.4398803710938,752.510009765625,751.3800048828125,752.030029296875,330081,2026-07-10 15:40:00+00:00
1783698300,752.0399780273438,752.6799926757812,751.5936889648438,752.469970703125,518279,2026-07-10 15:45:00+00:00
1783698600,752.4500122070312,752.9349975585938,752.364013671875,752.8499755859375,152020,2026-07-10 15:50:00+00:00
1783698900,752.8499755859375,752.9099731445312,752.510009765625,752.8175048828125,159677,2026-07-10 15:55:00+00:00
1783699200,752.8099975585938,753.3499755859375,752.8099975585938,753.1599731445312,253414,2026-07-10 16:00:00+00:00
1783699500,753.1799926757812,753.2100219726562,752.8499755859375,752.9600219726562,205122,2026-07-10 16:05:00+00:00
1783699800,752.969970703125,753.280029296875,752.8400268554688,753.2100219726562,184791,2026-07-10 16:10:00+00:00
1783700100,753.239990234375,753.6900024414062,753.22998046875,753.5800170898438,367214,2026-07-10 16:15:00+00:00
1783700400,753.5800170898438,753.6375122070312,753.1599731445312,753.3800048828125,240851,2026-07-10 16:20:00+00:00
1783700700,753.3900146484375,753.4299926757812,753.1699829101562,753.2100219726562,209731,2026-07-10 16:25:00+00:00
1783701000,753.2100219726562,753.590087890625,753.2100219726562,753.47998046875,313520,2026-07-10 16:30:00+00:00
1783701300,753.489990234375,753.5900268554688,753.030029296875,753.2899780273438,245833,2026-07-10 16:35:00+00:00
1783701600,753.2899780273438,753.6500244140625,753.25,753.6199951171875,180911,2026-07-10 16:40:00+00:00
1783701900,753.6099853515625,753.9299926757812,753.5900268554688,753.8200073242188,342896,2026-07-10 16:45:00+00:00
1783702200,753.8150024414062,754.0499877929688,753.780029296875,753.97998046875,448965,2026-07-10 16:50:00+00:00
1783702500,753.9702758789062,754.1400146484375,753.8499755859375,754.010009765625,211146,2026-07-10 16:55:00+00:00
1783702800,754.010009765625,754.030029296875,753.6099853515625,753.7100219726562,181495,2026-07-10 17:00:00+00:00
1783703100,753.719970703125,753.8300170898438,753.6300048828125,753.6400146484375,134399,2026-07-10 17:05:00+00:00
1783703400,753.6456298828125,753.8400268554688,753.47998046875,753.8040161132812,139771,2026-07-10 17:10:00+00:00
1783703700,753.780029296875,754.0399780273438,753.760009765625,753.8599853515625,2138956,2026-07-10 17:15:00+00:00
1783704000,753.8599853515625,754.0,753.8400268554688,753.969970703125,145929,2026-07-10 17:20:00+00:00
1783704300,753.969970703125,754.0599975585938,753.8966064453125,754.010009765625,192008,2026-07-10 17:25:00+00:00
1783704600,754.02001953125,754.1649780273438,753.875,754.0198974609375,222825,2026-07-10 17:30:00+00:00
1783704900,754.0150146484375,754.4099731445312,753.97998046875,754.2459716796875,309887,2026-07-10 17:35:00+00:00
1783705200,754.22998046875,754.3200073242188,754.0800170898438,754.114990234375,225041,2026-07-10 17:40:00+00:00
1783705500,754.1199951171875,754.3300170898438,754.1099853515625,754.2899780273438,169081,2026-07-10 17:45:00+00:00
1783705800,754.2999877929688,754.3800048828125,754.239990234375,754.27001953125,161166,2026-07-10 17:50:00+00:00
1783706100,754.260009765625,754.2999877929688,753.9299926757812,753.989990234375,200422,2026-07-10 17:55:00+00:00
1783706400,754.0,754.1799926757812,753.9299926757812,754.0599975585938,453796,2026-07-10 18:00:00+00:00
1783706700,754.0599975585938,754.3200073242188,754.0599975585938,754.239990234375,267686,2026-07-10 18:05:00+00:00
1783707000,754.25,754.5999755859375,754.2100219726562,754.2899780273438,309509,2026-07-10 18:10:00+00:00
1783707300,754.280029296875,754.3400268554688,754.1199951171875,754.219970703125,219111,2026-07-10 18:15:00+00:00
1783707600,754.2100219726562,754.3900146484375,754.0800170898438,754.3150024414062,245144,2026-07-10 18:20:00+00:00
1783707900,754.3150024414062,754.719970703125,754.3150024414062,754.4299926757812,380133,2026-07-10 18:25:00+00:00
1783708200,754.4199829101562,754.5800170898438,754.3599853515625,754.510009765625,230429,2026-07-10 18:30:00+00:00
1783708500,754.52001953125,754.530029296875,754.3099975585938,754.4099731445312,196853,2026-07-10 18:35:00+00:00
1783708800,754.4199829101562,754.6199951171875,754.3699951171875,754.5075073242188,246786,2026-07-10 18:40:00+00:00
1783709100,754.489990234375,754.5999755859375,754.469970703125,754.510009765625,214333,2026-07-10 18:45:00+00:00
1783709400,754.5158081054688,754.6199951171875,754.4500122070312,754.5700073242188,210078,2026-07-10 18:50:00+00:00
1783709700,754.5499877929688,754.6599731445312,754.469970703125,754.4949951171875,284786,2026-07-10 18:55:00+00:00
1783710000,754.4949951171875,755.0499877929688,754.4550170898438,754.969970703125,1099158,2026-07-10 19:00:00+00:00
1783710300,754.97998046875,755.1699829101562,754.8599853515625,754.9199829101562,412594,2026-07-10 19:05:00+00:00
1783710600,754.9199829101562,755.1500244140625,754.9099731445312,755.1199951171875,459634,2026-07-10 19:10:00+00:00
1783710900,755.1199951171875,755.1799926757812,754.9219970703125,755.02001953125,461031,2026-07-10 19:15:00+00:00
1783711200,755.02001953125,755.0599975585938,754.8800048828125,754.9450073242188,378636,2026-07-10 19:20:00+00:00
1783711500,754.9299926757812,755.1099853515625,754.9299926757812,754.9600219726562,529890,2026-07-10 19:25:00+00:00
1783711800,754.9600219726562,755.1699829101562,754.786376953125,754.9400024414062,1047153,2026-07-10 19:30:00+00:00
1783712100,754.9500122070312,755.1400146484375,754.8599853515625,755.030029296875,578388,2026-07-10 19:35:00+00:00
1783712400,755.0399780273438,755.219970703125,755.02001953125,755.030029296875,688105,2026-07-10 19:40:00+00:00
1783712700,755.02001953125,755.1699829101562,754.9400024414062,755.0999755859375,1494252,2026-07-10 19:45:00+00:00
1783713000,755.1099853515625,755.4199829101562,755.02001953125,755.0999755859375,1727368,2026-07-10 19:50:00+00:00
1783713300,755.0800170898438,755.1900024414062,754.5700073242188,754.9000244140625,2320555,2026-07-10 19:55:00+00:00
1783949400,752.469970703125,753.9099731445312,752.4000244140625,753.4249877929688,1766189,2026-07-13 13:30:00+00:00
1783949700,753.4299926757812,753.780029296875,753.0399780273438,753.219970703125,739583,2026-07-13 13:35:00+00:00
1783950000,753.219970703125,753.219970703125,752.5399780273438,752.989990234375,670022,2026-07-13 13:40:00+00:00
1783950300,753.010009765625,753.1300048828125,752.280029296875,752.8699951171875,459487,2026-07-13 13:45:00+00:00
1783950600,752.9000244140625,752.9600219726562,751.9199829101562,752.6099853515625,627458,2026-07-13 13:50:00+00:00
1783950900,752.5900268554688,753.739990234375,752.4199829101562,753.6199951171875,402162,2026-07-13 13:55:00+00:00
1783951200,753.6300048828125,753.9105224609375,752.6599731445312,752.7899780273438,610120,2026-07-13 14:00:00+00:00
1783951500,752.77001953125,752.969970703125,752.27001953125,752.8200073242188,377173,2026-07-13 14:05:00+00:00
1783951800,752.8099975585938,753.3300170898438,752.6699829101562,753.27001953125,302173,2026-07-13 14:10:00+00:00
1783952100,753.27001953125,753.3699951171875,750.2999877929688,751.9299926757812,1718968,2026-07-13 14:15:00+00:00
1783952400,751.9199829101562,752.9099731445312,751.4600219726562,752.780029296875,513811,2026-07-13 14:20:00+00:00
1783952700,752.7449951171875,753.1900024414062,752.530029296875,753.0900268554688,418865,2026-07-13 14:25:00+00:00
1783953000,753.0900268554688,753.2999877929688,752.5700073242188,752.6400146484375,371113,2026-07-13 14:30:00+00:00
1783953300,752.6500244140625,752.6849975585938,751.969970703125,752.1900024414062,298941,2026-07-13 14:35:00+00:00
1783953600,752.2000122070312,752.2100219726562,751.25,751.5,300779,2026-07-13 14:40:00+00:00
1783953900,751.510009765625,752.4550170898438,751.0,752.3800048828125,470823,2026-07-13 14:45:00+00:00
1783954200,752.380126953125,752.469970703125,751.530029296875,751.72998046875,560864,2026-07-13 14:50:00+00:00
1783954500,751.72998046875,752.7899780273438,751.56201171875,752.7401123046875,254720,2026-07-13 14:55:00+00:00
1783954800,752.739990234375,753.0549926757812,752.3078002929688,752.3319702148438,288482,2026-07-13 15:00:00+00:00
1783955100,752.3400268554688,752.5900268554688,752.1599731445312,752.25,140544,2026-07-13 15:05:00+00:00
1783955400,752.2550048828125,752.5549926757812,751.9199829101562,752.0850219726562,210377,2026-07-13 15:10:00+00:00
1783955700,752.0800170898438,752.3250122070312,751.8812255859375,752.25,129290,2026-07-13 15:15:00+00:00
1783956000,752.25,752.5679931640625,752.1099853515625,752.447509765625,152214,2026-07-13 15:20:00+00:00
1783956300,752.4400024414062,752.489990234375,751.9650268554688,752.3800048828125,185614,2026-07-13 15:25:00+00:00
1783956600,752.3900146484375,752.5250244140625,752.0,752.1500244140625,183639,2026-07-13 15:30:00+00:00
1783956900,752.1599731445312,752.2899780273438,751.8499755859375,752.1300048828125,194743,2026-07-13 15:35:00+00:00
1783957200,752.1099853515625,752.1699829101562,751.6900024414062,751.72998046875,183891,2026-07-13 15:40:00+00:00
1783957500,751.719970703125,751.7880249023438,751.489990234375,751.7150268554688,332289,2026-07-13 15:45:00+00:00
1783957800,751.7150268554688,751.760009765625,751.155029296875,751.5499877929688,311812,2026-07-13 15:50:00+00:00
1783958100,751.5599975585938,751.5700073242188,751.094482421875,751.2349853515625,198778,2026-07-13 15:55:00+00:00
1783958400,751.22998046875,751.469970703125,750.9500122070312,751.169921875,218598,2026-07-13 16:00:00+00:00
1783958700,751.1300048828125,751.5499877929688,751.0599975585938,751.47998046875,217999,2026-07-13 16:05:00+00:00
1783959000,751.47998046875,751.8099975585938,751.2537231445312,751.4299926757812,241111,2026-07-13 16:10:00+00:00
1783959300,751.4199829101562,751.4400024414062,750.6699829101562,750.85498046875,406017,2026-07-13 16:15:00+00:00
1783959600,750.8599853515625,750.8800048828125,750.5900268554688,750.6400146484375,358544,2026-07-13 16:20:00+00:00
1783959900,750.6300048828125,750.6799926757812,749.9299926757812,750.2899780273438,419345,2026-07-13 16:25:00+00:00
1783960200,750.27001953125,750.280029296875,749.5900268554688,749.6199951171875,468099,2026-07-13 16:30:00+00:00
1783960500,749.6300048828125,750.260009765625,748.9299926757812,749.993408203125,728131,2026-07-13 16:35:00+00:00
1783960800,749.969970703125,750.52001953125,749.5750122070312,750.3599853515625,357078,2026-07-13 16:40:00+00:00
1783961100,750.3900146484375,750.6599731445312,749.9600219726562,749.97998046875,393010,2026-07-13 16:45:00+00:00
1783961400,749.9600219726562,750.0399780273438,749.1799926757812,749.4500122070312,379829,2026-07-13 16:50:00+00:00
1783961700,749.4400024414062,750.1199951171875,749.2838745117188,749.8699951171875,318317,2026-07-13 16:55:00+00:00
1783962000,749.9000244140625,750.2899780273438,749.75,749.8400268554688,236198,2026-07-13 17:00:00+00:00
1783962300,749.8400268554688,750.5,749.7849731445312,750.4199829101562,186998,2026-07-13 17:05:00+00:00
1783962600,750.4199829101562,750.6400146484375,749.9301147460938,750.0599975585938,379093,2026-07-13 17:10:00+00:00
1783962900,750.0499877929688,750.2899780273438,749.6400146484375,750.1599731445312,245888,2026-07-13 17:15:00+00:00
1783963200,750.1400146484375,750.3499755859375,749.7000122070312,749.7100219726562,297597,2026-07-13 17:20:00+00:00
1783963500,749.719970703125,749.969970703125,749.530029296875,749.8099975585938,305821,2026-07-13 17:25:00+00:00
1783963800,749.8099975585938,750.1199951171875,749.6599731445312,749.9500122070312,211126,2026-07-13 17:30:00+00:00
1783964100,749.9199829101562,749.9199829101562,749.4609985351562,749.7083740234375,184001,2026-07-13 17:35:00+00:00
1783964400,749.7000122070312,750.1300048828125,749.489990234375,749.9849853515625,268269,2026-07-13 17:40:00+00:00
1783964700,750.0,750.260009765625,749.5999755859375,749.6300048828125,223742,2026-07-13 17:45:00+00:00
1783965000,749.6400146484375,749.7100219726562,749.219970703125,749.4600219726562,287485,2026-07-13 17:50:00+00:00
1783965300,749.4650268554688,749.5499877929688,749.2100219726562,749.2349853515625,229884,2026-07-13 17:55:00+00:00
1783965600,749.260009765625,749.8699951171875,749.1900024414062,749.6699829101562,296300,2026-07-13 18:00:00+00:00
1783965900,749.6599731445312,750.2100219726562,749.5919799804688,749.6400146484375,317834,2026-07-13 18:05:00+00:00
1783966200,749.6500244140625,749.8099975585938,749.1300048828125,749.760009765625,318911,2026-07-13 18:10:00+00:00
1783966500,749.75,749.8200073242188,749.0399780273438,749.2100219726562,523341,2026-07-13 18:15:00+00:00
1783966800,749.219970703125,749.5399780273438,749.0499877929688,749.5,299846,2026-07-13 18:20:00+00:00
1783967100,749.5,749.5599975585938,749.1599731445312,749.239990234375,441428,2026-07-13 18:25:00+00:00
1783967400,749.239990234375,749.530029296875,748.97021484375,749.219970703125,427713,2026-07-13 18:30:00+00:00
1783967700,749.219970703125,749.75,749.1900024414062,749.6799926757812,433754,2026-07-13 18:35:00+00:00
1783968000,749.6699829101562,750.0399780273438,749.5599975585938,749.8499755859375,1249524,2026-07-13 18:40:00+00:00
1783968300,749.8499755859375,749.9199829101562,749.510009765625,749.760009765625,716289,2026-07-13 18:45:00+00:00
1783968600,749.75,750.0700073242188,749.5250244140625,749.7899780273438,277476,2026-07-13 18:50:00+00:00
1783968900,749.780029296875,749.9099731445312,749.4600219726562,749.5599975585938,362792,2026-07-13 18:55:00+00:00
1783969200,749.5800170898438,749.9000244140625,749.1799926757812,749.8499755859375,325046,2026-07-13 19:00:00+00:00
1783969500,749.8599853515625,749.969970703125,749.5,749.510009765625,269781,2026-07-13 19:05:00+00:00
1783969800,749.5,749.530029296875,749.0999755859375,749.2899780273438,431612,2026-07-13 19:10:00+00:00
1783970100,749.2899780273438,749.4400024414062,749.1300048828125,749.2550048828125,857684,2026-07-13 19:15:00+00:00
1783970400,749.260009765625,749.2999877929688,748.7000122070312,748.9149780273438,590732,2026-07-13 19:20:00+00:00
1783970700,748.9099731445312,748.9600219726562,748.1699829101562,748.3800048828125,772061,2026-07-13 19:25:00+00:00
1783971000,748.3900146484375,748.9000244140625,748.3099975585938,748.655029296875,809967,2026-07-13 19:30:00+00:00
1783971300,748.6500244140625,748.6500244140625,748.0,748.260009765625,643633,2026-07-13 19:35:00+00:00
1783971600,748.27001953125,749.0,748.1749877929688,748.9400024414062,799858,2026-07-13 19:40:00+00:00
1783971900,748.9400024414062,749.0499877929688,748.5700073242188,748.8800048828125,1496325,2026-07-13 19:45:00+00:00
1783972200,748.8900146484375,749.4500122070312,748.8699951171875,749.030029296875,2128159,2026-07-13 19:50:00+00:00
1783972500,749.0599975585938,749.6099853515625,748.9299926757812,749.0999755859375,3520350,2026-07-13 19:55:00+00:00
1784035800,750.9099731445312,751.0399780273438,749.5443115234375,749.6400146484375,3082389,2026-07-14 13:30:00+00:00
1784036100,749.6799926757812,751.3599853515625,749.4400024414062,751.1699829101562,746974,2026-07-14 13:35:00+00:00
1784036400,751.1799926757812,751.52001953125,750.5700073242188,751.3099975585938,446418,2026-07-14 13:40:00+00:00
1784036700,751.3049926757812,751.7899780273438,750.5800170898438,750.989990234375,519379,2026-07-14 13:45:00+00:00
1784037000,750.969970703125,751.5999755859375,750.6300048828125,751.0900268554688,506535,2026-07-14 13:50:00+00:00
1784037300,751.1099853515625,751.5700073242188,750.719970703125,751.3099975585938,382569,2026-07-14 13:55:00+00:00
1784037600,751.3200073242188,751.47998046875,750.2100219726562,750.4400024414062,444625,2026-07-14 14:00:00+00:00
1784037900,750.4400024414062,750.6900024414062,749.8800048828125,750.239501953125,382671,2026-07-14 14:05:00+00:00
1784038200,750.219970703125,750.489990234375,749.7799072265625,750.4299926757812,400013,2026-07-14 14:10:00+00:00
1784038500,750.4199829101562,750.4199829101562,748.6599731445312,749.85498046875,554982,2026-07-14 14:15:00+00:00
1784038800,749.8483276367188,750.8800048828125,749.780029296875,750.1300048828125,391420,2026-07-14 14:20:00+00:00
1784039100,750.1099853515625,751.2999877929688,749.9600219726562,750.7100219726562,376221,2026-07-14 14:25:00+00:00
1784039400,750.7100219726562,753.3099975585938,750.47998046875,752.02001953125,1053181,2026-07-14 14:30:00+00:00
1784039700,752.0399780273438,752.1500244140625,751.5399780273438,751.9299926757812,503256,2026-07-14 14:35:00+00:00
1784040000,751.9099731445312,752.2849731445312,750.9600219726562,751.094970703125,301720,2026-07-14 14:40:00+00:00
1784040300,751.1099243164062,751.4600219726562,750.77001953125,750.8900146484375,285252,2026-07-14 14:45:00+00:00
1784040600,750.8599853515625,751.594970703125,750.469970703125,751.5900268554688,231046,2026-07-14 14:50:00+00:00
1784040900,751.6099853515625,751.9600219726562,751.510009765625,751.7100219726562,272376,2026-07-14 14:55:00+00:00
1784041200,751.7100219726562,753.0700073242188,751.280029296875,752.3200073242188,656361,2026-07-14 15:00:00+00:00
1784041500,752.3300170898438,753.0499877929688,752.1400146484375,752.77001953125,573488,2026-07-14 15:05:00+00:00
1784041800,752.7999877929688,753.0,752.3599853515625,752.5499877929688,263606,2026-07-14 15:10:00+00:00
1784042100,752.5900268554688,752.64501953125,751.72998046875,751.9500122070312,289094,2026-07-14 15:15:00+00:00
1784042400,751.9400024414062,752.530029296875,751.6500244140625,752.52001953125,206966,2026-07-14 15:20:00+00:00
1784042700,752.52001953125,752.7100219726562,752.2999877929688,752.6599731445312,219382,2026-07-14 15:25:00+00:00
1784043000,752.6400146484375,752.9000244140625,751.8499755859375,751.97998046875,427144,2026-07-14 15:30:00+00:00
1784043300,751.969970703125,752.0449829101562,751.530029296875,751.8599853515625,213412,2026-07-14 15:35:00+00:00
1784043600,751.8499755859375,751.8499755859375,750.760009765625,751.5599975585938,839263,2026-07-14 15:40:00+00:00
1784043900,751.5599975585938,751.9500122070312,751.530029296875,751.6300048828125,195864,2026-07-14 15:45:00+00:00
1784044200,751.5900268554688,751.6699829101562,750.9099731445312,751.0,227158,2026-07-14 15:50:00+00:00
1784044500,751.010009765625,751.1699829101562,750.6199951171875,750.97998046875,201199,2026-07-14 15:55:00+00:00
1784044800,750.989990234375,751.0499877929688,750.0,750.3200073242188,324296,2026-07-14 16:00:00+00:00
1784045100,750.3400268554688,750.7000122070312,750.02001953125,750.4500122070312,271227,2026-07-14 16:05:00+00:00
1784045400,750.4600219726562,750.72998046875,750.02001953125,750.5399780273438,363862,2026-07-14 16:10:00+00:00
1784045700,750.530029296875,750.7100219726562,750.02001953125,750.4299926757812,187051,2026-07-14 16:15:00+00:00
1784046000,750.4299926757812,750.5612182617188,750.0,750.3300170898438,248993,2026-07-14 16:20:00+00:00
1784046300,750.3499755859375,750.9099731445312,750.239990234375,750.780029296875,327748,2026-07-14 16:25:00+00:00
1784046600,750.780029296875,751.1099853515625,750.6199951171875,751.0599975585938,215746,2026-07-14 16:30:00+00:00
1784046900,751.0499877929688,751.3300170898438,750.9506225585938,751.2349853515625,246418,2026-07-14 16:35:00+00:00
1784047200,751.2138061523438,751.739990234375,751.0700073242188,751.4650268554688,273026,2026-07-14 16:40:00+00:00
1784047500,751.4600219726562,751.739990234375,750.9600219726562,751.4000244140625,192444,2026-07-14 16:45:00+00:00
1784047800,751.3900146484375,751.6599731445312,751.280029296875,751.4758911132812,123836,2026-07-14 16:50:00+00:00
1784048100,751.47998046875,751.8499755859375,751.4400024414062,751.8499755859375,136622,2026-07-14 16:55:00+00:00
1784048400,751.8699951171875,752.0499877929688,751.6500244140625,751.7150268554688,241857,2026-07-14 17:00:00+00:00
1784048700,751.719970703125,752.2000122070312,751.5599975585938,752.119873046875,141361,2026-07-14 17:05:00+00:00
1784049000,752.0999755859375,752.2100219726562,751.8099975585938,751.8099975585938,260806,2026-07-14 17:10:00+00:00
1784049300,751.8099975585938,752.1300048828125,751.5,752.0700073242188,223187,2026-07-14 17:15:00+00:00
1784049600,752.0850219726562,752.6099853515625,752.0850219726562,752.4299926757812,205631,2026-07-14 17:20:00+00:00
1784049900,752.4400024414062,752.5599975585938,752.239990234375,752.2999877929688,143521,2026-07-14 17:25:00+00:00
1784050200,752.3200073242188,752.489990234375,752.0,752.010009765625,137820,2026-07-14 17:30:00+00:00
1784050500,752.0050048828125,752.1300048828125,751.7999877929688,752.1201171875,164530,2026-07-14 17:35:00+00:00
1784050800,752.135009765625,752.1900024414062,751.9000244140625,752.0399780273438,137379,2026-07-14 17:40:00+00:00
1784051100,752.0599975585938,752.25,751.760009765625,752.0800170898438,138101,2026-07-14 17:45:00+00:00
1784051400,752.0800170898438,752.3099975585938,752.0700073242188,752.2260131835938,123216,2026-07-14 17:50:00+00:00
1784051700,752.219970703125,752.3099975585938,752.1300048828125,752.2750244140625,143473,2026-07-14 17:55:00+00:00
1784052000,752.280029296875,752.47998046875,751.9299926757812,752.4400024414062,229483,2026-07-14 18:00:00+00:00
1784052300,752.4500122070312,752.5,752.260009765625,752.4000244140625,143498,2026-07-14 18:05:00+00:00
1784052600,752.4000244140625,752.6300048828125,752.3400268554688,752.5999755859375,149750,2026-07-14 18:10:00+00:00
1784052900,752.5994873046875,752.77001953125,752.4500122070312,752.6199951171875,197275,2026-07-14 18:15:00+00:00
1784053200,752.60498046875,752.760009765625,752.4099731445312,752.4400024414062,174450,2026-07-14 18:20:00+00:00
1784053500,752.4598999023438,752.6099853515625,752.2999877929688,752.5,261376,2026-07-14 18:25:00+00:00
1784053800,752.4849853515625,752.5595092773438,752.3300170898438,752.4600219726562,196639,2026-07-14 18:30:00+00:00
1784054100,752.469970703125,752.5999755859375,752.0,752.3499755859375,311116,2026-07-14 18:35:00+00:00
1784054400,752.3400268554688,752.3400268554688,751.6599731445312,752.010009765625,409466,2026-07-14 18:40:00+00:00
1784054700,752.010009765625,752.239990234375,751.9000244140625,751.9500122070312,236819,2026-07-14 18:45:00+00:00
1784055000,751.969970703125,752.3200073242188,751.8599853515625,752.239990234375,1189488,2026-07-14 18:50:00+00:00
1784055300,752.2100219726562,752.27001953125,752.0800170898438,752.1704711914062,211229,2026-07-14 18:55:00+00:00
1784055600,752.1900024414062,752.27001953125,751.8699951171875,751.969970703125,388032,2026-07-14 19:00:00+00:00
1784055900,751.9500122070312,752.1099853515625,751.8400268554688,751.9025268554688,342304,2026-07-14 19:05:00+00:00
1784056200,751.8900146484375,752.1400146484375,751.77001953125,752.0599975585938,312246,2026-07-14 19:10:00+00:00
1784056500,752.0800170898438,752.25,751.7999877929688,752.0900268554688,802910,2026-07-14 19:15:00+00:00
1784056800,752.1099853515625,752.4400024414062,752.0588989257812,752.4149780273438,245238,2026-07-14 19:20:00+00:00
1784057100,752.4000244140625,752.4500122070312,752.1199951171875,752.1500244140625,263064,2026-07-14 19:25:00+00:00
1784057400,752.1599731445312,752.1699829101562,751.7100219726562,752.02001953125,538087,2026-07-14 19:30:00+00:00
1784057700,752.02001953125,752.3200073242188,751.8800048828125,751.9600219726562,423156,2026-07-14 19:35:00+00:00
1784058000,751.9600219726562,752.4000244140625,751.9099731445312,752.2899780273438,365949,2026-07-14 19:40:00+00:00
1784058300,752.280029296875,752.52001953125,752.25,752.4749755859375,576226,2026-07-14 19:45:00+00:00
1784058600,752.47998046875,752.52001953125,752.0900268554688,752.094970703125,1178683,2026-07-14 19:50:00+00:00
1784058900,752.0999755859375,752.489990234375,751.7899780273438,751.8699951171875,2436651,2026-07-14 19:55:00+00:00
1784122200,754.239990234375,755.260009765625,754.2000122070312,755.1900024414062,1860971,2026-07-15 13:30:00+00:00
1784122500,755.2000122070312,755.5800170898438,754.510009765625,754.8400268554688,635841,2026-07-15 13:35:00+00:00
1784122800,754.8599853515625,754.8599853515625,754.280029296875,754.3599853515625,488224,2026-07-15 13:40:00+00:00
1784123100,754.3599853515625,754.47998046875,753.3499755859375,753.5599975585938,605047,2026-07-15 13:45:00+00:00
1784123400,753.5800170898438,754.0800170898438,753.1799926757812,754.0800170898438,833149,2026-07-15 13:50:00+00:00
1784123700,754.0599975585938,754.6099853515625,753.9199829101562,754.4500122070312,462875,2026-07-15 13:55:00+00:00
1784124000,754.52001953125,755.1799926757812,754.5,754.77001953125,660710,2026-07-15 14:00:00+00:00
1784124300,754.8099975585938,755.3200073242188,754.6400146484375,755.0499877929688,516448,2026-07-15 14:05:00+00:00
1784124600,755.0599975585938,755.2150268554688,754.6400146484375,754.739990234375,345983,2026-07-15 14:10:00+00:00
1784124900,754.760009765625,755.5599975585938,754.7100219726562,755.3200073242188,351336,2026-07-15 14:15:00+00:00
1784125200,755.3300170898438,755.3699951171875,753.3499755859375,753.8049926757812,925807,2026-07-15 14:20:00+00:00
1784125500,753.7999877929688,754.7225952148438,753.3800048828125,754.6199951171875,714426,2026-07-15 14:25:00+00:00
1784125800,754.6400146484375,754.8699951171875,753.9500122070312,754.5999755859375,490534,2026-07-15 14:30:00+00:00
1784126100,754.6300048828125,754.7899780273438,753.5150146484375,753.669921875,420871,2026-07-15 14:35:00+00:00
1784126400,753.6699829101562,753.97998046875,752.8200073242188,753.5299072265625,471107,2026-07-15 14:40:00+00:00
1784126700,753.5050048828125,753.8300170898438,752.9099731445312,753.7899780273438,461978,2026-07-15 14:45:00+00:00
1784127000,753.7999877929688,753.8250122070312,752.7410278320312,753.0499877929688,412255,2026-07-15 14:50:00+00:00
1784127300,753.0800170898438,753.530029296875,752.8400268554688,753.460693359375,287590,2026-07-15 14:55:00+00:00
1784127600,753.47998046875,753.6799926757812,753.0599975585938,753.2100219726562,246355,2026-07-15 15:00:00+00:00
1784127900,753.2100219726562,754.1500244140625,752.989990234375,754.0349731445312,272481,2026-07-15 15:05:00+00:00
1784128200,754.030029296875,754.1599731445312,753.0800170898438,753.1400146484375,346951,2026-07-15 15:10:00+00:00
1784128500,753.135009765625,753.364990234375,752.2000122070312,753.280029296875,491451,2026-07-15 15:15:00+00:00
1784128800,753.27001953125,753.27001953125,752.469970703125,752.9199829101562,289074,2026-07-15 15:20:00+00:00
1784129100,752.9199829101562,753.6199951171875,752.780029296875,753.60498046875,389621,2026-07-15 15:25:00+00:00
1784129400,753.5999755859375,753.8400268554688,753.1500244140625,753.5700073242188,333737,2026-07-15 15:30:00+00:00
1784129700,753.530029296875,753.780029296875,753.030029296875,753.6799926757812,268186,2026-07-15 15:35:00+00:00
1784130000,753.6900024414062,753.760009765625,753.0399780273438,753.1500244140625,192917,2026-07-15 15:40:00+00:00
1784130300,753.1500244140625,753.239990234375,752.780029296875,752.8200073242188,296635,2026-07-15 15:45:00+00:00
1784130600,752.8099975585938,752.8300170898438,752.3300170898438,752.7100219726562,352785,2026-07-15 15:50:00+00:00
1784130900,752.6900024414062,752.780029296875,752.280029296875,752.6694946289062,188506,2026-07-15 15:55:00+00:00
1784131200,752.6400146484375,752.8280029296875,751.760009765625,752.0800170898438,442535,2026-07-15 16:00:00+00:00
1784131500,752.0900268554688,752.1099853515625,751.3900146484375,751.9500122070312,418461,2026-07-15 16:05:00+00:00
1784131800,751.9500122070312,752.0700073242188,751.1400146484375,751.219970703125,302078,2026-07-15 16:10:00+00:00
1784132100,751.2000122070312,751.3800048828125,750.9099731445312,751.0399780273438,408972,2026-07-15 16:15:00+00:00
1784132400,751.030029296875,751.1699829101562,750.4400024414062,750.5399780273438,474285,2026-07-15 16:20:00+00:00
1784132700,750.530029296875,750.8997192382812,750.4400024414062,750.8300170898438,351428,2026-07-15 16:25:00+00:00
1784133000,750.8099975585938,751.1900024414062,750.4500122070312,750.5499877929688,330946,2026-07-15 16:30:00+00:00
1784133300,750.5700073242188,750.6199951171875,750.219970703125,750.4400024414062,312851,2026-07-15 16:35:00+00:00
1784133600,750.4400024414062,750.9400024414062,750.2000122070312,750.9099731445312,329120,2026-07-15 16:40:00+00:00
1784133900,750.9199829101562,752.3200073242188,750.72998046875,751.3300170898438,769995,2026-07-15 16:45:00+00:00
1784134200,751.3300170898438,751.8400268554688,751.2899780273438,751.4299926757812,325864,2026-07-15 16:50:00+00:00
1784134500,751.4199829101562,751.6799926757812,750.9603271484375,751.6699829101562,310052,2026-07-15 16:55:00+00:00
1784134800,751.6799926757812,752.0700073242188,751.5800170898438,751.9199829101562,331458,2026-07-15 17:00:00+00:00
1784135100,751.9249877929688,752.4025268554688,751.8400268554688,752.0999755859375,671669,2026-07-15 17:05:00+00:00
1784135400,752.10498046875,752.260009765625,751.780029296875,751.7999877929688,281877,2026-07-15 17:10:00+00:00
1784135700,751.8099975585938,752.530029296875,751.760009765625,752.4000244140625,301258,2026-07-15 17:15:00+00:00
1784136000,752.405029296875,752.5900268554688,752.22998046875,752.4500122070312,137027,2026-07-15 17:20:00+00:00
1784136300,752.4500122070312,752.8499755859375,752.3499755859375,752.8099975585938,291833,2026-07-15 17:25:00+00:00
1784136600,752.8099975585938,753.2100219726562,752.8099975585938,753.0900268554688,412691,2026-07-15 17:30:00+00:00
1784136900,753.1090087890625,753.4500122070312,753.010009765625,753.3900146484375,300636,2026-07-15 17:35:00+00:00
1784137200,753.4000244140625,753.4400024414062,753.2000122070312,753.3300170898438,222664,2026-07-15 17:40:00+00:00
1784137500,753.3300170898438,754.0750122070312,753.25,754.0399780273438,310038,2026-07-15 17:45:00+00:00
1784137800,754.0349731445312,754.5499877929688,753.8499755859375,754.469970703125,386878,2026-07-15 17:50:00+00:00
1784138100,754.4600219726562,754.4600219726562,754.010009765625,754.1901245117188,458575,2026-07-15 17:55:00+00:00
1784138400,754.2000122070312,754.5499877929688,754.1400146484375,754.3400268554688,285025,2026-07-15 18:00:00+00:00
1784138700,754.3400268554688,754.6500244140625,754.280029296875,754.5499877929688,288219,2026-07-15 18:05:00+00:00
1784139000,754.5650024414062,754.75,754.5349731445312,754.5499877929688,391860,2026-07-15 18:10:00+00:00
1784139300,754.5549926757812,754.5599975585938,754.219970703125,754.3250122070312,528603,2026-07-15 18:15:00+00:00
1784139600,754.3250122070312,754.8400268554688,754.3150024414062,754.7000122070312,315746,2026-07-15 18:20:00+00:00
1784139900,754.7000122070312,754.7999877929688,754.5800170898438,754.635009765625,460728,2026-07-15 18:25:00+00:00
1784140200,754.635009765625,754.9199829101562,754.530029296875,754.8200073242188,462961,2026-07-15 18:30:00+00:00
1784140500,754.8099975585938,754.8200073242188,754.4400024414062,754.489990234375,264606,2026-07-15 18:35:00+00:00
1784140800,754.489990234375,754.5800170898438,754.0,754.02001953125,284690,2026-07-15 18:40:00+00:00
1784141100,754.030029296875,754.0399780273438,753.3800048828125,753.6300048828125,461585,2026-07-15 18:45:00+00:00
1784141400,753.6500244140625,753.7349853515625,753.1599731445312,753.3699951171875,495806,2026-07-15 18:50:00+00:00
1784141700,753.3400268554688,753.530029296875,753.0999755859375,753.1900024414062,281419,2026-07-15 18:55:00+00:00
1784142000,753.1900024414062,753.72998046875,753.0499877929688,753.6599731445312,352061,2026-07-15 19:00:00+00:00
1784142300,753.6699829101562,753.8300170898438,753.489990234375,753.5700073242188,329593,2026-07-15 19:05:00+00:00
1784142600,753.5399780273438,753.9299926757812,753.469970703125,753.780029296875,371501,2026-07-15 19:10:00+00:00
1784142900,753.780029296875,753.8400268554688,753.52001953125,753.530029296875,250645,2026-07-15 19:15:00+00:00
1784143200,753.530029296875,753.5599975585938,753.1699829101562,753.3400268554688,395568,2026-07-15 19:20:00+00:00
1784143500,753.3300170898438,753.77001953125,753.1699829101562,753.6300048828125,383228,2026-07-15 19:25:00+00:00
1784143800,753.6300048828125,753.9299926757812,753.0900268554688,753.260009765625,924330,2026-07-15 19:30:00+00:00
1784144100,753.280029296875,753.9000244140625,753.1300048828125,753.8499755859375,598236,2026-07-15 19:35:00+00:00
1784144400,753.8400268554688,754.2100219726562,753.77001953125,754.094970703125,642535,2026-07-15 19:40:00+00:00
1784144700,754.0800170898438,754.1500244140625,753.5,753.6300048828125,779156,2026-07-15 19:45:00+00:00
1784145000,753.6300048828125,754.1799926757812,753.6300048828125,754.1599731445312,1454644,2026-07-15 19:50:00+00:00
1784145300,754.1599731445312,754.7999877929688,754.1599731445312,754.72998046875,2213854,2026-07-15 19:55:00+00:00
1784208600,752.760009765625,753.52001953125,752.0900268554688,752.2000122070312,2043117,2026-07-16 13:30:00+00:00
1784208900,752.2000122070312,752.52001953125,751.6400146484375,751.7100219726562,556064,2026-07-16 13:35:00+00:00
1784209200,751.719970703125,752.2899780273438,751.0900268554688,751.260009765625,660254,2026-07-16 13:40:00+00:00
1784209500,751.2999877929688,751.7000122070312,750.6699829101562,751.0499877929688,704345,2026-07-16 13:45:00+00:00
1784209800,751.0449829101562,752.260009765625,750.989990234375,751.47998046875,569436,2026-07-16 13:50:00+00:00
1784210100,751.47998046875,752.1199951171875,751.0,751.905029296875,356333,2026-07-16 13:55:00+00:00
1784210400,751.9000244140625,752.8201904296875,751.6400146484375,752.719970703125,660715,2026-07-16 14:00:00+00:00
1784210700,752.739990234375,753.5499877929688,752.5900268554688,753.3905029296875,524923,2026-07-16 14:05:00+00:00
1784211000,753.3900146484375,753.6099853515625,753.2000122070312,753.3599853515625,399437,2026-07-16 14:10:00+00:00
1784211300,753.3599853515625,753.9299926757812,753.2050170898438,753.8599853515625,316165,2026-07-16 14:15:00+00:00
1784211600,753.8599853515625,753.9299926757812,753.0700073242188,753.6699829101562,516302,2026-07-16 14:20:00+00:00
1784211900,753.6400146484375,754.3880004882812,753.2899780273438,754.3499755859375,507544,2026-07-16 14:25:00+00:00
1784212200,754.3400268554688,754.4400024414062,753.9849853515625,754.189208984375,373892,2026-07-16 14:30:00+00:00
1784212500,754.1699829101562,754.52001953125,753.8200073242188,753.9400024414062,294450,2026-07-16 14:35:00+00:00
1784212800,753.9299926757812,754.4298706054688,753.75,754.3699951171875,342619,2026-07-16 14:40:00+00:00
1784213100,754.3699951171875,754.5700073242188,754.1500244140625,754.1900024414062,368465,2026-07-16 14:45:00+00:00
1784213400,754.1699829101562,754.260009765625,753.530029296875,753.6790771484375,362500,2026-07-16 14:50:00+00:00
1784213700,753.6500244140625,754.2000122070312,753.3400268554688,754.1699829101562,452264,2026-07-16 14:55:00+00:00
1784214000,754.2000122070312,754.3800048828125,753.6099853515625,753.6599731445312,234055,2026-07-16 15:00:00+00:00
1784214300,753.6300048828125,753.7999877929688,753.0800170898438,753.530029296875,390780,2026-07-16 15:05:00+00:00
1784214600,753.52001953125,753.780029296875,753.0800170898438,753.3250122070312,224791,2026-07-16 15:10:00+00:00
1784214900,753.3300170898438,753.6397705078125,752.97998046875,753.6300048828125,336034,2026-07-16 15:15:00+00:00
1784215200,753.6199951171875,753.6500244140625,753.030029296875,753.6199951171875,309732,2026-07-16 15:20:00+00:00
1784215500,753.6199951171875,754.4400024414062,753.5599975585938,753.8001098632812,302836,2026-07-16 15:25:00+00:00
1784215800,753.8200073242188,754.22998046875,753.27001953125,754.2000122070312,294692,2026-07-16 15:30:00+00:00
1784216100,754.1900024414062,754.4000244140625,753.8300170898438,754.3200073242188,195474,2026-07-16 15:35:00+00:00
1784216400,754.3098754882812,754.405029296875,753.52001953125,753.6599731445312,225776,2026-07-16 15:40:00+00:00
1784216700,753.6599731445312,753.6599731445312,753.030029296875,753.5399780273438,240122,2026-07-16 15:45:00+00:00
1784217000,753.510009765625,754.0999755859375,753.510009765625,753.7899780273438,362195,2026-07-16 15:50:00+00:00
1784217300,753.780029296875,753.7899780273438,753.3099975585938,753.5700073242188,203375,2026-07-16 15:55:00+00:00
1784217600,753.5999755859375,753.5999755859375,752.72998046875,752.75,158344,2026-07-16 16:00:00+00:00
1784217900,752.7449951171875,753.0499877929688,752.3599853515625,752.8900146484375,643228,2026-07-16 16:05:00+00:00
1784218200,752.8900146484375,752.9000244140625,751.9600219726562,752.0399780273438,494795,2026-07-16 16:10:00+00:00
1784218500,752.030029296875,752.544921875,751.8900146484375,752.219970703125,319281,2026-07-16 16:15:00+00:00
1784218800,752.219970703125,752.219970703125,751.5399780273438,751.6599731445312,441782,2026-07-16 16:20:00+00:00
1784219100,751.6300048828125,752.1198120117188,751.4500122070312,751.9299926757812,199395,2026-07-16 16:25:00+00:00
1784219400,751.9400024414062,752.5399780273438,751.9099731445312,752.1900024414062,222424,2026-07-16 16:30:00+00:00
1784219700,752.1900024414062,752.3599853515625,751.8599853515625,751.9000244140625,171786,2026-07-16 16:35:00+00:00
1784220000,751.9000244140625,752.219970703125,751.780029296875,751.969970703125,251292,2026-07-16 16:40:00+00:00
1784220300,751.969970703125,752.2064819335938,751.5900268554688,752.010009765625,283777,2026-07-16 16:45:00+00:00
1784220600,752.010009765625,752.6699829101562,751.8699951171875,752.6099853515625,226146,2026-07-16 16:50:00+00:00
1784220900,752.5999755859375,752.969970703125,752.5999755859375,752.8599853515625,513213,2026-07-16 16:55:00+00:00
1784221200,752.8800048828125,752.9099731445312,752.2000122070312,752.5999755859375,260222,2026-07-16 17:00:00+00:00
1784221500,752.5800170898438,752.8200073242188,752.2000122070312,752.7000122070312,198029,2026-07-16 17:05:00+00:00
1784221800,752.6699829101562,752.780029296875,752.1300048828125,752.1900024414062,197377,2026-07-16 17:10:00+00:00
1784222100,752.1900024414062,752.530029296875,752.1099853515625,752.4199829101562,146370,2026-07-16 17:15:00+00:00
1784222400,752.4000244140625,752.52001953125,752.0399780273438,752.0399780273438,903887,2026-07-16 17:20:00+00:00
1784222700,752.0499877929688,752.8499755859375,752.030029296875,752.7050170898438,179454,2026-07-16 17:25:00+00:00
1784223000,752.7100219726562,752.8099975585938,752.0399169921875,752.1099853515625,147944,2026-07-16 17:30:00+00:00
1784223300,752.1199951171875,752.2001953125,751.5399780273438,751.6500244140625,377853,2026-07-16 17:35:00+00:00
1784223600,751.6400146484375,751.6400146484375,751.0999755859375,751.4199829101562,664324,2026-07-16 17:40:00+00:00
1784223900,751.4299926757812,751.8900146484375,751.0800170898438,751.6799926757812,345693,2026-07-16 17:45:00+00:00
1784224200,751.6950073242188,751.8900146484375,751.3699951171875,751.5800170898438,154170,2026-07-16 17:50:00+00:00
1784224500,751.5700073242188,751.5800170898438,751.0850219726562,751.3099975585938,197753,2026-07-16 17:55:00+00:00
1784224800,751.3300170898438,751.47998046875,750.8900146484375,750.8900146484375,298249,2026-07-16 18:00:00+00:00
1784225100,750.9000244140625,750.9450073242188,750.4600219726562,750.739990234375,549605,2026-07-16 18:05:00+00:00
1784225400,750.739990234375,751.4500122070312,750.7100219726562,750.72998046875,426432,2026-07-16 18:10:00+00:00
1784225700,750.7000122070312,751.3400268554688,750.4600219726562,751.2000122070312,427658,2026-07-16 18:15:00+00:00
1784226000,751.1900024414062,751.7100219726562,751.1400146484375,751.3400268554688,337512,2026-07-16 18:20:00+00:00
1784226300,751.3599853515625,751.5,750.8699951171875,750.9099731445312,389898,2026-07-16 18:25:00+00:00
1784226600,750.9199829101562,750.9299926757812,750.5499877929688,750.719970703125,208525,2026-07-16 18:30:00+00:00
1784226900,750.6799926757812,750.6799926757812,750.3499755859375,750.3599853515625,262718,2026-07-16 18:35:00+00:00
1784227200,750.3599853515625,750.7000122070312,749.9199829101562,750.52001953125,515040,2026-07-16 18:40:00+00:00
1784227500,750.5,750.9000244140625,750.2999877929688,750.77001953125,286190,2026-07-16 18:45:00+00:00
1784227800,750.760009765625,750.9299926757812,750.219970703125,750.219970703125,264072,2026-07-16 18:50:00+00:00
1784228100,750.219970703125,750.47998046875,750.1099853515625,750.22998046875,597119,2026-07-16 18:55:00+00:00
1784228400,750.219970703125,750.7000122070312,750.0900268554688,750.530029296875,297832,2026-07-16 19:00:00+00:00
1784228700,750.510009765625,750.6799926757812,749.760009765625,749.77001953125,393706,2026-07-16 19:05:00+00:00
1784229000,749.75,749.8499755859375,749.5800170898438,749.760009765625,355767,2026-07-16 19:10:00+00:00
1784229300,749.739990234375,749.8800048828125,749.4000854492188,749.760009765625,701998,2026-07-16 19:15:00+00:00
1784229600,749.760009765625,750.010009765625,749.5,749.510009765625,913161,2026-07-16 19:20:00+00:00
1784229900,749.5150146484375,749.6300048828125,748.8599853515625,749.0999755859375,632627,2026-07-16 19:25:00+00:00
1784230200,749.0800170898438,749.1599731445312,748.4299926757812,748.6900024414062,751215,2026-07-16 19:30:00+00:00
1784230500,748.6799926757812,749.1500244140625,748.4000244140625,749.030029296875,626528,2026-07-16 19:35:00+00:00
1784230800,749.02001953125,749.1599731445312,748.47998046875,748.52001953125,1807922,2026-07-16 19:40:00+00:00
1784231100,748.510009765625,748.6300048828125,747.8800048828125,748.2100219726562,1519249,2026-07-16 19:45:00+00:00
1784231400,748.2100219726562,750.0499877929688,748.1900024414062,749.97998046875,2764428,2026-07-16 19:50:00+00:00
1784231700,749.989990234375,751.0399780273438,749.989990234375,750.760009765625,3634040,2026-07-16 19:55:00+00:00
1784295000,742.0800170898438,742.6199951171875,741.010009765625,741.032470703125,3646013,2026-07-17 13:30:00+00:00
1784295300,741.0399780273438,741.6599731445312,740.7999877929688,741.52001953125,2254283,2026-07-17 13:35:00+00:00
1784295600,741.5,742.6699829101562,740.840087890625,741.0349731445312,1285131,2026-07-17 13:40:00+00:00
1784295900,741.0499877929688,743.1400146484375,740.9500122070312,743.030029296875,1050322,2026-07-17 13:45:00+00:00
1784296200,743.010009765625,744.2000122070312,743.0,743.88671875,640475,2026-07-17 13:50:00+00:00
1784296500,743.8800048828125,744.8300170898438,743.5999755859375,744.8101196289062,707927,2026-07-17 13:55:00+00:00
1784296800,744.8099975585938,745.7725219726562,744.6701049804688,745.3400268554688,799754,2026-07-17 14:00:00+00:00
1784297100,745.3200073242188,746.4600219726562,745.2999877929688,746.3200073242188,712291,2026-07-17 14:05:00+00:00
1784297400,746.3200073242188,746.7999877929688,745.9099731445312,746.280029296875,788566,2026-07-17 14:10:00+00:00
1784297700,746.2661743164062,747.2899780273438,746.1699829101562,746.5700073242188,721960,2026-07-17 14:15:00+00:00
1784298000,746.564208984375,747.0599975585938,746.2100219726562,746.8699951171875,564846,2026-07-17 14:20:00+00:00
1784298300,746.8699951171875,747.2100219726562,746.1699829101562,746.3350219726562,2399160,2026-07-17 14:25:00+00:00
1784298600,746.3400268554688,746.5999755859375,745.5999755859375,745.989990234375,576136,2026-07-17 14:30:00+00:00
1784298900,745.9949951171875,746.7899780273438,745.7337036132812,746.72998046875,478420,2026-07-17 14:35:00+00:00
1784299200,746.719970703125,746.7750244140625,745.75,745.8800048828125,510674,2026-07-17 14:40:00+00:00
1784299500,745.8599853515625,746.5900268554688,745.260009765625,745.6849975585938,744414,2026-07-17 14:45:00+00:00
1784299800,745.6900024414062,745.8300170898438,745.2000122070312,745.4199829101562,314683,2026-07-17 14:50:00+00:00
1784300100,745.3900146484375,746.1900024414062,744.8499755859375,745.0499877929688,416999,2026-07-17 14:55:00+00:00
1784300400,745.0499877929688,745.2235107421875,744.1400146484375,744.22998046875,832834,2026-07-17 15:00:00+00:00
1784300700,744.22998046875,745.010009765625,744.1484985351562,744.8699951171875,393491,2026-07-17 15:05:00+00:00
1784301000,744.8800048828125,745.2100219726562,744.1099853515625,744.3200073242188,394536,2026-07-17 15:10:00+00:00
1784301300,744.3599853515625,744.8499755859375,743.97998046875,744.5399780273438,447458,2026-07-17 15:15:00+00:00
1784301600,744.5499877929688,744.9000244140625,743.9600219726562,744.2908935546875,496269,2026-07-17 15:20:00+00:00
1784301900,744.3099975585938,745.5700073242188,744.280029296875,745.4450073242188,332841,2026-07-17 15:25:00+00:00
1784302200,745.4400024414062,745.9000244140625,744.8599853515625,745.0399780273438,811194,2026-07-17 15:30:00+00:00
1784302500,745.010009765625,745.77001953125,744.4401245117188,745.6599731445312,345546,2026-07-17 15:35:00+00:00
1784302800,745.6400146484375,745.9000244140625,744.97998046875,745.5,314654,2026-07-17 15:40:00+00:00
1784303100,745.489990234375,745.6099853515625,744.8099975585938,745.5709838867188,505214,2026-07-17 15:45:00+00:00
1784303400,745.5800170898438,746.0908813476562,745.1699829101562,746.0908813476562,245141,2026-07-17 15:50:00+00:00
1784303700,746.0900268554688,747.0599975585938,746.0018920898438,746.8699951171875,436523,2026-07-17 15:55:00+00:00
1784304000,746.8800048828125,747.0999755859375,745.1799926757812,745.5499877929688,845719,2026-07-17 16:00:00+00:00
1784304300,745.5499877929688,745.9600219726562,744.8300170898438,745.9500122070312,2514622,2026-07-17 16:05:00+00:00
1784304600,745.9450073242188,746.3699951171875,745.7000122070312,746.27001953125,308586,2026-07-17 16:10:00+00:00
1784304900,746.2899780273438,746.5700073242188,746.010009765625,746.364990234375,295906,2026-07-17 16:15:00+00:00
1784305200,746.3599853515625,746.52001953125,745.2100219726562,745.239990234375,405591,2026-07-17 16:20:00+00:00
1784305500,745.27001953125,746.5,745.1420288085938,745.9400024414062,333302,2026-07-17 16:25:00+00:00
1784305800,745.9500122070312,746.1760864257812,745.5399780273438,745.5599975585938,328325,2026-07-17 16:30:00+00:00
1784306100,745.60498046875,746.0499877929688,745.5599975585938,745.9099731445312,197300,2026-07-17 16:35:00+00:00
1784306400,745.9000244140625,746.4500122070312,745.5999755859375,746.4099731445312,227125,2026-07-17 16:40:00+00:00
1784306700,746.4299926757812,747.010009765625,746.22998046875,746.8685302734375,299535,2026-07-17 16:45:00+00:00
1784307000,746.8599853515625,747.27001953125,746.5800170898438,746.8510131835938,445804,2026-07-17 16:50:00+00:00
1784307300,746.8599853515625,746.9500122070312,746.1300048828125,746.3200073242188,259543,2026-07-17 16:55:00+00:00
1784307600,746.3699951171875,747.1699829101562,746.219970703125,746.6900024414062,346995,2026-07-17 17:00:00+00:00
1784307900,746.6599731445312,747.0,746.4500122070312,746.9600219726562,228704,2026-07-17 17:05:00+00:00
1784308200,746.969970703125,747.1199951171875,746.3900146484375,746.4199829101562,265228,2026-07-17 17:10:00+00:00
1784308500,746.4000244140625,746.97998046875,746.2338256835938,746.280029296875,297175,2026-07-17 17:15:00+00:00
1784308800,746.27001953125,746.4400024414062,745.969970703125,746.2899780273438,434477,2026-07-17 17:20:00+00:00
1784309100,746.2999877929688,747.02001953125,746.27001953125,746.8699951171875,1326653,2026-07-17 17:25:00+00:00
1784309400,746.8800048828125,746.989990234375,746.5399780273438,746.6099853515625,259241,2026-07-17 17:30:00+00:00
1784309700,746.6199951171875,746.6799926757812,745.9099731445312,746.02001953125,578118,2026-07-17 17:35:00+00:00
1784310000,746.010009765625,746.0599975585938,745.510009765625,745.5999755859375,307718,2026-07-17 17:40:00+00:00
1784310300,745.5999755859375,745.8909301757812,745.4000244140625,745.5700073242188,285280,2026-07-17 17:45:00+00:00
1784310600,745.5700073242188,745.6400146484375,744.760009765625,744.9000244140625,294086,2026-07-17 17:50:00+00:00
1784310900,744.8905029296875,744.9995727539062,744.3800048828125,744.5800170898438,353606,2026-07-17 17:55:00+00:00
1784311200,744.5800170898438,745.1400146484375,744.3800048828125,744.6475219726562,516377,2026-07-17 18:00:00+00:00
1784311500,744.6400146484375,744.6400146484375,744.1599731445312,744.3300170898438,416314,2026-07-17 18:05:00+00:00
1784311800,744.3099975585938,744.489990234375,744.0900268554688,744.1099853515625,301115,2026-07-17 18:10:00+00:00
1784312100,744.1199951171875,744.2030029296875,743.5859985351562,743.8300170898438,355599,2026-07-17 18:15:00+00:00
1784312400,743.8499755859375,744.1699829101562,743.5499877929688,743.739990234375,954726,2026-07-17 18:20:00+00:00
1784312700,743.72998046875,743.75,743.239990234375,743.7100219726562,469769,2026-07-17 18:25:00+00:00
1784313000,743.6900024414062,744.3400268554688,743.4199829101562,743.6611938476562,395985,2026-07-17 18:30:00+00:00
1784313300,743.6699829101562,743.9500122070312,743.510009765625,743.72998046875,199582,2026-07-17 18:35:00+00:00
1784313600,743.75,743.7999877929688,743.0999755859375,743.260009765625,316384,2026-07-17 18:40:00+00:00
1784313900,743.239990234375,744.25,743.094970703125,743.8905029296875,795556,2026-07-17 18:45:00+00:00
1784314200,743.8995971679688,744.5798950195312,743.6799926757812,744.5599975585938,397373,2026-07-17 18:50:00+00:00
1784314500,744.5650024414062,744.6599731445312,744.1599731445312,744.3699951171875,336557,2026-07-17 18:55:00+00:00
1784314800,744.3900146484375,744.469970703125,743.739990234375,743.8599853515625,408602,2026-07-17 19:00:00+00:00
1784315100,743.8699951171875,743.989990234375,743.3800048828125,743.4099731445312,238804,2026-07-17 19:05:00+00:00
1784315400,743.4099731445312,743.47998046875,742.719970703125,742.760009765625,768193,2026-07-17 19:10:00+00:00
1784315700,742.739990234375,742.97998046875,742.5700073242188,742.9199829101562,477727,2026-07-17 19:15:00+00:00
1784316000,742.9000244140625,742.9000244140625,742.3400268554688,742.3599853515625,447454,2026-07-17 19:20:00+00:00
1784316300,742.330078125,743.280029296875,742.1300048828125,743.1599731445312,746844,2026-07-17 19:25:00+00:00
1784316600,743.1699829101562,743.6199951171875,742.77001953125,743.030029296875,1127405,2026-07-17 19:30:00+00:00
1784316900,743.030029296875,743.530029296875,742.72998046875,742.8300170898438,844183,2026-07-17 19:35:00+00:00
1784317200,742.8300170898438,743.6199951171875,742.5999755859375,743.47998046875,736663,2026-07-17 19:40:00+00:00
1784317500,743.47998046875,744.0399780273438,743.3699951171875,744.0399780273438,1120911,2026-07-17 19:45:00+00:00
1784317800,744.030029296875,744.2899780273438,743.47998046875,743.969970703125,1759257,2026-07-17 19:50:00+00:00
1784318100,744.0,744.4000244140625,742.9199829101562,743.155029296875,3182293,2026-07-17 19:55:00+00:00
1784554200,747.0599975585938,748.0499877929688,746.7999877929688,748.0499877929688,1851776,2026-07-20 13:30:00+00:00
1784554500,748.030029296875,748.7100219726562,747.72998046875,748.1699829101562,833394,2026-07-20 13:35:00+00:00
1784554800,748.1699829101562,748.5900268554688,748.0599975585938,748.5599975585938,511709,2026-07-20 13:40:00+00:00
1784555100,748.5700073242188,748.72998046875,747.530029296875,747.5800170898438,805592,2026-07-20 13:45:00+00:00
1784555400,747.5800170898438,747.8400268554688,746.25,746.4550170898438,874876,2026-07-20 13:50:00+00:00
1784555700,746.4500122070312,746.489990234375,745.52001953125,745.6900024414062,671795,2026-07-20 13:55:00+00:00
1784556000,745.6799926757812,746.3599853515625,745.3900146484375,745.885009765625,524174,2026-07-20 14:00:00+00:00
1784556300,745.9000244140625,746.1199951171875,745.27001953125,745.4000244140625,475704,2026-07-20 14:05:00+00:00
1784556600,745.3400268554688,745.3800048828125,744.7650146484375,744.989990234375,414066,2026-07-20 14:10:00+00:00
1784556900,745.02001953125,745.47998046875,744.6300048828125,744.9000244140625,420432,2026-07-20 14:15:00+00:00
1784557200,744.8499755859375,745.2100219726562,744.260009765625,744.969970703125,561519,2026-07-20 14:20:00+00:00
1784557500,744.969970703125,745.739990234375,744.9099731445312,745.6799926757812,355120,2026-07-20 14:25:00+00:00
1784557800,745.6900024414062,745.9600219726562,745.0399780273438,745.260009765625,475390,2026-07-20 14:30:00+00:00
1784558100,745.260009765625,745.530029296875,744.9598999023438,745.3300170898438,453223,2026-07-20 14:35:00+00:00
1784558400,745.3499755859375,745.7899780273438,744.7520141601562,744.8900146484375,258874,2026-07-20 14:40:00+00:00
1784558700,744.8800048828125,745.739990234375,744.4901123046875,744.6400146484375,323848,2026-07-20 14:45:00+00:00
1784559000,744.6199951171875,744.9400024414062,744.1500244140625,744.3250122070312,539597,2026-07-20 14:50:00+00:00
1784559300,744.3200073242188,744.489990234375,743.6900024414062,744.1099853515625,429824,2026-07-20 14:55:00+00:00
1784559600,744.1400146484375,744.8800048828125,743.8049926757812,744.5800170898438,297794,2026-07-20 15:00:00+00:00
1784559900,744.5599975585938,745.4849853515625,743.8499755859375,745.4099731445312,502571,2026-07-20 15:05:00+00:00
1784560200,745.4000244140625,745.4600219726562,744.6699829101562,744.7999877929688,226403,2026-07-20 15:10:00+00:00
1784560500,744.7999877929688,745.530029296875,744.6099853515625,745.27001953125,295430,2026-07-20 15:15:00+00:00
1784560800,745.260009765625,745.969970703125,745.0700073242188,745.75,316075,2026-07-20 15:20:00+00:00
1784561100,745.719970703125,745.969970703125,745.219970703125,745.8699951171875,503848,2026-07-20 15:25:00+00:00
1784561400,745.8900146484375,746.02001953125,745.77001953125,745.8800048828125,192342,2026-07-20 15:30:00+00:00
1784561700,745.9000244140625,745.9299926757812,745.3900146484375,745.4600219726562,214063,2026-07-20 15:35:00+00:00
1784562000,745.469970703125,745.969970703125,745.280029296875,745.969970703125,214146,2026-07-20 15:40:00+00:00
1784562300,745.97998046875,745.989990234375,745.0999755859375,745.2999877929688,254897,2026-07-20 15:45:00+00:00
1784562600,745.2899780273438,746.3599853515625,745.1300048828125,746.219970703125,400298,2026-07-20 15:50:00+00:00
1784562900,746.22998046875,746.4400024414062,745.9400024414062,745.989990234375,310885,2026-07-20 15:55:00+00:00
1784563200,746.0,746.25,745.5800170898438,746.1599731445312,407969,2026-07-20 16:00:00+00:00
1784563500,746.1599731445312,746.8350219726562,746.1599731445312,746.7999877929688,588741,2026-07-20 16:05:00+00:00
1784563800,746.780029296875,747.0050048828125,746.6400146484375,746.7899780273438,297597,2026-07-20 16:10:00+00:00
1784564100,746.8300170898438,746.844970703125,746.3099975585938,746.6799926757812,314922,2026-07-20 16:15:00+00:00
1784564400,746.7000122070312,746.8800048828125,746.6199951171875,746.780029296875,227319,2026-07-20 16:20:00+00:00
1784564700,746.780029296875,746.8300170898438,746.1699829101562,746.5,323898,2026-07-20 16:25:00+00:00
1784565000,746.489990234375,746.780029296875,745.7999877929688,745.8300170898438,328389,2026-07-20 16:30:00+00:00
1784565300,745.8200073242188,746.3699951171875,745.8099975585938,746.3499755859375,240742,2026-07-20 16:35:00+00:00
1784565600,746.3300170898438,746.52001953125,744.5,745.4299926757812,1044388,2026-07-20 16:40:00+00:00
1784565900,745.4099731445312,746.1799926757812,745.2100219726562,746.1300048828125,420926,2026-07-20 16:45:00+00:00
1784566200,746.1199951171875,746.155029296875,744.9099731445312,744.969970703125,316124,2026-07-20 16:50:00+00:00
1784566500,744.969970703125,745.1900024414062,744.72998046875,745.0,481423,2026-07-20 16:55:00+00:00
1784566800,745.010009765625,745.2100219726562,744.5499877929688,744.552490234375,307945,2026-07-20 17:00:00+00:00
1784567100,744.5399780273438,744.6500244140625,744.1300048828125,744.5900268554688,288703,2026-07-20 17:05:00+00:00
1784567400,744.5900268554688,744.6400146484375,743.8400268554688,743.9000244140625,294244,2026-07-20 17:10:00+00:00
1784567700,743.8900146484375,744.260009765625,743.5599975585938,744.1199951171875,383022,2026-07-20 17:15:00+00:00
1784568000,744.114990234375,744.489990234375,743.969970703125,744.1099853515625,228512,2026-07-20 17:20:00+00:00
1784568300,744.0999755859375,744.3699951171875,743.8900146484375,744.1199951171875,258856,2026-07-20 17:25:00+00:00
1784568600,744.1300048828125,744.4201049804688,743.9500122070312,744.3250122070312,243517,2026-07-20 17:30:00+00:00
1784568900,744.2999877929688,744.5399780273438,743.989990234375,744.010009765625,267253,2026-07-20 17:35:00+00:00
1784569200,744.030029296875,744.0499877929688,743.5900268554688,743.760009765625,344669,2026-07-20 17:40:00+00:00
1784569500,743.77001953125,744.3499755859375,743.6300048828125,744.25,281957,2026-07-20 17:45:00+00:00
1784569800,744.219970703125,744.9199829101562,744.2100219726562,744.6500244140625,290349,2026-07-20 17:50:00+00:00
1784570100,744.6500244140625,744.6900024414062,744.2100830078125,744.5499877929688,261761,2026-07-20 17:55:00+00:00
1784570400,744.5499877929688,745.1699829101562,744.5499877929688,744.8499755859375,363635,2026-07-20 18:00:00+00:00
1784570700,744.8400268554688,744.9400024414062,744.530029296875,744.875,239896,2026-07-20 18:05:00+00:00
1784571000,744.9000244140625,745.219970703125,744.7100219726562,745.030029296875,219433,2026-07-20 18:10:00+00:00
1784571300,745.02001953125,745.3800048828125,744.8800048828125,745.239990234375,387343,2026-07-20 18:15:00+00:00
1784571600,745.219970703125,745.2899780273438,744.25,744.280029296875,618991,2026-07-20 18:20:00+00:00
1784571900,744.2899780273438,744.7999877929688,744.1300048828125,744.469970703125,343916,2026-07-20 18:25:00+00:00
1784572200,744.469970703125,744.489990234375,743.47998046875,743.6649780273438,473873,2026-07-20 18:30:00+00:00
1784572500,743.6599731445312,744.2949829101562,743.4400024414062,743.5750122070312,340647,2026-07-20 18:35:00+00:00
1784572800,743.5750122070312,743.6199951171875,742.530029296875,742.5449829101562,546380,2026-07-20 18:40:00+00:00
1784573100,742.5499877929688,743.0499877929688,742.4299926757812,742.7000122070312,685176,2026-07-20 18:45:00+00:00
1784573400,742.7100219726562,743.22998046875,742.5599975585938,743.0999755859375,302428,2026-07-20 18:50:00+00:00
1784573700,743.094970703125,743.1400146484375,742.47998046875,742.719970703125,308207,2026-07-20 18:55:00+00:00
1784574000,742.760009765625,743.1900024414062,742.4199829101562,742.5900268554688,616940,2026-07-20 19:00:00+00:00
1784574300,742.5900268554688,742.8209838867188,742.25,742.6950073242188,525097,2026-07-20 19:05:00+00:00
1784574600,742.6994018554688,743.0999755859375,741.7000122070312,741.7000122070312,591743,2026-07-20 19:10:00+00:00
1784574900,741.7100219726562,742.2100219726562,741.5103149414062,741.9199829101562,970049,2026-07-20 19:15:00+00:00
1784575200,741.9299926757812,742.4299926757812,741.7899780273438,742.2999877929688,614806,2026-07-20 19:20:00+00:00
1784575500,742.3200073242188,742.9199829101562,741.8599853515625,742.72998046875,683468,2026-07-20 19:25:00+00:00
1784575800,742.739990234375,743.2000122070312,742.3400268554688,742.97998046875,709918,2026-07-20 19:30:00+00:00
1784576100,742.9600219726562,743.1300048828125,742.510009765625,742.97998046875,647393,2026-07-20 19:35:00+00:00
1784576400,742.969970703125,743.3400268554688,742.7999877929688,742.989990234375,568417,2026-07-20 19:40:00+00:00
1784576700,743.0,743.25,742.7000122070312,743.0800170898438,993664,2026-07-20 19:45:00+00:00
1784577000,743.0700073242188,743.0700073242188,741.760009765625,742.2000122070312,1894670,2026-07-20 19:50:00+00:00
1784577300,742.1799926757812,742.239990234375,741.6099853515625,742.1400146484375,4361321,2026-07-20 19:55:00+00:00
1784640600,746.2899780273438,746.6799926757812,745.1199951171875,745.5999755859375,1901011,2026-07-21 13:30:00+00:00
1784640900,745.6099853515625,746.231689453125,745.27001953125,745.280029296875,824912,2026-07-21 13:35:00+00:00
1784641200,745.260009765625,745.3099975585938,744.2708740234375,744.510009765625,600352,2026-07-21 13:40:00+00:00
1784641500,744.52001953125,745.0,744.1799926757812,744.9500122070312,420126,2026-07-21 13:45:00+00:00
1784641800,744.969970703125,745.3499755859375,744.260009765625,745.0700073242188,386215,2026-07-21 13:50:00+00:00
1784642100,745.0499877929688,745.364990234375,744.6099853515625,745.3599853515625,344126,2026-07-21 13:55:00+00:00
1784642400,745.3699951171875,745.869873046875,744.9600219726562,745.4199829101562,348723,2026-07-21 14:00:00+00:00
1784642700,745.4199829101562,745.77001953125,745.02001953125,745.1950073242188,212358,2026-07-21 14:05:00+00:00
1784643000,745.1900024414062,745.8599853515625,744.9500122070312,745.7449951171875,284660,2026-07-21 14:10:00+00:00
1784643300,745.719970703125,746.1699829101562,744.7899780273438,746.02001953125,302137,2026-07-21 14:15:00+00:00
1784643600,746.0150146484375,746.1900024414062,745.4550170898438,745.97998046875,224452,2026-07-21 14:20:00+00:00
1784643900,745.9600219726562,746.989990234375,745.9299926757812,746.8699951171875,450689,2026-07-21 14:25:00+00:00
1784644200,746.8499755859375,747.25,746.5800170898438,746.7999877929688,340012,2026-07-21 14:30:00+00:00
1784644500,746.7949829101562,747.02001953125,746.0900268554688,746.2999877929688,301549,2026-07-21 14:35:00+00:00
1784644800,746.2999877929688,746.635009765625,745.77001953125,746.5999755859375,298164,2026-07-21 14:40:00+00:00
1784645100,746.6099853515625,747.260009765625,746.4500122070312,746.9099731445312,401228,2026-07-21 14:45:00+00:00
1784645400,746.9099731445312,746.9600219726562,746.5,746.6900024414062,166050,2026-07-21 14:50:00+00:00
1784645700,746.6799926757812,746.7899780273438,746.260009765625,746.739990234375,202701,2026-07-21 14:55:00+00:00
1784646000,746.77001953125,746.8900146484375,745.8300170898438,746.0009765625,310493,2026-07-21 15:00:00+00:00
1784646300,746.0,747.0700073242188,745.8499755859375,746.97998046875,292853,2026-07-21 15:05:00+00:00
1784646600,746.97998046875,747.52001953125,746.9400024414062,747.2097778320312,337144,2026-07-21 15:10:00+00:00
1784646900,747.2100219726562,747.5499877929688,747.1588134765625,747.4099731445312,202955,2026-07-21 15:15:00+00:00
1784647200,747.4099731445312,747.97998046875,747.3200073242188,747.656005859375,426494,2026-07-21 15:20:00+00:00
1784647500,747.6544189453125,748.010009765625,747.6099853515625,748.0,191435,2026-07-21 15:25:00+00:00
1784647800,747.97998046875,748.0,747.4099731445312,747.7750244140625,364371,2026-07-21 15:30:00+00:00
1784648100,747.7899780273438,747.9299926757812,747.4299926757812,747.5800170898438,267226,2026-07-21 15:35:00+00:00
1784648400,747.5599975585938,747.8588256835938,747.5198974609375,747.594970703125,235112,2026-07-21 15:40:00+00:00
1784648700,747.580322265625,747.9199829101562,747.530029296875,747.8115234375,165894,2026-07-21 15:45:00+00:00
1784649000,747.8200073242188,747.97998046875,747.7000122070312,747.719970703125,270841,2026-07-21 15:50:00+00:00
1784649300,747.77001953125,747.9000244140625,747.469970703125,747.52001953125,178981,2026-07-21 15:55:00+00:00
1784649600,747.52001953125,748.22998046875,747.489990234375,748.219970703125,235413,2026-07-21 16:00:00+00:00
1784649900,748.2255249023438,748.3099975585938,748.0700073242188,748.1500244140625,157808,2026-07-21 16:05:00+00:00
1784650200,748.1497802734375,748.27001953125,748.0399780273438,748.22998046875,163585,2026-07-21 16:10:00+00:00
1784650500,748.239990234375,748.530029296875,748.219970703125,748.469970703125,456214,2026-07-21 16:15:00+00:00
1784650800,748.47998046875,748.75,748.4099731445312,748.5800170898438,202970,2026-07-21 16:20:00+00:00
1784651100,748.5800170898438,748.7000122070312,748.4400024414062,748.6599731445312,119457,2026-07-21 16:25:00+00:00
1784651400,748.6400146484375,748.780029296875,748.4801025390625,748.6849975585938,186951,2026-07-21 16:30:00+00:00
1784651700,748.680908203125,748.719970703125,748.489990234375,748.6699829101562,101468,2026-07-21 16:35:00+00:00
1784652000,748.6699829101562,748.739990234375,748.5,748.6099853515625,120496,2026-07-21 16:40:00+00:00
1784652300,748.6300048828125,748.6500244140625,748.4000244140625,748.489990234375,125200,2026-07-21 16:45:00+00:00
1784652600,748.489990234375,748.9949951171875,748.4500122070312,748.9598999023438,215362,2026-07-21 16:50:00+00:00
1784652900,748.9600219726562,749.0399780273438,748.6799926757812,748.6900024414062,620830,2026-07-21 16:55:00+00:00
1784653200,748.6884155273438,748.8300170898438,748.5805053710938,748.6199951171875,170343,2026-07-21 17:00:00+00:00
1784653500,748.6199951171875,748.85498046875,748.5800170898438,748.7100219726562,356355,2026-07-21 17:05:00+00:00
1784653800,748.719970703125,748.739990234375,748.530029296875,748.5999755859375,478893,2026-07-21 17:10:00+00:00
1784654100,748.6099853515625,748.6599731445312,748.3300170898438,748.35498046875,335585,2026-07-21 17:15:00+00:00
1784654400,748.3499755859375,748.47998046875,748.25,748.4000244140625,192939,2026-07-21 17:20:00+00:00
1784654700,748.4199829101562,748.47998046875,748.239990234375,748.3599853515625,175614,2026-07-21 17:25:00+00:00
1784655000,748.3599853515625,748.5700073242188,748.2150268554688,748.3599853515625,225080,2026-07-21 17:30:00+00:00
1784655300,748.3499755859375,748.7999877929688,748.3400268554688,748.7000122070312,247679,2026-07-21 17:35:00+00:00
1784655600,748.7000122070312,748.72998046875,748.510009765625,748.669921875,142384,2026-07-21 17:40:00+00:00
1784655900,748.6599731445312,748.8599853515625,748.5499877929688,748.8200073242188,161776,2026-07-21 17:45:00+00:00
1784656200,748.8400268554688,748.9299926757812,748.6599731445312,748.6799926757812,306097,2026-07-21 17:50:00+00:00
1784656500,748.6749877929688,748.719970703125,748.4400024414062,748.5900268554688,232952,2026-07-21 17:55:00+00:00
1784656800,748.5900268554688,748.77001953125,748.260009765625,748.3200073242188,295577,2026-07-21 18:00:00+00:00
1784657100,748.2999877929688,748.5499877929688,748.27001953125,748.4550170898438,163057,2026-07-21 18:05:00+00:00
1784657400,748.4400024414062,748.5490112304688,748.1199951171875,748.1599731445312,245581,2026-07-21 18:10:00+00:00
1784657700,748.1699829101562,748.27001953125,748.0900268554688,748.2100219726562,219304,2026-07-21 18:15:00+00:00
1784658000,748.1900024414062,748.4000244140625,748.1099853515625,748.2999877929688,200541,2026-07-21 18:20:00+00:00
1784658300,748.2899780273438,748.2999877929688,748.0650024414062,748.2100219726562,316580,2026-07-21 18:25:00+00:00
1784658600,748.219970703125,748.260009765625,747.9400024414062,747.969970703125,218286,2026-07-21 18:30:00+00:00
1784658900,747.969970703125,748.27001953125,747.9600219726562,748.1500244140625,227217,2026-07-21 18:35:00+00:00
1784659200,748.1500244140625,748.6099853515625,748.02001953125,748.5399780273438,215354,2026-07-21 18:40:00+00:00
1784659500,748.530029296875,748.6400146484375,748.3800048828125,748.4500122070312,161869,2026-07-21 18:45:00+00:00
1784659800,748.469970703125,748.510009765625,748.25,748.25927734375,185937,2026-07-21 18:50:00+00:00
1784660100,748.25,748.5700073242188,748.22998046875,748.3699951171875,314496,2026-07-21 18:55:00+00:00
1784660400,748.3800048828125,748.469970703125,748.1500244140625,748.27001953125,225750,2026-07-21 19:00:00+00:00
1784660700,748.25,748.4199829101562,748.1199951171875,748.135009765625,277072,2026-07-21 19:05:00+00:00
1784661000,748.1400146484375,748.4299926757812,748.0900268554688,748.239990234375,308319,2026-07-21 19:10:00+00:00
1784661300,748.25,748.4600219726562,748.1900024414062,748.3099975585938,190314,2026-07-21 19:15:00+00:00
1784661600,748.3099975585938,748.3900146484375,748.1900024414062,748.3099975585938,183500,2026-07-21 19:20:00+00:00
1784661900,748.2899780273438,748.4600219726562,748.219970703125,748.260009765625,375104,2026-07-21 19:25:00+00:00
1784662200,748.25,748.3900146484375,748.1500244140625,748.1799926757812,361485,2026-07-21 19:30:00+00:00
1784662500,748.1699829101562,748.5700073242188,748.1199951171875,748.4099731445312,332389,2026-07-21 19:35:00+00:00
1784662800,748.4005126953125,748.5880126953125,748.239990234375,748.530029296875,742764,2026-07-21 19:40:00+00:00
1784663100,748.530029296875,748.6400146484375,748.2449951171875,748.60498046875,605051,2026-07-21 19:45:00+00:00
1784663400,748.5900268554688,748.7000122070312,748.2899780273438,748.3800048828125,1277177,2026-07-21 19:50:00+00:00
1784663700,748.3800048828125,748.5800170898438,748.0900268554688,748.3300170898438,1743645,2026-07-21 19:55:00+00:00
1784727000,746.6199951171875,747.5700073242188,746.3699951171875,747.3150024414062,1723196,2026-07-22 13:30:00+00:00
1784727300,747.3099975585938,747.489990234375,747.02001953125,747.4000244140625,398272,2026-07-22 13:35:00+00:00
1784727600,747.4099731445312,747.7000122070312,747.0900268554688,747.5700073242188,386033,2026-07-22 13:40:00+00:00
1784727900,747.5999755859375,748.0599975585938,747.5700073242188,747.760009765625,387195,2026-07-22 13:45:00+00:00
1784728200,747.739990234375,748.1799926757812,747.39501953125,748.1500244140625,499544,2026-07-22 13:50:00+00:00
1784728500,748.1300048828125,748.7849731445312,748.02001953125,748.780029296875,496342,2026-07-22 13:55:00+00:00
1784728800,748.77001953125,748.969970703125,748.52001953125,748.969970703125,393130,2026-07-22 14:00:00+00:00
1784729100,748.969970703125,749.3800048828125,748.510009765625,748.5401000976562,386190,2026-07-22 14:05:00+00:00
1784729400,748.5399780273438,748.7750244140625,748.110107421875,748.239990234375,289947,2026-07-22 14:10:00+00:00
1784729700,748.260009765625,748.3200073242188,747.77001953125,748.1300048828125,251758,2026-07-22 14:15:00+00:00
1784730000,748.1400146484375,748.4299926757812,747.3800048828125,747.5999755859375,390741,2026-07-22 14:20:00+00:00
1784730300,747.6300048828125,747.8099975585938,747.0900268554688,747.2999877929688,311511,2026-07-22 14:25:00+00:00
1784730600,747.2899780273438,747.7899780273438,747.1699829101562,747.239990234375,405856,2026-07-22 14:30:00+00:00
1784730900,747.260009765625,747.4500122070312,747.05078125,747.3099975585938,396475,2026-07-22 14:35:00+00:00
1784731200,747.2999877929688,747.4500122070312,746.760009765625,746.780029296875,250611,2026-07-22 14:40:00+00:00
1784731500,746.7899780273438,747.469970703125,746.6799926757812,747.3699951171875,297686,2026-07-22 14:45:00+00:00
1784731800,747.3800048828125,747.6500244140625,747.0900268554688,747.4199829101562,348917,2026-07-22 14:50:00+00:00
1784732100,747.3900146484375,747.9769897460938,747.1500244140625,747.9349975585938,280430,2026-07-22 14:55:00+00:00
1784732400,747.9299926757812,748.4400024414062,747.8900146484375,748.3049926757812,277938,2026-07-22 15:00:00+00:00
1784732700,748.2999877929688,748.75,748.2000122070312,748.6099853515625,333941,2026-07-22 15:05:00+00:00
1784733000,748.6099853515625,749.039306640625,748.5900268554688,748.875,275844,2026-07-22 15:10:00+00:00
1784733300,748.8800048828125,748.9849853515625,748.52001953125,748.8599853515625,382048,2026-07-22 15:15:00+00:00
1784733600,748.8699951171875,749.4000244140625,748.8300170898438,749.3099975585938,177372,2026-07-22 15:20:00+00:00
1784733900,749.3200073242188,749.6799926757812,749.2606811523438,749.4099731445312,274008,2026-07-22 15:25:00+00:00
1784734200,749.4199829101562,749.510009765625,748.9199829101562,748.9600219726562,258364,2026-07-22 15:30:00+00:00
1784734500,748.9849853515625,749.1400146484375,748.7506713867188,748.9149780273438,184888,2026-07-22 15:35:00+00:00
1784734800,748.9149780273438,749.2100219726562,748.8499755859375,749.0,123396,2026-07-22 15:40:00+00:00
1784735100,749.02001953125,749.3800048828125,749.02001953125,749.3800048828125,251782,2026-07-22 15:45:00+00:00
1784735400,749.3800048828125,749.5900268554688,749.22998046875,749.280029296875,154286,2026-07-22 15:50:00+00:00
1784735700,749.260009765625,749.7899780273438,749.1799926757812,749.760009765625,157530,2026-07-22 15:55:00+00:00
1784736000,749.760009765625,749.8200073242188,749.489990234375,749.6849975585938,191780,2026-07-22 16:00:00+00:00
1784736300,749.6900024414062,749.9099731445312,749.5399780273438,749.7449951171875,230076,2026-07-22 16:05:00+00:00
1784736600,749.739990234375,749.7899780273438,749.5999755859375,749.7100219726562,200353,2026-07-22 16:10:00+00:00
1784736900,749.7100219726562,750.02001953125,749.6799926757812,749.9749755859375,195351,2026-07-22 16:15:00+00:00
1784737200,749.969970703125,749.969970703125,749.780029296875,749.8699951171875,234835,2026-07-22 16:20:00+00:00
1784737500,749.8699951171875,749.9400024414062,749.6799926757812,749.8499755859375,242635,2026-07-22 16:25:00+00:00
1784737800,749.8599853515625,750.0048217773438,749.75,749.9299926757812,178756,2026-07-22 16:30:00+00:00
1784738100,749.9199829101562,749.9600219726562,749.7899780273438,749.8699951171875,313848,2026-07-22 16:35:00+00:00
1784738400,749.8900146484375,749.8900146484375,749.6400146484375,749.7550048828125,179533,2026-07-22 16:40:00+00:00
1784738700,749.760009765625,749.9000244140625,749.52001953125,749.60498046875,179344,2026-07-22 16:45:00+00:00
1784739000,749.6099853515625,749.6799926757812,749.47998046875,749.52001953125,132286,2026-07-22 16:50:00+00:00
1784739300,749.510009765625,749.9500122070312,749.5,749.8300170898438,146439,2026-07-22 16:55:00+00:00
1784739600,749.8350219726562,749.9600219726562,749.3699951171875,749.5,233695,2026-07-22 17:00:00+00:00
1784739900,749.5,749.75,749.47998046875,749.6099853515625,580307,2026-07-22 17:05:00+00:00
1784740200,749.5999755859375,749.6199951171875,749.25,749.3200073242188,361788,2026-07-22 17:10:00+00:00
1784740500,749.3099975585938,749.4299926757812,749.1900024414062,749.25,502612,2026-07-22 17:15:00+00:00
1784740800,749.239990234375,749.260009765625,748.9500122070312,749.1749877929688,195943,2026-07-22 17:20:00+00:00
1784741100,749.1699829101562,749.3900146484375,749.0,749.0444946289062,196990,2026-07-22 17:25:00+00:00
1784741400,749.0499877929688,749.2899780273438,748.8599853515625,748.8800048828125,244761,2026-07-22 17:30:00+00:00
1784741700,748.8800048828125,749.4099731445312,748.8499755859375,749.3599853515625,210400,2026-07-22 17:35:00+00:00
1784742000,749.3599853515625,749.3699951171875,749.0499877929688,749.1199951171875,175551,2026-07-22 17:40:00+00:00
1784742300,749.1300048828125,749.22998046875,749.0150146484375,749.0499877929688,126164,2026-07-22 17:45:00+00:00
1784742600,749.0399780273438,749.1500244140625,748.6920166015625,748.7100219726562,166578,2026-07-22 17:50:00+00:00
1784742900,748.7000122070312,748.7000122070312,748.3900146484375,748.52001953125,645620,2026-07-22 17:55:00+00:00
1784743200,748.5150146484375,748.7100219726562,748.2000122070312,748.3800048828125,297919,2026-07-22 18:00:00+00:00
1784743500,748.3800048828125,748.6900024414062,748.27001953125,748.3289794921875,295069,2026-07-22 18:05:00+00:00
1784743800,748.2999877929688,748.4000244140625,748.010009765625,748.0399780273438,232207,2026-07-22 18:10:00+00:00
1784744100,748.030029296875,748.3900146484375,748.0250244140625,748.22998046875,203582,2026-07-22 18:15:00+00:00
1784744400,748.25,748.5900268554688,748.1599731445312,748.2225952148438,238646,2026-07-22 18:20:00+00:00
1784744700,748.22998046875,748.5499877929688,748.2100219726562,748.489990234375,188785,2026-07-22 18:25:00+00:00
1784745000,748.489990234375,748.489990234375,748.0499877929688,748.2000122070312,276360,2026-07-22 18:30:00+00:00
1784745300,748.1900024414062,748.469970703125,748.1599731445312,748.4099731445312,188524,2026-07-22 18:35:00+00:00
1784745600,748.4299926757812,748.469970703125,748.22998046875,748.2901000976562,288221,2026-07-22 18:40:00+00:00
1784745900,748.2899780273438,748.5999755859375,748.2048950195312,748.2224731445312,216078,2026-07-22 18:45:00+00:00
1784746200,748.219970703125,748.5798950195312,748.1099853515625,748.52001953125,245576,2026-07-22 18:50:00+00:00
1784746500,748.5,748.5900268554688,748.37890625,748.4099731445312,183536,2026-07-22 18:55:00+00:00
1784746800,748.4400024414062,748.4600219726562,748.1500244140625,748.239990234375,208281,2026-07-22 19:00:00+00:00
1784747100,748.2449951171875,748.3499755859375,748.1500244140625,748.1900024414062,162600,2026-07-22 19:05:00+00:00
1784747400,748.2000122070312,748.239990234375,747.8300170898438,747.8900146484375,248523,2026-07-22 19:10:00+00:00
1784747700,747.9000244140625,748.1900024414062,747.8300170898438,748.1099853515625,189199,2026-07-22 19:15:00+00:00
1784748000,748.1099853515625,748.1199951171875,747.7999877929688,747.8499755859375,205636,2026-07-22 19:20:00+00:00
1784748300,747.8499755859375,748.0999755859375,747.6500244140625,748.0,415094,2026-07-22 19:25:00+00:00
1784748600,748.0,748.0,747.6699829101562,747.7100219726562,616066,2026-07-22 19:30:00+00:00
1784748900,747.7100219726562,747.7999877929688,747.3599853515625,747.4099731445312,522654,2026-07-22 19:35:00+00:00
1784749200,747.4215087890625,747.9199829101562,747.4199829101562,747.7899780273438,556526,2026-07-22 19:40:00+00:00
1784749500,747.7949829101562,748.0700073242188,747.7550048828125,747.97998046875,742707,2026-07-22 19:45:00+00:00
1784749800,747.989990234375,748.2999877929688,747.6900024414062,747.8099975585938,870972,2026-07-22 19:50:00+00:00
1784750100,747.8200073242188,748.239990234375,747.2949829101562,747.3300170898438,3100017,2026-07-22 19:55:00+00:00
1784813400,739.3699951171875,741.3699951171875,738.469970703125,741.3200073242188,4201871,2026-07-23 13:30:00+00:00
1784813700,741.2999877929688,741.8699951171875,740.8499755859375,741.4450073242188,793095,2026-07-23 13:35:00+00:00
1784814000,741.4199829101562,742.5599975585938,741.4199829101562,741.8200073242188,612613,2026-07-23 13:40:00+00:00
1784814300,741.8499755859375,741.9949951171875,740.1699829101562,740.4000244140625,807521,2026-07-23 13:45:00+00:00
1784814600,740.3699951171875,740.9450073242188,739.719970703125,740.9299926757812,1031948,2026-07-23 13:50:00+00:00
1784814900,740.9500122070312,741.280029296875,739.2999877929688,739.5750122070312,676870,2026-07-23 13:55:00+00:00
1784815200,739.5800170898438,740.6300048828125,739.5800170898438,740.344970703125,531714,2026-07-23 14:00:00+00:00
1784815500,740.3599853515625,740.9299926757812,738.8699951171875,739.3599853515625,443580,2026-07-23 14:05:00+00:00
1784815800,739.344970703125,740.5399780273438,739.2100219726562,739.6900024414062,445606,2026-07-23 14:10:00+00:00
1784816100,739.6599731445312,740.3599853515625,739.4099731445312,739.510009765625,449562,2026-07-23 14:15:00+00:00
1784816400,739.52001953125,740.4349975585938,739.1699829101562,739.4400024414062,577693,2026-07-23 14:20:00+00:00
1784816700,739.4000244140625,739.9099731445312,738.989990234375,739.7999877929688,545442,2026-07-23 14:25:00+00:00
1784817000,739.739990234375,740.0399780273438,738.6599731445312,738.969970703125,449770,2026-07-23 14:30:00+00:00
1784817300,738.97998046875,740.510009765625,738.5900268554688,740.3800048828125,780782,2026-07-23 14:35:00+00:00
1784817600,740.3800048828125,740.6400146484375,738.6699829101562,738.8699951171875,432500,2026-07-23 14:40:00+00:00
1784817900,738.8599853515625,739.469970703125,738.6699829101562,738.8300170898438,422993,2026-07-23 14:45:00+00:00
1784818200,738.8400268554688,739.0700073242188,738.010009765625,738.1400146484375,527804,2026-07-23 14:50:00+00:00
1784818500,738.155029296875,738.5800170898438,738.0700073242188,738.3099975585938,354913,2026-07-23 14:55:00+00:00
1784818800,738.3200073242188,738.47998046875,737.5,737.6599731445312,456987,2026-07-23 15:00:00+00:00
1784819100,737.6699829101562,737.7000122070312,736.9400024414062,737.155029296875,831070,2026-07-23 15:05:00+00:00
1784819400,737.1599731445312,737.4099731445312,736.4500122070312,736.6500244140625,985434,2026-07-23 15:10:00+00:00
1784819700,736.6199951171875,737.2750244140625,736.5800170898438,737.1799926757812,637201,2026-07-23 15:15:00+00:00
1784820000,737.2000122070312,737.6900024414062,735.97998046875,736.669921875,1020234,2026-07-23 15:20:00+00:00
1784820300,736.6699829101562,736.7203979492188,735.8099975585938,735.9298706054688,857021,2026-07-23 15:25:00+00:00
1784820600,735.9099731445312,736.4199829101562,735.2100219726562,736.4099731445312,810901,2026-07-23 15:30:00+00:00
1784820900,736.4099731445312,737.4400024414062,736.3800048828125,737.3480224609375,696790,2026-07-23 15:35:00+00:00
1784821200,737.3400268554688,737.6599731445312,736.6400146484375,736.6400146484375,544099,2026-07-23 15:40:00+00:00
1784821500,736.6400146484375,736.969970703125,736.3599853515625,736.8961791992188,352859,2026-07-23 15:45:00+00:00
1784821800,736.8900146484375,737.3300170898438,736.5900268554688,737.3200073242188,320277,2026-07-23 15:50:00+00:00
1784822100,737.3300170898438,737.9000244140625,737.1199951171875,737.844970703125,333004,2026-07-23 15:55:00+00:00
1784822400,737.844970703125,738.3099975585938,737.530029296875,738.0349731445312,421746,2026-07-23 16:00:00+00:00
1784822700,738.0399780273438,738.469970703125,737.5499877929688,738.469970703125,343277,2026-07-23 16:05:00+00:00
1784823000,738.469970703125,738.8350219726562,738.4199829101562,738.6199951171875,409071,2026-07-23 16:10:00+00:00
1784823300,738.6199951171875,738.8300170898438,738.219970703125,738.5700073242188,1292232,2026-07-23 16:15:00+00:00
1784823600,738.5828247070312,739.6599731445312,738.5700073242188,739.4600219726562,484093,2026-07-23 16:20:00+00:00
1784823900,739.4500122070312,739.6199951171875,739.1500244140625,739.4500122070312,378385,2026-07-23 16:25:00+00:00
1784824200,739.4500122070312,739.489990234375,739.0599975585938,739.1199951171875,328174,2026-07-23 16:30:00+00:00
1784824500,739.0999755859375,739.719970703125,738.9400024414062,739.6998901367188,333622,2026-07-23 16:35:00+00:00
1784824800,739.7000122070312,739.7100219726562,738.969970703125,738.969970703125,222903,2026-07-23 16:40:00+00:00
1784825100,738.9600219726562,738.9600219726562,738.010009765625,738.0250244140625,351531,2026-07-23 16:45:00+00:00
1784825400,738.02001953125,738.3400268554688,737.75,737.97998046875,299219,2026-07-23 16:50:00+00:00
1784825700,737.97998046875,738.7100219726562,737.97998046875,738.6599731445312,271435,2026-07-23 16:55:00+00:00
1784826000,738.6699829101562,738.9400024414062,738.2000122070312,738.2100219726562,175458,2026-07-23 17:00:00+00:00
1784826300,738.219970703125,738.489990234375,737.7899780273438,738.489990234375,423821,2026-07-23 17:05:00+00:00
1784826600,738.4600219726562,738.8400268554688,738.4299926757812,738.6099853515625,405299,2026-07-23 17:10:00+00:00
1784826900,738.5599975585938,738.9000244140625,738.1599731445312,738.5250244140625,519411,2026-07-23 17:15:00+00:00
1784827200,738.5650024414062,739.030029296875,738.4000244140625,738.989990234375,1506693,2026-07-23 17:20:00+00:00
1784827500,738.97998046875,739.2000122070312,738.739990234375,738.75,374258,2026-07-23 17:25:00+00:00
1784827800,738.739990234375,738.7999877929688,738.0499877929688,738.0900268554688,647896,2026-07-23 17:30:00+00:00
1784828100,738.0549926757812,738.1199951171875,737.4650268554688,737.6199951171875,154118,2026-07-23 17:35:00+00:00
1784828400,737.6199951171875,737.8599853515625,737.27001953125,737.7100219726562,189087,2026-07-23 17:40:00+00:00
1784828700,737.7000122070312,738.2899780273438,737.5,738.1599731445312,179442,2026-07-23 17:45:00+00:00
1784829000,738.1699829101562,738.2399291992188,737.7000122070312,737.7100219726562,140875,2026-07-23 17:50:00+00:00
1784829300,737.6500244140625,737.7098999023438,737.1300048828125,737.1900024414062,149773,2026-07-23 17:55:00+00:00
1784829600,737.1599731445312,737.3099975585938,736.9000244140625,736.97998046875,212506,2026-07-23 18:00:00+00:00
1784829900,736.969970703125,737.1599731445312,736.8001098632812,736.8619995117188,209211,2026-07-23 18:05:00+00:00
1784830200,736.8900146484375,737.3699951171875,736.8699951171875,737.02978515625,593695,2026-07-23 18:10:00+00:00
1784830500,736.9719848632812,737.3599853515625,736.8200073242188,737.0,281077,2026-07-23 18:15:00+00:00
1784830800,737.02001953125,737.4400024414062,736.9400024414062,737.4099731445312,183660,2026-07-23 18:20:00+00:00
1784831100,737.4199829101562,737.489990234375,737.0349731445312,737.4199829101562,218263,2026-07-23 18:25:00+00:00
1784831400,737.4149780273438,737.6599731445312,737.3200073242188,737.5999755859375,279276,2026-07-23 18:30:00+00:00
1784831700,737.5800170898438,737.6900024414062,736.8300170898438,736.9299926757812,327191,2026-07-23 18:35:00+00:00
1784832000,736.9299926757812,737.02001953125,736.6099853515625,736.8400268554688,415699,2026-07-23 18:40:00+00:00
1784832300,736.8300170898438,737.4500122070312,736.8300170898438,737.2999877929688,583968,2026-07-23 18:45:00+00:00
1784832600,737.2999877929688,737.3699951171875,736.6868286132812,736.719970703125,295039,2026-07-23 18:50:00+00:00
1784832900,736.7100219726562,737.0599975585938,736.6300048828125,737.0499877929688,491634,2026-07-23 18:55:00+00:00
1784833200,737.0800170898438,737.3900146484375,736.780029296875,736.7999877929688,340647,2026-07-23 19:00:00+00:00
1784833500,736.7999877929688,736.9600219726562,736.7000122070312,736.72998046875,257690,2026-07-23 19:05:00+00:00
1784833800,736.719970703125,736.875,736.469970703125,736.5999755859375,201871,2026-07-23 19:10:00+00:00
1784834100,736.5999755859375,737.1599731445312,736.5900268554688,736.9500122070312,339486,2026-07-23 19:15:00+00:00
1784834400,736.969970703125,737.6300048828125,736.9500122070312,737.6199951171875,451009,2026-07-23 19:20:00+00:00
1784834700,737.6199951171875,737.9000244140625,737.3200073242188,737.47998046875,493815,2026-07-23 19:25:00+00:00
1784835000,737.489990234375,737.739990234375,736.6799926757812,737.1500244140625,580631,2026-07-23 19:30:00+00:00
1784835300,737.14501953125,737.219970703125,736.8300170898438,736.8900146484375,702327,2026-07-23 19:35:00+00:00
1784835600,736.8699951171875,736.97998046875,736.25,736.25,1754270,2026-07-23 19:40:00+00:00
1784835900,736.260009765625,736.4000244140625,735.719970703125,735.9249877929688,988958,2026-07-23 19:45:00+00:00
1784836200,735.9299926757812,736.97998046875,735.9299926757812,736.7100219726562,2437408,2026-07-23 19:50:00+00:00
1784836500,736.72998046875,738.6400146484375,736.72998046875,738.1699829101562,5113800,2026-07-23 19:55:00+00:00
1784899800,738.510009765625,739.5,738.4199829101562,739.277099609375,1467113,2026-07-24 13:30:00+00:00
1784900100,739.2899780273438,739.6599731445312,738.8800048828125,739.1099853515625,415105,2026-07-24 13:35:00+00:00
1784900400,739.0999755859375,739.1400756835938,738.6599731445312,738.8101196289062,406628,2026-07-24 13:40:00+00:00
1784900700,738.8099975585938,739.8800048828125,738.5700073242188,739.8200073242188,482528,2026-07-24 13:45:00+00:00
1784901000,739.8099975585938,739.8099975585938,737.6900024414062,737.8400268554688,758616,2026-07-24 13:50:00+00:00
1784901300,737.8300170898438,738.2000122070312,737.4299926757812,737.530029296875,480275,2026-07-24 13:55:00+00:00
1784901600,737.5,738.6701049804688,737.3330078125,737.7440185546875,777067,2026-07-24 14:00:00+00:00
1784901900,737.7899780273438,739.489990234375,737.5700073242188,739.2999877929688,489734,2026-07-24 14:05:00+00:00
1784902200,739.2650146484375,739.905029296875,738.8250122070312,739.5394897460938,932941,2026-07-24 14:10:00+00:00
1784902500,739.5399780273438,739.7100219726562,738.0,738.5349731445312,993924,2026-07-24 14:15:00+00:00
1784902800,738.530029296875,739.9500122070312,738.1599731445312,739.5399780273438,401286,2026-07-24 14:20:00+00:00
1784903100,739.5599975585938,739.719970703125,738.969970703125,739.1799926757812,390349,2026-07-24 14:25:00+00:00
1784903400,739.1900024414062,739.22998046875,738.3300170898438,738.3400268554688,412680,2026-07-24 14:30:00+00:00
1784903700,738.3350219726562,738.8200073242188,737.9099731445312,738.0599975585938,331563,2026-07-24 14:35:00+00:00
1784904000,738.030029296875,738.3499755859375,737.8400268554688,737.905029296875,667881,2026-07-24 14:40:00+00:00
1784904300,737.8900146484375,738.5499877929688,737.4299926757812,738.530029296875,341313,2026-07-24 14:45:00+00:00
1784904600,738.5349731445312,739.3200073242188,738.530029296875,739.010009765625,368611,2026-07-24 14:50:00+00:00
1784904900,739.010009765625,740.7000122070312,739.010009765625,740.5900268554688,457825,2026-07-24 14:55:00+00:00
1784905200,740.5900268554688,740.9600219726562,740.2100219726562,740.239990234375,1066983,2026-07-24 15:00:00+00:00
1784905500,740.22998046875,740.6400146484375,739.6599731445312,739.6998901367188,310429,2026-07-24 15:05:00+00:00
1784905800,739.6900024414062,742.1699829101562,739.5800170898438,741.8800048828125,772738,2026-07-24 15:10:00+00:00
1784906100,741.8599853515625,743.0,741.3400268554688,741.4774780273438,736171,2026-07-24 15:15:00+00:00
1784906400,741.4949951171875,742.6500244140625,741.4099731445312,742.3699951171875,453802,2026-07-24 15:20:00+00:00
1784906700,742.39501953125,743.1300048828125,742.3300170898438,742.6099853515625,413289,2026-07-24 15:25:00+00:00
1784907000,742.5999755859375,742.9000244140625,742.0499877929688,742.0800170898438,242596,2026-07-24 15:30:00+00:00
1784907300,742.0449829101562,743.1580200195312,742.030029296875,743.0700073242188,318123,2026-07-24 15:35:00+00:00
1784907600,743.0599975585938,743.25,742.0289916992188,742.2899780273438,273038,2026-07-24 15:40:00+00:00
1784907900,742.2899780273438,742.6500244140625,742.0,742.1300048828125,215877,2026-07-24 15:45:00+00:00
1784908200,742.135009765625,742.7899780273438,742.1300048828125,742.5599975585938,351940,2026-07-24 15:50:00+00:00
1784908500,742.5599975585938,743.1099853515625,742.52001953125,743.0150146484375,310650,2026-07-24 15:55:00+00:00
1784908800,743.0399780273438,743.239990234375,742.6400146484375,743.2100219726562,667546,2026-07-24 16:00:00+00:00
1784909100,743.2000122070312,743.5499877929688,742.9400024414062,743.280029296875,454257,2026-07-24 16:05:00+00:00
1784909400,743.2999877929688,743.719970703125,742.8499755859375,742.969970703125,340403,2026-07-24 16:10:00+00:00
1784909700,743.0,743.3200073242188,742.8099975585938,743.1347045898438,255553,2026-07-24 16:15:00+00:00
1784910000,743.1448974609375,743.5,743.0999755859375,743.3599243164062,200917,2026-07-24 16:20:00+00:00
1784910300,743.3599853515625,743.5700073242188,743.1799926757812,743.1900024414062,178237,2026-07-24 16:25:00+00:00
1784910600,743.1699829101562,743.1900024414062,742.3599853515625,742.5,390307,2026-07-24 16:30:00+00:00
1784910900,742.5150146484375,742.739990234375,742.22998046875,742.27001953125,210497,2026-07-24 16:35:00+00:00
1784911200,742.260009765625,742.260009765625,741.6400146484375,741.6500244140625,236074,2026-07-24 16:40:00+00:00
1784911500,741.6400146484375,741.8099975585938,740.9500122070312,741.1898803710938,405413,2026-07-24 16:45:00+00:00
1784911800,741.1900024414062,741.27001953125,740.739990234375,741.0700073242188,279526,2026-07-24 16:50:00+00:00
1784912100,741.0490112304688,741.760009765625,740.8699951171875,741.4500122070312,199361,2026-07-24 16:55:00+00:00
1784912400,741.469970703125,741.5999755859375,741.010009765625,741.1749877929688,182715,2026-07-24 17:00:00+00:00
1784912700,741.1699829101562,741.3300170898438,740.3800048828125,740.4182739257812,386540,2026-07-24 17:05:00+00:00
1784913000,740.4000244140625,741.0599975585938,740.2301025390625,740.9299926757812,255564,2026-07-24 17:10:00+00:00
1784913300,740.9500122070312,741.469970703125,740.6599731445312,741.4099731445312,184125,2026-07-24 17:15:00+00:00
1784913600,741.41650390625,741.489990234375,740.9072265625,741.2999877929688,327532,2026-07-24 17:20:00+00:00
1784913900,741.2899780273438,741.8400268554688,740.989990234375,741.7100219726562,196903,2026-07-24 17:25:00+00:00
1784914200,741.75,742.169189453125,741.530029296875,742.11181640625,156146,2026-07-24 17:30:00+00:00
1784914500,742.1099853515625,742.1199951171875,741.4299926757812,741.510009765625,162452,2026-07-24 17:35:00+00:00
1784914800,741.52001953125,741.5399780273438,741.0700073242188,741.0800170898438,184684,2026-07-24 17:40:00+00:00
1784915100,741.0700073242188,741.3900146484375,740.9199829101562,741.3099975585938,162181,2026-07-24 17:45:00+00:00
1784915400,741.3099975585938,741.5349731445312,740.969970703125,741.27001953125,270661,2026-07-24 17:50:00+00:00
1784915700,741.2899780273438,741.3900146484375,740.969970703125,740.97998046875,244499,2026-07-24 17:55:00+00:00
1784916000,740.989990234375,741.2899780273438,740.77001953125,740.8900146484375,188906,2026-07-24 18:00:00+00:00
1784916300,740.8800048828125,741.27001953125,740.75,740.969970703125,338674,2026-07-24 18:05:00+00:00
1784916600,741.02001953125,741.0750122070312,740.47998046875,740.5900268554688,257613,2026-07-24 18:10:00+00:00
1784916900,740.594970703125,740.6500244140625,740.1400146484375,740.22998046875,387838,2026-07-24 18:15:00+00:00
1784917200,740.1900024414062,740.2000122070312,739.719970703125,739.8099975585938,433579,2026-07-24 18:20:00+00:00
1784917500,739.7999877929688,739.8800048828125,739.0,739.0349731445312,473174,2026-07-24 18:25:00+00:00
1784917800,739.0499877929688,739.1599731445312,738.0700073242188,738.173828125,593684,2026-07-24 18:30:00+00:00
1784918100,738.1900024414062,738.6300048828125,737.8300170898438,738.27001953125,879485,2026-07-24 18:35:00+00:00
1784918400,738.27001953125,738.27001953125,737.6400146484375,737.8499755859375,439073,2026-07-24 18:40:00+00:00
1784918700,737.8699951171875,738.7000122070312,737.7899780273438,738.3099975585938,392359,2026-07-24 18:45:00+00:00
1784919000,738.2899780273438,738.5,738.030029296875,738.2050170898438,417134,2026-07-24 18:50:00+00:00
1784919300,738.1900024414062,738.7100219726562,738.1400146484375,738.3800048828125,302475,2026-07-24 18:55:00+00:00
1784919600,738.3900146484375,738.89501953125,738.2100219726562,738.280029296875,895698,2026-07-24 19:00:00+00:00
1784919900,738.25,738.6500244140625,737.5599975585938,737.60498046875,779209,2026-07-24 19:05:00+00:00
1784920200,737.6099853515625,738.22998046875,737.469970703125,737.5999755859375,705769,2026-07-24 19:10:00+00:00
1784920500,737.5999755859375,737.8300170898438,737.4099731445312,737.7999877929688,1036183,2026-07-24 19:15:00+00:00
1784920800,737.8200073242188,738.02001953125,737.2899780273438,737.4299926757812,521023,2026-07-24 19:20:00+00:00
1784921100,737.4400024414062,737.8699951171875,737.2999877929688,737.6500244140625,459031,2026-07-24 19:25:00+00:00
1784921400,737.719970703125,738.3800048828125,737.6599731445312,738.0900268554688,822160,2026-07-24 19:30:00+00:00
1784921700,738.0800170898438,738.6599731445312,737.989990234375,738.1099853515625,1074359,2026-07-24 19:35:00+00:00
1784922000,738.1099853515625,738.3400268554688,737.7899780273438,738.280029296875,800742,2026-07-24 19:40:00+00:00
1784922300,738.2999877929688,738.4400024414062,737.75,738.3399047851562,1069183,2026-07-24 19:45:00+00:00
1784922600,738.3400268554688,738.5800170898438,737.6400146484375,738.469970703125,1055109,2026-07-24 19:50:00+00:00
1784922900,738.489990234375,739.0999755859375,738.0499877929688,738.8599853515625,3826336,2026-07-24 19:55:00+00:00
1785159000,744.9099731445312,745.1699829101562,743.9425048828125,744.655029296875,1905497,2026-07-27 13:30:00+00:00
1785159300,744.6599731445312,745.530029296875,744.5700073242188,744.969970703125,673895,2026-07-27 13:35:00+00:00
1785159600,744.969970703125,745.0650024414062,743.4400024414062,743.4500122070312,563061,2026-07-27 13:40:00+00:00
1785159900,743.47998046875,744.1500244140625,743.2000122070312,743.7999877929688,584594,2026-07-27 13:45:00+00:00
1785160200,743.8499755859375,744.1699829101562,743.3699951171875,743.4500122070312,404221,2026-07-27 13:50:00+00:00
1785160500,743.4299926757812,743.4600219726562,741.5999755859375,741.5999755859375,587019,2026-07-27 13:55:00+00:00
1785160800,741.5999755859375,742.1300048828125,741.219970703125,741.6599731445312,1099633,2026-07-27 14:00:00+00:00
1785161100,741.6500244140625,742.0399780273438,741.22998046875,741.75,612508,2026-07-27 14:05:00+00:00
1785161400,741.75,741.77001953125,740.4600219726562,740.9650268554688,653122,2026-07-27 14:10:00+00:00
1785161700,740.969970703125,741.5650024414062,740.52001953125,740.989990234375,610851,2026-07-27 14:15:00+00:00
1785162000,740.9450073242188,740.9450073242188,739.6300048828125,739.8250122070312,539015,2026-07-27 14:20:00+00:00
1785162300,739.8250122070312,740.0,738.2000122070312,738.3150024414062,1004967,2026-07-27 14:25:00+00:00
1785162600,738.3300170898438,738.5549926757812,737.72998046875,737.969970703125,902868,2026-07-27 14:30:00+00:00
1785162900,737.9450073242188,738.2999877929688,737.1400146484375,738.0800170898438,720749,2026-07-27 14:35:00+00:00
1785163200,738.0750122070312,738.27001953125,736.5399780273438,736.7899780273438,636446,2026-07-27 14:40:00+00:00
1785163500,736.7899780273438,738.1599731445312,736.7899780273438,738.0,542379,2026-07-27 14:45:00+00:00
1785163800,737.989990234375,738.8250122070312,737.9299926757812,738.5900268554688,597315,2026-07-27 14:50:00+00:00
1785164100,738.5900268554688,739.8800048828125,738.3699951171875,739.6901245117188,566206,2026-07-27 14:55:00+00:00
1785164400,739.719970703125,739.969970703125,739.3400268554688,739.760009765625,442765,2026-07-27 15:00:00+00:00
1785164700,739.739990234375,740.3099975585938,739.1901245117188,739.219970703125,910063,2026-07-27 15:05:00+00:00
1785165000,739.27001953125,739.9349975585938,739.0999755859375,739.3900146484375,360377,2026-07-27 15:10:00+00:00
1785165300,739.3599853515625,739.52001953125,737.9400024414062,738.8049926757812,363940,2026-07-27 15:15:00+00:00
1785165600,738.8099975585938,739.2999877929688,738.02001953125,738.1799926757812,265057,2026-07-27 15:20:00+00:00
1785165900,738.1649780273438,738.5399780273438,737.8800048828125,738.2899780273438,433314,2026-07-27 15:25:00+00:00
1785166200,738.27001953125,738.27001953125,737.2999877929688,737.4099731445312,264012,2026-07-27 15:30:00+00:00
1785166500,737.4199829101562,737.5,736.3350219726562,736.9400024414062,409638,2026-07-27 15:35:00+00:00
1785166800,736.9299926757812,737.469970703125,736.5911865234375,737.4400024414062,334033,2026-07-27 15:40:00+00:00
1785167100,737.4299926757812,737.5499877929688,736.6900024414062,736.8900146484375,243039,2026-07-27 15:45:00+00:00
1785167400,736.9199829101562,737.3599853515625,736.7100219726562,737.0599975585938,183387,2026-07-27 15:50:00+00:00
1785167700,737.0599975585938,737.6500244140625,736.9600219726562,737.4849853515625,217265,2026-07-27 15:55:00+00:00
1785168000,737.4924926757812,738.1599731445312,737.3900146484375,738.1500244140625,221283,2026-07-27 16:00:00+00:00
1785168300,738.1500244140625,738.3699951171875,737.718017578125,738.2999877929688,196164,2026-07-27 16:05:00+00:00
1785168600,738.3099975585938,738.6900024414062,737.3856811523438,737.4500122070312,226422,2026-07-27 16:10:00+00:00
1785168900,737.4400024414062,737.47998046875,736.8599853515625,737.2999877929688,543560,2026-07-27 16:15:00+00:00
1785169200,737.3099975585938,737.8300170898438,737.0700073242188,737.77001953125,156681,2026-07-27 16:20:00+00:00
1785169500,737.77001953125,739.6799926757812,737.7100219726562,738.719970703125,763317,2026-07-27 16:25:00+00:00
1785169800,738.719970703125,739.3099975585938,738.4000244140625,738.909912109375,183224,2026-07-27 16:30:00+00:00
1785170100,738.8900146484375,739.3499755859375,738.4500122070312,738.969970703125,218445,2026-07-27 16:35:00+00:00
1785170400,738.97998046875,739.102294921875,738.0800170898438,738.3400268554688,162992,2026-07-27 16:40:00+00:00
1785170700,738.3499755859375,738.7999877929688,738.0999755859375,738.0999755859375,138429,2026-07-27 16:45:00+00:00
1785171000,738.0800170898438,738.0800170898438,737.0,737.1500244140625,209793,2026-07-27 16:50:00+00:00
1785171300,737.1500244140625,737.1599731445312,736.6400146484375,737.0570068359375,188221,2026-07-27 16:55:00+00:00
1785171600,737.0700073242188,737.0999755859375,736.0999755859375,736.1810302734375,289830,2026-07-27 17:00:00+00:00
1785171900,736.1799926757812,736.5800170898438,736.0700073242188,736.3800048828125,201760,2026-07-27 17:05:00+00:00
1785172200,736.3699951171875,736.77001953125,736.1799926757812,736.6500244140625,343362,2026-07-27 17:10:00+00:00
1785172500,736.6400146484375,736.760009765625,735.8699951171875,736.2150268554688,231599,2026-07-27 17:15:00+00:00
1785172800,736.219970703125,736.760009765625,736.0999755859375,736.385009765625,266710,2026-07-27 17:20:00+00:00
1785173100,736.39501953125,736.6500244140625,736.1900024414062,736.2000122070312,195724,2026-07-27 17:25:00+00:00
1785173400,736.219970703125,737.2000122070312,736.1799926757812,737.1599731445312,231267,2026-07-27 17:30:00+00:00
1785173700,737.14501953125,737.280029296875,736.5599975585938,736.7100219726562,171705,2026-07-27 17:35:00+00:00
1785174000,736.6900024414062,736.9099731445312,736.5,736.7999877929688,114163,2026-07-27 17:40:00+00:00
1785174300,736.8200073242188,737.135009765625,736.5700073242188,736.760009765625,125647,2026-07-27 17:45:00+00:00
1785174600,736.72998046875,737.5499877929688,736.6799926757812,737.4982299804688,141067,2026-07-27 17:50:00+00:00
1785174900,737.5399780273438,737.8499755859375,737.280029296875,737.7999877929688,184185,2026-07-27 17:55:00+00:00
1785175200,737.8400268554688,737.9600219726562,737.5399780273438,737.6099853515625,212283,2026-07-27 18:00:00+00:00
1785175500,737.5999755859375,737.969970703125,737.47998046875,737.6799926757812,299969,2026-07-27 18:05:00+00:00
1785175800,737.6699829101562,737.9299926757812,737.6199951171875,737.75,216631,2026-07-27 18:10:00+00:00
1785176100,737.75,737.8300170898438,737.030029296875,737.25,250125,2026-07-27 18:15:00+00:00
1785176400,737.219970703125,737.6900024414062,737.0800170898438,737.5501098632812,163252,2026-07-27 18:20:00+00:00
1785176700,737.5499877929688,737.7999877929688,737.4199829101562,737.6199951171875,244690,2026-07-27 18:25:00+00:00
1785177000,737.6400146484375,737.6500244140625,736.8599853515625,736.905029296875,198582,2026-07-27 18:30:00+00:00
1785177300,736.8599853515625,737.0800170898438,736.7000122070312,736.7899780273438,226540,2026-07-27 18:35:00+00:00
1785177600,736.7899780273438,737.5900268554688,736.6199951171875,737.469970703125,682693,2026-07-27 18:40:00+00:00
1785177900,737.4849853515625,737.75,737.3599853515625,737.3699951171875,236413,2026-07-27 18:45:00+00:00
1785178200,737.3800048828125,738.6500244140625,737.3699951171875,738.5499877929688,328213,2026-07-27 18:50:00+00:00
1785178500,738.5599975585938,739.25,738.510009765625,739.0599975585938,485661,2026-07-27 18:55:00+00:00
1785178800,739.0599975585938,739.1699829101562,738.552001953125,738.5750122070312,417093,2026-07-27 19:00:00+00:00
1785179100,738.5700073242188,739.4000244140625,738.489990234375,739.3200073242188,422423,2026-07-27 19:05:00+00:00
1785179400,739.2999877929688,739.5800170898438,738.9500122070312,739.0900268554688,283609,2026-07-27 19:10:00+00:00
1785179700,739.0999755859375,739.5,739.0900268554688,739.4949951171875,257850,2026-07-27 19:15:00+00:00
1785180000,739.52001953125,739.77001953125,739.3499755859375,739.614990234375,409953,2026-07-27 19:20:00+00:00
1785180300,739.6199951171875,739.719970703125,739.3400268554688,739.6500244140625,268266,2026-07-27 19:25:00+00:00
1785180600,739.6500244140625,739.8499755859375,739.469970703125,739.5700073242188,448729,2026-07-27 19:30:00+00:00
1785180900,739.5499877929688,739.6900024414062,738.9199829101562,738.989990234375,650122,2026-07-27 19:35:00+00:00
1785181200,738.989990234375,739.2199096679688,738.8200073242188,738.969970703125,627623,2026-07-27 19:40:00+00:00
1785181500,738.9600219726562,739.0700073242188,738.6199951171875,739.0399780273438,1084314,2026-07-27 19:45:00+00:00
1785181800,739.0499877929688,739.22998046875,738.5823974609375,738.77001953125,1543745,2026-07-27 19:50:00+00:00
1785182100,738.77001953125,739.1099853515625,738.5,739.02001953125,4015323,2026-07-27 19:55:00+00:00
1785245400,739.1900024414062,739.47998046875,738.030029296875,738.155029296875,2837977,2026-07-28 13:30:00+00:00
1785245700,738.1599731445312,739.0650024414062,737.760009765625,737.7899780273438,824055,2026-07-28 13:35:00+00:00
1785246000,737.7899780273438,738.3400268554688,736.5599975585938,737.0499877929688,1041103,2026-07-28 13:40:00+00:00
1785246300,737.0499877929688,737.6099853515625,735.97998046875,737.530029296875,893500,2026-07-28 13:45:00+00:00
1785246600,737.530029296875,738.1749877929688,736.72998046875,737.0598754882812,748968,2026-07-28 13:50:00+00:00
1785246900,737.0399780273438,737.25,736.1599731445312,736.5,520934,2026-07-28 13:55:00+00:00
1785247200,736.489990234375,737.7100219726562,736.4500122070312,737.260009765625,402300,2026-07-28 14:00:00+00:00
1785247500,737.239990234375,738.2150268554688,736.8800048828125,737.0900268554688,500278,2026-07-28 14:05:00+00:00
1785247800,737.0399780273438,737.8099975585938,736.27001953125,736.5900268554688,454557,2026-07-28 14:10:00+00:00
1785248100,736.6099853515625,737.1599731445312,736.4400024414062,736.6099853515625,789147,2026-07-28 14:15:00+00:00
1785248400,736.6300048828125,737.8779907226562,736.3699951171875,737.3049926757812,483313,2026-07-28 14:20:00+00:00
1785248700,737.3099975585938,737.75,737.1500244140625,737.7000122070312,463346,2026-07-28 14:25:00+00:00
1785249000,737.719970703125,738.0,737.2100219726562,737.2449951171875,548219,2026-07-28 14:30:00+00:00
1785249300,737.239990234375,738.6199951171875,737.1500244140625,737.530029296875,535883,2026-07-28 14:35:00+00:00
1785249600,737.5399780273438,738.6099853515625,737.4000244140625,738.27001953125,676154,2026-07-28 14:40:00+00:00
1785249900,738.25,739.4099731445312,737.8599853515625,739.3099975585938,660577,2026-07-28 14:45:00+00:00
1785250200,739.2999877929688,739.7849731445312,739.1500244140625,739.4199829101562,626397,2026-07-28 14:50:00+00:00
1785250500,739.4299926757812,739.8200073242188,738.5800170898438,738.6400146484375,364229,2026-07-28 14:55:00+00:00
1785250800,738.7000122070312,739.1799926757812,738.1400146484375,738.1500244140625,677367,2026-07-28 15:00:00+00:00
1785251100,738.1599731445312,738.8400268554688,738.010009765625,738.7999877929688,254071,2026-07-28 15:05:00+00:00
1785251400,738.77001953125,739.7100219726562,738.4600219726562,739.3400268554688,420180,2026-07-28 15:10:00+00:00
1785251700,739.3800048828125,740.5700073242188,739.1901245117188,740.5700073242188,658227,2026-07-28 15:15:00+00:00
1785252000,740.5700073242188,741.3800048828125,740.5449829101562,741.3800048828125,702554,2026-07-28 15:20:00+00:00
1785252300,741.3599853515625,741.9000244140625,741.0399780273438,741.2000122070312,664777,2026-07-28 15:25:00+00:00
1785252600,741.1699829101562,741.47998046875,740.9910278320312,741.25,233448,2026-07-28 15:30:00+00:00
1785252900,741.3099975585938,741.9000244140625,741.239990234375,741.6199951171875,249016,2026-07-28 15:35:00+00:00
1785253200,741.5999755859375,742.0900268554688,741.4199829101562,742.0700073242188,288552,2026-07-28 15:40:00+00:00
1785253500,742.0700073242188,742.4500122070312,741.9600219726562,742.3200073242188,347047,2026-07-28 15:45:00+00:00
1785253800,742.3200073242188,742.4099731445312,741.7899780273438,742.0599975585938,326561,2026-07-28 15:50:00+00:00
1785254100,742.0700073242188,742.3900146484375,741.7999877929688,742.2150268554688,198277,2026-07-28 15:55:00+00:00
1785254400,742.2050170898438,742.3499755859375,741.9400024414062,742.02001953125,433367,2026-07-28 16:00:00+00:00
1785254700,742.02001953125,742.2000122070312,741.5599975585938,741.5700073242188,298787,2026-07-28 16:05:00+00:00
1785255000,741.5700073242188,741.8400268554688,741.47998046875,741.6199951171875,270948,2026-07-28 16:10:00+00:00
1785255300,741.6099853515625,741.9199829101562,741.3200073242188,741.9000244140625,244630,2026-07-28 16:15:00+00:00
1785255600,741.9080200195312,742.0900268554688,741.3099975585938,741.489990234375,209637,2026-07-28 16:20:00+00:00
1785255900,741.47998046875,741.5999755859375,741.2100219726562,741.2100219726562,176750,2026-07-28 16:25:00+00:00
1785256200,741.22998046875,741.3900146484375,740.9199829101562,741.1099853515625,180477,2026-07-28 16:30:00+00:00
1785256500,741.1199951171875,741.7999877929688,741.0800170898438,741.7799072265625,173601,2026-07-28 16:35:00+00:00
1785256800,741.780029296875,742.1500244140625,741.7100219726562,741.9400024414062,353730,2026-07-28 16:40:00+00:00
1785257100,741.9400024414062,742.0800170898438,741.3900146484375,741.7899780273438,309539,2026-07-28 16:45:00+00:00
1785257400,741.7899780273438,742.6599731445312,741.760009765625,742.6099853515625,383824,2026-07-28 16:50:00+00:00
1785257700,742.6199951171875,742.7901000976562,742.47998046875,742.6099853515625,167506,2026-07-28 16:55:00+00:00
1785258000,742.6099853515625,742.780029296875,742.0850219726562,742.1400146484375,297007,2026-07-28 17:00:00+00:00
1785258300,742.1500244140625,742.3200073242188,741.4500122070312,741.5299072265625,228247,2026-07-28 17:05:00+00:00
1785258600,741.5,741.8200073242188,741.1799926757812,741.3400268554688,343721,2026-07-28 17:10:00+00:00
1785258900,741.3350219726562,741.530029296875,741.0800170898438,741.3099975585938,175637,2026-07-28 17:15:00+00:00
1785259200,741.3200073242188,742.1900024414062,741.2100219726562,741.3499755859375,357005,2026-07-28 17:20:00+00:00
1785259500,741.3350219726562,741.719970703125,741.1300048828125,741.3099975585938,124272,2026-07-28 17:25:00+00:00
1785259800,741.2999877929688,741.8300170898438,741.1099853515625,741.7000122070312,189957,2026-07-28 17:30:00+00:00
1785260100,741.719970703125,741.9199829101562,741.3400268554688,741.4000244140625,125230,2026-07-28 17:35:00+00:00
1785260400,741.3800048828125,741.6599731445312,740.6500244140625,740.7999877929688,323917,2026-07-28 17:40:00+00:00
1785260700,740.7949829101562,741.3900146484375,740.6400146484375,741.2999877929688,273765,2026-07-28 17:45:00+00:00
1785261000,741.2849731445312,741.2849731445312,740.6799926757812,740.7609252929688,136456,2026-07-28 17:50:00+00:00
1785261300,740.739990234375,741.219970703125,740.510009765625,741.1900024414062,222469,2026-07-28 17:55:00+00:00
1785261600,741.2000122070312,741.52001953125,741.010009765625,741.22998046875,273418,2026-07-28 18:00:00+00:00
1785261900,741.2000122070312,741.2899780273438,740.739990234375,740.8499755859375,233917,2026-07-28 18:05:00+00:00
1785262200,740.8499755859375,740.9318237304688,740.4199829101562,740.4550170898438,380289,2026-07-28 18:10:00+00:00
1785262500,740.4600219726562,740.844970703125,740.4299926757812,740.760009765625,292465,2026-07-28 18:15:00+00:00
1785262800,740.75,740.9600219726562,740.510009765625,740.5401000976562,165059,2026-07-28 18:20:00+00:00
1785263100,740.5499877929688,740.6900024414062,740.4299926757812,740.5900268554688,250657,2026-07-28 18:25:00+00:00
1785263400,740.5900268554688,741.0499877929688,740.5,740.9349975585938,265820,2026-07-28 18:30:00+00:00
1785263700,740.9049072265625,741.1199951171875,740.739990234375,740.8200073242188,170009,2026-07-28 18:35:00+00:00
1785264000,740.8400268554688,740.8800048828125,740.5499877929688,740.77001953125,255894,2026-07-28 18:40:00+00:00
1785264300,740.7899780273438,741.4099731445312,740.6900024414062,741.25,338437,2026-07-28 18:45:00+00:00
1785264600,741.25,741.52001953125,741.1500244140625,741.25,229256,2026-07-28 18:50:00+00:00
1785264900,741.25,741.614990234375,741.0700073242188,741.4500122070312,237145,2026-07-28 18:55:00+00:00
1785265200,741.4500122070312,741.9600219726562,741.4299926757812,741.9099731445312,375364,2026-07-28 19:00:00+00:00
1785265500,741.8800048828125,741.9550170898438,741.3900146484375,741.4199829101562,1364659,2026-07-28 19:05:00+00:00
1785265800,741.4299926757812,741.6500244140625,741.3300170898438,741.469970703125,221720,2026-07-28 19:10:00+00:00
1785266100,741.4600219726562,741.719970703125,741.3099975585938,741.64990234375,345562,2026-07-28 19:15:00+00:00
1785266400,741.6199951171875,741.8400268554688,741.530029296875,741.8099975585938,1094845,2026-07-28 19:20:00+00:00
1785266700,741.8200073242188,741.8499755859375,741.3499755859375,741.7000122070312,398036,2026-07-28 19:25:00+00:00
1785267000,741.7100219726562,741.72998046875,741.4600219726562,741.532470703125,690086,2026-07-28 19:30:00+00:00
1785267300,741.530029296875,741.5549926757812,740.9299926757812,741.010009765625,391016,2026-07-28 19:35:00+00:00
1785267600,741.010009765625,741.3099975585938,740.989990234375,741.2999877929688,476767,2026-07-28 19:40:00+00:00
1785267900,741.2999877929688,741.3400268554688,740.8900146484375,741.1099853515625,919399,2026-07-28 19:45:00+00:00
1785268200,741.0999755859375,741.6699829101562,740.8499755859375,741.6400146484375,1198938,2026-07-28 19:50:00+00:00
1785268500,741.6300048828125,741.6300048828125,740.4299926757812,740.760009765625,5045104,2026-07-28 19:55:00+00:00
1785331800,739.969970703125,740.3900146484375,738.719970703125,740.030029296875,2005035,2026-07-29 13:30:00+00:00
1785332100,740.02001953125,740.239990234375,739.1749877929688,739.9000244140625,395710,2026-07-29 13:35:00+00:00
1785332400,739.8900146484375,740.0399780273438,739.3200073242188,739.6799926757812,838844,2026-07-29 13:40:00+00:00
1785332700,739.6599731445312,740.219970703125,738.8800048828125,739.155029296875,525174,2026-07-29 13:45:00+00:00
1785333000,739.1599731445312,739.2100219726562,737.4299926757812,737.8099975585938,613806,2026-07-29 13:50:00+00:00
1785333300,737.780029296875,737.780029296875,736.6099853515625,737.3599853515625,627156,2026-07-29 13:55:00+00:00
1785333600,737.4299926757812,738.0900268554688,737.3499755859375,737.7999877929688,917628,2026-07-29 14:00:00+00:00
1785333900,737.7849731445312,738.3300170898438,736.7100219726562,736.8099975585938,415704,2026-07-29 14:05:00+00:00
1785334200,736.780029296875,737.0399780273438,735.0401000976562,735.4099731445312,727128,2026-07-29 14:10:00+00:00
1785334500,735.4099731445312,736.27001953125,735.3599853515625,735.8900146484375,540169,2026-07-29 14:15:00+00:00
1785334800,735.8900146484375,736.469970703125,735.3099975585938,735.489990234375,520529,2026-07-29 14:20:00+00:00
1785335100,735.469970703125,735.52001953125,734.260009765625,734.9199829101562,838779,2026-07-29 14:25:00+00:00
1785335400,734.9099731445312,735.8400268554688,734.8099975585938,735.3200073242188,86016,2026-07-29 14:30:00+00:00
1785335700,735.3200073242188,735.4600219726562,734.6599731445312,734.8099975585938,657612,2026-07-29 14:35:00+00:00
1785336000,734.780029296875,734.7999877929688,733.7899780273438,734.219970703125,577499,2026-07-29 14:40:00+00:00
1785336300,734.2100219726562,734.7899780273438,733.8900146484375,734.4299926757812,442505,2026-07-29 14:45:00+00:00
1785336600,734.4249877929688,735.3400268554688,734.260009765625,735.030029296875,479301,2026-07-29 14:50:00+00:00
1785336900,735.02001953125,735.0900268554688,734.27001953125,734.8200073242188,281205,2026-07-29 14:55:00+00:00
1785337200,734.8200073242188,735.54931640625,734.4299926757812,735.3200073242188,373832,2026-07-29 15:00:00+00:00
1785337500,735.3200073242188,735.6190795898438,734.6699829101562,735.5900268554688,345938,2026-07-29 15:05:00+00:00
1785337800,735.6300048828125,735.6599731445312,734.530029296875,734.6400146484375,354996,2026-07-29 15:10:00+00:00
1785338100,734.6500244140625,735.489990234375,734.530029296875,734.5599975585938,303515,2026-07-29 15:15:00+00:00
1785338400,734.5700073242188,735.0499877929688,734.3699951171875,735.02001953125,284631,2026-07-29 15:20:00+00:00
1785338700,735.010009765625,735.2150268554688,734.3499755859375,734.4403076171875,209233,2026-07-29 15:25:00+00:00
1785339000,734.4199829101562,734.989990234375,734.280029296875,734.5700073242188,204830,2026-07-29 15:30:00+00:00
1785339300,734.5800170898438,734.9699096679688,734.030029296875,734.030029296875,232836,2026-07-29 15:35:00+00:00
1785339600,734.02001953125,734.4199829101562,733.719970703125,733.989990234375,263869,2026-07-29 15:40:00+00:00
1785339900,733.97998046875,734.469970703125,733.7899780273438,734.4400024414062,217372,2026-07-29 15:45:00+00:00
1785340200,734.4299926757812,734.5399780273438,733.469970703125,733.47998046875,235884,2026-07-29 15:50:00+00:00
1785340500,733.510009765625,733.8800048828125,733.02001953125,733.72998046875,406160,2026-07-29 15:55:00+00:00
1785340800,733.760009765625,734.030029296875,732.739990234375,732.8099975585938,327099,2026-07-29 16:00:00+00:00
1785341100,732.8400268554688,732.8400268554688,732.219970703125,732.7100219726562,472886,2026-07-29 16:05:00+00:00
1785341400,732.7000122070312,732.760009765625,732.02001953125,732.02001953125,325022,2026-07-29 16:10:00+00:00
1785341700,732.02001953125,732.3599853515625,731.72998046875,732.22998046875,660736,2026-07-29 16:15:00+00:00
1785342000,732.239990234375,733.5999755859375,732.1099853515625,733.3499755859375,399286,2026-07-29 16:20:00+00:00
1785342300,733.3499755859375,733.9199829101562,733.280029296875,733.8499755859375,356148,2026-07-29 16:25:00+00:00
1785342600,733.8400268554688,734.3200073242188,733.394775390625,733.394775390625,393943,2026-07-29 16:30:00+00:00
1785342900,733.4000244140625,733.6799926757812,732.97998046875,733.5700073242188,663020,2026-07-29 16:35:00+00:00
1785343200,733.5499877929688,733.7100219726562,732.8800048828125,733.2299194335938,303600,2026-07-29 16:40:00+00:00
1785343500,733.219970703125,733.9600219726562,733.030029296875,733.9299926757812,274572,2026-07-29 16:45:00+00:00
1785343800,733.9500122070312,734.5,733.7100219726562,734.2899780273438,254201,2026-07-29 16:50:00+00:00
1785344100,734.260009765625,734.8699951171875,734.1400756835938,734.8699951171875,220409,2026-07-29 16:55:00+00:00
1785344400,734.8800048828125,735.989990234375,734.739990234375,735.8599853515625,362702,2026-07-29 17:00:00+00:00
1785344700,735.89501953125,735.9299926757812,735.3400268554688,735.39501953125,353415,2026-07-29 17:05:00+00:00
1785345000,735.4000244140625,736.6199951171875,735.3300170898438,736.5999755859375,429716,2026-07-29 17:10:00+00:00
1785345300,736.6099853515625,736.864990234375,736.2949829101562,736.72998046875,384861,2026-07-29 17:15:00+00:00
1785345600,736.72998046875,737.239990234375,736.2899780273438,736.3400268554688,368551,2026-07-29 17:20:00+00:00
1785345900,736.3300170898438,736.4600219726562,735.72998046875,735.739990234375,388325,2026-07-29 17:25:00+00:00
1785346200,735.75,736.3499755859375,735.27001953125,735.8400268554688,374541,2026-07-29 17:30:00+00:00
1785346500,735.8099975585938,735.969970703125,735.3499755859375,735.6400146484375,222045,2026-07-29 17:35:00+00:00
1785346800,735.6400146484375,735.9199829101562,735.3900146484375,735.75,231375,2026-07-29 17:40:00+00:00
1785347100,735.760009765625,736.030029296875,735.3900146484375,735.97802734375,217402,2026-07-29 17:45:00+00:00
1785347400,735.97998046875,736.4000244140625,735.9500122070312,736.1900024414062,369375,2026-07-29 17:50:00+00:00
1785347700,736.1900024414062,736.4199829101562,735.6099853515625,736.407470703125,330588,2026-07-29 17:55:00+00:00
1785348000,736.3699951171875,739.5499877929688,736.3699951171875,738.1400146484375,1893154,2026-07-29 18:00:00+00:00
1785348300,738.1099853515625,739.0399780273438,737.6799926757812,738.0900268554688,665191,2026-07-29 18:05:00+00:00
1785348600,738.0599975585938,738.3800048828125,736.9600219726562,737.3900146484375,613643,2026-07-29 18:10:00+00:00
1785348900,737.4199829101562,738.260009765625,736.8200073242188,737.02001953125,481252,2026-07-29 18:15:00+00:00
1785349200,737.010009765625,737.1099853515625,736.3182983398438,736.6599731445312,396281,2026-07-29 18:20:00+00:00
1785349500,736.6900024414062,737.3599853515625,736.4600219726562,737.3099975585938,490315,2026-07-29 18:25:00+00:00
1785349800,737.3599853515625,738.0800170898438,735.9500122070312,736.9099731445312,834015,2026-07-29 18:30:00+00:00
1785350100,736.9299926757812,739.2899780273438,736.3400268554688,738.9400024414062,532500,2026-07-29 18:35:00+00:00
1785350400,738.9345703125,741.02001953125,738.8499755859375,740.719970703125,906270,2026-07-29 18:40:00+00:00
1785350700,740.719970703125,742.1199951171875,740.469970703125,741.9299926757812,1062438,2026-07-29 18:45:00+00:00
1785351000,741.9199829101562,742.64501953125,741.27001953125,742.5900268554688,924783,2026-07-29 18:50:00+00:00
1785351300,742.6099853515625,742.6799926757812,741.5499877929688,741.9500122070312,608207,2026-07-29 18:55:00+00:00
1785351600,741.9450073242188,742.5900268554688,740.0999755859375,740.5399780273438,862845,2026-07-29 19:00:00+00:00
1785351900,740.52001953125,740.5599975585938,738.4199829101562,738.4299926757812,878279,2026-07-29 19:05:00+00:00
1785352200,738.4099731445312,739.25,737.9500122070312,738.91259765625,711858,2026-07-29 19:10:00+00:00
1785352500,738.89501953125,739.77001953125,737.3800048828125,737.5899047851562,868891,2026-07-29 19:15:00+00:00
1785352800,737.5900268554688,737.6699829101562,735.3300170898438,735.3699951171875,1214289,2026-07-29 19:20:00+00:00
1785353100,735.3699951171875,735.7100219726562,734.2805786132812,735.1500244140625,1201050,2026-07-29 19:25:00+00:00
1785353400,735.2100219726562,735.739990234375,732.6950073242188,733.5899047851562,2836755,2026-07-29 19:30:00+00:00
1785353700,733.5800170898438,734.02001953125,731.52001953125,731.60498046875,1571024,2026-07-29 19:35:00+00:00
1785354000,731.594970703125,732.27001953125,730.9000244140625,731.2999877929688,1726730,2026-07-29 19:40:00+00:00
1785354300,731.2999877929688,732.0900268554688,730.4099731445312,731.909912109375,2456951,2026-07-29 19:45:00+00:00
1785354600,731.8900146484375,731.8900146484375,730.1699829101562,730.8300170898438,2247582,2026-07-29 19:50:00+00:00
1785354900,730.8200073242188,730.8200073242188,729.0999755859375,729.5399780273438,8906932,2026-07-29 19:55:00+00:00
1785418200,736.0499877929688,736.27001953125,734.969970703125,735.4451293945312,3476633,2026-07-30 13:30:00+00:00
1785418500,735.4400024414062,736.0499877929688,734.97998046875,735.3400268554688,1026329,2026-07-30 13:35:00+00:00
1785418800,735.3099975585938,736.7899780273438,734.6300048828125,736.39501953125,1100592,2026-07-30 13:40:00+00:00
1785419100,736.3900146484375,737.4299926757812,736.3499755859375,737.4000244140625,1294931,2026-07-30 13:45:00+00:00
1785419400,737.3900146484375,738.3640747070312,737.0700073242188,737.8699951171875,1047074,2026-07-30 13:50:00+00:00
1785419700,737.864990234375,738.6599731445312,737.5900268554688,738.625,963366,2026-07-30 13:55:00+00:00
1785420000,738.625,738.989990234375,738.0800170898438,738.5800170898438,1379841,2026-07-30 14:00:00+00:00
1785420300,738.5800170898438,738.905029296875,737.5499877929688,737.7672119140625,792218,2026-07-30 14:05:00+00:00
1785420600,737.760009765625,738.155029296875,737.4400024414062,737.97998046875,670183,2026-07-30 14:10:00+00:00
1785420900,737.97998046875,738.47998046875,737.3800048828125,737.7899780273438,539046,2026-07-30 14:15:00+00:00
1785421200,737.7899780273438,738.5700073242188,737.6199951171875,737.969970703125,489609,2026-07-30 14:20:00+00:00
1785421500,737.969970703125,739.2999877929688,737.72998046875,738.5797729492188,683208,2026-07-30 14:25:00+00:00
1785421800,738.6400146484375,738.8800048828125,738.0549926757812,738.3599853515625,817739,2026-07-30 14:30:00+00:00
1785422100,738.3209838867188,738.9398803710938,738.0371704101562,738.6849975585938,301325,2026-07-30 14:35:00+00:00
1785422400,738.6900024414062,739.1099853515625,737.6799926757812,737.8400268554688,454847,2026-07-30 14:40:00+00:00
1785422700,737.8499145507812,738.1500244140625,736.8300170898438,737.219970703125,592163,2026-07-30 14:45:00+00:00
1785423000,737.219970703125,737.35498046875,736.0850219726562,736.2100219726562,1178122,2026-07-30 14:50:00+00:00
1785423300,736.2000122070312,736.5700073242188,735.6099243164062,736.22998046875,956670,2026-07-30 14:55:00+00:00
1785423600,736.22998046875,736.5900268554688,735.260009765625,736.2650146484375,712620,2026-07-30 15:00:00+00:00
1785423900,736.219970703125,736.8200073242188,735.3900146484375,736.75,702778,2026-07-30 15:05:00+00:00
1785424200,736.7401123046875,736.77001953125,734.8300170898438,734.8900146484375,633889,2026-07-30 15:10:00+00:00
1785424500,734.8699951171875,735.72998046875,734.5900268554688,735.469970703125,615652,2026-07-30 15:15:00+00:00
1785424800,735.47998046875,736.1649780273438,735.2100219726562,735.4299926757812,514103,2026-07-30 15:20:00+00:00
1785425100,735.4249877929688,735.8200073242188,734.6300048828125,734.7999877929688,560256,2026-07-30 15:25:00+00:00
1785425400,734.8400268554688,736.0800170898438,734.6799926757812,736.0800170898438,392420,2026-07-30 15:30:00+00:00
1785425700,736.0900268554688,736.4600219726562,735.4500122070312,735.9299926757812,333094,2026-07-30 15:35:00+00:00
1785426000,735.9199829101562,736.969970703125,735.780029296875,736.6229858398438,399337,2026-07-30 15:40:00+00:00
1785426300,736.6500244140625,737.3200073242188,736.6500244140625,737.0750122070312,815781,2026-07-30 15:45:00+00:00
1785426600,737.0800170898438,737.25,736.3800048828125,737.22998046875,524660,2026-07-30 15:50:00+00:00
1785426900,737.22998046875,737.6699829101562,737.0601196289062,737.1300048828125,590600,2026-07-30 15:55:00+00:00
1785427200,737.1500244140625,738.345703125,736.8699951171875,738.280029296875,768816,2026-07-30 16:00:00+00:00
1785427500,738.27001953125,738.4299926757812,737.8800048828125,738.1900024414062,385370,2026-07-30 16:05:00+00:00
1785427800,738.1799926757812,738.97998046875,738.1300048828125,738.864990234375,745890,2026-07-30 16:10:00+00:00
1785428100,738.8699951171875,739.219970703125,738.8200073242188,738.9500122070312,285061,2026-07-30 16:15:00+00:00
1785428400,738.9500122070312,739.1300048828125,738.5800170898438,738.6649780273438,409762,2026-07-30 16:20:00+00:00
1785428700,738.6500244140625,738.969970703125,738.5402221679688,738.760009765625,208936,2026-07-30 16:25:00+00:00
1785429000,738.77001953125,738.8900146484375,738.3599853515625,738.739990234375,308487,2026-07-30 16:30:00+00:00
1785429300,738.7650146484375,739.0499877929688,738.4807739257812,738.510009765625,232896,2026-07-30 16:35:00+00:00
1785429600,738.510009765625,738.5449829101562,737.7550048828125,738.030029296875,409450,2026-07-30 16:40:00+00:00
1785429900,738.0399780273438,738.75,738.0,738.5599975585938,291951,2026-07-30 16:45:00+00:00
1785430200,738.5900268554688,739.1699829101562,738.27001953125,738.969970703125,254477,2026-07-30 16:50:00+00:00
1785430500,738.969970703125,739.1699829101562,738.7800903320312,738.9849853515625,203497,2026-07-30 16:55:00+00:00
1785430800,738.97998046875,740.0499877929688,738.9799194335938,739.9500122070312,534185,2026-07-30 17:00:00+00:00
1785431100,739.9600219726562,740.1300048828125,739.6195068359375,739.780029296875,327734,2026-07-30 17:05:00+00:00
1785431400,739.7899780273438,739.989990234375,739.530029296875,739.7000122070312,579955,2026-07-30 17:10:00+00:00
1785431700,739.7000122070312,740.239990234375,739.6400146484375,740.1799926757812,240039,2026-07-30 17:15:00+00:00
1785432000,740.1699829101562,740.1799926757812,739.76123046875,739.97998046875,232907,2026-07-30 17:20:00+00:00
1785432300,739.9600219726562,739.989990234375,739.6500244140625,739.760009765625,463383,2026-07-30 17:25:00+00:00
1785432600,739.7650146484375,740.010009765625,739.3800048828125,739.530029296875,320664,2026-07-30 17:30:00+00:00
1785432900,739.5399780273438,739.9299926757812,739.1900024414062,739.2999877929688,482773,2026-07-30 17:35:00+00:00
1785433200,739.3499755859375,740.1599731445312,739.3499755859375,739.9099731445312,439077,2026-07-30 17:40:00+00:00
1785433500,739.9099731445312,740.1599731445312,739.8599853515625,739.8703002929688,460648,2026-07-30 17:45:00+00:00
1785433800,739.8699951171875,740.3800048828125,739.8200073242188,739.8699951171875,264502,2026-07-30 17:50:00+00:00
1785434100,739.8599853515625,739.989990234375,739.6511840820312,739.780029296875,174042,2026-07-30 17:55:00+00:00
1785434400,739.7849731445312,740.2999877929688,739.719970703125,739.760009765625,587491,2026-07-30 18:00:00+00:00
1785434700,739.739990234375,740.219970703125,739.7050170898438,740.0850219726562,350183,2026-07-30 18:05:00+00:00
1785435000,740.1199951171875,740.2999877929688,739.97998046875,740.2000122070312,379776,2026-07-30 18:10:00+00:00
1785435300,740.219970703125,740.3599853515625,740.0599975585938,740.1699829101562,258804,2026-07-30 18:15:00+00:00
1785435600,740.1500244140625,740.4400024414062,740.0599975585938,740.3099975585938,271499,2026-07-30 18:20:00+00:00
1785435900,740.2999877929688,740.4099731445312,740.1199951171875,740.3800048828125,220586,2026-07-30 18:25:00+00:00
1785436200,740.4000244140625,740.5900268554688,740.2000122070312,740.3200073242188,461007,2026-07-30 18:30:00+00:00
1785436500,740.3099975585938,740.3800048828125,740.030029296875,740.1199951171875,362920,2026-07-30 18:35:00+00:00
1785436800,740.1099853515625,740.3900146484375,740.072509765625,740.3300170898438,447102,2026-07-30 18:40:00+00:00
1785437100,740.3400268554688,740.5800170898438,740.3099975585938,740.510009765625,286530,2026-07-30 18:45:00+00:00
1785437400,740.5,740.6900024414062,740.3900146484375,740.5,396608,2026-07-30 18:50:00+00:00
1785437700,740.489990234375,740.8300170898438,740.3900146484375,740.77001953125,300577,2026-07-30 18:55:00+00:00
1785438000,740.75,741.35498046875,740.739990234375,741.2150268554688,486213,2026-07-30 19:00:00+00:00
1785438300,741.22998046875,741.8099975585938,741.1400146484375,741.7750244140625,587863,2026-07-30 19:05:00+00:00
1785438600,741.780029296875,742.2999877929688,741.760009765625,742.0700073242188,562828,2026-07-30 19:10:00+00:00
1785438900,742.0599975585938,742.4500122070312,741.8099975585938,742.2899780273438,459565,2026-07-30 19:15:00+00:00
1785439200,742.3095703125,742.3099975585938,741.9600219726562,742.0399780273438,853964,2026-07-30 19:20:00+00:00
1785439500,742.030029296875,742.2100219726562,741.739990234375,741.780029296875,539449,2026-07-30 19:25:00+00:00
1785439800,741.77001953125,741.989990234375,741.6500244140625,741.7650146484375,573565,2026-07-30 19:30:00+00:00
1785440100,741.77001953125,741.9000244140625,741.4299926757812,741.72998046875,1137061,2026-07-30 19:35:00+00:00
1785440400,741.72998046875,741.9099731445312,741.52001953125,741.7899780273438,840977,2026-07-30 19:40:00+00:00
1785440700,741.7999877929688,741.8800048828125,741.3099975585938,741.6099853515625,2424614,2026-07-30 19:45:00+00:00
1785441000,741.5900268554688,741.6500244140625,741.1400146484375,741.3900146484375,2223414,2026-07-30 19:50:00+00:00
1785441300,741.4099731445312,742.0999755859375,741.0,741.72998046875,5384123,2026-07-30 19:55:00+00:00
1785504600,744.6799926757812,746.301025390625,744.5800170898438,746.0,2361327,2026-07-31 13:30:00+00:00
1785504900,745.97998046875,746.260009765625,744.1099853515625,744.1220092773438,1141953,2026-07-31 13:35:00+00:00
1785505200,744.1300048828125,744.2100219726562,742.8400268554688,743.0999755859375,1343432,2026-07-31 13:40:00+00:00
1785505500,743.0999755859375,743.5999755859375,741.989990234375,742.2750244140625,1072726,2026-07-31 13:45:00+00:00
1785505800,742.2849731445312,742.6799926757812,741.5499877929688,742.0,928049,2026-07-31 13:50:00+00:00
1785506100,742.010009765625,742.8300170898438,741.6900024414062,741.9400024414062,719610,2026-07-31 13:55:00+00:00
1785506400,741.9400024414062,742.364990234375,740.2899780273438,740.322509765625,846677,2026-07-31 14:00:00+00:00
1785506700,740.2949829101562,740.75,738.4299926757812,739.1400146484375,1217952,2026-07-31 14:05:00+00:00
1785507000,739.1500244140625,739.3900146484375,737.969970703125,738.47802734375,1280307,2026-07-31 14:10:00+00:00
1785507300,738.469970703125,739.5,737.6799926757812,738.6300048828125,1235745,2026-07-31 14:15:00+00:00
1785507600,738.6099853515625,740.1199951171875,738.3800048828125,739.510009765625,945580,2026-07-31 14:20:00+00:00
1785507900,739.510009765625,740.5700073242188,739.280029296875,740.489990234375,755236,2026-07-31 14:25:00+00:00
1785508200,740.47998046875,741.1799926757812,740.1300048828125,740.489990234375,679280,2026-07-31 14:30:00+00:00
1785508500,740.47998046875,741.4099731445312,740.4500122070312,741.2249755859375,539441,2026-07-31 14:35:00+00:00
1785508800,741.2100219726562,741.6599731445312,740.5800170898438,741.625,505040,2026-07-31 14:40:00+00:00
1785509100,741.5999755859375,742.4970092773438,741.4400024414062,742.4229125976562,562833,2026-07-31 14:45:00+00:00
1785509400,742.4199829101562,742.9500122070312,742.0488891601562,742.1900024414062,528639,2026-07-31 14:50:00+00:00
1785509700,742.1900024414062,742.6900024414062,741.510009765625,742.5,410682,2026-07-31 14:55:00+00:00
1785510000,742.530029296875,742.7050170898438,741.760009765625,742.5050048828125,325179,2026-07-31 15:00:00+00:00
1785510300,742.5200805664062,742.8200073242188,741.4600219726562,741.8300170898438,379746,2026-07-31 15:05:00+00:00
1785510600,741.8400268554688,742.489990234375,741.1237182617188,742.1500244140625,315476,2026-07-31 15:10:00+00:00
1785510900,742.1400146484375,743.0999755859375,741.510009765625,741.9500122070312,388881,2026-07-31 15:15:00+00:00
1785511200,741.9199829101562,742.1699829101562,741.0,741.0800170898438,387515,2026-07-31 15:20:00+00:00
1785511500,741.02001953125,741.211181640625,740.0900268554688,740.2999877929688,606756,2026-07-31 15:25:00+00:00
1785511800,740.2899780273438,741.0,739.8099975585938,740.739990234375,471108,2026-07-31 15:30:00+00:00
1785512100,740.75,742.3350219726562,740.6799926757812,742.0650024414062,665735,2026-07-31 15:35:00+00:00
1785512400,742.0599975585938,742.3400268554688,740.9700927734375,741.8200073242188,268217,2026-07-31 15:40:00+00:00
1785512700,741.8300170898438,741.97998046875,741.10498046875,741.4299926757812,257942,2026-07-31 15:45:00+00:00
1785513000,741.4199829101562,742.9400024414062,741.2899780273438,742.8049926757812,322510,2026-07-31 15:50:00+00:00
1785513300,742.780029296875,743.3300170898438,742.5499877929688,743.0908203125,412576,2026-07-31 15:55:00+00:00
1785513600,743.0900268554688,743.5599975585938,742.9199829101562,743.25,378058,2026-07-31 16:00:00+00:00
1785513900,743.239990234375,743.3900146484375,742.4600219726562,743.0399780273438,495945,2026-07-31 16:05:00+00:00
1785514200,743.0449829101562,743.6599731445312,743.0,743.5499877929688,393988,2026-07-31 16:10:00+00:00
1785514500,743.52001953125,743.5999755859375,742.780029296875,743.3049926757812,277585,2026-07-31 16:15:00+00:00
1785514800,743.2899780273438,744.4299926757812,743.25,744.285888671875,397448,2026-07-31 16:20:00+00:00
1785515100,744.2899780273438,744.4199829101562,743.7999877929688,744.4199829101562,244371,2026-07-31 16:25:00+00:00
1785515400,744.4299926757812,744.8298950195312,744.280029296875,744.780029296875,373165,2026-07-31 16:30:00+00:00
1785515700,744.780029296875,745.030029296875,744.3499755859375,744.5499877929688,308507,2026-07-31 16:35:00+00:00
1785516000,744.530029296875,744.77001953125,744.0900268554688,744.1699829101562,269195,2026-07-31 16:40:00+00:00
1785516300,744.1599731445312,744.5999755859375,743.989990234375,744.530029296875,238591,2026-07-31 16:45:00+00:00
1785516600,744.5700073242188,745.02001953125,744.4299926757812,744.592529296875,216358,2026-07-31 16:50:00+00:00
1785516900,744.5800170898438,744.8599853515625,744.5250244140625,744.6199951171875,193880,2026-07-31 16:55:00+00:00
1785517200,744.6199951171875,745.3060302734375,744.5,745.0599975585938,387170,2026-07-31 17:00:00+00:00
1785517500,745.030029296875,745.260009765625,744.5499877929688,744.8099975585938,268677,2026-07-31 17:05:00+00:00
1785517800,744.7899780273438,745.2899780273438,744.6300048828125,745.2249755859375,478960,2026-07-31 17:10:00+00:00
1785518100,745.219970703125,745.510009765625,745.0999755859375,745.4500122070312,259359,2026-07-31 17:15:00+00:00
1785518400,745.4400024414062,746.0999755859375,745.2000122070312,746.0399780273438,354634,2026-07-31 17:20:00+00:00
1785518700,746.0399780273438,746.4000244140625,745.9099731445312,746.2899780273438,724209,2026-07-31 17:25:00+00:00
1785519000,746.2999877929688,746.4400024414062,746.0599975585938,746.364990234375,349311,2026-07-31 17:30:00+00:00
1785519300,746.3499755859375,746.5,745.75,745.7899169921875,541313,2026-07-31 17:35:00+00:00
1785519600,745.77001953125,746.030029296875,745.6099853515625,745.842529296875,340151,2026-07-31 17:40:00+00:00
1785519900,745.8599853515625,746.1099853515625,745.22998046875,745.2899780273438,772408,2026-07-31 17:45:00+00:00
1785520200,745.27001953125,745.8599853515625,745.1900024414062,745.5900268554688,350266,2026-07-31 17:50:00+00:00
1785520500,745.5850219726562,745.77001953125,745.4099731445312,745.4400024414062,278582,2026-07-31 17:55:00+00:00
1785520800,745.4400024414062,746.0198974609375,745.2949829101562,745.6400146484375,421654,2026-07-31 18:00:00+00:00
1785521100,745.6400146484375,746.0399780273438,745.469970703125,745.8900146484375,275172,2026-07-31 18:05:00+00:00
1785521400,745.8900146484375,746.030029296875,745.52001953125,745.719970703125,241354,2026-07-31 18:10:00+00:00
1785521700,745.6900024414062,746.260009765625,745.6300048828125,746.0850219726562,322018,2026-07-31 18:15:00+00:00
1785522000,746.0800170898438,746.4299926757812,746.010009765625,746.3300170898438,391030,2026-07-31 18:20:00+00:00
1785522300,746.3400268554688,746.3599853515625,745.9099731445312,746.010009765625,1032930,2026-07-31 18:25:00+00:00
1785522600,746.0399780273438,746.2750244140625,746.030029296875,746.0900268554688,295203,2026-07-31 18:30:00+00:00
1785522900,746.0700073242188,746.0999755859375,745.75,745.8200073242188,588344,2026-07-31 18:35:00+00:00
1785523200,745.8099975585938,746.1799926757812,745.6699829101562,746.0650024414062,397597,2026-07-31 18:40:00+00:00
1785523500,746.0800170898438,746.3699951171875,745.9199829101562,746.3400268554688,442739,2026-07-31 18:45:00+00:00
1785523800,746.3300170898438,746.5399780273438,746.1900024414062,746.239990234375,498599,2026-07-31 18:50:00+00:00
1785524100,746.239990234375,746.3699951171875,745.9000244140625,746.155029296875,435798,2026-07-31 18:55:00+00:00
1785524400,746.1400146484375,746.5700073242188,745.8800048828125,745.8800048828125,384081,2026-07-31 19:00:00+00:00
1785524700,745.9199829101562,746.239990234375,745.7899780273438,746.1599731445312,540213,2026-07-31 19:05:00+00:00
1785525000,746.1599731445312,746.530029296875,746.1199951171875,746.3300170898438,628266,2026-07-31 19:10:00+00:00
1785525300,746.3250122070312,747.5549926757812,746.260009765625,747.52001953125,1294128,2026-07-31 19:15:00+00:00
1785525600,747.52001953125,747.9199829101562,747.4099731445312,747.4949951171875,1001378,2026-07-31 19:20:00+00:00
1785525900,747.489990234375,747.6699829101562,747.3300170898438,747.489990234375,1336398,2026-07-31 19:25:00+00:00
1785526200,747.489990234375,747.510009765625,746.8699951171875,747.1699829101562,952697,2026-07-31 19:30:00+00:00
1785526500,747.1799926757812,747.64501953125,747.1500244140625,747.5599975585938,974739,2026-07-31 19:35:00+00:00
1785526800,747.5399780273438,748.1099853515625,747.2999877929688,748.094970703125,1014375,2026-07-31 19:40:00+00:00
1785527100,748.0999755859375,748.510009765625,748.0700073242188,748.5,1566180,2026-07-31 19:45:00+00:00
1785527400,748.489990234375,748.89501953125,747.8400268554688,748.594970703125,1539906,2026-07-31 19:50:00+00:00
1785527700,748.5800170898438,748.6900024414062,746.3400268554688,746.8099975585938,4267686,2026-07-31 19:55:00+00:00
1785763800,749.4400024414062,751.3200073242188,749.0999755859375,750.780029296875,2814090,2026-08-03 13:30:00+00:00
1785764100,750.760009765625,751.9400024414062,750.739990234375,751.719970703125,1182383,2026-08-03 13:35:00+00:00
1785764400,751.7000122070312,751.8300170898438,750.969970703125,751.5800170898438,779930,2026-08-03 13:40:00+00:00
1785764700,751.5900268554688,752.3300170898438,751.3699951171875,751.9099731445312,989041,2026-08-03 13:45:00+00:00
1785765000,751.9199829101562,752.9500122070312,751.5999755859375,752.760009765625,1051955,2026-08-03 13:50:00+00:00
1785765300,752.7650146484375,753.638671875,752.6500854492188,753.5999755859375,865548,2026-08-03 13:55:00+00:00
1785765600,753.6199951171875,753.9500122070312,753.0,753.4099731445312,687378,2026-08-03 14:00:00+00:00
1785765900,753.4099731445312,753.6400146484375,753.1699829101562,753.5800170898438,569103,2026-08-03 14:05:00+00:00
1785766200,753.5701293945312,754.0499877929688,753.5499877929688,753.9000244140625,756162,2026-08-03 14:10:00+00:00
1785766500,753.8900146484375,754.5399780273438,753.8300170898438,754.1826782226562,705702,2026-08-03 14:15:00+00:00
1785766800,754.1900024414062,754.780029296875,754.1599731445312,754.619873046875,855195,2026-08-03 14:20:00+00:00
1785767100,754.6199951171875,754.77001953125,754.3619995117188,754.5,917643,2026-08-03 14:25:00+00:00
1785767400,754.5,754.6400146484375,754.3099975585938,754.510009765625,856562,2026-08-03 14:30:00+00:00
1785767700,754.52001953125,754.9349975585938,754.4301147460938,754.7949829101562,622383,2026-08-03 14:35:00+00:00
1785768000,754.7899780273438,755.1649780273438,754.75,754.9000244140625,728742,2026-08-03 14:40:00+00:00
1785768300,754.9099731445312,754.9600219726562,754.7050170898438,754.8699951171875,546306,2026-08-03 14:45:00+00:00
1785768600,754.8699951171875,755.1400146484375,754.8150024414062,754.9199829101562,714168,2026-08-03 14:50:00+00:00
1785768900,754.9149780273438,755.405517578125,754.9149780273438,755.3701171875,552651,2026-08-03 14:55:00+00:00
1785769200,755.3800048828125,755.4299926757812,755.094970703125,755.239990234375,761862,2026-08-03 15:00:00+00:00
1785769500,755.239990234375,755.25,754.7899780273438,754.9500122070312,416538,2026-08-03 15:05:00+00:00
1785769800,754.9400024414062,755.1300048828125,754.7999877929688,755.0549926757812,536919,2026-08-03 15:10:00+00:00
1785770100,755.0549926757812,755.4000244140625,755.0499877929688,755.3900146484375,574404,2026-08-03 15:15:00+00:00
1785770400,755.4000244140625,755.6900024414062,755.3800048828125,755.5800170898438,525449,2026-08-03 15:20:00+00:00
1785770700,755.5750122070312,755.7000122070312,755.02001953125,755.1099853515625,700928,2026-08-03 15:25:00+00:00
1785771000,755.1199951171875,755.469970703125,755.0750122070312,755.2999877929688,546004,2026-08-03 15:30:00+00:00
1785771300,755.2899780273438,755.6199951171875,755.2000122070312,755.5599975585938,1677014,2026-08-03 15:35:00+00:00
1785771600,755.5449829101562,755.8300170898438,755.530029296875,755.6400756835938,425499,2026-08-03 15:40:00+00:00
1785771900,755.6500244140625,756.0700073242188,755.6500244140625,756.02001953125,683205,2026-08-03 15:45:00+00:00
1785772200,756.030029296875,756.2100219726562,755.969970703125,756.1799926757812,315176,2026-08-03 15:50:00+00:00
1785772500,756.1699829101562,756.1900024414062,755.8214111328125,755.9550170898438,392424,2026-08-03 15:55:00+00:00
1785772800,755.9600219726562,756.1699829101562,755.9301147460938,756.0,297262,2026-08-03 16:00:00+00:00
1785773100,756.0025024414062,756.0900268554688,755.864990234375,756.0291137695312,536475,2026-08-03 16:05:00+00:00
1785773400,756.0499267578125,756.0499877929688,755.760009765625,755.989990234375,388291,2026-08-03 16:10:00+00:00
1785773700,755.989990234375,756.27001953125,755.9600219726562,756.2349853515625,587120,2026-08-03 16:15:00+00:00
1785774000,756.2349853515625,756.2899780273438,756.0750122070312,756.260009765625,268717,2026-08-03 16:20:00+00:00
1785774300,756.260009765625,756.5999755859375,756.1799926757812,756.5700073242188,433356,2026-08-03 16:25:00+00:00
1785774600,756.5700073242188,756.6199951171875,756.3217163085938,756.4349975585938,704767,2026-08-03 16:30:00+00:00
1785774900,756.4299926757812,756.4299926757812,756.2100219726562,756.2899780273438,399778,2026-08-03 16:35:00+00:00
1785775200,756.2899780273438,756.5050048828125,756.22998046875,756.469970703125,360899,2026-08-03 16:40:00+00:00
1785775500,756.47998046875,756.5,756.2999877929688,756.3099975585938,370115,2026-08-03 16:45:00+00:00
1785775800,756.3200073242188,756.3800048828125,756.030029296875,756.0499877929688,431609,2026-08-03 16:50:00+00:00
1785776100,756.0499877929688,756.3499755859375,756.0150146484375,756.219970703125,282492,2026-08-03 16:55:00+00:00
1785776400,756.219970703125,756.2999877929688,756.030029296875,756.2100219726562,416913,2026-08-03 17:00:00+00:00
1785776700,756.2100219726562,756.2999877929688,755.97998046875,756.2150268554688,492900,2026-08-03 17:05:00+00:00
1785777000,756.2100219726562,756.6099853515625,756.2100219726562,756.510009765625,303766,2026-08-03 17:10:00+00:00
1785777300,756.51171875,756.7899780273438,756.4949951171875,756.77001953125,375228,2026-08-03 17:15:00+00:00
1785777600,756.77001953125,757.0150146484375,756.6699829101562,756.9650268554688,380249,2026-08-03 17:20:00+00:00
1785777900,756.9650268554688,757.155029296875,756.8400268554688,757.0850219726562,412070,2026-08-03 17:25:00+00:00
1785778200,757.083984375,757.3599853515625,757.010009765625,757.35498046875,386141,2026-08-03 17:30:00+00:00
1785778500,757.3499755859375,757.469970703125,757.1199951171875,757.2100219726562,462426,2026-08-03 17:35:00+00:00
1785778800,757.22998046875,757.3400268554688,757.1599731445312,757.3300170898438,187564,2026-08-03 17:40:00+00:00
1785779100,757.3200073242188,757.52001953125,757.3200073242188,757.4400024414062,568490,2026-08-03 17:45:00+00:00
1785779400,757.4500122070312,757.6199951171875,757.4099731445312,757.5999755859375,1919089,2026-08-03 17:50:00+00:00
1785779700,757.5999755859375,757.780029296875,757.5599975585938,757.6450805664062,506377,2026-08-03 17:55:00+00:00
1785780000,757.64501953125,758.1400146484375,757.6400146484375,758.1400146484375,585793,2026-08-03 18:00:00+00:00
1785780300,758.135009765625,758.3200073242188,758.0800170898438,758.3049926757812,589387,2026-08-03 18:05:00+00:00
1785780600,758.3099975585938,758.3300170898438,757.8635864257812,758.010009765625,498353,2026-08-03 18:10:00+00:00
1785780900,758.0150146484375,758.3099975585938,757.9000244140625,757.9600219726562,469204,2026-08-03 18:15:00+00:00
1785781200,757.969970703125,758.1699829101562,757.7999877929688,757.9500122070312,331124,2026-08-03 18:20:00+00:00
1785781500,757.9400024414062,758.0499877929688,757.47998046875,757.5700073242188,399077,2026-08-03 18:25:00+00:00
1785781800,757.5800170898438,757.8200073242188,757.3400268554688,757.510009765625,611117,2026-08-03 18:30:00+00:00
1785782100,757.52001953125,757.8099975585938,757.47998046875,757.6699829101562,565082,2026-08-03 18:35:00+00:00
1785782400,757.6799926757812,758.1099853515625,757.5800170898438,758.0850219726562,395689,2026-08-03 18:40:00+00:00
1785782700,758.0900268554688,758.1900024414062,757.760009765625,758.10498046875,559451,2026-08-03 18:45:00+00:00
1785783000,758.10498046875,758.2899780273438,757.9199829101562,758.0800170898438,385601,2026-08-03 18:50:00+00:00
1785783300,758.0800170898438,758.22998046875,757.9199829101562,757.9349975585938,344276,2026-08-03 18:55:00+00:00
1785783600,757.9400024414062,758.5800170898438,757.9400024414062,758.5,433642,2026-08-03 19:00:00+00:00
1785783900,758.5004272460938,758.5399780273438,758.0700073242188,758.1900024414062,388446,2026-08-03 19:05:00+00:00
1785784200,758.1950073242188,758.4099731445312,758.0850219726562,758.1799926757812,373906,2026-08-03 19:10:00+00:00
1785784500,758.1810302734375,758.4400024414062,758.1799926757812,758.3400268554688,451729,2026-08-03 19:15:00+00:00
1785784800,758.3499755859375,758.4500122070312,758.219970703125,758.4149780273438,419583,2026-08-03 19:20:00+00:00
1785785100,758.4149780273438,758.5499877929688,758.260009765625,758.3400268554688,495251,2026-08-03 19:25:00+00:00
1785785400,758.3499755859375,758.510009765625,758.2000122070312,758.3406982421875,719106,2026-08-03 19:30:00+00:00
1785785700,758.3599853515625,758.4600219726562,757.9600219726562,758.0,821114,2026-08-03 19:35:00+00:00
1785786000,758.010009765625,758.1649780273438,757.8599853515625,758.0700073242188,1008223,2026-08-03 19:40:00+00:00
1785786300,758.0700073242188,758.25,757.9299926757812,758.1400146484375,1089275,2026-08-03 19:45:00+00:00
1785786600,758.1500244140625,758.4099731445312,757.6400146484375,757.780029296875,1585858,2026-08-03 19:50:00+00:00
1785786900,757.77001953125,757.9849853515625,757.4400024414062,757.6699829101562,3196714,2026-08-03 19:55:00+00:00
1785850200,760.6300048828125,761.8800048828125,760.52001953125,761.8499755859375,2403799,2026-08-04 13:30:00+00:00
1785850500,761.8300170898438,762.1900024414062,761.5399780273438,761.9500122070312,853271,2026-08-04 13:35:00+00:00
1785850800,761.9600219726562,762.2100219726562,761.6199951171875,761.8524780273438,645544,2026-08-04 13:40:00+00:00
1785851100,761.8599853515625,762.5349731445312,761.8599853515625,762.530029296875,868173,2026-08-04 13:45:00+00:00
1785851400,762.5399780273438,763.47998046875,762.4000244140625,763.4199829101562,838596,2026-08-04 13:50:00+00:00
1785851700,763.4400024414062,763.4400024414062,762.6651000976562,763.3900146484375,792816,2026-08-04 13:55:00+00:00
1785852000,763.3699951171875,764.1300048828125,763.0900268554688,763.8699951171875,1027586,2026-08-04 14:00:00+00:00
1785852300,763.8800048828125,764.5499877929688,763.7999877929688,764.3400268554688,757078,2026-08-04 14:05:00+00:00
1785852600,764.3400268554688,764.8599853515625,764.3099975585938,764.85498046875,522181,2026-08-04 14:10:00+00:00
1785852900,764.8499755859375,765.3828125,764.77001953125,765.2449951171875,671630,2026-08-04 14:15:00+00:00
1785853200,765.25,765.280029296875,764.1699829101562,764.3300170898438,916082,2026-08-04 14:20:00+00:00
1785853500,764.3300170898438,764.8499755859375,764.3198852539062,764.489990234375,596876,2026-08-04 14:25:00+00:00
1785853800,764.489990234375,765.02001953125,764.0999755859375,764.9349975585938,643452,2026-08-04 14:30:00+00:00
1785854100,764.9299926757812,765.719970703125,764.760009765625,765.1599731445312,734396,2026-08-04 14:35:00+00:00
1785854400,765.1672973632812,765.8599853515625,765.094970703125,765.7899780273438,737613,2026-08-04 14:40:00+00:00
1785854700,765.780029296875,765.9600219726562,765.5900268554688,765.9199829101562,632872,2026-08-04 14:45:00+00:00
1785855000,765.9199829101562,766.030029296875,765.6400146484375,765.9000244140625,491238,2026-08-04 14:50:00+00:00
1785855300,765.9000244140625,766.4199829101562,765.8099975585938,766.2999877929688,905205,2026-08-04 14:55:00+00:00
1785855600,766.3300170898438,766.8900146484375,766.1699829101562,766.8499755859375,540916,2026-08-04 15:00:00+00:00
1785855900,766.8599853515625,766.8699951171875,766.3900146484375,766.8499755859375,698891,2026-08-04 15:05:00+00:00
1785856200,766.85498046875,767.1599731445312,766.719970703125,766.9099731445312,418177,2026-08-04 15:10:00+00:00
1785856500,766.9199829101562,767.3499755859375,766.8900146484375,767.3250122070312,639315,2026-08-04 15:15:00+00:00
1785856800,767.3300170898438,767.7514038085938,767.2050170898438,767.739990234375,576418,2026-08-04 15:20:00+00:00
1785857100,767.75,767.8699951171875,767.280029296875,767.3499755859375,734509,2026-08-04 15:25:00+00:00
1785857400,767.3400268554688,767.5700073242188,767.1599731445312,767.260009765625,459242,2026-08-04 15:30:00+00:00
1785857700,767.27001953125,768.0899047851562,767.2249755859375,767.7999877929688,620918,2026-08-04 15:35:00+00:00
1785858000,767.780029296875,768.3400268554688,767.7349853515625,768.280029296875,1316760,2026-08-04 15:40:00+00:00
1785858300,768.280029296875,768.7000122070312,768.260009765625,768.64990234375,599127,2026-08-04 15:45:00+00:00
1785858600,768.6400146484375,768.9000244140625,768.1799926757812,768.27001953125,639140,2026-08-04 15:50:00+00:00
1785858900,768.260009765625,768.6400146484375,768.1900024414062,768.4400024414062,359098,2026-08-04 15:55:00+00:00
1785859200,768.4450073242188,768.8599853515625,768.4149780273438,768.7249755859375,508135,2026-08-04 16:00:00+00:00
1785859500,768.7249755859375,768.9400024414062,768.3400268554688,768.3800048828125,485229,2026-08-04 16:05:00+00:00
1785859800,768.3995971679688,768.52001953125,768.1400146484375,768.2550048828125,936859,2026-08-04 16:10:00+00:00
1785860100,768.2650146484375,768.7899780273438,768.239990234375,768.75,697184,2026-08-04 16:15:00+00:00
1785860400,768.760009765625,769.280029296875,768.719970703125,769.219970703125,385414,2026-08-04 16:20:00+00:00
1785860700,769.2150268554688,769.3400268554688,769.02001953125,769.239990234375,520302,2026-08-04 16:25:00+00:00
1785861000,769.219970703125,769.5999755859375,769.0,769.4749755859375,597144,2026-08-04 16:30:00+00:00
1785861300,769.47998046875,769.6799926757812,769.239990234375,769.4849853515625,828303,2026-08-04 16:35:00+00:00
1785861600,769.4849853515625,770.010009765625,769.3900146484375,769.97998046875,634595,2026-08-04 16:40:00+00:00
1785861900,769.989990234375,770.2249755859375,769.97998046875,770.1950073242188,437651,2026-08-04 16:45:00+00:00
1785862200,770.1898803710938,770.3200073242188,770.0549926757812,770.1900024414062,360572,2026-08-04 16:50:00+00:00
1785862500,770.1900024414062,770.27001953125,770.0499877929688,770.2650146484375,313627,2026-08-04 16:55:00+00:00
1785862800,770.27001953125,771.030029296875,770.1649780273438,771.0089721679688,777474,2026-08-04 17:00:00+00:00
1785863100,771.010009765625,771.2849731445312,770.72998046875,771.0499877929688,822525,2026-08-04 17:05:00+00:00
1785863400,771.0399780273438,771.22998046875,770.9199829101562,771.219970703125,542050,2026-08-04 17:10:00+00:00
1785863700,771.22998046875,771.60498046875,771.219970703125,771.3699951171875,696042,2026-08-04 17:15:00+00:00
1785864000,771.375,771.4099731445312,770.9500122070312,771.2050170898438,394203,2026-08-04 17:20:00+00:00
1785864300,771.2050170898438,771.47998046875,771.1300048828125,771.280029296875,388198,2026-08-04 17:25:00+00:00
1785864600,771.2899780273438,771.4000244140625,770.9650268554688,771.3800048828125,443758,2026-08-04 17:30:00+00:00
1785864900,771.3599853515625,771.905029296875,771.3400268554688,771.8599853515625,412817,2026-08-04 17:35:00+00:00
1785865200,771.8599853515625,772.344970703125,771.8599853515625,772.3300170898438,732752,2026-08-04 17:40:00+00:00
1785865500,772.3250122070312,773.0850219726562,772.3250122070312,772.72998046875,857661,2026-08-04 17:45:00+00:00
1785865800,772.7150268554688,772.7150268554688,771.64501953125,771.8699951171875,975625,2026-08-04 17:50:00+00:00
1785866100,771.8800048828125,772.1500244140625,771.5700073242188,771.5700073242188,599267,2026-08-04 17:55:00+00:00
1785866400,771.5700073242188,771.989990234375,771.0800170898438,771.330078125,742742,2026-08-04 18:00:00+00:00
1785866700,771.3400268554688,771.989990234375,771.27001953125,771.8499755859375,509851,2026-08-04 18:05:00+00:00
1785867000,771.844970703125,772.239990234375,771.7100219726562,772.1799926757812,541494,2026-08-04 18:10:00+00:00
1785867300,772.1981201171875,772.3699951171875,771.97998046875,772.1099853515625,330958,2026-08-04 18:15:00+00:00
1785867600,772.1099853515625,772.4500122070312,772.0499877929688,772.1300048828125,585209,2026-08-04 18:20:00+00:00
1785867900,772.1199951171875,772.3800048828125,772.010009765625,772.3699951171875,326080,2026-08-04 18:25:00+00:00
1785868200,772.3798828125,772.4797973632812,772.125,772.1699829101562,563294,2026-08-04 18:30:00+00:00
1785868500,772.1649780273438,772.3200073242188,771.7899780273438,771.8900146484375,729539,2026-08-04 18:35:00+00:00
1785868800,771.8800048828125,771.9000244140625,771.4099731445312,771.719970703125,450817,2026-08-04 18:40:00+00:00
1785869100,771.72998046875,772.280029296875,771.719970703125,772.0700073242188,806972,2026-08-04 18:45:00+00:00
1785869400,772.0499877929688,772.2899780273438,771.9210205078125,771.989990234375,422817,2026-08-04 18:50:00+00:00
1785869700,771.9949951171875,772.1300048828125,771.9299926757812,772.0700073242188,364367,2026-08-04 18:55:00+00:00
1785870000,772.0850219726562,772.9600219726562,772.0499877929688,772.780029296875,745681,2026-08-04 19:00:00+00:00
1785870300,772.77001953125,773.02001953125,772.5499877929688,773.0198974609375,1289457,2026-08-04 19:05:00+00:00
1785870600,773.0,773.0391235351562,772.719970703125,772.8800048828125,513920,2026-08-04 19:10:00+00:00
1785870900,772.8800048828125,773.0800170898438,772.7520141601562,773.0,552704,2026-08-04 19:15:00+00:00
1785871200,773.0,773.1199951171875,772.7000122070312,772.8250122070312,540114,2026-08-04 19:20:00+00:00
1785871500,772.8300170898438,772.9199829101562,772.1199951171875,772.3200073242188,625520,2026-08-04 19:25:00+00:00
1785871800,772.3099975585938,772.6300048828125,772.1199951171875,772.5900268554688,853642,2026-08-04 19:30:00+00:00
1785872100,772.5900268554688,772.9099731445312,772.3200073242188,772.780029296875,704223,2026-08-04 19:35:00+00:00
1785872400,772.780029296875,773.3300170898438,772.760009765625,773.25,703836,2026-08-04 19:40:00+00:00
1785872700,773.2550048828125,773.4099731445312,772.739990234375,772.9099731445312,1200912,2026-08-04 19:45:00+00:00
1785873000,772.9099731445312,773.030029296875,771.7418212890625,771.7418212890625,2794903,2026-08-04 19:50:00+00:00
1785873300,771.75,772.3099975585938,770.9600219726562,771.280029296875,4757221,2026-08-04 19:55:00+00:00
1785936600,775.8499755859375,776.7899780273438,775.260009765625,776.1998901367188,2356246,2026-08-05 13:30:00+00:00
1785936900,776.1900024414062,776.8499755859375,775.3040161132812,776.510009765625,2059541,2026-08-05 13:35:00+00:00
1785937200,776.530029296875,776.8099975585938,775.8599853515625,776.47998046875,566173,2026-08-05 13:40:00+00:00
1785937500,776.5399780273438,776.6599731445312,775.3400268554688,775.3900146484375,716822,2026-08-05 13:45:00+00:00
1785937800,775.39501953125,775.889892578125,774.3900146484375,775.889892578125,921681,2026-08-05 13:50:00+00:00
1785938100,775.8800048828125,776.70361328125,775.364990234375,776.70361328125,646807,2026-08-05 13:55:00+00:00
1785938400,776.6699829101562,776.7000122070312,774.9500122070312,775.7899780273438,704641,2026-08-05 14:00:00+00:00
1785938700,775.8099975585938,776.5499267578125,775.6199951171875,776.0599975585938,580664,2026-08-05 14:05:00+00:00
1785939000,776.0700073242188,776.510009765625,775.7999877929688,776.1599731445312,344032,2026-08-05 14:10:00+00:00
1785939300,776.1799926757812,776.4600219726562,775.6599731445312,775.6699829101562,268012,2026-08-05 14:15:00+00:00
1785939600,775.6799926757812,775.8200073242188,774.77001953125,775.7550048828125,429630,2026-08-05 14:20:00+00:00
1785939900,775.760009765625,776.1799926757812,774.75,774.7808837890625,494368,2026-08-05 14:25:00+00:00
1785940200,774.780029296875,775.0200805664062,774.22998046875,774.5999755859375,617880,2026-08-05 14:30:00+00:00
1785940500,774.5700073242188,774.8300170898438,773.8400268554688,773.9199829101562,774546,2026-08-05 14:35:00+00:00
1785940800,773.9199829101562,774.4299926757812,773.6199951171875,774.0349731445312,595251,2026-08-05 14:40:00+00:00
1785941100,774.030029296875,774.719970703125,773.844970703125,774.5750122070312,435589,2026-08-05 14:45:00+00:00
1785941400,774.6046752929688,774.8400268554688,772.5700073242188,773.1300048828125,720034,2026-08-05 14:50:00+00:00
1785941700,773.1599731445312,773.7598876953125,772.72998046875,773.469970703125,518821,2026-08-05 14:55:00+00:00
1785942000,773.4600219726562,773.9500122070312,773.3499755859375,773.6300048828125,378838,2026-08-05 15:00:00+00:00
1785942300,773.6300048828125,773.864990234375,773.1649780273438,773.6300048828125,413264,2026-08-05 15:05:00+00:00
1785942600,773.6300048828125,773.9149780273438,773.010009765625,773.0599975585938,298736,2026-08-05 15:10:00+00:00
1785942900,773.0700073242188,773.1599731445312,771.0,772.4199829101562,1022215,2026-08-05 15:15:00+00:00
1785943200,772.409912109375,772.6699829101562,772.0800170898438,772.2691040039062,339239,2026-08-05 15:20:00+00:00
1785943500,772.1500854492188,772.25,771.52001953125,771.7100219726562,530737,2026-08-05 15:25:00+00:00
1785943800,771.7000122070312,772.52001953125,771.6799926757812,771.875,300651,2026-08-05 15:30:00+00:00
1785944100,771.8800048828125,772.2999877929688,771.8099975585938,772.14501953125,317439,2026-08-05 15:35:00+00:00
1785944400,772.1500244140625,772.260009765625,771.6749877929688,772.010009765625,279873,2026-08-05 15:40:00+00:00
1785944700,772.02001953125,772.030029296875,771.25,771.340576171875,299266,2026-08-05 15:45:00+00:00
1785945000,771.3375244140625,771.5750122070312,771.1300048828125,771.25,350842,2026-08-05 15:50:00+00:00
1785945300,771.25,771.25,770.3300170898438,770.64501953125,644598,2026-08-05 15:55:00+00:00
1785945600,770.6300048828125,771.02001953125,770.0800170898438,770.8400268554688,677692,2026-08-05 16:00:00+00:00
1785945900,770.8400268554688,770.8699951171875,769.9099731445312,770.239990234375,536649,2026-08-05 16:05:00+00:00
1785946200,770.239990234375,770.469970703125,769.9298095703125,770.4400024414062,392332,2026-08-05 16:10:00+00:00
1785946500,770.4500122070312,771.1199951171875,770.22998046875,770.6099853515625,499198,2026-08-05 16:15:00+00:00
1785946800,770.614990234375,771.760009765625,770.5599975585938,771.0800170898438,564366,2026-08-05 16:20:00+00:00
1785947100,771.0750122070312,772.1199951171875,771.0599975585938,772.0999755859375,567115,2026-08-05 16:25:00+00:00
1785947400,772.0900268554688,772.219970703125,771.2000122070312,771.6900024414062,427057,2026-08-05 16:30:00+00:00
1785947700,771.6900024414062,771.8394775390625,771.3400268554688,771.5599975585938,247331,2026-08-05 16:35:00+00:00
1785948000,771.5499877929688,772.0,771.3770751953125,771.5900268554688,324240,2026-08-05 16:40:00+00:00
1785948300,771.5800170898438,771.75,771.2899780273438,771.4249877929688,195315,2026-08-05 16:45:00+00:00
1785948600,771.4000244140625,772.0800170898438,771.385009765625,772.010009765625,449350,2026-08-05 16:50:00+00:00
1785948900,772.010009765625,772.1699829101562,771.7050170898438,771.8524780273438,304185,2026-08-05 16:55:00+00:00
1785949200,771.8900146484375,772.1599731445312,771.2999877929688,771.405029296875,237862,2026-08-05 17:00:00+00:00
1785949500,771.405029296875,771.5999755859375,771.0700073242188,771.3200073242188,245234,2026-08-05 17:05:00+00:00
1785949800,771.3300170898438,771.75,771.0399780273438,771.5,687575,2026-08-05 17:10:00+00:00
1785950100,771.4801025390625,771.8049926757812,771.22998046875,771.3800048828125,245593,2026-08-05 17:15:00+00:00
1785950400,771.4099731445312,771.4600219726562,771.010009765625,771.4249877929688,175531,2026-08-05 17:20:00+00:00
1785950700,771.4298706054688,771.802490234375,771.260009765625,771.3400268554688,154836,2026-08-05 17:25:00+00:00
1785951000,771.3300170898438,771.7296752929688,771.0700073242188,771.5900268554688,171307,2026-08-05 17:30:00+00:00
1785951300,771.5900268554688,771.780029296875,771.4605102539062,771.6599731445312,182867,2026-08-05 17:35:00+00:00
1785951600,771.6599731445312,772.010009765625,771.6599731445312,771.7017822265625,187951,2026-08-05 17:40:00+00:00
1785951900,771.7000122070312,771.9249877929688,771.3300170898438,771.8300170898438,134714,2026-08-05 17:45:00+00:00
1785952200,771.8300170898438,771.9600219726562,771.5900268554688,771.6400146484375,269325,2026-08-05 17:50:00+00:00
1785952500,771.6300048828125,771.8400268554688,771.4600219726562,771.5549926757812,170417,2026-08-05 17:55:00+00:00
1785952800,771.5599975585938,772.1699829101562,771.5399780273438,772.1201171875,511807,2026-08-05 18:00:00+00:00
1785953100,772.1199951171875,772.25,771.6799926757812,771.9099731445312,319230,2026-08-05 18:05:00+00:00
1785953400,771.9600219726562,772.10498046875,771.760986328125,771.7899780273438,441258,2026-08-05 18:10:00+00:00
1785953700,771.7999877929688,772.0999755859375,771.6699829101562,772.0399780273438,235339,2026-08-05 18:15:00+00:00
1785954000,772.0399780273438,772.0549926757812,771.7401123046875,771.8599853515625,229902,2026-08-05 18:20:00+00:00
1785954300,771.8499755859375,772.1199951171875,771.8099975585938,771.9400024414062,341463,2026-08-05 18:25:00+00:00
1785954600,771.9299926757812,771.9400024414062,771.2000122070312,771.3599853515625,400700,2026-08-05 18:30:00+00:00
1785954900,771.3599853515625,771.7098999023438,771.3400268554688,771.4600219726562,359926,2026-08-05 18:35:00+00:00
1785955200,771.469970703125,771.6699829101562,771.3972778320312,771.5800170898438,293527,2026-08-05 18:40:00+00:00
1785955500,771.5700073242188,771.9500122070312,771.5150146484375,771.8099975585938,280759,2026-08-05 18:45:00+00:00
1785955800,771.8099975585938,771.9600219726562,771.6300048828125,771.72998046875,254521,2026-08-05 18:50:00+00:00
1785956100,771.72998046875,771.7750244140625,771.3400268554688,771.3909912109375,433572,2026-08-05 18:55:00+00:00
1785956400,771.4000244140625,771.6300048828125,771.239990234375,771.6298828125,346157,2026-08-05 19:00:00+00:00
1785956700,771.6099853515625,771.8499755859375,771.52001953125,771.6904907226562,269928,2026-08-05 19:05:00+00:00
1785957000,771.7000122070312,771.780029296875,771.5399780273438,771.72998046875,350175,2026-08-05 19:10:00+00:00
1785957300,771.739990234375,771.9190063476562,771.6599731445312,771.8200073242188,304657,2026-08-05 19:15:00+00:00
1785957600,771.8300170898438,771.989013671875,771.6500244140625,771.869873046875,532595,2026-08-05 19:20:00+00:00
1785957900,771.8599853515625,771.969970703125,771.760009765625,771.7999267578125,495459,2026-08-05 19:25:00+00:00
1785958200,771.780029296875,771.8900146484375,771.364990234375,771.5399780273438,453945,2026-08-05 19:30:00+00:00
1785958500,771.5399780273438,771.5399780273438,771.2537841796875,771.3051147460938,584306,2026-08-05 19:35:00+00:00
1785958800,771.2999877929688,771.6298828125,771.27001953125,771.4949951171875,482574,2026-08-05 19:40:00+00:00
1785959100,771.47998046875,771.6500244140625,771.2000122070312,771.489990234375,719357,2026-08-05 19:45:00+00:00
1785959400,771.489990234375,771.7000122070312,771.3599853515625,771.5,711237,2026-08-05 19:50:00+00:00
1785959700,771.510009765625,771.5900268554688,769.510009765625,769.739990234375,3030101,2026-08-05 19:55:00+00:00
1786023000,770.2100219726562,770.7899780273438,769.0576171875,769.9199829101562,1913009,2026-08-06 13:30:00+00:00
1786023300,769.9000244140625,770.8699951171875,769.5999755859375,769.719970703125,578769,2026-08-06 13:35:00+00:00
1786023600,769.7050170898438,770.9000244140625,769.5050048828125,770.5,314301,2026-08-06 13:40:00+00:00
1786023900,770.47998046875,771.52001953125,770.47998046875,771.3099975585938,344237,2026-08-06 13:45:00+00:00
1786024200,771.3099975585938,771.5250244140625,770.780029296875,770.9199829101562,360772,2026-08-06 13:50:00+00:00
1786024500,770.9249877929688,771.260009765625,770.5399780273438,770.9199829101562,312956,2026-08-06 13:55:00+00:00
1786024800,770.9500122070312,771.3499755859375,770.614990234375,771.1300048828125,270466,2026-08-06 14:00:00+00:00
1786025100,771.1500244140625,771.510009765625,770.8900146484375,771.4299926757812,250838,2026-08-06 14:05:00+00:00
1786025400,771.4349975585938,771.77001953125,771.380126953125,771.5499877929688,399828,2026-08-06 14:10:00+00:00
1786025700,771.530029296875,771.8099975585938,771.1199951171875,771.7050170898438,230239,2026-08-06 14:15:00+00:00
1786026000,771.7239990234375,771.8200073242188,771.1699829101562,771.22998046875,279760,2026-08-06 14:20:00+00:00
1786026300,771.22998046875,771.27001953125,770.0700073242188,770.4500122070312,384013,2026-08-06 14:25:00+00:00
1786026600,770.4500122070312,770.8800048828125,770.1649780273438,770.7949829101562,476066,2026-08-06 14:30:00+00:00
1786026900,770.7949829101562,770.9600219726562,769.760009765625,769.760009765625,485367,2026-08-06 14:35:00+00:00
1786027200,769.75,770.72998046875,769.6400146484375,770.14501953125,283552,2026-08-06 14:40:00+00:00
1786027500,770.135009765625,770.2150268554688,769.6500244140625,769.6699829101562,351513,2026-08-06 14:45:00+00:00
1786027800,769.6599731445312,770.47998046875,769.530029296875,770.4500122070312,387204,2026-08-06 14:50:00+00:00
1786028100,770.47998046875,771.0599975585938,770.2899780273438,770.9849853515625,256400,2026-08-06 14:55:00+00:00
1786028400,771.0,771.2100219726562,770.1099853515625,770.2899780273438,908147,2026-08-06 15:00:00+00:00
1786028700,770.280029296875,770.8099975585938,770.27001953125,770.5700073242188,225382,2026-08-06 15:05:00+00:00
1786029000,770.5700073242188,770.739990234375,769.9099731445312,769.9600219726562,210453,2026-08-06 15:10:00+00:00
1786029300,769.9600219726562,770.1199951171875,768.9600219726562,768.9600219726562,612056,2026-08-06 15:15:00+00:00
1786029600,768.9749755859375,769.239990234375,768.6199951171875,768.9299926757812,381693,2026-08-06 15:20:00+00:00
1786029900,768.9299926757812,769.2999877929688,768.6500244140625,769.239990234375,289608,2026-08-06 15:25:00+00:00
1786030200,769.239990234375,769.4400024414062,768.530029296875,768.530029296875,287297,2026-08-06 15:30:00+00:00
1786030500,768.530029296875,768.9000244140625,768.3300170898438,768.7000122070312,364377,2026-08-06 15:35:00+00:00
1786030800,768.6900024414062,768.969970703125,768.3300170898438,768.3300170898438,458842,2026-08-06 15:40:00+00:00
1786031100,768.3300170898438,769.5800170898438,768.3200073242188,769.2000732421875,363673,2026-08-06 15:45:00+00:00
1786031400,769.2100219726562,769.780029296875,768.0800170898438,768.1300048828125,517615,2026-08-06 15:50:00+00:00
1786031700,768.125,768.5599975585938,767.9500122070312,768.125,457255,2026-08-06 15:55:00+00:00
1786032000,768.1599731445312,768.3200073242188,767.75,768.0549926757812,433878,2026-08-06 16:00:00+00:00
1786032300,768.0482177734375,768.510009765625,767.9099731445312,768.3400268554688,317306,2026-08-06 16:05:00+00:00
1786032600,768.3200073242188,768.5399780273438,767.8200073242188,767.97998046875,269314,2026-08-06 16:10:00+00:00
1786032900,767.97998046875,768.5,767.4600219726562,768.2150268554688,447162,2026-08-06 16:15:00+00:00
1786033200,768.219970703125,768.35498046875,767.8800048828125,768.27001953125,1189073,2026-08-06 16:20:00+00:00
1786033500,768.280029296875,768.489990234375,768.0,768.260009765625,488835,2026-08-06 16:25:00+00:00
1786033800,768.27001953125,768.8200073242188,768.1300048828125,768.3099975585938,265709,2026-08-06 16:30:00+00:00
1786034100,768.3300170898438,768.8699951171875,768.2100219726562,768.8699951171875,259145,2026-08-06 16:35:00+00:00
1786034400,768.8800048828125,768.9000244140625,768.0700073242188,768.0800170898438,288107,2026-08-06 16:40:00+00:00
1786034700,768.0700073242188,768.4163208007812,767.9080810546875,768.4149780273438,205713,2026-08-06 16:45:00+00:00
1786035000,768.4199829101562,768.6599731445312,768.22998046875,768.3499755859375,207398,2026-08-06 16:50:00+00:00
1786035300,768.3499755859375,769.0399780273438,768.3400268554688,768.9600219726562,150600,2026-08-06 16:55:00+00:00
1786035600,768.989990234375,769.1799926757812,768.6900024414062,768.77001953125,286134,2026-08-06 17:00:00+00:00
1786035900,768.760009765625,769.1400146484375,768.1900024414062,768.3400268554688,363159,2026-08-06 17:05:00+00:00
1786036200,768.3300170898438,768.5800170898438,768.0900268554688,768.1699829101562,162088,2026-08-06 17:10:00+00:00
1786036500,768.1400146484375,768.4600219726562,768.030029296875,768.3400268554688,199311,2026-08-06 17:15:00+00:00
1786036800,768.3400268554688,768.4099731445312,767.9005126953125,767.969970703125,227981,2026-08-06 17:20:00+00:00
1786037100,767.969970703125,768.27001953125,767.8099975585938,767.8300170898438,254712,2026-08-06 17:25:00+00:00
1786037400,767.8300170898438,768.2100219726562,767.719970703125,768.0999755859375,197360,2026-08-06 17:30:00+00:00
1786037700,768.1099853515625,768.280029296875,767.969970703125,768.02001953125,178647,2026-08-06 17:35:00+00:00
1786038000,768.0399780273438,768.1400146484375,767.8250122070312,768.1400146484375,363757,2026-08-06 17:40:00+00:00
1786038300,768.1500244140625,768.375,767.9835815429688,767.9835815429688,206530,2026-08-06 17:45:00+00:00
1786038600,767.989990234375,768.510009765625,767.9600219726562,768.432861328125,315523,2026-08-06 17:50:00+00:00
1786038900,768.4600219726562,768.6400146484375,768.2750854492188,768.6303100585938,368849,2026-08-06 17:55:00+00:00
1786039200,768.6500244140625,768.9000244140625,768.5,768.8947143554688,380717,2026-08-06 18:00:00+00:00
1786039500,768.8900146484375,768.97998046875,768.6599731445312,768.8599853515625,311812,2026-08-06 18:05:00+00:00
1786039800,768.8699951171875,769.239990234375,768.7000122070312,769.1799926757812,254657,2026-08-06 18:10:00+00:00
1786040100,769.19140625,769.72998046875,768.4500122070312,769.3300170898438,591778,2026-08-06 18:15:00+00:00
1786040400,769.3250122070312,769.6199951171875,769.2999877929688,769.5599975585938,319553,2026-08-06 18:20:00+00:00
1786040700,769.5549926757812,769.614990234375,769.1900024414062,769.4299926757812,298281,2026-08-06 18:25:00+00:00
1786041000,769.4299926757812,769.469970703125,769.0700073242188,769.114990234375,232178,2026-08-06 18:30:00+00:00
1786041300,769.1099853515625,769.2899780273438,768.7999877929688,768.8300170898438,260758,2026-08-06 18:35:00+00:00
1786041600,768.844970703125,768.9349975585938,768.5150146484375,768.780029296875,222400,2026-08-06 18:40:00+00:00
1786041900,768.7849731445312,769.1699829101562,768.719970703125,768.8800048828125,344433,2026-08-06 18:45:00+00:00
1786042200,768.875,769.010009765625,768.739990234375,768.885009765625,218040,2026-08-06 18:50:00+00:00
1786042500,768.8699951171875,769.0800170898438,768.8099975585938,768.9600219726562,245763,2026-08-06 18:55:00+00:00
1786042800,768.969970703125,769.5789794921875,768.9500122070312,769.5789794921875,477380,2026-08-06 19:00:00+00:00
1786043100,769.5599975585938,769.7100219726562,769.2636108398438,769.7000122070312,248781,2026-08-06 19:05:00+00:00
1786043400,769.7100219726562,769.7899780273438,769.2800903320312,769.3300170898438,269217,2026-08-06 19:10:00+00:00
1786043700,769.3250122070312,769.3499145507812,769.051025390625,769.1599731445312,360889,2026-08-06 19:15:00+00:00
1786044000,769.1699829101562,769.489990234375,768.8200073242188,768.8200073242188,441472,2026-08-06 19:20:00+00:00
1786044300,768.8300170898438,768.989990234375,768.5700073242188,768.6599731445312,549048,2026-08-06 19:25:00+00:00
1786044600,768.655029296875,769.0,768.4099731445312,768.9600219726562,472779,2026-08-06 19:30:00+00:00
1786044900,768.9600219726562,768.989990234375,768.530029296875,768.530029296875,474387,2026-08-06 19:35:00+00:00
1786045200,768.5369262695312,768.6099853515625,768.0999755859375,768.3099975585938,423734,2026-08-06 19:40:00+00:00
1786045500,768.3099975585938,768.52001953125,767.9600219726562,768.4400024414062,830017,2026-08-06 19:45:00+00:00
1786045800,768.4299926757812,768.7730102539062,767.7000122070312,768.6400146484375,1720823,2026-08-06 19:50:00+00:00
1786046100,768.6199951171875,768.8900146484375,768.1300048828125,768.530029296875,2485588,2026-08-06 19:55:00+00:00
1786109400,771.02001953125,771.6199951171875,770.6199951171875,771.47998046875,2853922,2026-08-07 13:30:00+00:00
1786109700,771.5,771.5474853515625,770.6799926757812,771.13037109375,529092,2026-08-07 13:35:00+00:00
1786110000,771.125,772.0900268554688,770.8804931640625,771.989990234375,498047,2026-08-07 13:40:00+00:00
1786110300,771.989990234375,772.3699951171875,771.1348876953125,771.7301025390625,485208,2026-08-07 13:45:00+00:00
1786110600,771.72998046875,772.2349853515625,771.5999755859375,771.97998046875,367189,2026-08-07 13:50:00+00:00
1786110900,771.97998046875,772.1300048828125,770.4600219726562,771.040283203125,524553,2026-08-07 13:55:00+00:00
1786111200,771.0700073242188,771.6099853515625,770.4000244140625,770.4349975585938,375913,2026-08-07 14:00:00+00:00
1786111500,770.400390625,771.0700073242188,770.3699951171875,770.4949951171875,335775,2026-08-07 14:05:00+00:00
1786111800,770.47998046875,770.7899780273438,769.6199951171875,769.844970703125,650116,2026-08-07 14:10:00+00:00
1786112100,769.8699951171875,771.8289184570312,769.6799926757812,771.8200073242188,675465,2026-08-07 14:15:00+00:00
1786112400,771.8300170898438,772.280029296875,771.530029296875,772.0399780273438,446551,2026-08-07 14:20:00+00:00
1786112700,772.0449829101562,773.2899780273438,772.0449829101562,773.1900024414062,430651,2026-08-07 14:25:00+00:00
1786113000,773.1599731445312,773.3499755859375,772.3930053710938,772.6099853515625,473336,2026-08-07 14:30:00+00:00
1786113300,772.6099853515625,772.7999877929688,771.719970703125,771.9000244140625,360704,2026-08-07 14:35:00+00:00
1786113600,771.8900146484375,772.4400024414062,771.7100219726562,771.97998046875,373525,2026-08-07 14:40:00+00:00
1786113900,771.9500122070312,772.7050170898438,771.9500122070312,772.3900146484375,314230,2026-08-07 14:45:00+00:00
1786114200,772.3900146484375,772.510009765625,771.8699951171875,772.2100219726562,237498,2026-08-07 14:50:00+00:00
1786114500,772.2100219726562,773.0,772.1599731445312,772.8800048828125,285701,2026-08-07 14:55:00+00:00
1786114800,772.8800048828125,772.89990234375,772.3699951171875,772.760009765625,255311,2026-08-07 15:00:00+00:00
1786115100,772.780029296875,773.030029296875,772.7100219726562,772.9600219726562,985747,2026-08-07 15:05:00+00:00
1786115400,772.96630859375,773.3975219726562,772.6500244140625,773.0900268554688,440029,2026-08-07 15:10:00+00:00
1786115700,773.0900268554688,773.1599731445312,772.7849731445312,772.8800048828125,252251,2026-08-07 15:15:00+00:00
1786116000,772.8699951171875,773.6099853515625,772.8400268554688,773.5349731445312,330541,2026-08-07 15:20:00+00:00
1786116300,773.530029296875,773.8900146484375,773.47998046875,773.6500244140625,428634,2026-08-07 15:25:00+00:00
1786116600,773.6599731445312,773.9149780273438,773.4000244140625,773.4199829101562,703196,2026-08-07 15:30:00+00:00
1786116900,773.4550170898438,773.5499877929688,773.2100219726562,773.3900146484375,320907,2026-08-07 15:35:00+00:00
1786117200,773.4000244140625,773.6300048828125,772.892822265625,773.1649780273438,252931,2026-08-07 15:40:00+00:00
1786117500,773.1799926757812,773.5900268554688,773.0399780273438,773.5750122070312,208770,2026-08-07 15:45:00+00:00
1786117800,773.5499877929688,773.6400146484375,773.0499877929688,773.2999877929688,236401,2026-08-07 15:50:00+00:00
1786118100,773.3099975585938,773.3300170898438,772.8300170898438,773.030029296875,251081,2026-08-07 15:55:00+00:00
1786118400,773.0399780273438,773.1599731445312,772.7449951171875,773.155029296875,401586,2026-08-07 16:00:00+00:00
1786118700,773.1599731445312,773.3800048828125,773.030029296875,773.1649780273438,208248,2026-08-07 16:05:00+00:00
1786119000,773.1699829101562,773.35498046875,772.9949951171875,773.010009765625,271262,2026-08-07 16:10:00+00:00
1786119300,772.989990234375,773.219970703125,772.8699951171875,772.969970703125,301270,2026-08-07 16:15:00+00:00
1786119600,772.97998046875,773.3300170898438,772.239990234375,772.25,304859,2026-08-07 16:20:00+00:00
1786119900,772.260009765625,772.3300170898438,771.333984375,771.7249755859375,436150,2026-08-07 16:25:00+00:00
1786120200,771.7349853515625,771.969970703125,771.0615234375,771.9301147460938,1275956,2026-08-07 16:30:00+00:00
1786120500,771.9400024414062,772.3300170898438,771.7100219726562,772.2949829101562,408761,2026-08-07 16:35:00+00:00
1786120800,772.281494140625,772.6300048828125,772.239990234375,772.5900268554688,198371,2026-08-07 16:40:00+00:00
1786121100,772.5999755859375,772.75,772.4199829101562,772.6400146484375,285979,2026-08-07 16:45:00+00:00
1786121400,772.6300048828125,772.8599853515625,772.0850219726562,772.1950073242188,189549,2026-08-07 16:50:00+00:00
1786121700,772.2100219726562,772.3900146484375,771.9500122070312,771.9650268554688,609854,2026-08-07 16:55:00+00:00
1786122000,771.9600830078125,772.2999267578125,771.77001953125,772.0399780273438,223605,2026-08-07 17:00:00+00:00
1786122300,772.0349731445312,772.2999877929688,772.030029296875,772.260009765625,168889,2026-08-07 17:05:00+00:00
1786122600,772.260009765625,772.3699951171875,771.989990234375,772.0549926757812,142993,2026-08-07 17:10:00+00:00
1786122900,772.0549926757812,772.3800048828125,771.989990234375,772.3049926757812,164223,2026-08-07 17:15:00+00:00
1786123200,772.2899780273438,772.4099731445312,771.9000244140625,771.9000244140625,204177,2026-08-07 17:20:00+00:00
1786123500,771.8900146484375,772.22998046875,771.739990234375,772.0900268554688,163027,2026-08-07 17:25:00+00:00
1786123800,772.1099853515625,772.22998046875,771.72998046875,771.9299926757812,231652,2026-08-07 17:30:00+00:00
1786124100,771.9299926757812,772.3900146484375,771.8800048828125,772.3699951171875,144880,2026-08-07 17:35:00+00:00
1786124400,772.3900146484375,772.4199829101562,772.1300048828125,772.1699829101562,137361,2026-08-07 17:40:00+00:00
1786124700,772.1799926757812,772.4400024414062,772.0900268554688,772.2899780273438,178812,2026-08-07 17:45:00+00:00
1786125000,772.2775268554688,772.4600219726562,771.989990234375,772.2999877929688,156607,2026-08-07 17:50:00+00:00
1786125300,772.3099975585938,772.4000244140625,772.1699829101562,772.1699829101562,128891,2026-08-07 17:55:00+00:00
1786125600,772.1649780273438,772.2849731445312,772.0800170898438,772.1400146484375,283862,2026-08-07 18:00:00+00:00
1786125900,772.1500244140625,772.1799926757812,771.8300170898438,772.0399169921875,334083,2026-08-07 18:05:00+00:00
1786126200,772.0499877929688,772.1199951171875,771.4500122070312,771.5750122070312,562177,2026-08-07 18:10:00+00:00
1786126500,771.5805053710938,771.8099975585938,771.469970703125,771.72998046875,326722,2026-08-07 18:15:00+00:00
1786126800,771.719970703125,771.7999877929688,771.5399780273438,771.6599731445312,169024,2026-08-07 18:20:00+00:00
1786127100,771.6599731445312,771.760009765625,771.4500122070312,771.47998046875,195297,2026-08-07 18:25:00+00:00
1786127400,771.4749755859375,771.6400146484375,771.3350219726562,771.3900146484375,263426,2026-08-07 18:30:00+00:00
1786127700,771.3900146484375,771.510009765625,771.1900024414062,771.2999877929688,420610,2026-08-07 18:35:00+00:00
1786128000,771.2999877929688,771.3800048828125,770.8900146484375,770.9600219726562,284861,2026-08-07 18:40:00+00:00
1786128300,770.969970703125,771.280029296875,770.9099731445312,771.25,190814,2026-08-07 18:45:00+00:00
1786128600,771.25,771.489990234375,771.219970703125,771.3200073242188,444613,2026-08-07 18:50:00+00:00
1786128900,771.3300170898438,771.8099975585938,771.2100219726562,771.7100219726562,316460,2026-08-07 18:55:00+00:00
1786129200,771.6799926757812,772.469970703125,771.6599731445312,772.0499877929688,572579,2026-08-07 19:00:00+00:00
1786129500,772.0499877929688,772.6799926757812,772.0349731445312,772.6500244140625,528850,2026-08-07 19:05:00+00:00
1786129800,772.6649780273438,773.0599975585938,772.6649780273438,772.9000244140625,494134,2026-08-07 19:10:00+00:00
1786130100,772.9099731445312,773.4500122070312,772.7999877929688,772.8400268554688,598593,2026-08-07 19:15:00+00:00
1786130400,772.8599853515625,773.219970703125,772.8400268554688,772.9000244140625,320971,2026-08-07 19:20:00+00:00
1786130700,772.9099731445312,773.1199951171875,772.8599853515625,773.0750122070312,475399,2026-08-07 19:25:00+00:00
1786131000,773.0800170898438,773.0900268554688,772.6599731445312,772.719970703125,544858,2026-08-07 19:30:00+00:00
1786131300,772.739990234375,773.0999755859375,772.60498046875,772.9099731445312,581500,2026-08-07 19:35:00+00:00
1786131600,772.9199829101562,772.9598999023438,772.52001953125,772.5700073242188,569447,2026-08-07 19:40:00+00:00
1786131900,772.5700073242188,772.97998046875,772.5499877929688,772.8699951171875,658932,2026-08-07 19:45:00+00:00
1786132200,772.8499755859375,773.0549926757812,772.6500244140625,772.8499755859375,1143195,2026-08-07 19:50:00+00:00
1786132500,772.8599853515625,773.8300170898438,772.8200073242188,773.1199951171875,2978910,2026-08-07 19:55:00+00:00
1786368600,772.5999755859375,773.6300048828125,772.5499877929688,772.6400146484375,1394672,2026-08-10 13:30:00+00:00
1786368900,772.6300048828125,773.1199951171875,772.5,772.7999877929688,580217,2026-08-10 13:35:00+00:00
1786369200,772.7899780273438,773.1099853515625,772.52001953125,772.6599731445312,512584,2026-08-10 13:40:00+00:00
1786369500,772.6500244140625,773.260009765625,772.6199951171875,773.1300048828125,570720,2026-08-10 13:45:00+00:00
1786369800,773.1300048828125,773.4099731445312,772.5,773.1300048828125,604359,2026-08-10 13:50:00+00:00
1786370100,773.125,773.52001953125,773.010009765625,773.468994140625,365858,2026-08-10 13:55:00+00:00
1786370400,773.4199829101562,773.8499755859375,773.3900146484375,773.719970703125,1022823,2026-08-10 14:00:00+00:00
1786370700,773.6799926757812,774.030029296875,773.5700073242188,774.0250244140625,411551,2026-08-10 14:05:00+00:00
1786371000,774.0250244140625,774.260009765625,773.8900146484375,774.2150268554688,536935,2026-08-10 14:10:00+00:00
1786371300,774.219970703125,774.3499755859375,773.969970703125,774.2899780273438,352830,2026-08-10 14:15:00+00:00
1786371600,774.2899780273438,774.375,773.8300170898438,773.969970703125,624972,2026-08-10 14:20:00+00:00
1786371900,773.9650268554688,774.4600219726562,773.7650146484375,774.35498046875,407563,2026-08-10 14:25:00+00:00
1786372200,774.35498046875,774.6900024414062,774.27001953125,774.3599853515625,616342,2026-08-10 14:30:00+00:00
1786372500,774.35498046875,774.6199951171875,774.1746826171875,774.3400268554688,384364,2026-08-10 14:35:00+00:00
1786372800,774.3400268554688,774.6400146484375,774.3049926757812,774.5999755859375,378768,2026-08-10 14:40:00+00:00
1786373100,774.60498046875,775.0499877929688,774.5999755859375,774.9199829101562,830372,2026-08-10 14:45:00+00:00
1786373400,774.9299926757812,774.9500122070312,773.7999877929688,773.8800048828125,618461,2026-08-10 14:50:00+00:00
1786373700,773.8499755859375,774.1099853515625,773.5,773.5150146484375,473579,2026-08-10 14:55:00+00:00
1786374000,773.510009765625,773.9500122070312,773.3099975585938,773.7100219726562,435586,2026-08-10 15:00:00+00:00
1786374300,773.7100219726562,774.030029296875,773.5800170898438,773.5800170898438,341452,2026-08-10 15:05:00+00:00
1786374600,773.5499877929688,773.9199829101562,773.4500122070312,773.8200073242188,302087,2026-08-10 15:10:00+00:00
1786374900,773.8200073242188,774.1900024414062,773.760009765625,773.9199829101562,283525,2026-08-10 15:15:00+00:00
1786375200,773.9199829101562,774.0999755859375,773.7999877929688,773.9199829101562,267595,2026-08-10 15:20:00+00:00
1786375500,773.9199829101562,773.989990234375,773.4199829101562,773.739990234375,197255,2026-08-10 15:25:00+00:00
1786375800,773.760009765625,773.8699951171875,773.3599853515625,773.3900146484375,216002,2026-08-10 15:30:00+00:00
1786376100,773.405029296875,773.5999755859375,773.22998046875,773.280029296875,354915,2026-08-10 15:35:00+00:00
1786376400,773.27001953125,773.8049926757812,773.1599731445312,773.7899780273438,189257,2026-08-10 15:40:00+00:00
1786376700,773.8099975585938,773.8800048828125,773.5100708007812,773.5499877929688,172417,2026-08-10 15:45:00+00:00
1786377000,773.5650024414062,774.3400268554688,773.4949951171875,774.2100219726562,248757,2026-08-10 15:50:00+00:00
1786377300,774.1900024414062,774.4099731445312,774.030029296875,774.3099975585938,335269,2026-08-10 15:55:00+00:00
1786377600,774.3400268554688,774.4349975585938,774.0399780273438,774.1649780273438,242067,2026-08-10 16:00:00+00:00
1786377900,774.1699829101562,774.2000122070312,773.875,773.989990234375,219466,2026-08-10 16:05:00+00:00
1786378200,774.0,774.1400146484375,773.780029296875,773.780029296875,282665,2026-08-10 16:10:00+00:00
1786378500,773.780029296875,773.7899780273438,773.4500122070312,773.6900024414062,240699,2026-08-10 16:15:00+00:00
1786378800,773.6699829101562,773.8599853515625,773.47998046875,773.7650146484375,183608,2026-08-10 16:20:00+00:00
1786379100,773.7550048828125,773.9199829101562,773.3499755859375,773.3699951171875,233503,2026-08-10 16:25:00+00:00
1786379400,773.3699951171875,773.4879760742188,771.6199951171875,772.6799926757812,936642,2026-08-10 16:30:00+00:00
1786379700,772.739990234375,773.0700073242188,772.52001953125,772.5700073242188,396668,2026-08-10 16:35:00+00:00
1786380000,772.5700073242188,772.6400146484375,771.9749755859375,772.159912109375,399488,2026-08-10 16:40:00+00:00
1786380300,772.1599731445312,772.6300048828125,771.9299926757812,772.6099853515625,343625,2026-08-10 16:45:00+00:00
1786380600,772.6300048828125,772.6400146484375,772.260009765625,772.530029296875,163277,2026-08-10 16:50:00+00:00
1786380900,772.530029296875,772.9600219726562,772.52001953125,772.9500122070312,217374,2026-08-10 16:55:00+00:00
1786381200,772.9400024414062,773.0499877929688,772.5,772.6799926757812,313484,2026-08-10 17:00:00+00:00
1786381500,772.6799926757812,773.0900268554688,772.5800170898438,773.0900268554688,194299,2026-08-10 17:05:00+00:00
1786381800,773.0700073242188,773.25,772.9000244140625,773.1099853515625,222041,2026-08-10 17:10:00+00:00
1786382100,773.114990234375,773.280029296875,772.9852294921875,773.1400146484375,199345,2026-08-10 17:15:00+00:00
1786382400,773.147705078125,773.2100219726562,772.989990234375,773.1500244140625,196008,2026-08-10 17:20:00+00:00
1786382700,773.1400146484375,773.1799926757812,772.8599853515625,773.1094970703125,156557,2026-08-10 17:25:00+00:00
1786383000,773.1099853515625,773.260009765625,773.0599975585938,773.1300048828125,176726,2026-08-10 17:30:00+00:00
1786383300,773.1199951171875,773.1599731445312,772.7000122070312,772.844970703125,176600,2026-08-10 17:35:00+00:00
1786383600,772.8400268554688,772.969970703125,772.6099853515625,772.6500244140625,159893,2026-08-10 17:40:00+00:00
1786383900,772.6599731445312,772.760009765625,772.5499877929688,772.6799926757812,154297,2026-08-10 17:45:00+00:00
1786384200,772.6799926757812,772.75,772.489990234375,772.6199951171875,209840,2026-08-10 17:50:00+00:00
1786384500,772.6099853515625,772.8200073242188,772.510009765625,772.739013671875,240959,2026-08-10 17:55:00+00:00
1786384800,772.72998046875,772.8800048828125,772.6599731445312,772.739990234375,232718,2026-08-10 18:00:00+00:00
1786385100,772.739990234375,773.02001953125,772.6500244140625,772.9400024414062,265829,2026-08-10 18:05:00+00:00
1786385400,772.9349975585938,773.0599975585938,772.6400146484375,772.6799926757812,249045,2026-08-10 18:10:00+00:00
1786385700,772.6699829101562,772.75,772.530029296875,772.5599975585938,567494,2026-08-10 18:15:00+00:00
1786386000,772.5800170898438,772.75,772.5,772.5499877929688,223977,2026-08-10 18:20:00+00:00
1786386300,772.5499877929688,772.7100219726562,772.510009765625,772.530029296875,280755,2026-08-10 18:25:00+00:00
1786386600,772.52001953125,772.6699829101562,772.3599853515625,772.5449829101562,520433,2026-08-10 18:30:00+00:00
1786386900,772.5399780273438,772.7100219726562,772.3200073242188,772.5599975585938,314908,2026-08-10 18:35:00+00:00
1786387200,772.5599975585938,772.9299926757812,772.5499877929688,772.885009765625,723242,2026-08-10 18:40:00+00:00
1786387500,772.8800048828125,772.9299926757812,772.739990234375,772.8499755859375,357552,2026-08-10 18:45:00+00:00
1786387800,772.8400268554688,773.1500244140625,772.8400268554688,773.1099853515625,214897,2026-08-10 18:50:00+00:00
1786388100,773.114990234375,773.3300170898438,773.0,773.1900024414062,330679,2026-08-10 18:55:00+00:00
1786388400,773.2000122070312,773.3200073242188,773.0499877929688,773.1900024414062,380984,2026-08-10 19:00:00+00:00
1786388700,773.1849975585938,773.4000244140625,773.1099853515625,773.3900146484375,229464,2026-08-10 19:05:00+00:00
1786389000,773.3900146484375,773.3900146484375,773.219970703125,773.2999877929688,315994,2026-08-10 19:10:00+00:00
1786389300,773.2999877929688,773.4400024414062,773.2100219726562,773.2999877929688,265632,2026-08-10 19:15:00+00:00
1786389600,773.3099975585938,773.4000244140625,773.1817016601562,773.3701171875,338157,2026-08-10 19:20:00+00:00
1786389900,773.3900146484375,773.3900146484375,772.8800048828125,772.9299926757812,285647,2026-08-10 19:25:00+00:00
1786390200,772.9450073242188,773.0007934570312,772.72998046875,772.8900146484375,337947,2026-08-10 19:30:00+00:00
1786390500,772.8800048828125,773.2899780273438,772.780029296875,773.1701049804688,381510,2026-08-10 19:35:00+00:00
1786390800,773.1900024414062,773.2000122070312,772.9400024414062,773.0850219726562,319656,2026-08-10 19:40:00+00:00
1786391100,773.0800170898438,773.219970703125,772.89501953125,773.1699829101562,951188,2026-08-10 19:45:00+00:00
1786391400,773.1599731445312,773.1599731445312,772.35498046875,772.3800048828125,1210259,2026-08-10 19:50:00+00:00
1786391700,772.4000244140625,773.1599731445312,772.3150024414062,773.0700073242188,2364437,2026-08-10 19:55:00+00:00
1786455000,774.530029296875,774.5399780273438,773.22998046875,773.469970703125,1428648,2026-08-11 13:30:00+00:00
1786455300,773.4600219726562,773.5399780273438,772.864990234375,773.1099853515625,424993,2026-08-11 13:35:00+00:00
1786455600,773.1198120117188,773.7100219726562,773.0999755859375,773.2999877929688,324717,2026-08-11 13:40:00+00:00
1786455900,773.2999877929688,773.4849853515625,772.5800170898438,772.8400268554688,532137,2026-08-11 13:45:00+00:00
1786456200,772.8350219726562,773.1400146484375,772.5900268554688,772.9199829101562,298670,2026-08-11 13:50:00+00:00
1786456500,772.8800048828125,773.6400146484375,772.7999877929688,773.614990234375,380944,2026-08-11 13:55:00+00:00
1786456800,773.614990234375,774.0800170898438,773.489990234375,773.8699951171875,453452,2026-08-11 14:00:00+00:00
1786457100,773.85498046875,773.969970703125,773.5499877929688,773.7899780273438,329331,2026-08-11 14:05:00+00:00
1786457400,773.8018188476562,773.9761962890625,773.5900268554688,773.780029296875,251067,2026-08-11 14:10:00+00:00
1786457700,773.7999877929688,773.9500122070312,773.3800048828125,773.6300048828125,160206,2026-08-11 14:15:00+00:00
1786458000,773.6400146484375,773.8699951171875,773.3800048828125,773.405029296875,291938,2026-08-11 14:20:00+00:00
1786458300,773.3900146484375,773.9498901367188,773.3300170898438,773.8699951171875,406585,2026-08-11 14:25:00+00:00
1786458600,773.8800048828125,773.9299926757812,773.4600219726562,773.6699829101562,243033,2026-08-11 14:30:00+00:00
1786458900,773.6699829101562,773.7750244140625,773.2100219726562,773.344970703125,383084,2026-08-11 14:35:00+00:00
1786459200,773.3699951171875,773.6199951171875,773.280029296875,773.369873046875,201888,2026-08-11 14:40:00+00:00
1786459500,773.3599853515625,773.9299926757812,773.3499755859375,773.9000244140625,542338,2026-08-11 14:45:00+00:00
1786459800,773.8800048828125,774.0349731445312,773.4600219726562,773.8900146484375,260399,2026-08-11 14:50:00+00:00
1786460100,773.8900146484375,774.030029296875,773.5449829101562,773.6199951171875,271133,2026-08-11 14:55:00+00:00
1786460400,773.6300048828125,773.8099975585938,773.375,773.5,207831,2026-08-11 15:00:00+00:00
1786460700,773.5050048828125,773.5098876953125,772.719970703125,772.8049926757812,460078,2026-08-11 15:05:00+00:00
1786461000,772.7899780273438,772.9450073242188,772.5499877929688,772.6599731445312,361674,2026-08-11 15:10:00+00:00
1786461300,772.6599731445312,772.6799926757812,772.2000122070312,772.4500122070312,401588,2026-08-11 15:15:00+00:00
1786461600,772.4500122070312,772.8400268554688,772.4000244140625,772.510009765625,296732,2026-08-11 15:20:00+00:00
1786461900,772.52001953125,772.7000122070312,772.4000244140625,772.4010009765625,200505,2026-08-11 15:25:00+00:00
1786462200,772.4099731445312,772.5599975585938,771.8049926757812,771.9450073242188,336602,2026-08-11 15:30:00+00:00
1786462500,771.9500122070312,772.1300048828125,771.75,771.8599853515625,395830,2026-08-11 15:35:00+00:00
1786462800,771.85498046875,772.2100219726562,771.780029296875,772.1799926757812,295888,2026-08-11 15:40:00+00:00
1786463100,772.1699829101562,772.1763916015625,771.8905029296875,771.9949951171875,214007,2026-08-11 15:45:00+00:00
1786463400,772.0,772.2479858398438,771.77001953125,771.8399047851562,246644,2026-08-11 15:50:00+00:00
1786463700,771.8400268554688,772.1400146484375,771.7899780273438,772.0,315282,2026-08-11 15:55:00+00:00
1786464000,772.030029296875,772.3099975585938,772.010009765625,772.0399780273438,212708,2026-08-11 16:00:00+00:00
1786464300,772.030029296875,772.3900146484375,771.969970703125,772.3099975585938,592824,2026-08-11 16:05:00+00:00
1786464600,772.318115234375,772.3300170898438,771.9299926757812,771.9550170898438,306205,2026-08-11 16:10:00+00:00
1786464900,771.969970703125,772.4500122070312,771.9661865234375,772.0800170898438,986294,2026-08-11 16:15:00+00:00
1786465200,772.0800170898438,772.2000122070312,771.6300048828125,771.7050170898438,296802,2026-08-11 16:20:00+00:00
1786465500,771.7000122070312,771.8900146484375,771.3800048828125,771.8189697265625,681860,2026-08-11 16:25:00+00:00
1786465800,771.8175048828125,771.9199829101562,771.4600219726562,771.5599975585938,295572,2026-08-11 16:30:00+00:00
1786466100,771.5549926757812,772.010009765625,771.52001953125,771.8699951171875,216327,2026-08-11 16:35:00+00:00
1786466400,771.8599853515625,771.8599853515625,771.5499877929688,771.5800170898438,290232,2026-08-11 16:40:00+00:00
1786466700,771.5800170898438,771.5999755859375,771.280029296875,771.4299926757812,599549,2026-08-11 16:45:00+00:00
1786467000,771.4400024414062,771.5599975585938,771.3001098632812,771.3800048828125,178651,2026-08-11 16:50:00+00:00
1786467300,771.3800048828125,771.4099731445312,771.0399780273438,771.1400146484375,464586,2026-08-11 16:55:00+00:00
1786467600,771.1500244140625,771.260009765625,770.780029296875,770.7849731445312,268966,2026-08-11 17:00:00+00:00
1786467900,770.780029296875,771.0999755859375,770.760009765625,770.8800048828125,198827,2026-08-11 17:05:00+00:00
1786468200,770.8800048828125,770.8800048828125,770.2999877929688,770.3265991210938,245008,2026-08-11 17:10:00+00:00
1786468500,770.3099975585938,770.8399047851562,770.260009765625,770.7550048828125,285392,2026-08-11 17:15:00+00:00
1786468800,770.760009765625,771.0,770.5999755859375,770.9000244140625,191635,2026-08-11 17:20:00+00:00
1786469100,770.8900146484375,771.010009765625,770.6599731445312,770.8499755859375,158315,2026-08-11 17:25:00+00:00
1786469400,770.8499755859375,770.9500122070312,770.72998046875,770.9400024414062,156705,2026-08-11 17:30:00+00:00
1786469700,770.9450073242188,771.1300048828125,770.77001953125,770.875,235620,2026-08-11 17:35:00+00:00
1786470000,770.8900146484375,771.3099975585938,770.7899780273438,771.27001953125,230686,2026-08-11 17:40:00+00:00
1786470300,771.260009765625,771.35498046875,771.1199951171875,771.1702880859375,140117,2026-08-11 17:45:00+00:00
1786470600,771.1950073242188,771.3300170898438,771.1500244140625,771.2949829101562,150583,2026-08-11 17:50:00+00:00
1786470900,771.3099975585938,771.3099975585938,771.1099853515625,771.2399291992188,168385,2026-08-11 17:55:00+00:00
1786471200,771.219970703125,771.239501953125,770.9000244140625,771.0650024414062,288249,2026-08-11 18:00:00+00:00
1786471500,771.0700073242188,771.1599731445312,770.6699829101562,770.6900024414062,192607,2026-08-11 18:05:00+00:00
1786471800,770.7000122070312,770.9099731445312,770.6500244140625,770.8350219726562,284970,2026-08-11 18:10:00+00:00
1786472100,770.8400268554688,770.9400024414062,770.6400146484375,770.75,189412,2026-08-11 18:15:00+00:00
1786472400,770.739990234375,770.75,770.280029296875,770.489990234375,275517,2026-08-11 18:20:00+00:00
1786472700,770.5,770.5599975585938,769.2000122070312,769.5,469509,2026-08-11 18:25:00+00:00
1786473000,769.52001953125,770.0499877929688,769.5150146484375,770.0,831651,2026-08-11 18:30:00+00:00
1786473300,770.0050048828125,770.219970703125,769.9299926757812,770.010009765625,308649,2026-08-11 18:35:00+00:00
1786473600,770.0,770.0,769.6599731445312,769.7899780273438,386285,2026-08-11 18:40:00+00:00
1786473900,769.780029296875,770.3499755859375,769.780029296875,770.3400268554688,239434,2026-08-11 18:45:00+00:00
1786474200,770.3250122070312,770.4650268554688,770.1400146484375,770.3699951171875,287103,2026-08-11 18:50:00+00:00
1786474500,770.35498046875,770.3800048828125,770.0599975585938,770.0750122070312,163546,2026-08-11 18:55:00+00:00
1786474800,770.0900268554688,770.2100219726562,769.8900146484375,770.094970703125,208970,2026-08-11 19:00:00+00:00
1786475100,770.094970703125,770.1699829101562,769.8499755859375,770.0800170898438,301661,2026-08-11 19:05:00+00:00
1786475400,770.0900268554688,770.3800048828125,770.02001953125,770.239990234375,215690,2026-08-11 19:10:00+00:00
1786475700,770.27001953125,770.4901123046875,770.1699829101562,770.4400024414062,319523,2026-08-11 19:15:00+00:00
1786476000,770.4400024414062,770.6699829101562,770.3699951171875,770.6400146484375,276727,2026-08-11 19:20:00+00:00
1786476300,770.6389770507812,770.6900024414062,770.4500122070312,770.6300048828125,434929,2026-08-11 19:25:00+00:00
1786476600,770.6300048828125,770.8400268554688,770.5499877929688,770.7999877929688,500789,2026-08-11 19:30:00+00:00
1786476900,770.7899780273438,771.094970703125,770.7000122070312,771.0499877929688,320188,2026-08-11 19:35:00+00:00
1786477200,771.0700073242188,771.0700073242188,770.6799926757812,770.7150268554688,377306,2026-08-11 19:40:00+00:00
1786477500,770.719970703125,770.719970703125,770.2899780273438,770.3800048828125,798025,2026-08-11 19:45:00+00:00
1786477800,770.3900146484375,770.469970703125,769.7899780273438,770.4000244140625,610583,2026-08-11 19:50:00+00:00
1786478100,770.4099731445312,770.5499877929688,769.8400268554688,770.47998046875,2662022,2026-08-11 19:55:00+00:00
1786541400,774.7100219726562,774.9000244140625,772.719970703125,773.0650024414062,2473063,2026-08-12 13:30:00+00:00
1786541700,773.0499877929688,773.5150146484375,772.8049926757812,772.8800048828125,545687,2026-08-12 13:35:00+00:00
1786542000,772.8900146484375,773.1199951171875,772.4550170898438,772.8095092773438,541526,2026-08-12 13:40:00+00:00
1786542300,772.8200073242188,773.6500244140625,772.3619995117188,773.5399780273438,681812,2026-08-12 13:45:00+00:00
1786542600,773.5399780273438,773.5399780273438,772.5650024414062,772.614990234375,475100,2026-08-12 13:50:00+00:00
1786542900,772.614990234375,772.780029296875,772.0900268554688,772.5900268554688,420109,2026-08-12 13:55:00+00:00
1786543200,772.594970703125,772.8200073242188,771.9299926757812,771.9400024414062,502816,2026-08-12 14:00:00+00:00
1786543500,771.9400024414062,772.510009765625,771.8800048828125,772.4000244140625,468985,2026-08-12 14:05:00+00:00
1786543800,772.4199829101562,772.719970703125,772.1599731445312,772.3800048828125,329490,2026-08-12 14:10:00+00:00
1786544100,772.3599853515625,773.02001953125,772.22998046875,772.5,397238,2026-08-12 14:15:00+00:00
1786544400,772.5,773.030029296875,772.1799926757812,772.9650268554688,308692,2026-08-12 14:20:00+00:00
1786544700,772.9400024414062,773.3049926757812,772.5900268554688,772.7949829101562,350688,2026-08-12 14:25:00+00:00
1786545000,772.7899780273438,772.9807739257812,771.2899780273438,772.0700073242188,941071,2026-08-12 14:30:00+00:00
1786545300,772.0599975585938,772.7899780273438,771.9199829101562,772.7899780273438,327442,2026-08-12 14:35:00+00:00
1786545600,772.7799072265625,773.0900268554688,772.6799926757812,773.0599975585938,357018,2026-08-12 14:40:00+00:00
1786545900,773.0599975585938,773.2000122070312,772.4199829101562,772.6799926757812,247235,2026-08-12 14:45:00+00:00
1786546200,772.6799926757812,772.7100219726562,771.989990234375,772.0599975585938,270283,2026-08-12 14:50:00+00:00
1786546500,772.0399780273438,772.3400268554688,771.8200073242188,772.219970703125,311084,2026-08-12 14:55:00+00:00
1786546800,772.2208862304688,772.2899780273438,771.760009765625,771.8699951171875,217138,2026-08-12 15:00:00+00:00
1786547100,771.864990234375,772.2100219726562,771.7100219726562,772.0900268554688,281952,2026-08-12 15:05:00+00:00
1786547400,772.1199951171875,772.4099731445312,771.77001953125,772.1699829101562,234332,2026-08-12 15:10:00+00:00
1786547700,772.1300048828125,772.3198852539062,771.9400024414062,772.0999755859375,143342,2026-08-12 15:15:00+00:00
1786548000,772.1220092773438,772.1900024414062,771.719970703125,771.9089965820312,539655,2026-08-12 15:20:00+00:00
1786548300,771.8900146484375,772.3699951171875,771.844970703125,772.3699951171875,116530,2026-08-12 15:25:00+00:00
1786548600,772.4000244140625,772.469970703125,771.6649780273438,771.9000244140625,235675,2026-08-12 15:30:00+00:00
1786548900,771.8900146484375,772.1900024414062,771.6649780273438,771.6849975585938,186942,2026-08-12 15:35:00+00:00
1786549200,771.6699829101562,771.969970703125,771.5599975585938,771.7999877929688,555093,2026-08-12 15:40:00+00:00
1786549500,771.7999877929688,772.1699829101562,771.7698974609375,772.1699829101562,131275,2026-08-12 15:45:00+00:00
1786549800,772.1900024414062,772.1900024414062,771.8400268554688,771.97998046875,155260,2026-08-12 15:50:00+00:00
1786550100,771.9400024414062,772.0800170898438,771.8699951171875,772.030029296875,160609,2026-08-12 15:55:00+00:00
1786550400,772.0150146484375,772.4299926757812,771.969970703125,772.219970703125,187168,2026-08-12 16:00:00+00:00
1786550700,772.219970703125,772.3599853515625,771.97998046875,772.3499755859375,174934,2026-08-12 16:05:00+00:00
1786551000,772.3699951171875,772.6199951171875,772.2000122070312,772.5198974609375,407843,2026-08-12 16:10:00+00:00
1786551300,772.530029296875,772.6199951171875,772.3599853515625,772.434326171875,245911,2026-08-12 16:15:00+00:00
1786551600,772.435302734375,772.6400146484375,772.3200073242188,772.5700073242188,209073,2026-08-12 16:20:00+00:00
1786551900,772.5800170898438,772.6699829101562,772.4099731445312,772.4500122070312,181309,2026-08-12 16:25:00+00:00
1786552200,772.4500122070312,772.530029296875,772.1799926757812,772.2000122070312,269932,2026-08-12 16:30:00+00:00
1786552500,772.2000122070312,772.77001953125,772.1799926757812,772.760009765625,190220,2026-08-12 16:35:00+00:00
1786552800,772.760009765625,772.9099731445312,772.6599731445312,772.739990234375,204084,2026-08-12 16:40:00+00:00
1786553100,772.760009765625,772.8870239257812,772.5599975585938,772.8499755859375,185898,2026-08-12 16:45:00+00:00
1786553400,772.8499755859375,773.2000122070312,772.8400268554688,773.0650024414062,264200,2026-08-12 16:50:00+00:00
1786553700,773.0599975585938,773.0800170898438,772.8099975585938,772.905029296875,222871,2026-08-12 16:55:00+00:00
1786554000,772.9099731445312,773.0999755859375,772.8400268554688,773.0499877929688,206060,2026-08-12 17:00:00+00:00
1786554300,773.0549926757812,773.2899780273438,773.0,773.010009765625,223812,2026-08-12 17:05:00+00:00
1786554600,773.0198974609375,773.0700073242188,772.77001953125,773.030029296875,166664,2026-08-12 17:10:00+00:00
1786554900,773.030029296875,773.030029296875,772.6099853515625,772.77001953125,300930,2026-08-12 17:15:00+00:00
1786555200,772.77001953125,772.905029296875,772.6599731445312,772.7899780273438,153404,2026-08-12 17:20:00+00:00
1786555500,772.780029296875,773.0250244140625,772.72998046875,772.780029296875,175028,2026-08-12 17:25:00+00:00
1786555800,772.8300170898438,773.0,772.7000122070312,772.9000244140625,307687,2026-08-12 17:30:00+00:00
1786556100,772.9000244140625,772.9500122070312,772.760009765625,772.864990234375,161672,2026-08-12 17:35:00+00:00
1786556400,772.8599853515625,772.969970703125,772.719970703125,772.8800048828125,175230,2026-08-12 17:40:00+00:00
1786556700,772.8599853515625,772.9600219726562,772.760009765625,772.7999877929688,145350,2026-08-12 17:45:00+00:00
1786557000,772.7899780273438,772.97998046875,772.72998046875,772.75,203119,2026-08-12 17:50:00+00:00
1786557300,772.75,772.89501953125,772.6414184570312,772.8101196289062,134379,2026-08-12 17:55:00+00:00
1786557600,772.8099975585938,772.9600219726562,772.780029296875,772.9099731445312,195541,2026-08-12 18:00:00+00:00
1786557900,772.8900146484375,772.97998046875,772.8099975585938,772.8900146484375,154186,2026-08-12 18:05:00+00:00
1786558200,772.8887329101562,773.2100219726562,772.8887329101562,773.1099853515625,219976,2026-08-12 18:10:00+00:00
1786558500,773.1099853515625,773.1300048828125,772.97998046875,773.1300048828125,323123,2026-08-12 18:15:00+00:00
1786558800,773.1199951171875,773.22998046875,772.9600219726562,773.2249755859375,208122,2026-08-12 18:20:00+00:00
1786559100,773.22998046875,773.3099975585938,773.0700073242188,773.0900268554688,189330,2026-08-12 18:25:00+00:00
1786559400,773.0900268554688,773.468994140625,773.0900268554688,773.344970703125,198769,2026-08-12 18:30:00+00:00
1786559700,773.3300170898438,773.489990234375,773.3300170898438,773.4249877929688,213080,2026-08-12 18:35:00+00:00
1786560000,773.4199829101562,773.6300048828125,773.4199829101562,773.510009765625,222541,2026-08-12 18:40:00+00:00
1786560300,773.5150146484375,773.5499877929688,773.3800048828125,773.5250244140625,248126,2026-08-12 18:45:00+00:00
1786560600,773.530029296875,773.6300048828125,773.4400024414062,773.4400024414062,198072,2026-08-12 18:50:00+00:00
1786560900,773.4500122070312,773.4500122070312,773.0399780273438,773.0599975585938,299380,2026-08-12 18:55:00+00:00
1786561200,773.0349731445312,773.3250122070312,773.02001953125,773.2503051757812,222436,2026-08-12 19:00:00+00:00
1786561500,773.2559814453125,773.3800048828125,773.2100219726562,773.22998046875,490028,2026-08-12 19:05:00+00:00
1786561800,773.22998046875,773.280029296875,773.0,773.0700073242188,204145,2026-08-12 19:10:00+00:00
1786562100,773.0700073242188,773.219970703125,773.0549926757812,773.14501953125,400179,2026-08-12 19:15:00+00:00
1786562400,773.1400146484375,773.1599731445312,772.7999877929688,772.8699951171875,256993,2026-08-12 19:20:00+00:00
1786562700,772.8699951171875,772.989990234375,772.8099975585938,772.97998046875,338557,2026-08-12 19:25:00+00:00
1786563000,772.97998046875,773.02001953125,772.7999877929688,772.8800048828125,322257,2026-08-12 19:30:00+00:00
1786563300,772.8699951171875,773.0,772.8400268554688,772.8900146484375,369107,2026-08-12 19:35:00+00:00
1786563600,772.8800048828125,772.9099731445312,772.5599975585938,772.864990234375,301466,2026-08-12 19:40:00+00:00
1786563900,772.8599853515625,773.0,772.7000122070312,772.8800048828125,452702,2026-08-12 19:45:00+00:00
1786564200,772.8800048828125,772.9000244140625,772.1699829101562,772.239990234375,838012,2026-08-12 19:50:00+00:00
1786564500,772.260009765625,772.719970703125,772.0,772.52001953125,1530781,2026-08-12 19:55:00+00:00
1786627800,774.8699951171875,775.489990234375,774.1199951171875,775.3807983398438,1376104,2026-08-13 13:30:00+00:00
1786628100,775.3900146484375,776.469970703125,775.3599853515625,776.4400024414062,709923,2026-08-13 13:35:00+00:00
1786628400,776.4400024414062,776.4400024414062,775.5499877929688,775.7100219726562,478545,2026-08-13 13:40:00+00:00
1786628700,775.719970703125,776.9603271484375,775.6199951171875,776.8400268554688,560229,2026-08-13 13:45:00+00:00
1786629000,776.8400268554688,777.1699829101562,776.6699829101562,777.1500244140625,516829,2026-08-13 13:50:00+00:00
1786629300,777.135009765625,777.6900024414062,776.9299926757812,777.6099853515625,518195,2026-08-13 13:55:00+00:00
1786629600,777.5999755859375,778.25,777.52001953125,778.2249755859375,529056,2026-08-13 14:00:00+00:00
1786629900,778.2249755859375,778.3900146484375,777.9299926757812,778.1400146484375,448939,2026-08-13 14:05:00+00:00
1786630200,778.1500244140625,778.5499877929688,778.1300048828125,778.510009765625,353311,2026-08-13 14:10:00+00:00
1786630500,778.5250244140625,778.6599731445312,778.023193359375,778.530029296875,348225,2026-08-13 14:15:00+00:00
1786630800,778.5399780273438,779.2100219726562,778.3900146484375,779.0294799804688,453879,2026-08-13 14:20:00+00:00
1786631100,779.030029296875,779.25,778.9099731445312,779.1900024414062,271731,2026-08-13 14:25:00+00:00
1786631400,779.1900024414062,779.3699951171875,778.97998046875,779.219970703125,464862,2026-08-13 14:30:00+00:00
1786631700,779.219970703125,779.3699951171875,778.75,779.0650024414062,416718,2026-08-13 14:35:00+00:00
1786632000,779.0650024414062,779.1099853515625,778.5695190429688,778.5695190429688,391491,2026-08-13 14:40:00+00:00
1786632300,778.5399780273438,778.5499877929688,777.530029296875,777.6799926757812,489939,2026-08-13 14:45:00+00:00
1786632600,777.6900024414062,777.9349975585938,777.5700073242188,777.8400268554688,628299,2026-08-13 14:50:00+00:00
1786632900,777.8400268554688,777.969970703125,777.3800048828125,777.760009765625,299201,2026-08-13 14:55:00+00:00
1786633200,777.77001953125,778.22998046875,777.3200073242188,777.3800048828125,292865,2026-08-13 15:00:00+00:00
1786633500,777.3699951171875,777.60498046875,776.9650268554688,777.2349853515625,364453,2026-08-13 15:05:00+00:00
1786633800,777.239990234375,777.3699951171875,777.02001953125,777.1199951171875,379276,2026-08-13 15:10:00+00:00
1786634100,777.125,777.25,776.7213134765625,777.1749877929688,269694,2026-08-13 15:15:00+00:00
1786634400,777.1500244140625,777.260009765625,776.8250122070312,776.9149780273438,311149,2026-08-13 15:20:00+00:00
1786634700,776.9199829101562,776.9299926757812,775.9199829101562,776.1699829101562,783714,2026-08-13 15:25:00+00:00
1786635000,776.1799926757812,776.3099975585938,775.7100219726562,775.72998046875,364892,2026-08-13 15:30:00+00:00
1786635300,775.739990234375,776.1500244140625,775.5800170898438,775.9600219726562,843741,2026-08-13 15:35:00+00:00
1786635600,775.9500122070312,776.3699951171875,775.7000122070312,775.9650268554688,345484,2026-08-13 15:40:00+00:00
1786635900,775.9600219726562,776.1300048828125,775.7000122070312,775.909912109375,237331,2026-08-13 15:45:00+00:00
1786636200,775.89501953125,775.9299926757812,775.52001953125,775.6599731445312,194043,2026-08-13 15:50:00+00:00
1786636500,775.6599731445312,775.9299926757812,775.3800048828125,775.489990234375,263486,2026-08-13 15:55:00+00:00
1786636800,775.47998046875,776.0499877929688,775.4600219726562,775.89990234375,207585,2026-08-13 16:00:00+00:00
1786637100,775.9099731445312,776.2899780273438,775.8900146484375,775.9650268554688,204513,2026-08-13 16:05:00+00:00
1786637400,775.9650268554688,776.1199951171875,775.6749877929688,775.6900024414062,154007,2026-08-13 16:10:00+00:00
1786637700,775.6923217773438,775.8800048828125,775.5999755859375,775.8499755859375,198565,2026-08-13 16:15:00+00:00
1786638000,775.8499755859375,776.0900268554688,775.760009765625,776.0599975585938,207324,2026-08-13 16:20:00+00:00
1786638300,776.0650024414062,776.52001953125,776.0449829101562,776.52001953125,543639,2026-08-13 16:25:00+00:00
1786638600,776.5250244140625,776.7100219726562,776.405029296875,776.6400146484375,278306,2026-08-13 16:30:00+00:00
1786638900,776.6400146484375,776.7000122070312,776.2199096679688,776.2899780273438,258151,2026-08-13 16:35:00+00:00
1786639200,776.2857055664062,776.510009765625,776.2050170898438,776.4400024414062,159458,2026-08-13 16:40:00+00:00
1786639500,776.4146728515625,776.6699829101562,776.4146728515625,776.6099853515625,180286,2026-08-13 16:45:00+00:00
1786639800,776.6099853515625,776.7999877929688,776.594970703125,776.6900024414062,160969,2026-08-13 16:50:00+00:00
1786640100,776.6799926757812,776.760009765625,776.5850219726562,776.7000122070312,126149,2026-08-13 16:55:00+00:00
1786640400,776.7100219726562,777.0499877929688,776.7100219726562,776.989990234375,156097,2026-08-13 17:00:00+00:00
1786640700,777.0,777.3800048828125,776.9299926757812,777.25,168554,2026-08-13 17:05:00+00:00
1786641000,777.25,777.2999877929688,777.0900268554688,777.1900024414062,121079,2026-08-13 17:10:00+00:00
1786641300,777.1699829101562,777.4000244140625,777.1699829101562,777.4000244140625,139804,2026-08-13 17:15:00+00:00
1786641600,777.405029296875,777.47998046875,777.1699829101562,777.280029296875,122761,2026-08-13 17:20:00+00:00
1786641900,777.2899780273438,777.3099975585938,777.0900268554688,777.1099853515625,134965,2026-08-13 17:25:00+00:00
1786642200,777.0999755859375,777.239990234375,776.8300170898438,776.9299926757812,139366,2026-08-13 17:30:00+00:00
1786642500,776.9299926757812,776.9349975585938,776.6649780273438,776.7899780273438,170159,2026-08-13 17:35:00+00:00
1786642800,776.7864990234375,776.9000244140625,776.6199951171875,776.6199951171875,115385,2026-08-13 17:40:00+00:00
1786643100,776.6199951171875,776.9199829101562,776.6199951171875,776.8300170898438,109112,2026-08-13 17:45:00+00:00
1786643400,776.8400268554688,776.9299926757812,776.739990234375,776.77001953125,86696,2026-08-13 17:50:00+00:00
1786643700,776.780029296875,776.9400024414062,776.6699829101562,776.7449951171875,148652,2026-08-13 17:55:00+00:00
1786644000,776.75,776.9400024414062,776.739990234375,776.9099731445312,137327,2026-08-13 18:00:00+00:00
1786644300,776.9299926757812,777.0399780273438,776.7999877929688,776.8300170898438,335929,2026-08-13 18:05:00+00:00
1786644600,776.8200073242188,777.1400146484375,776.6599731445312,777.0800170898438,201122,2026-08-13 18:10:00+00:00
1786644900,777.0750122070312,777.1699829101562,776.8900146484375,776.9500122070312,468879,2026-08-13 18:15:00+00:00
1786645200,776.9299926757812,776.989990234375,776.6799926757812,776.719970703125,225428,2026-08-13 18:20:00+00:00
1786645500,776.72998046875,777.0449829101562,776.7100219726562,776.97998046875,253739,2026-08-13 18:25:00+00:00
1786645800,776.989990234375,777.260009765625,776.989990234375,777.2368774414062,236949,2026-08-13 18:30:00+00:00
1786646100,777.25,777.4199829101562,777.2000122070312,777.4000244140625,252989,2026-08-13 18:35:00+00:00
1786646400,777.4099731445312,777.739990234375,777.3599853515625,777.6174926757812,251157,2026-08-13 18:40:00+00:00
1786646700,777.614990234375,777.760009765625,777.6055297851562,777.75,166152,2026-08-13 18:45:00+00:00
1786647000,777.75,777.9299926757812,777.6300048828125,777.8699951171875,244315,2026-08-13 18:50:00+00:00
1786647300,777.8699951171875,777.9199829101562,777.6699829101562,777.739990234375,176845,2026-08-13 18:55:00+00:00
1786647600,777.75,777.9301147460938,777.719970703125,777.8800048828125,292028,2026-08-13 19:00:00+00:00
1786647900,777.8800048828125,778.4299926757812,777.7999877929688,778.35498046875,309207,2026-08-13 19:05:00+00:00
1786648200,778.3599853515625,778.3599853515625,777.8400268554688,777.9600219726562,399339,2026-08-13 19:10:00+00:00
1786648500,777.9500122070312,778.1500244140625,777.7899780273438,778.1500244140625,470137,2026-08-13 19:15:00+00:00
1786648800,778.14501953125,778.3300170898438,778.1300048828125,778.2949829101562,318573,2026-08-13 19:20:00+00:00
1786649100,778.2899780273438,778.3699951171875,777.97998046875,778.0300903320312,312743,2026-08-13 19:25:00+00:00
1786649400,778.030029296875,778.239990234375,777.9500122070312,778.0399780273438,648879,2026-08-13 19:30:00+00:00
1786649700,778.0399780273438,778.0599975585938,777.72998046875,777.9550170898438,1055543,2026-08-13 19:35:00+00:00
1786650000,777.9600219726562,778.030029296875,777.6900024414062,777.719970703125,394536,2026-08-13 19:40:00+00:00
1786650300,777.7100219726562,777.8200073242188,777.6400146484375,777.77001953125,715586,2026-08-13 19:45:00+00:00
1786650600,777.75,777.75,777.3499755859375,777.5150146484375,1408773,2026-08-13 19:50:00+00:00
1786650900,777.530029296875,777.9349975585938,777.364990234375,777.780029296875,2781625,2026-08-13 19:55:00+00:00
1786714200,778.5399780273438,778.5800170898438,777.9199829101562,778.1900024414062,1160934,2026-08-14 13:30:00+00:00
1786714500,778.1649780273438,778.280029296875,777.6599731445312,778.02001953125,478796,2026-08-14 13:35:00+00:00
1786714800,778.0399780273438,778.4849853515625,777.8200073242188,778.3800048828125,509871,2026-08-14 13:40:00+00:00
1786715100,778.3900146484375,778.5999755859375,777.88037109375,777.9500122070312,335338,2026-08-14 13:45:00+00:00
1786715400,777.9600219726562,778.5999755859375,777.8099975585938,778.469970703125,384936,2026-08-14 13:50:00+00:00
1786715700,778.469970703125,778.510009765625,778.0999755859375,778.4299926757812,228278,2026-08-14 13:55:00+00:00
1786716000,778.4199829101562,778.5900268554688,778.1599731445312,778.5499877929688,232658,2026-08-14 14:00:00+00:00
1786716300,778.5499877929688,778.7999877929688,778.469970703125,778.52001953125,274925,2026-08-14 14:05:00+00:00
1786716600,778.530029296875,778.6799926757812,778.280029296875,778.280029296875,205626,2026-08-14 14:10:00+00:00
1786716900,778.2750244140625,778.3400268554688,777.7650146484375,777.8101196289062,353296,2026-08-14 14:15:00+00:00
1786717200,777.8099975585938,777.9099731445312,777.3800048828125,777.530029296875,414251,2026-08-14 14:20:00+00:00
1786717500,777.527099609375,777.619873046875,777.1300048828125,777.4099731445312,381514,2026-08-14 14:25:00+00:00
1786717800,777.4000244140625,777.47998046875,776.8200073242188,776.8699951171875,435292,2026-08-14 14:30:00+00:00
1786718100,776.8599853515625,777.4400024414062,776.8400268554688,777.4000244140625,277615,2026-08-14 14:35:00+00:00
1786718400,777.375,777.375,777.010009765625,777.1300048828125,225269,2026-08-14 14:40:00+00:00
1786718700,777.1199951171875,777.4299926757812,777.030029296875,777.260009765625,298480,2026-08-14 14:45:00+00:00
1786719000,777.2449951171875,777.4392700195312,776.9880981445312,777.0150146484375,253978,2026-08-14 14:50:00+00:00
1786719300,777.02001953125,777.1500244140625,776.739990234375,776.739990234375,199305,2026-08-14 14:55:00+00:00
1786719600,776.7449951171875,777.1099853515625,776.7100219726562,776.9400024414062,186300,2026-08-14 15:00:00+00:00
1786719900,776.9299926757812,777.0599975585938,776.5700073242188,776.6599731445312,223936,2026-08-14 15:05:00+00:00
1786720200,776.6699829101562,776.780029296875,776.4199829101562,776.4550170898438,238187,2026-08-14 15:10:00+00:00
1786720500,776.4500122070312,776.6900024414062,776.4299926757812,776.5900268554688,265969,2026-08-14 15:15:00+00:00
1786720800,776.5900268554688,776.6500244140625,775.989990234375,776.0017700195312,463188,2026-08-14 15:20:00+00:00
1786721100,776.0,776.2999877929688,775.8599853515625,776.2999877929688,485454,2026-08-14 15:25:00+00:00
1786721400,776.2899780273438,776.4149780273438,776.010009765625,776.1699829101562,430442,2026-08-14 15:30:00+00:00
1786721700,776.1799926757812,776.4600219726562,776.0599975585938,776.0618286132812,381075,2026-08-14 15:35:00+00:00
1786722000,776.0900268554688,776.1300048828125,775.8499755859375,776.0499877929688,349847,2026-08-14 15:40:00+00:00
1786722300,776.0549926757812,776.3699951171875,775.8599853515625,775.8900146484375,346623,2026-08-14 15:45:00+00:00
1786722600,775.8800048828125,776.2100219726562,775.8099975585938,776.114990234375,358905,2026-08-14 15:50:00+00:00
1786722900,776.1199951171875,776.3499755859375,776.02001953125,776.219970703125,218846,2026-08-14 15:55:00+00:00
1786723200,776.22998046875,776.5900268554688,776.22998046875,776.4398803710938,283320,2026-08-14 16:00:00+00:00
1786723500,776.4099731445312,776.510009765625,776.0999755859375,776.239990234375,189294,2026-08-14 16:05:00+00:00
1786723800,776.236328125,776.5599975585938,776.1699829101562,776.5499877929688,359889,2026-08-14 16:10:00+00:00
1786724100,776.5499877929688,776.75,776.530029296875,776.5900268554688,463051,2026-08-14 16:15:00+00:00
1786724400,776.5900268554688,776.7000122070312,776.4400024414062,776.6699829101562,208944,2026-08-14 16:20:00+00:00
1786724700,776.6749877929688,776.8200073242188,776.6199951171875,776.7100219726562,206619,2026-08-14 16:25:00+00:00
1786725000,776.7000122070312,776.7349853515625,776.2999877929688,776.375,266514,2026-08-14 16:30:00+00:00
1786725300,776.3800048828125,776.6300048828125,776.3400268554688,776.469970703125,202947,2026-08-14 16:35:00+00:00
1786725600,776.489990234375,776.489990234375,776.135009765625,776.135009765625,183890,2026-08-14 16:40:00+00:00
1786725900,776.1300048828125,776.2100219726562,775.9805297851562,776.1375122070312,180390,2026-08-14 16:45:00+00:00
1786726200,776.1199951171875,776.1199951171875,775.8250122070312,775.9237060546875,180647,2026-08-14 16:50:00+00:00
1786726500,775.9299926757812,776.010009765625,775.6599731445312,775.7000122070312,233654,2026-08-14 16:55:00+00:00
1786726800,775.7000122070312,775.8800048828125,775.6300048828125,775.7899780273438,183720,2026-08-14 17:00:00+00:00
1786727100,775.7899780273438,775.969970703125,775.780029296875,775.9000244140625,169827,2026-08-14 17:05:00+00:00
1786727400,775.9099731445312,776.114990234375,775.8300170898438,776.0599975585938,224927,2026-08-14 17:10:00+00:00
1786727700,776.0499877929688,776.1099853515625,775.7899780273438,775.9650268554688,138172,2026-08-14 17:15:00+00:00
1786728000,775.9600219726562,776.1300048828125,775.780029296875,775.8300170898438,206717,2026-08-14 17:20:00+00:00
1786728300,775.8200073242188,775.8300170898438,775.653076171875,775.77001953125,134375,2026-08-14 17:25:00+00:00
1786728600,775.780029296875,775.97998046875,775.739990234375,775.8300170898438,172892,2026-08-14 17:30:00+00:00
1786728900,775.8200073242188,775.8200073242188,775.4301147460938,775.5750122070312,148579,2026-08-14 17:35:00+00:00
1786729200,775.5499877929688,775.6599731445312,775.469970703125,775.5999755859375,238174,2026-08-14 17:40:00+00:00
1786729500,775.5999755859375,775.719970703125,775.5399780273438,775.6099853515625,188872,2026-08-14 17:45:00+00:00
1786729800,775.5999755859375,775.8099975585938,775.4650268554688,775.7550048828125,154521,2026-08-14 17:50:00+00:00
1786730100,775.7550048828125,775.9299926757812,775.6400146484375,775.8300170898438,124476,2026-08-14 17:55:00+00:00
1786730400,775.8350219726562,776.1099853515625,775.72998046875,776.02001953125,490127,2026-08-14 18:00:00+00:00
1786730700,776.02001953125,776.1599731445312,775.9500122070312,776.155029296875,195210,2026-08-14 18:05:00+00:00
1786731000,776.1500244140625,776.2999877929688,776.0700073242188,776.1599731445312,236277,2026-08-14 18:10:00+00:00
1786731300,776.1500244140625,776.3300170898438,776.1199951171875,776.2050170898438,504091,2026-08-14 18:15:00+00:00
1786731600,776.2100219726562,776.3200073242188,776.0800170898438,776.1749877929688,200261,2026-08-14 18:20:00+00:00
1786731900,776.1799926757812,776.27001953125,775.8900146484375,775.9249877929688,131096,2026-08-14 18:25:00+00:00
1786732200,775.9299926757812,776.1099853515625,775.8200073242188,775.9000244140625,182489,2026-08-14 18:30:00+00:00
1786732500,775.9000244140625,776.0399780273438,775.8200073242188,776.0050048828125,311403,2026-08-14 18:35:00+00:00
1786732800,776.0050048828125,776.27001953125,775.9500122070312,776.2100219726562,220569,2026-08-14 18:40:00+00:00
1786733100,776.2100219726562,776.260009765625,776.0399780273438,776.2550048828125,165278,2026-08-14 18:45:00+00:00
1786733400,776.260009765625,776.4918823242188,776.260009765625,776.3599853515625,279514,2026-08-14 18:50:00+00:00
1786733700,776.3599853515625,776.3599853515625,776.1500244140625,776.1900024414062,123002,2026-08-14 18:55:00+00:00
1786734000,776.1900024414062,776.219970703125,775.8900146484375,775.989990234375,212320,2026-08-14 19:00:00+00:00
1786734300,775.9849853515625,776.1900024414062,775.9500122070312,776.1599731445312,109170,2026-08-14 19:05:00+00:00
1786734600,776.1699829101562,776.1849975585938,776.0399780273438,776.0499877929688,406662,2026-08-14 19:10:00+00:00
1786734900,776.0499877929688,776.1300048828125,775.8300170898438,775.9949951171875,478012,2026-08-14 19:15:00+00:00
1786735200,775.9949951171875,776.1199951171875,775.8699951171875,776.1099853515625,375563,2026-08-14 19:20:00+00:00
1786735500,776.1099853515625,776.3300170898438,776.1099853515625,776.155029296875,218832,2026-08-14 19:25:00+00:00
1786735800,776.155029296875,776.3088989257812,776.0999755859375,776.2349853515625,314674,2026-08-14 19:30:00+00:00
1786736100,776.239990234375,776.3200073242188,776.030029296875,776.1699829101562,643297,2026-08-14 19:35:00+00:00
1786736400,776.1699829101562,776.3049926757812,776.114990234375,776.1649780273438,290616,2026-08-14 19:40:00+00:00
1786736700,776.1599731445312,776.219970703125,775.969970703125,776.2000122070312,398764,2026-08-14 19:45:00+00:00
1786737000,776.1900024414062,776.4099731445312,776.0999755859375,776.2000122070312,620968,2026-08-14 19:50:00+00:00
1786737300,776.2100219726562,776.4199829101562,775.9199829101562,776.2999877929688,1512056,2026-08-14 19:55:00+00:00
1786973400,776.1799926757812,776.7750244140625,775.4620971679688,775.510009765625,1534766,2026-08-17 13:30:00+00:00
1786973700,775.5098876953125,775.8900146484375,775.3200073242188,775.4398803710938,495067,2026-08-17 13:35:00+00:00
1786974000,775.4500122070312,775.8400268554688,775.3200073242188,775.5650024414062,234312,2026-08-17 13:40:00+00:00
1786974300,775.5599975585938,776.0100708007812,775.1900024414062,775.969970703125,491370,2026-08-17 13:45:00+00:00
1786974600,775.9749755859375,776.0,775.5599975585938,775.8099975585938,256324,2026-08-17 13:50:00+00:00
1786974900,775.8300170898438,775.8300170898438,775.1799926757812,775.29052734375,272021,2026-08-17 13:55:00+00:00
1786975200,775.2650146484375,775.5999755859375,775.02001953125,775.4099731445312,352408,2026-08-17 14:00:00+00:00
1786975500,775.4099731445312,775.5,775.0900268554688,775.4349975585938,324799,2026-08-17 14:05:00+00:00
1786975800,775.4400024414062,775.77001953125,775.3599853515625,775.6599731445312,267380,2026-08-17 14:10:00+00:00
1786976100,775.6599731445312,775.6599731445312,775.2349853515625,775.3300170898438,250538,2026-08-17 14:15:00+00:00
1786976400,775.3499755859375,775.3599853515625,775.02001953125,775.25,208298,2026-08-17 14:20:00+00:00
1786976700,775.260009765625,775.469970703125,775.0,775.4600219726562,303355,2026-08-17 14:25:00+00:00
1786977000,775.4500122070312,775.5899047851562,775.3400268554688,775.5601196289062,262806,2026-08-17 14:30:00+00:00
1786977300,775.5700073242188,775.5700073242188,774.9299926757812,775.0599975585938,247573,2026-08-17 14:35:00+00:00
1786977600,775.0700073242188,775.3400268554688,775.030029296875,775.1212158203125,249271,2026-08-17 14:40:00+00:00
1786977900,775.1400146484375,775.3699951171875,775.1300048828125,775.2849731445312,254667,2026-08-17 14:45:00+00:00
1786978200,775.2899780273438,775.47998046875,774.9000244140625,774.9600219726562,461284,2026-08-17 14:50:00+00:00
1786978500,774.9600219726562,775.2899780273438,774.8900146484375,775.27001953125,327036,2026-08-17 14:55:00+00:00
1786978800,775.27001953125,775.5999755859375,775.1500244140625,775.5,260821,2026-08-17 15:00:00+00:00
1786979100,775.5,775.5999755859375,775.2999877929688,775.3800048828125,202964,2026-08-17 15:05:00+00:00
1786979400,775.3699951171875,775.5700073242188,775.3200073242188,775.3300170898438,171675,2026-08-17 15:10:00+00:00
1786979700,775.3300170898438,775.760009765625,775.2999877929688,775.7000122070312,200356,2026-08-17 15:15:00+00:00
1786980000,775.7000122070312,775.8599853515625,775.6199951171875,775.6699829101562,233700,2026-08-17 15:20:00+00:00
1786980300,775.7000122070312,775.7899780273438,775.530029296875,775.7150268554688,171067,2026-08-17 15:25:00+00:00
1786980600,775.7150268554688,775.8200073242188,775.219970703125,775.2210083007812,208647,2026-08-17 15:30:00+00:00
1786980900,775.239990234375,775.3250122070312,774.969970703125,775.02001953125,265539,2026-08-17 15:35:00+00:00
1786981200,775.010009765625,775.1099853515625,774.7100219726562,775.0999755859375,412020,2026-08-17 15:40:00+00:00
1786981500,775.0999755859375,775.239990234375,775.0150146484375,775.0999755859375,210075,2026-08-17 15:45:00+00:00
1786981800,775.0700073242188,775.4099731445312,775.02001953125,775.3300170898438,250662,2026-08-17 15:50:00+00:00
1786982100,775.3300170898438,775.4400024414062,775.280029296875,775.2999877929688,161832,2026-08-17 15:55:00+00:00
1786982400,775.2949829101562,775.375,775.135009765625,775.219970703125,152249,2026-08-17 16:00:00+00:00
1786982700,775.219970703125,775.3200073242188,775.0599975585938,775.1300048828125,200896,2026-08-17 16:05:00+00:00
1786983000,775.1500244140625,775.4600219726562,775.1300048828125,775.3800048828125,218467,2026-08-17 16:10:00+00:00
1786983300,775.3800048828125,775.5900268554688,775.3599853515625,775.5,142448,2026-08-17 16:15:00+00:00
1786983600,775.510009765625,775.6099853515625,775.3699951171875,775.4199829101562,138618,2026-08-17 16:20:00+00:00
1786983900,775.4000244140625,775.4299926757812,775.2050170898438,775.2899780273438,119019,2026-08-17 16:25:00+00:00
1786984200,775.2999877929688,775.4099731445312,775.0900268554688,775.1099853515625,153351,2026-08-17 16:30:00+00:00
1786984500,775.1099853515625,775.2899780273438,775.0900268554688,775.2899780273438,129886,2026-08-17 16:35:00+00:00
1786984800,775.2899780273438,775.2899780273438,774.9299926757812,774.9400024414062,162965,2026-08-17 16:40:00+00:00
1786985100,774.9450073242188,775.0700073242188,774.8499755859375,775.0050048828125,213328,2026-08-17 16:45:00+00:00
1786985400,775.010009765625,775.0499877929688,774.6500244140625,774.8699951171875,180503,2026-08-17 16:50:00+00:00
1786985700,774.8699951171875,774.9099731445312,774.6099853515625,774.6799926757812,205635,2026-08-17 16:55:00+00:00
1786986000,774.6699829101562,774.780029296875,774.5599975585938,774.6799926757812,203950,2026-08-17 17:00:00+00:00
1786986300,774.6799926757812,774.6799926757812,774.489990234375,774.5599975585938,242930,2026-08-17 17:05:00+00:00
1786986600,774.5599975585938,774.6500244140625,774.2999877929688,774.3099975585938,294702,2026-08-17 17:10:00+00:00
1786986900,774.2899780273438,774.4450073242188,774.0700073242188,774.239990234375,349125,2026-08-17 17:15:00+00:00
1786987200,774.239990234375,774.3200073242188,773.6599731445312,773.75,438645,2026-08-17 17:20:00+00:00
1786987500,773.75,773.7899780273438,773.469970703125,773.5800170898438,357085,2026-08-17 17:25:00+00:00
1786987800,773.5700073242188,773.8599853515625,773.4199829101562,773.4400024414062,401629,2026-08-17 17:30:00+00:00
1786988100,773.4299926757812,773.530029296875,773.14501953125,773.14501953125,274573,2026-08-17 17:35:00+00:00
1786988400,773.1300048828125,773.8400268554688,773.0999755859375,773.780029296875,426708,2026-08-17 17:40:00+00:00
1786988700,773.760986328125,773.844970703125,773.4749755859375,773.5050048828125,209291,2026-08-17 17:45:00+00:00
1786989000,773.510009765625,773.6699829101562,773.4000244140625,773.5549926757812,243333,2026-08-17 17:50:00+00:00
1786989300,773.5598754882812,773.5700073242188,773.3200073242188,773.4099731445312,179368,2026-08-17 17:55:00+00:00
1786989600,773.4199829101562,773.5900268554688,773.280029296875,773.4500122070312,416637,2026-08-17 18:00:00+00:00
1786989900,773.4500122070312,773.6300048828125,773.2999877929688,773.3900146484375,309578,2026-08-17 18:05:00+00:00
1786990200,773.3599853515625,773.75,773.3300170898438,773.6900024414062,260321,2026-08-17 18:10:00+00:00
1786990500,773.6950073242188,773.7999877929688,773.510009765625,773.5789794921875,237162,2026-08-17 18:15:00+00:00
1786990800,773.5599975585938,773.739990234375,773.3900146484375,773.7100219726562,297506,2026-08-17 18:20:00+00:00
1786991100,773.7000122070312,773.7999877929688,773.4199829101562,773.5900268554688,230399,2026-08-17 18:25:00+00:00
1786991400,773.5800170898438,773.6300048828125,773.22998046875,773.260009765625,387643,2026-08-17 18:30:00+00:00
1786991700,773.260009765625,773.489990234375,773.260009765625,773.4799194335938,193441,2026-08-17 18:35:00+00:00
1786992000,773.4500122070312,773.7000122070312,773.4000244140625,773.5999755859375,239373,2026-08-17 18:40:00+00:00
1786992300,773.60498046875,773.780029296875,773.5549926757812,773.719970703125,286347,2026-08-17 18:45:00+00:00
1786992600,773.7150268554688,773.8200073242188,773.5449829101562,773.5999755859375,222482,2026-08-17 18:50:00+00:00
1786992900,773.594970703125,773.635009765625,773.5,773.5349731445312,170976,2026-08-17 18:55:00+00:00
1786993200,773.5349731445312,773.5900268554688,773.2999877929688,773.3200073242188,298525,2026-08-17 19:00:00+00:00
1786993500,773.3300170898438,773.4299926757812,773.260009765625,773.2949829101562,303874,2026-08-17 19:05:00+00:00
1786993800,773.2949829101562,773.4149780273438,773.155029296875,773.2100219726562,579610,2026-08-17 19:10:00+00:00
1786994100,773.2100219726562,773.510009765625,773.1599731445312,773.3800048828125,285425,2026-08-17 19:15:00+00:00
1786994400,773.3900146484375,773.469970703125,773.25,773.280029296875,258956,2026-08-17 19:20:00+00:00
1786994700,773.27001953125,773.4099731445312,773.1199951171875,773.1199951171875,295472,2026-08-17 19:25:00+00:00
1786995000,773.1300048828125,773.1599731445312,772.72998046875,772.9749755859375,624398,2026-08-17 19:30:00+00:00
1786995300,772.97998046875,773.1199951171875,772.8626708984375,773.0150146484375,604289,2026-08-17 19:35:00+00:00
1786995600,773.010009765625,773.0700073242188,772.8099975585938,772.97998046875,583838,2026-08-17 19:40:00+00:00
1786995900,772.97998046875,773.3400268554688,772.969970703125,773.3150024414062,842549,2026-08-17 19:45:00+00:00
1786996200,773.3150024414062,773.3599853515625,772.6199951171875,772.7550048828125,1025199,2026-08-17 19:50:00+00:00
1786996500,772.75,772.9500122070312,772.510009765625,772.6799926757812,4905007,2026-08-17 19:55:00+00:00
1787059800,768.7000122070312,769.4600219726562,767.9099731445312,768.5499877929688,2622640,2026-08-18 13:30:00+00:00
1787060100,768.5499877929688,769.19970703125,768.3099975585938,769.1300048828125,756092,2026-08-18 13:35:00+00:00
1787060400,769.10498046875,769.5,768.719970703125,768.75,636495,2026-08-18 13:40:00+00:00
1787060700,768.72998046875,769.0800170898438,768.3599853515625,768.4500122070312,689642,2026-08-18 13:45:00+00:00
1787061000,768.4600219726562,768.8099975585938,768.2150268554688,768.5599975585938,472300,2026-08-18 13:50:00+00:00
1787061300,768.5800170898438,768.8499755859375,768.1199951171875,768.469970703125,373690,2026-08-18 13:55:00+00:00
1787061600,768.489990234375,769.27001953125,768.1799926757812,768.969970703125,485647,2026-08-18 14:00:00+00:00
1787061900,768.9600219726562,769.2100219726562,768.4450073242188,768.5399780273438,541217,2026-08-18 14:05:00+00:00
1787062200,768.5399780273438,768.5700073242188,767.6300048828125,768.0900268554688,806006,2026-08-18 14:10:00+00:00
1787062500,768.1099853515625,768.8200073242188,767.989990234375,768.5499877929688,508100,2026-08-18 14:15:00+00:00
1787062800,768.5499877929688,768.97998046875,768.0900268554688,768.8099975585938,456557,2026-08-18 14:20:00+00:00
1787063100,768.8200073242188,769.0800170898438,768.5358276367188,768.6599731445312,444417,2026-08-18 14:25:00+00:00
1787063400,768.6400146484375,769.25,768.5700073242188,768.77001953125,387090,2026-08-18 14:30:00+00:00
1787063700,768.77001953125,769.1699829101562,768.72998046875,769.0900268554688,546474,2026-08-18 14:35:00+00:00
1787064000,769.0900268554688,769.2100219726562,768.3800048828125,768.4000244140625,404735,2026-08-18 14:40:00+00:00
1787064300,768.3900146484375,768.5850219726562,768.1799926757812,768.469970703125,375061,2026-08-18 14:45:00+00:00
1787064600,768.4749755859375,768.8049926757812,767.9099731445312,767.9400024414062,497885,2026-08-18 14:50:00+00:00
1787064900,767.9400024414062,768.1300048828125,767.7100219726562,767.9199829101562,469333,2026-08-18 14:55:00+00:00
1787065200,767.9299926757812,768.2949829101562,767.4199829101562,768.219970703125,462120,2026-08-18 15:00:00+00:00
1787065500,768.219970703125,768.3800048828125,767.719970703125,767.77001953125,342508,2026-08-18 15:05:00+00:00
1787065800,767.780029296875,767.9249877929688,767.6400146484375,767.719970703125,301549,2026-08-18 15:10:00+00:00
1787066100,767.72998046875,767.8900146484375,767.469970703125,767.47998046875,348711,2026-08-18 15:15:00+00:00
1787066400,767.4500122070312,767.718017578125,767.3300170898438,767.5499877929688,326194,2026-08-18 15:20:00+00:00
1787066700,767.5399780273438,768.0313720703125,767.4199829101562,767.8400268554688,263936,2026-08-18 15:25:00+00:00
1787067000,767.85498046875,768.1900024414062,767.7349853515625,767.8900146484375,386741,2026-08-18 15:30:00+00:00
1787067300,767.8900146484375,767.9000244140625,767.5999755859375,767.8250122070312,260768,2026-08-18 15:35:00+00:00
1787067600,767.8350219726562,768.2650146484375,767.6900024414062,768.0599975585938,398746,2026-08-18 15:40:00+00:00
1787067900,768.0700073242188,768.5700073242188,768.0700073242188,768.39501953125,416330,2026-08-18 15:45:00+00:00
1787068200,768.3699951171875,768.6300048828125,768.0999755859375,768.489990234375,194237,2026-08-18 15:50:00+00:00
1787068500,768.47998046875,768.5,768.0700073242188,768.3499755859375,229765,2026-08-18 15:55:00+00:00
1787068800,768.3499755859375,768.6500244140625,768.2750244140625,768.5700073242188,198610,2026-08-18 16:00:00+00:00
1787069100,768.5549926757812,768.7100219726562,768.219970703125,768.3699951171875,185821,2026-08-18 16:05:00+00:00
1787069400,768.3699951171875,768.72998046875,768.3699951171875,768.5499877929688,122339,2026-08-18 16:10:00+00:00
1787069700,768.5700073242188,768.6400146484375,768.2210083007812,768.3099975585938,166128,2026-08-18 16:15:00+00:00
1787070000,768.3099975585938,768.8699951171875,768.3099975585938,768.6799926757812,155592,2026-08-18 16:20:00+00:00
1787070300,768.6699829101562,768.7299194335938,768.1400146484375,768.2100219726562,240325,2026-08-18 16:25:00+00:00
1787070600,768.1900024414062,768.4299926757812,768.0700073242188,768.3099975585938,155634,2026-08-18 16:30:00+00:00
1787070900,768.3200073242188,768.5800170898438,768.1649780273438,768.4550170898438,202447,2026-08-18 16:35:00+00:00
1787071200,768.4600219726562,768.5999755859375,768.1900024414062,768.3699951171875,113118,2026-08-18 16:40:00+00:00
1787071500,768.3800048828125,768.8400268554688,768.2000122070312,768.77001953125,168244,2026-08-18 16:45:00+00:00
1787071800,768.77001953125,768.8699951171875,768.64501953125,768.8298950195312,149309,2026-08-18 16:50:00+00:00
1787072100,768.8200073242188,768.8300170898438,768.6199951171875,768.6300048828125,412159,2026-08-18 16:55:00+00:00
1787072400,768.6199951171875,768.6900024414062,768.3699951171875,768.5499877929688,257158,2026-08-18 17:00:00+00:00
1787072700,768.5599975585938,768.760009765625,768.4500122070312,768.760009765625,208302,2026-08-18 17:05:00+00:00
1787073000,768.760009765625,768.8200073242188,768.489990234375,768.6199951171875,126300,2026-08-18 17:10:00+00:00
1787073300,768.6199951171875,768.6400146484375,768.27001953125,768.2999877929688,123137,2026-08-18 17:15:00+00:00
1787073600,768.2999877929688,768.5449829101562,768.239990234375,768.260009765625,149089,2026-08-18 17:20:00+00:00
1787073900,768.260009765625,768.3300170898438,768.0800170898438,768.2999877929688,148242,2026-08-18 17:25:00+00:00
1787074200,768.2899780273438,768.3900146484375,768.0938720703125,768.1900024414062,302759,2026-08-18 17:30:00+00:00
1787074500,768.198974609375,768.3925170898438,768.010009765625,768.219970703125,138634,2026-08-18 17:35:00+00:00
1787074800,768.219970703125,768.2899780273438,768.0599975585938,768.0900268554688,121558,2026-08-18 17:40:00+00:00
1787075100,768.0700073242188,768.2100219726562,767.989990234375,768.010009765625,104516,2026-08-18 17:45:00+00:00
1787075400,768.02001953125,768.1799926757812,767.9500122070312,768.0700073242188,100285,2026-08-18 17:50:00+00:00
1787075700,768.0650024414062,768.0700073242188,767.6099853515625,767.6199951171875,203563,2026-08-18 17:55:00+00:00
1787076000,767.6199951171875,767.72998046875,767.530029296875,767.635009765625,373405,2026-08-18 18:00:00+00:00
1787076300,767.6400146484375,767.760009765625,767.4500122070312,767.489990234375,1146482,2026-08-18 18:05:00+00:00
1787076600,767.5,768.0999755859375,767.4600219726562,768.0599975585938,332283,2026-08-18 18:10:00+00:00
1787076900,768.0700073242188,768.4400024414062,768.0399169921875,768.4099731445312,402236,2026-08-18 18:15:00+00:00
1787077200,768.405029296875,768.5650024414062,768.2100219726562,768.27001953125,250132,2026-08-18 18:20:00+00:00
1787077500,768.2650146484375,768.405029296875,768.10498046875,768.3599853515625,230834,2026-08-18 18:25:00+00:00
1787077800,768.35498046875,768.4099731445312,768.1400146484375,768.2949829101562,225951,2026-08-18 18:30:00+00:00
1787078100,768.3200073242188,768.4299926757812,768.2899780273438,768.3200073242188,177403,2026-08-18 18:35:00+00:00
1787078400,768.3200073242188,768.3599853515625,768.0800170898438,768.0900268554688,221217,2026-08-18 18:40:00+00:00
1787078700,768.0999755859375,768.2000122070312,768.02001953125,768.0599975585938,281604,2026-08-18 18:45:00+00:00
1787079000,768.0499877929688,768.0900268554688,767.7999877929688,767.8099975585938,291691,2026-08-18 18:50:00+00:00
1787079300,767.7999877929688,767.9149780273438,767.6799926757812,767.7000122070312,264171,2026-08-18 18:55:00+00:00
1787079600,767.6900024414062,767.8699951171875,767.6199951171875,767.7449951171875,384418,2026-08-18 19:00:00+00:00
1787079900,767.75,767.9500122070312,767.6500244140625,767.8300170898438,218237,2026-08-18 19:05:00+00:00
1787080200,767.8300170898438,767.9199829101562,767.5599975585938,767.6199951171875,262138,2026-08-18 19:10:00+00:00
1787080500,767.6199951171875,767.8599853515625,767.6099853515625,767.8499755859375,227850,2026-08-18 19:15:00+00:00
1787080800,767.85498046875,768.1500244140625,767.760009765625,768.1500244140625,373300,2026-08-18 19:20:00+00:00
1787081100,768.1300048828125,768.1799926757812,768.0050048828125,768.02001953125,269239,2026-08-18 19:25:00+00:00
1787081400,768.0150146484375,768.219970703125,767.8499755859375,767.8900146484375,418605,2026-08-18 19:30:00+00:00
1787081700,767.8956298828125,768.0599975585938,767.8499755859375,767.9500122070312,351624,2026-08-18 19:35:00+00:00
1787082000,767.9500122070312,767.969970703125,767.719970703125,767.89501953125,562829,2026-08-18 19:40:00+00:00
1787082300,767.8900146484375,767.9600219726562,767.6500244140625,767.8900146484375,986099,2026-08-18 19:45:00+00:00
1787082600,767.8900146484375,767.9400024414062,767.27001953125,767.4149780273438,1662877,2026-08-18 19:50:00+00:00
1787082900,767.4199829101562,767.6699829101562,766.9249877929688,767.3900146484375,5893584,2026-08-18 19:55:00+00:00
1787146200,770.3599853515625,770.6300048828125,769.8599853515625,770.02099609375,2772579,2026-08-19 13:30:00+00:00
1787146500,770.030029296875,770.22998046875,769.4099731445312,769.510009765625,576086,2026-08-19 13:35:00+00:00
1787146800,769.530029296875,770.2999877929688,769.2501220703125,770.0999755859375,491390,2026-08-19 13:40:00+00:00
1787147100,770.1099853515625,770.5999755859375,768.3599853515625,768.543701171875,654143,2026-08-19 13:45:00+00:00
1787147400,768.5598754882812,769.72998046875,768.0999755859375,769.6749877929688,710671,2026-08-19 13:50:00+00:00
1787147700,769.6699829101562,770.375,769.3800048828125,769.989990234375,365577,2026-08-19 13:55:00+00:00
1787148000,770.02001953125,770.260009765625,769.5599975585938,769.64501953125,357200,2026-08-19 14:00:00+00:00
1787148300,769.6300048828125,770.02001953125,769.47998046875,769.7866821289062,301719,2026-08-19 14:05:00+00:00
1787148600,769.7999877929688,769.9697265625,768.72998046875,768.739990234375,531369,2026-08-19 14:10:00+00:00
1787148900,768.739990234375,770.1300048828125,768.72998046875,769.7650146484375,409215,2026-08-19 14:15:00+00:00
1787149200,769.77001953125,770.1699829101562,769.3800048828125,769.5800170898438,230384,2026-08-19 14:20:00+00:00
1787149500,769.5700073242188,770.0650024414062,769.2100219726562,770.030029296875,317779,2026-08-19 14:25:00+00:00
1787149800,769.97998046875,770.4580078125,769.8101806640625,770.1898803710938,318762,2026-08-19 14:30:00+00:00
1787150100,770.1799926757812,771.2999877929688,770.1500244140625,771.1400146484375,505359,2026-08-19 14:35:00+00:00
1787150400,771.155029296875,771.3300170898438,770.8300170898438,771.0595092773438,401978,2026-08-19 14:40:00+00:00
1787150700,771.0700073242188,771.2899780273438,770.6699829101562,770.760009765625,343048,2026-08-19 14:45:00+00:00
1787151000,770.7487182617188,771.6099853515625,770.72998046875,771.3499755859375,295702,2026-08-19 14:50:00+00:00
1787151300,771.364990234375,772.2399291992188,771.3099975585938,772.2000122070312,416878,2026-08-19 14:55:00+00:00
1787151600,772.1950073242188,772.469970703125,772.0147094726562,772.1749877929688,328587,2026-08-19 15:00:00+00:00
1787151900,772.1799926757812,772.260009765625,771.489990234375,771.52001953125,242869,2026-08-19 15:05:00+00:00
1787152200,771.5,771.9500122070312,771.489990234375,771.8200073242188,233858,2026-08-19 15:10:00+00:00
1787152500,771.8150024414062,771.8499755859375,771.4000244140625,771.5050048828125,189957,2026-08-19 15:15:00+00:00
1787152800,771.5,771.594970703125,771.1799926757812,771.182373046875,209185,2026-08-19 15:20:00+00:00
1787153100,771.1900024414062,771.25,770.8800048828125,771.1087036132812,429972,2026-08-19 15:25:00+00:00
1787153400,771.1300048828125,771.1799926757812,770.75,770.7899780273438,205650,2026-08-19 15:30:00+00:00
1787153700,770.8099975585938,770.919921875,770.3900146484375,770.5349731445312,259272,2026-08-19 15:35:00+00:00
1787154000,770.5300903320312,770.5300903320312,770.0700073242188,770.4998779296875,753451,2026-08-19 15:40:00+00:00
1787154300,770.5,770.8800048828125,770.3800048828125,770.3875122070312,223318,2026-08-19 15:45:00+00:00
1787154600,770.4000244140625,770.5399780273438,770.0800170898438,770.1400146484375,309116,2026-08-19 15:50:00+00:00
1787154900,770.1099853515625,770.6400146484375,770.0700073242188,770.6209106445312,172805,2026-08-19 15:55:00+00:00
1787155200,770.6400146484375,771.3200073242188,770.4000244140625,771.2999877929688,215066,2026-08-19 16:00:00+00:00
1787155500,771.3101196289062,771.60498046875,771.2100219726562,771.52001953125,203134,2026-08-19 16:05:00+00:00
1787155800,771.52001953125,771.6599731445312,771.4650268554688,771.5499877929688,160110,2026-08-19 16:10:00+00:00
1787156100,771.5499877929688,771.989990234375,771.4400024414062,771.8300170898438,252767,2026-08-19 16:15:00+00:00
1787156400,771.8300170898438,771.8499755859375,771.3599853515625,771.4199829101562,166996,2026-08-19 16:20:00+00:00
1787156700,771.4199829101562,771.4299926757812,770.6699829101562,770.6699829101562,195941,2026-08-19 16:25:00+00:00
1787157000,770.6799926757812,770.7550048828125,770.4199829101562,770.739990234375,592691,2026-08-19 16:30:00+00:00
1787157300,770.72998046875,770.7349853515625,770.2781982421875,770.52001953125,376918,2026-08-19 16:35:00+00:00
1787157600,770.52001953125,770.5399780273438,770.25,770.39501953125,188831,2026-08-19 16:40:00+00:00
1787157900,770.3900146484375,770.4500122070312,770.1199951171875,770.1799926757812,320128,2026-08-19 16:45:00+00:00
1787158200,770.1799926757812,770.1799926757812,769.739990234375,769.885009765625,281749,2026-08-19 16:50:00+00:00
1787158500,769.8800048828125,769.8800048828125,769.5,769.6799926757812,266580,2026-08-19 16:55:00+00:00
1787158800,769.6900024414062,770.1099853515625,769.5999755859375,769.9099731445312,299283,2026-08-19 17:00:00+00:00
1787159100,769.9099731445312,770.22900390625,769.4600219726562,769.489990234375,197155,2026-08-19 17:05:00+00:00
1787159400,769.530029296875,770.0700073242188,769.5250854492188,769.8250122070312,188068,2026-08-19 17:10:00+00:00
1787159700,769.8250122070312,769.969970703125,769.4600219726562,769.4600219726562,133715,2026-08-19 17:15:00+00:00
1787160000,769.469970703125,769.530029296875,769.02001953125,769.2899780273438,462496,2026-08-19 17:20:00+00:00
1787160300,769.25,769.6699829101562,769.2150268554688,769.5700073242188,138959,2026-08-19 17:25:00+00:00
1787160600,769.5800170898438,769.6599731445312,769.2000122070312,769.2050170898438,226553,2026-08-19 17:30:00+00:00
1787160900,769.2000122070312,769.469970703125,769.1599731445312,769.2449951171875,179273,2026-08-19 17:35:00+00:00
1787161200,769.25,769.7598876953125,769.22998046875,769.5889892578125,232366,2026-08-19 17:40:00+00:00
1787161500,769.5999755859375,769.7999877929688,769.510009765625,769.5300903320312,153701,2026-08-19 17:45:00+00:00
1787161800,769.5599975585938,769.8900146484375,769.469970703125,769.6099853515625,131694,2026-08-19 17:50:00+00:00
1787162100,769.6199951171875,769.6300048828125,769.3800048828125,769.5076293945312,214806,2026-08-19 17:55:00+00:00
1787162400,769.530029296875,770.5499877929688,769.4000244140625,770.1300048828125,344237,2026-08-19 18:00:00+00:00
1787162700,770.1099853515625,770.25,768.9600219726562,769.0009765625,355048,2026-08-19 18:05:00+00:00
1787163000,768.97998046875,769.7100219726562,768.97998046875,769.4299926757812,219193,2026-08-19 18:10:00+00:00
1787163300,769.4450073242188,769.489990234375,769.0499877929688,769.3099975585938,359299,2026-08-19 18:15:00+00:00
1787163600,769.2899780273438,769.47998046875,769.1737060546875,769.3099975585938,219192,2026-08-19 18:20:00+00:00
1787163900,769.2899780273438,769.6099853515625,769.239990234375,769.5800170898438,169152,2026-08-19 18:25:00+00:00
1787164200,769.5800170898438,770.02001953125,769.5800170898438,769.9199829101562,246735,2026-08-19 18:30:00+00:00
1787164500,769.9298706054688,769.9400024414062,769.6799926757812,769.7899780273438,112470,2026-08-19 18:35:00+00:00
1787164800,769.7650146484375,770.0900268554688,769.7100219726562,769.8099975585938,274173,2026-08-19 18:40:00+00:00
1787165100,769.8099975585938,769.8400268554688,769.5848999023438,769.8250122070312,169729,2026-08-19 18:45:00+00:00
1787165400,769.8250122070312,769.8699951171875,769.47998046875,769.6506958007812,424967,2026-08-19 18:50:00+00:00
1787165700,769.6699829101562,769.739990234375,769.4849853515625,769.5150146484375,163110,2026-08-19 18:55:00+00:00
1787166000,769.530029296875,769.7999877929688,769.4299926757812,769.6099853515625,205676,2026-08-19 19:00:00+00:00
1787166300,769.614990234375,769.989990234375,769.5,769.9000244140625,290410,2026-08-19 19:05:00+00:00
1787166600,769.9000244140625,769.9500122070312,769.6849975585938,769.7100219726562,130313,2026-08-19 19:10:00+00:00
1787166900,769.7100219726562,770.0194702148438,769.5999755859375,770.010009765625,607852,2026-08-19 19:15:00+00:00
1787167200,770.010009765625,770.02001953125,769.6799926757812,769.9400024414062,553735,2026-08-19 19:20:00+00:00
1787167500,769.9299926757812,770.02001953125,769.5800170898438,769.6300048828125,637699,2026-08-19 19:25:00+00:00
1787167800,769.6500244140625,770.3800048828125,769.6099853515625,770.1799926757812,457266,2026-08-19 19:30:00+00:00
1787168100,770.1799926757812,770.1900024414062,769.1699829101562,769.1749877929688,789867,2026-08-19 19:35:00+00:00
1787168400,769.1699829101562,769.389404296875,768.9849853515625,769.0,361742,2026-08-19 19:40:00+00:00
1787168700,769.0,769.1199951171875,768.530029296875,768.760009765625,649946,2026-08-19 19:45:00+00:00
1787169000,768.760009765625,768.8599853515625,768.2899780273438,768.719970703125,937871,2026-08-19 19:50:00+00:00
1787169300,768.7100219726562,769.0999755859375,768.2000122070312,769.0900268554688,4596251,2026-08-19 19:55:00+00:00
1787232600,765.9600219726562,767.0999755859375,765.8599853515625,767.0499877929688,1861245,2026-08-20 13:30:00+00:00
1787232900,767.0599975585938,767.719970703125,766.6599731445312,767.2999877929688,936615,2026-08-20 13:35:00+00:00
1787233200,767.3200073242188,767.75,766.6400146484375,767.364990234375,448531,2026-08-20 13:40:00+00:00
1787233500,767.3699951171875,767.5,766.6099853515625,767.1500244140625,619548,2026-08-20 13:45:00+00:00
1787233800,767.1500244140625,767.260009765625,766.4400024414062,766.9600219726562,482422,2026-08-20 13:50:00+00:00
1787234100,766.97998046875,767.3200073242188,766.1599731445312,766.5499877929688,415264,2026-08-20 13:55:00+00:00
1787234400,766.5,766.9199829101562,765.97998046875,765.9801025390625,346518,2026-08-20 14:00:00+00:00
1787234700,765.989990234375,766.6599731445312,765.8699951171875,766.64501953125,445379,2026-08-20 14:05:00+00:00
1787235000,766.6799926757812,766.760009765625,765.9299926757812,765.9956665039062,399204,2026-08-20 14:10:00+00:00
1787235300,765.969970703125,766.135009765625,765.3900146484375,765.4400024414062,532728,2026-08-20 14:15:00+00:00
1787235600,765.4398803710938,766.9500122070312,765.3599853515625,766.75,491794,2026-08-20 14:20:00+00:00
1787235900,766.7691040039062,766.8300170898438,765.969970703125,766.219970703125,264369,2026-08-20 14:25:00+00:00
1787236200,766.2050170898438,766.8200073242188,766.010009765625,766.10498046875,250402,2026-08-20 14:30:00+00:00
1787236500,766.1099853515625,767.1649780273438,765.9299926757812,766.969970703125,241881,2026-08-20 14:35:00+00:00
1787236800,766.9600219726562,767.260009765625,766.5700073242188,767.1699829101562,538852,2026-08-20 14:40:00+00:00
1787237100,767.1599731445312,767.47998046875,766.6199951171875,766.72998046875,374604,2026-08-20 14:45:00+00:00
1787237400,766.739990234375,767.25,766.5999755859375,766.7000122070312,245764,2026-08-20 14:50:00+00:00
1787237700,766.719970703125,767.2349853515625,766.47998046875,767.1500244140625,266129,2026-08-20 14:55:00+00:00
1787238000,767.1699829101562,768.1500244140625,767.1220703125,767.9199829101562,903821,2026-08-20 15:00:00+00:00
1787238300,767.8800048828125,767.9000244140625,766.3599853515625,766.5599975585938,708991,2026-08-20 15:05:00+00:00
1787238600,766.52001953125,767.0,766.0599975585938,766.7899780273438,657901,2026-08-20 15:10:00+00:00
1787238900,766.7750244140625,767.0800170898438,766.4000244140625,766.77001953125,348262,2026-08-20 15:15:00+00:00
1787239200,766.72998046875,766.780029296875,765.969970703125,766.2899780273438,556408,2026-08-20 15:20:00+00:00
1787239500,766.2750244140625,766.7999877929688,766.0,766.75,361681,2026-08-20 15:25:00+00:00
1787239800,766.739990234375,766.8699951171875,765.8300170898438,765.97998046875,260742,2026-08-20 15:30:00+00:00
1787240100,765.989990234375,766.1300048828125,765.5499877929688,765.5549926757812,580915,2026-08-20 15:35:00+00:00
1787240400,765.5499877929688,765.8499755859375,765.3099975585938,765.3599853515625,308538,2026-08-20 15:40:00+00:00
1787240700,765.3499755859375,765.719970703125,765.22998046875,765.530029296875,334990,2026-08-20 15:45:00+00:00
1787241000,765.5399780273438,766.030029296875,765.4299926757812,765.8499755859375,387050,2026-08-20 15:50:00+00:00
1787241300,765.8699951171875,766.0050048828125,765.6199951171875,765.8400268554688,290791,2026-08-20 15:55:00+00:00
1787241600,765.8400268554688,766.0900268554688,765.47998046875,765.5899047851562,302130,2026-08-20 16:00:00+00:00
1787241900,765.5800170898438,766.02001953125,765.530029296875,766.02001953125,176474,2026-08-20 16:05:00+00:00
1787242200,766.0098876953125,766.0800170898438,765.4650268554688,765.5150146484375,193733,2026-08-20 16:10:00+00:00
1787242500,765.489990234375,765.665283203125,765.4500122070312,765.6099853515625,156878,2026-08-20 16:15:00+00:00
1787242800,765.6099853515625,766.0800170898438,765.4600219726562,765.9299926757812,342804,2026-08-20 16:20:00+00:00
1787243100,765.9099731445312,766.0349731445312,765.6300048828125,765.7449951171875,159033,2026-08-20 16:25:00+00:00
1787243400,765.739990234375,766.1199951171875,765.3599853515625,766.0800170898438,168451,2026-08-20 16:30:00+00:00
1787243700,766.0900268554688,766.3800048828125,766.0,766.2999877929688,193454,2026-08-20 16:35:00+00:00
1787244000,766.2899780273438,766.6400146484375,766.280029296875,766.6400146484375,264812,2026-08-20 16:40:00+00:00
1787244300,766.6300048828125,766.6300048828125,766.3099975585938,766.3699951171875,302471,2026-08-20 16:45:00+00:00
1787244600,766.375,766.6199951171875,766.1199951171875,766.1799926757812,198469,2026-08-20 16:50:00+00:00
1787244900,766.1699829101562,766.5,766.02001953125,766.4199829101562,240863,2026-08-20 16:55:00+00:00
1787245200,766.3900146484375,766.4299926757812,765.9600219726562,766.0700073242188,203595,2026-08-20 17:00:00+00:00
1787245500,766.0399780273438,766.0499877929688,765.5999755859375,765.6799926757812,264638,2026-08-20 17:05:00+00:00
1787245800,765.6799926757812,765.8300170898438,765.489990234375,765.52001953125,312538,2026-08-20 17:10:00+00:00
1787246100,765.530029296875,765.5399780273438,764.8400268554688,764.8599853515625,416957,2026-08-20 17:15:00+00:00
1787246400,764.8499755859375,765.260009765625,764.7899780273438,765.02001953125,354371,2026-08-20 17:20:00+00:00
1787246700,765.0,765.0900268554688,764.7100219726562,764.780029296875,274481,2026-08-20 17:25:00+00:00
1787247000,764.780029296875,764.8900146484375,764.5599975585938,764.606689453125,275149,2026-08-20 17:30:00+00:00
1787247300,764.6099853515625,764.780029296875,764.2999877929688,764.4749755859375,281544,2026-08-20 17:35:00+00:00
1787247600,764.4600219726562,764.52001953125,764.22998046875,764.4500122070312,285937,2026-08-20 17:40:00+00:00
1787247900,764.4500122070312,764.8400268554688,764.4000244140625,764.719970703125,295092,2026-08-20 17:45:00+00:00
1787248200,764.7100830078125,765.010009765625,764.6900024414062,764.7689819335938,252014,2026-08-20 17:50:00+00:00
1787248500,764.77001953125,764.8400268554688,764.52001953125,764.5399780273438,232520,2026-08-20 17:55:00+00:00
1787248800,764.5499877929688,764.5499877929688,764.02001953125,764.0999755859375,372938,2026-08-20 18:00:00+00:00
1787249100,764.0999755859375,764.1500244140625,763.5850219726562,763.7249755859375,384327,2026-08-20 18:05:00+00:00
1787249400,763.719970703125,763.7750244140625,763.3499755859375,763.5800170898438,506521,2026-08-20 18:10:00+00:00
1787249700,763.5800170898438,763.7100219726562,763.1500244140625,763.6799926757812,556079,2026-08-20 18:15:00+00:00
1787250000,763.6900024414062,763.9450073242188,763.590087890625,763.6199951171875,331078,2026-08-20 18:20:00+00:00
1787250300,763.6199951171875,763.719970703125,763.4400024414062,763.5599975585938,234431,2026-08-20 18:25:00+00:00
1787250600,763.5650024414062,763.6300048828125,763.25,763.3200073242188,305119,2026-08-20 18:30:00+00:00
1787250900,763.3099975585938,763.6199951171875,763.2899780273438,763.4199829101562,285566,2026-08-20 18:35:00+00:00
1787251200,763.4099731445312,763.6199951171875,763.2100219726562,763.5527954101562,277240,2026-08-20 18:40:00+00:00
1787251500,763.5599975585938,763.8499755859375,763.4099731445312,763.7100219726562,400838,2026-08-20 18:45:00+00:00
1787251800,763.7100219726562,763.7750244140625,763.510009765625,763.6060180664062,488047,2026-08-20 18:50:00+00:00
1787252100,763.5900268554688,763.760009765625,763.239990234375,763.239990234375,388955,2026-08-20 18:55:00+00:00
1787252400,763.25,763.4600219726562,763.1699829101562,763.4199829101562,424049,2026-08-20 19:00:00+00:00
1787252700,763.4000244140625,763.7150268554688,763.2899780273438,763.6199951171875,417845,2026-08-20 19:05:00+00:00
1787253000,763.6400146484375,763.6699829101562,763.3900146484375,763.5399780273438,378938,2026-08-20 19:10:00+00:00
1787253300,763.530029296875,763.7999877929688,763.260009765625,763.3400268554688,395078,2026-08-20 19:15:00+00:00
1787253600,763.3499755859375,763.760009765625,763.22998046875,763.6500244140625,498238,2026-08-20 19:20:00+00:00
1787253900,763.6199951171875,763.72998046875,763.4400024414062,763.489990234375,477204,2026-08-20 19:25:00+00:00
1787254200,763.47998046875,763.510009765625,763.0399780273438,763.1900024414062,938372,2026-08-20 19:30:00+00:00
1787254500,763.1900024414062,763.6500244140625,763.0999755859375,763.5,878204,2026-08-20 19:35:00+00:00
1787254800,763.5,763.5698852539062,762.969970703125,763.0999755859375,875171,2026-08-20 19:40:00+00:00
1787255100,763.0999755859375,763.4000244140625,762.8099975585938,763.3699951171875,1420528,2026-08-20 19:45:00+00:00
1787255400,763.3699951171875,763.4199829101562,762.760009765625,762.9099731445312,1367383,2026-08-20 19:50:00+00:00
1787255700,762.9199829101562,763.0,762.0399780273438,762.6400146484375,5284942,2026-08-20 19:55:00+00:00
1787319000,766.0499877929688,766.1400146484375,764.8300170898438,764.8599243164062,2183133,2026-08-21 13:30:00+00:00
1787319300,764.8699951171875,765.1900024414062,764.6199951171875,765.0900268554688,936515,2026-08-21 13:35:00+00:00
1787319600,765.1199951171875,765.27001953125,764.780029296875,765.1599731445312,694462,2026-08-21 13:40:00+00:00
1787319900,765.1599731445312,765.4199829101562,764.6799926757812,764.9600219726562,636844,2026-08-21 13:45:00+00:00
1787320200,764.969970703125,765.2449951171875,764.1699829101562,764.4199829101562,409975,2026-08-21 13:50:00+00:00
1787320500,764.4199829101562,764.8300170898438,764.2899780273438,764.5123901367188,338253,2026-08-21 13:55:00+00:00
1787320800,764.530029296875,764.9600219726562,764.530029296875,764.9299926757812,266966,2026-08-21 14:00:00+00:00
1787321100,764.9398803710938,765.530029296875,764.9099731445312,765.239990234375,394655,2026-08-21 14:05:00+00:00
1787321400,765.260009765625,765.4550170898438,764.5999755859375,764.7100219726562,271319,2026-08-21 14:10:00+00:00
1787321700,764.7000122070312,765.0599975585938,764.5700073242188,764.6300048828125,373509,2026-08-21 14:15:00+00:00
1787322000,764.6300048828125,765.2050170898438,764.4500122070312,764.7501220703125,1395844,2026-08-21 14:20:00+00:00
1787322300,764.7550048828125,765.0999755859375,764.5999755859375,764.6500244140625,295025,2026-08-21 14:25:00+00:00
1787322600,764.6500244140625,764.8800048828125,764.47998046875,764.5,202029,2026-08-21 14:30:00+00:00
1787322900,764.489990234375,764.64501953125,764.219970703125,764.3800048828125,307472,2026-08-21 14:35:00+00:00
1787323200,764.364990234375,764.8699951171875,764.2150268554688,764.6199951171875,256214,2026-08-21 14:40:00+00:00
1787323500,764.5900268554688,765.0900268554688,764.5300903320312,765.030029296875,258973,2026-08-21 14:45:00+00:00
1787323800,765.0399780273438,765.2999877929688,764.8699951171875,765.0637817382812,204246,2026-08-21 14:50:00+00:00
1787324100,765.0499877929688,765.8350219726562,764.9500122070312,765.8151245117188,314945,2026-08-21 14:55:00+00:00
1787324400,765.8099975585938,766.4000244140625,765.739990234375,766.239990234375,828488,2026-08-21 15:00:00+00:00
1787324700,766.25,766.4099731445312,765.7999877929688,765.8400268554688,426005,2026-08-21 15:05:00+00:00
1787325000,765.85498046875,766.0401000976562,765.6799926757812,765.7000122070312,184850,2026-08-21 15:10:00+00:00
1787325300,765.7050170898438,765.969970703125,765.5399780273438,765.60498046875,311709,2026-08-21 15:15:00+00:00
1787325600,765.5999755859375,765.8699951171875,765.4550170898438,765.510009765625,271128,2026-08-21 15:20:00+00:00
1787325900,765.510009765625,766.02001953125,765.4550170898438,765.9550170898438,366942,2026-08-21 15:25:00+00:00
1787326200,765.9600219726562,766.489990234375,765.8200073242188,766.489990234375,3359717,2026-08-21 15:30:00+00:00
1787326500,766.47998046875,767.0584106445312,766.4400024414062,767.0584106445312,369121,2026-08-21 15:35:00+00:00
1787326800,767.0499877929688,767.4400024414062,766.9199829101562,767.2999877929688,356768,2026-08-21 15:40:00+00:00
1787327100,767.3099975585938,767.4500122070312,766.9400024414062,767.010009765625,326336,2026-08-21 15:45:00+00:00
1787327400,767.0206298828125,767.8499755859375,767.00048828125,767.6734008789062,242298,2026-08-21 15:50:00+00:00
1787327700,767.6699829101562,767.6900024414062,767.0798950195312,767.2000122070312,330383,2026-08-21 15:55:00+00:00
1787328000,767.2000122070312,767.3298950195312,766.6400146484375,766.739990234375,421378,2026-08-21 16:00:00+00:00
1787328300,766.75,766.75,766.2899780273438,766.3499755859375,442629,2026-08-21 16:05:00+00:00
1787328600,766.3400268554688,766.5900268554688,766.239990234375,766.239990234375,258800,2026-08-21 16:10:00+00:00
1787328900,766.239990234375,766.6599731445312,765.9099731445312,766.02001953125,1156821,2026-08-21 16:15:00+00:00
1787329200,766.010009765625,767.0050048828125,765.8699951171875,766.1950073242188,510661,2026-08-21 16:20:00+00:00
1787329500,766.2000122070312,766.5800170898438,766.1300048828125,766.5150146484375,149120,2026-08-21 16:25:00+00:00
1787329800,766.510009765625,766.530029296875,766.030029296875,766.030029296875,181668,2026-08-21 16:30:00+00:00
1787330100,766.030029296875,766.5700073242188,766.0250244140625,766.5499877929688,289266,2026-08-21 16:35:00+00:00
1787330400,766.5499877929688,766.5599975585938,766.2849731445312,766.375,160418,2026-08-21 16:40:00+00:00
1787330700,766.3699951171875,766.3699951171875,766.0999755859375,766.1699829101562,171097,2026-08-21 16:45:00+00:00
1787331000,766.1599731445312,766.1799926757812,765.8099975585938,766.02001953125,497354,2026-08-21 16:50:00+00:00
1787331300,766.010009765625,766.4299926757812,765.9550170898438,766.3900146484375,222703,2026-08-21 16:55:00+00:00
1787331600,766.3900146484375,766.4650268554688,766.22998046875,766.27001953125,166320,2026-08-21 17:00:00+00:00
1787331900,766.280029296875,766.530029296875,766.1599731445312,766.3699951171875,192721,2026-08-21 17:05:00+00:00
1787332200,766.3699951171875,766.3699951171875,766.0999755859375,766.2188720703125,140492,2026-08-21 17:10:00+00:00
1787332500,766.219970703125,766.2999877929688,766.0900268554688,766.1599731445312,251335,2026-08-21 17:15:00+00:00
1787332800,766.1500244140625,766.2000122070312,765.72998046875,765.8400268554688,457856,2026-08-21 17:20:00+00:00
1787333100,765.843994140625,766.010009765625,765.7050170898438,765.7999877929688,211275,2026-08-21 17:25:00+00:00
1787333400,765.8200073242188,765.9000244140625,765.5394897460938,765.5394897460938,193141,2026-08-21 17:30:00+00:00
1787333700,765.52001953125,765.8150024414062,765.5,765.5750122070312,133709,2026-08-21 17:35:00+00:00
1787334000,765.5750122070312,765.7100219726562,765.469970703125,765.655029296875,134439,2026-08-21 17:40:00+00:00
1787334300,765.7000122070312,765.8800048828125,765.5850219726562,765.7100219726562,144525,2026-08-21 17:45:00+00:00
1787334600,765.697998046875,765.760009765625,765.510009765625,765.5800170898438,137048,2026-08-21 17:50:00+00:00
1787334900,765.5800170898438,765.5800170898438,765.4299926757812,765.4299926757812,173800,2026-08-21 17:55:00+00:00
1787335200,765.4400024414062,765.7349853515625,765.3499755859375,765.6699829101562,289550,2026-08-21 18:00:00+00:00
1787335500,765.6699829101562,765.6799926757812,765.2999877929688,765.3150024414062,153182,2026-08-21 18:05:00+00:00
1787335800,765.3099975585938,765.5499877929688,765.2849731445312,765.3400268554688,175619,2026-08-21 18:10:00+00:00
1787336100,765.3499755859375,765.530029296875,765.3099975585938,765.469970703125,179232,2026-08-21 18:15:00+00:00
1787336400,765.4600219726562,765.614990234375,765.4099731445312,765.4949951171875,121496,2026-08-21 18:20:00+00:00
1787336700,765.5,765.530029296875,765.260009765625,765.2849731445312,125743,2026-08-21 18:25:00+00:00
1787337000,765.27001953125,765.3699951171875,765.0599975585938,765.1749877929688,241643,2026-08-21 18:30:00+00:00
1787337300,765.1799926757812,765.3400268554688,765.1799926757812,765.2301025390625,146811,2026-08-21 18:35:00+00:00
1787337600,765.2349853515625,765.52001953125,765.2100219726562,765.3900146484375,208006,2026-08-21 18:40:00+00:00
1787337900,765.39501953125,765.7000122070312,765.3150024414062,765.6561279296875,271561,2026-08-21 18:45:00+00:00
1787338200,765.6599731445312,765.97998046875,765.6599731445312,765.8900146484375,409399,2026-08-21 18:50:00+00:00
1787338500,765.8900146484375,766.22998046875,765.7899780273438,766.197509765625,365782,2026-08-21 18:55:00+00:00
1787338800,766.2000122070312,766.364990234375,766.010009765625,766.0302734375,587367,2026-08-21 19:00:00+00:00
1787339100,766.0349731445312,766.3300170898438,766.0,766.0999755859375,297398,2026-08-21 19:05:00+00:00
1787339400,766.0900268554688,766.0999755859375,765.8699951171875,766.0449829101562,237724,2026-08-21 19:10:00+00:00
1787339700,766.0449829101562,766.1199951171875,765.8499755859375,765.969970703125,518302,2026-08-21 19:15:00+00:00
1787340000,765.9650268554688,766.22998046875,765.8699951171875,766.2000732421875,250765,2026-08-21 19:20:00+00:00
1787340300,766.2050170898438,766.2100219726562,765.9500122070312,766.0499877929688,225112,2026-08-21 19:25:00+00:00
1787340600,766.0499877929688,766.3150024414062,766.02001953125,766.0845947265625,324330,2026-08-21 19:30:00+00:00
1787340900,766.0900268554688,766.3699951171875,765.9749755859375,766.2750244140625,403725,2026-08-21 19:35:00+00:00
1787341200,766.27001953125,766.4849853515625,766.0900268554688,766.469970703125,725547,2026-08-21 19:40:00+00:00
1787341500,766.4600219726562,766.7999877929688,766.3800048828125,766.6699829101562,969624,2026-08-21 19:45:00+00:00
1787341800,766.6500244140625,766.6599731445312,765.8499755859375,765.9000244140625,898459,2026-08-21 19:50:00+00:00
1787342100,765.8900146484375,766.2349853515625,765.3400268554688,765.6500244140625,2638693,2026-08-21 19:55:00+00:00
1787578200,764.780029296875,764.8099975585938,763.2000122070312,763.4500122070312,2161631,2026-08-24 13:30:00+00:00
1787578500,763.510009765625,763.8200073242188,762.969970703125,763.3599853515625,468492,2026-08-24 13:35:00+00:00
1787578800,763.3699951171875,763.72998046875,762.1900024414062,762.1900024414062,577255,2026-08-24 13:40:00+00:00
1787579100,762.1900024414062,763.5900268554688,762.0800170898438,763.10498046875,842395,2026-08-24 13:45:00+00:00
1787579400,763.1099853515625,763.530029296875,762.739990234375,763.47998046875,409135,2026-08-24 13:50:00+00:00
1787579700,763.469970703125,763.6599731445312,763.2399291992188,763.3900146484375,395002,2026-08-24 13:55:00+00:00
1787580000,763.4099731445312,763.9450073242188,762.7999877929688,762.969970703125,555214,2026-08-24 14:00:00+00:00
1787580300,762.97998046875,763.2000122070312,762.6199951171875,762.8900146484375,226955,2026-08-24 14:05:00+00:00
1787580600,762.9099731445312,763.02001953125,762.5,762.97998046875,243334,2026-08-24 14:10:00+00:00
1787580900,762.97998046875,763.0599975585938,762.6500244140625,762.8699951171875,211854,2026-08-24 14:15:00+00:00
1787581200,762.8599853515625,763.5089721679688,762.7999877929688,762.8499755859375,578408,2026-08-24 14:20:00+00:00
1787581500,762.8699951171875,763.14501953125,762.6699829101562,762.9199829101562,1048163,2026-08-24 14:25:00+00:00
1787581800,762.9199829101562,763.75,762.780029296875,763.6199951171875,301253,2026-08-24 14:30:00+00:00
1787582100,763.6199951171875,763.885009765625,763.5599975585938,763.7000122070312,193939,2026-08-24 14:35:00+00:00
1787582400,763.7000122070312,764.1099853515625,763.50341796875,763.7000122070312,2476986,2026-08-24 14:40:00+00:00
1787582700,763.6849975585938,763.8800048828125,763.469970703125,763.8800048828125,378023,2026-08-24 14:45:00+00:00
1787583000,763.8699951171875,763.9299926757812,763.4249877929688,763.6199951171875,211239,2026-08-24 14:50:00+00:00
1787583300,763.625,763.9600219726562,763.52001953125,763.6400146484375,310423,2026-08-24 14:55:00+00:00
1787583600,763.6400146484375,763.8200073242188,763.02001953125,763.0599975585938,232119,2026-08-24 15:00:00+00:00
1787583900,763.0599975585938,763.0800170898438,762.780029296875,762.989990234375,230631,2026-08-24 15:05:00+00:00
1787584200,762.97998046875,763.1751098632812,762.7000122070312,762.75,218279,2026-08-24 15:10:00+00:00
1787584500,762.739990234375,762.8198852539062,762.6307983398438,762.6799926757812,138358,2026-08-24 15:15:00+00:00
1787584800,762.6749877929688,763.1900024414062,762.3699951171875,763.1500244140625,408099,2026-08-24 15:20:00+00:00
1787585100,763.1500854492188,764.0062255859375,763.0700073242188,763.7401123046875,480586,2026-08-24 15:25:00+00:00
1787585400,763.739990234375,764.0,763.4000244140625,763.8400268554688,356346,2026-08-24 15:30:00+00:00
1787585700,763.85498046875,764.1599731445312,763.7000122070312,764.0250244140625,264624,2026-08-24 15:35:00+00:00
1787586000,764.030029296875,764.4199829101562,764.0200805664062,764.253173828125,274454,2026-08-24 15:40:00+00:00
1787586300,764.27001953125,764.72998046875,764.2650146484375,764.280029296875,303002,2026-08-24 15:45:00+00:00
1787586600,764.2899780273438,764.6099853515625,764.2849731445312,764.3099975585938,157315,2026-08-24 15:50:00+00:00
1787586900,764.2999877929688,764.530029296875,764.1799926757812,764.5200805664062,272226,2026-08-24 15:55:00+00:00
1787587200,764.52001953125,765.1300048828125,764.4299926757812,764.9500122070312,428076,2026-08-24 16:00:00+00:00
1787587500,764.9500122070312,764.989990234375,764.4600219726562,764.469970703125,163853,2026-08-24 16:05:00+00:00
1787587800,764.4849853515625,764.6599731445312,764.4299926757812,764.6488037109375,108004,2026-08-24 16:10:00+00:00
1787588100,764.6400146484375,765.1588134765625,764.6099853515625,765.0499877929688,245039,2026-08-24 16:15:00+00:00
1787588400,765.0499267578125,765.219970703125,764.7999877929688,764.8699951171875,245677,2026-08-24 16:20:00+00:00
1787588700,764.8699951171875,765.0018920898438,764.7999877929688,764.8900146484375,174251,2026-08-24 16:25:00+00:00
1787589000,764.9099731445312,765.0,764.5003051757812,764.5701293945312,274900,2026-08-24 16:30:00+00:00
1787589300,764.5800170898438,764.7100219726562,764.3350219726562,764.3499755859375,143081,2026-08-24 16:35:00+00:00
1787589600,764.3499755859375,764.4099731445312,764.1900024414062,764.3099975585938,287270,2026-08-24 16:40:00+00:00
1787589900,764.3300170898438,764.4000244140625,764.1400146484375,764.3499755859375,143128,2026-08-24 16:45:00+00:00
1787590200,764.3599853515625,764.469482421875,764.1300048828125,764.2100219726562,129084,2026-08-24 16:50:00+00:00
1787590500,764.2299194335938,764.3200073242188,764.1199951171875,764.1900024414062,131861,2026-08-24 16:55:00+00:00
1787590800,764.2000122070312,764.2100219726562,763.8699951171875,764.010009765625,135437,2026-08-24 17:00:00+00:00
1787591100,763.989990234375,764.655029296875,763.9500122070312,764.4500122070312,194862,2026-08-24 17:05:00+00:00
1787591400,764.4500122070312,764.780029296875,764.3099975585938,764.52001953125,314038,2026-08-24 17:10:00+00:00
1787591700,764.5,764.5999755859375,764.0499877929688,764.1199951171875,164433,2026-08-24 17:15:00+00:00
1787592000,764.1300048828125,764.1599731445312,763.5,763.5650024414062,337394,2026-08-24 17:20:00+00:00
1787592300,763.5700073242188,763.719970703125,763.3350219726562,763.4000244140625,193172,2026-08-24 17:25:00+00:00
1787592600,763.3800048828125,763.5700073242188,763.27001953125,763.3001098632812,192457,2026-08-24 17:30:00+00:00
1787592900,763.2999877929688,763.3900146484375,763.1400146484375,763.3900146484375,161284,2026-08-24 17:35:00+00:00
1787593200,763.4000244140625,763.4500122070312,763.10498046875,763.10498046875,221499,2026-08-24 17:40:00+00:00
1787593500,763.1099853515625,763.2899780273438,763.0499877929688,763.239990234375,173204,2026-08-24 17:45:00+00:00
1787593800,763.239990234375,763.510009765625,763.1300048828125,763.2000122070312,168380,2026-08-24 17:50:00+00:00
1787594100,763.2050170898438,763.3800048828125,763.1201171875,763.2899780273438,226742,2026-08-24 17:55:00+00:00
1787594400,763.3099975585938,763.6599731445312,763.280029296875,763.5599975585938,190948,2026-08-24 18:00:00+00:00
1787594700,763.530029296875,763.989990234375,763.489990234375,763.9199829101562,203890,2026-08-24 18:05:00+00:00
1787595000,763.9000244140625,764.260009765625,763.8200073242188,764.260009765625,213906,2026-08-24 18:10:00+00:00
1787595300,764.2550048828125,764.469970703125,764.1300048828125,764.2349853515625,213948,2026-08-24 18:15:00+00:00
1787595600,764.22998046875,764.6900024414062,764.2000122070312,764.614990234375,345017,2026-08-24 18:20:00+00:00
1787595900,764.614990234375,764.8400268554688,764.5599975585938,764.7999877929688,324066,2026-08-24 18:25:00+00:00
1787596200,764.7999877929688,765.1099853515625,764.6599731445312,764.6699829101562,261335,2026-08-24 18:30:00+00:00
1787596500,764.6849975585938,764.75,764.1199951171875,764.239501953125,229992,2026-08-24 18:35:00+00:00
1787596800,764.22998046875,764.405029296875,764.1500244140625,764.3300170898438,233608,2026-08-24 18:40:00+00:00
1787597100,764.3339233398438,764.4199829101562,764.1099853515625,764.3200073242188,196161,2026-08-24 18:45:00+00:00
1787597400,764.3200073242188,764.4299926757812,764.0700073242188,764.1400146484375,150055,2026-08-24 18:50:00+00:00
1787597700,764.1400146484375,764.25,763.969970703125,764.0,197493,2026-08-24 18:55:00+00:00
1787598000,763.969970703125,764.0499877929688,763.8099975585938,763.9199829101562,204008,2026-08-24 19:00:00+00:00
1787598300,763.9199829101562,764.0900268554688,763.8499755859375,763.9000244140625,172444,2026-08-24 19:05:00+00:00
1787598600,763.9000244140625,764.2000122070312,763.8599853515625,764.1099853515625,148121,2026-08-24 19:10:00+00:00
1787598900,764.1099853515625,764.22998046875,763.9199829101562,764.0999755859375,189753,2026-08-24 19:15:00+00:00
1787599200,764.0700073242188,764.1900024414062,763.9600219726562,764.02001953125,192402,2026-08-24 19:20:00+00:00
1787599500,764.0150146484375,764.1699829101562,763.9199829101562,763.9600219726562,200097,2026-08-24 19:25:00+00:00
1787599800,763.9600219726562,764.239990234375,763.739990234375,763.739990234375,255565,2026-08-24 19:30:00+00:00
1787600100,763.739990234375,763.8499755859375,763.6400146484375,763.655029296875,276731,2026-08-24 19:35:00+00:00
1787600400,763.6500244140625,763.75,763.5399780273438,763.6599731445312,344874,2026-08-24 19:40:00+00:00
1787600700,763.6599731445312,763.780029296875,763.47998046875,763.77001953125,608012,2026-08-24 19:45:00+00:00
1787601000,763.780029296875,763.9500122070312,763.3499755859375,763.739990234375,685812,2026-08-24 19:50:00+00:00
1787601300,763.760009765625,763.9500122070312,763.3800048828125,763.47998046875,2331037,2026-08-24 19:55:00+00:00
1787664600,766.1599731445312,766.780029296875,765.9299926757812,766.72998046875,1531753,2026-08-25 13:30:00+00:00
1787664900,766.6900024414062,766.7000122070312,766.1300048828125,766.135009765625,346646,2026-08-25 13:35:00+00:00
1787665200,766.1500244140625,766.6500244140625,765.8699951171875,766.1649780273438,311712,2026-08-25 13:40:00+00:00
1787665500,766.1500244140625,766.719970703125,766.1199951171875,766.4600219726562,323890,2026-08-25 13:45:00+00:00
1787665800,766.4600219726562,766.530029296875,766.0,766.0,484134,2026-08-25 13:50:00+00:00
1787666100,766.030029296875,766.0751953125,765.5001220703125,765.6900024414062,375118,2026-08-25 13:55:00+00:00
1787666400,765.6900024414062,765.8099975585938,765.22998046875,765.4550170898438,385077,2026-08-25 14:00:00+00:00
1787666700,765.4600219726562,765.5599975585938,765.1199951171875,765.3400268554688,371268,2026-08-25 14:05:00+00:00
1787667000,765.3400268554688,765.53369140625,765.0999755859375,765.1849975585938,311307,2026-08-25 14:10:00+00:00
1787667300,765.1699829101562,765.6300048828125,765.0499877929688,765.4199829101562,372009,2026-08-25 14:15:00+00:00
1787667600,765.4400024414062,765.489990234375,764.8400268554688,765.0999755859375,341315,2026-08-25 14:20:00+00:00
1787667900,765.1099853515625,765.1699829101562,764.6799926757812,764.7000122070312,359484,2026-08-25 14:25:00+00:00
1787668200,764.7000122070312,764.8800048828125,763.0501098632812,764.3300170898438,1112263,2026-08-25 14:30:00+00:00
1787668500,764.3400268554688,765.0599975585938,764.3300170898438,765.02001953125,552248,2026-08-25 14:35:00+00:00
1787668800,765.0103759765625,765.030029296875,764.1599731445312,764.3499755859375,329732,2026-08-25 14:40:00+00:00
1787669100,764.3499755859375,764.489990234375,764.1699829101562,764.2249755859375,277883,2026-08-25 14:45:00+00:00
1787669400,764.1900024414062,764.8099975585938,764.031005859375,764.6599731445312,227423,2026-08-25 14:50:00+00:00
1787669700,764.6599731445312,764.8499755859375,764.47998046875,764.719970703125,265460,2026-08-25 14:55:00+00:00
1787670000,764.72998046875,764.77001953125,764.2999877929688,764.4500122070312,154049,2026-08-25 15:00:00+00:00
1787670300,764.4500122070312,764.780029296875,764.39501953125,764.60498046875,172782,2026-08-25 15:05:00+00:00
1787670600,764.6199951171875,764.7999877929688,764.3800048828125,764.5899047851562,117091,2026-08-25 15:10:00+00:00
1787670900,764.5900268554688,764.9349975585938,764.489990234375,764.9000244140625,176392,2026-08-25 15:15:00+00:00
1787671200,764.9199829101562,765.1599731445312,764.6799926757812,764.77001953125,206458,2026-08-25 15:20:00+00:00
1787671500,764.77001953125,765.3900146484375,764.6500244140625,765.3099975585938,280575,2026-08-25 15:25:00+00:00
1787671800,765.3200073242188,765.7899780273438,765.030029296875,765.0850219726562,302084,2026-08-25 15:30:00+00:00
1787672100,765.0800170898438,765.8499755859375,765.0604858398438,765.0999755859375,256493,2026-08-25 15:35:00+00:00
1787672400,765.1099853515625,765.22998046875,764.9099731445312,765.1699829101562,216396,2026-08-25 15:40:00+00:00
1787672700,765.1799926757812,765.1799926757812,764.5999755859375,764.7100219726562,141450,2026-08-25 15:45:00+00:00
1787673000,764.7050170898438,765.3101196289062,764.614990234375,765.2255859375,250704,2026-08-25 15:50:00+00:00
1787673300,765.2100219726562,765.5999755859375,765.2100219726562,765.4400024414062,185520,2026-08-25 15:55:00+00:00
1787673600,765.4600219726562,765.8499755859375,765.4199829101562,765.5599975585938,388840,2026-08-25 16:00:00+00:00
1787673900,765.5700073242188,765.6500244140625,765.3212890625,765.3499755859375,133742,2026-08-25 16:05:00+00:00
1787674200,765.3599853515625,765.5800170898438,765.3300170898438,765.52001953125,163347,2026-08-25 16:10:00+00:00
1787674500,765.52001953125,765.5999755859375,765.4099731445312,765.5,237051,2026-08-25 16:15:00+00:00
1787674800,765.510009765625,765.6500244140625,765.3699951171875,765.6199951171875,430987,2026-08-25 16:20:00+00:00
1787675100,765.6217041015625,765.7999877929688,765.5599975585938,765.760009765625,111754,2026-08-25 16:25:00+00:00
1787675400,765.75,765.8599853515625,765.67431640625,765.72998046875,113569,2026-08-25 16:30:00+00:00
1787675700,765.739990234375,765.9500122070312,765.5900268554688,765.9000244140625,126282,2026-08-25 16:35:00+00:00
1787676000,765.905029296875,765.9099731445312,765.510009765625,765.5800170898438,109315,2026-08-25 16:40:00+00:00
1787676300,765.5900268554688,765.7949829101562,765.4099731445312,765.625,154720,2026-08-25 16:45:00+00:00
1787676600,765.6300048828125,765.6400146484375,765.3300170898438,765.4290161132812,100659,2026-08-25 16:50:00+00:00
1787676900,765.4299926757812,765.89990234375,765.4000244140625,765.760009765625,104137,2026-08-25 16:55:00+00:00
1787677200,765.760009765625,765.8400268554688,765.3499755859375,765.3599853515625,138537,2026-08-25 17:00:00+00:00
1787677500,765.3499755859375,765.4000244140625,764.9400024414062,765.1099853515625,178066,2026-08-25 17:05:00+00:00
1787677800,765.1199951171875,765.3300170898438,764.9600219726562,765.27001953125,318957,2026-08-25 17:10:00+00:00
1787678100,765.280029296875,765.4199829101562,765.161376953125,765.4000244140625,74882,2026-08-25 17:15:00+00:00
1787678400,765.4099731445312,765.4099731445312,765.030029296875,765.030029296875,122697,2026-08-25 17:20:00+00:00
1787678700,765.02001953125,765.02001953125,764.6300048828125,764.8200073242188,337552,2026-08-25 17:25:00+00:00
1787679000,764.8200073242188,764.9500122070312,764.739990234375,764.8300170898438,150576,2026-08-25 17:30:00+00:00
1787679300,764.8200073242188,765.0050048828125,764.760009765625,764.9199829101562,1130602,2026-08-25 17:35:00+00:00
1787679600,764.919921875,765.0349731445312,764.8400268554688,764.8699951171875,82982,2026-08-25 17:40:00+00:00
1787679900,764.8699951171875,765.0599975585938,764.8400268554688,764.9199829101562,142516,2026-08-25 17:45:00+00:00
1787680200,764.9199829101562,765.1500244140625,764.8400268554688,765.1099853515625,174975,2026-08-25 17:50:00+00:00
1787680500,765.1071166992188,765.1599731445312,764.9199829101562,765.0399780273438,111072,2026-08-25 17:55:00+00:00
1787680800,765.030029296875,765.030029296875,764.8099975585938,764.8300170898438,200372,2026-08-25 18:00:00+00:00
1787681100,764.7999877929688,765.030029296875,764.7999877929688,764.9199829101562,132198,2026-08-25 18:05:00+00:00
1787681400,764.9099731445312,765.0900268554688,764.7869873046875,764.7999877929688,170947,2026-08-25 18:10:00+00:00
1787681700,764.7899780273438,764.8599853515625,764.719970703125,764.8300170898438,163510,2026-08-25 18:15:00+00:00
1787682000,764.8350219726562,764.989990234375,764.8200073242188,764.905029296875,190635,2026-08-25 18:20:00+00:00
1787682300,764.9000244140625,765.010009765625,764.7999877929688,764.969970703125,164895,2026-08-25 18:25:00+00:00
1787682600,764.969970703125,765.4000244140625,764.969970703125,765.3599853515625,204141,2026-08-25 18:30:00+00:00
1787682900,765.3499755859375,765.4000244140625,765.2349853515625,765.2999877929688,224387,2026-08-25 18:35:00+00:00
1787683200,765.3099975585938,765.5900268554688,765.2899780273438,765.5399780273438,142607,2026-08-25 18:40:00+00:00
1787683500,765.5499877929688,765.8699951171875,765.5449829101562,765.8099975585938,347738,2026-08-25 18:45:00+00:00
1787683800,765.8200073242188,765.8400268554688,765.6309814453125,765.6900024414062,336027,2026-08-25 18:50:00+00:00
1787684100,765.6900024414062,765.7899780273438,765.5399780273438,765.6400146484375,326416,2026-08-25 18:55:00+00:00
1787684400,765.6500244140625,765.8499755859375,765.4500122070312,765.469970703125,256437,2026-08-25 19:00:00+00:00
1787684700,765.4754028320312,765.5499877929688,765.2899780273438,765.3699951171875,282020,2026-08-25 19:05:00+00:00
1787685000,765.3800048828125,765.3900146484375,765.0900268554688,765.1174926757812,545118,2026-08-25 19:10:00+00:00
1787685300,765.1199951171875,765.1799926757812,764.9400024414062,764.9981079101562,365534,2026-08-25 19:15:00+00:00
1787685600,765.0,765.0800170898438,764.8699951171875,765.0599975585938,278849,2026-08-25 19:20:00+00:00
1787685900,765.0700073242188,765.1900024414062,765.010009765625,765.1500244140625,192156,2026-08-25 19:25:00+00:00
1787686200,765.1699829101562,765.2449951171875,765.010009765625,765.1300048828125,250291,2026-08-25 19:30:00+00:00
1787686500,765.0999755859375,765.3599853515625,765.0900268554688,765.260009765625,578069,2026-08-25 19:35:00+00:00
1787686800,765.25,765.6300048828125,765.239990234375,765.3699951171875,358867,2026-08-25 19:40:00+00:00
1787687100,765.3900146484375,765.5399780273438,765.2634887695312,765.4749755859375,566282,2026-08-25 19:45:00+00:00
1787687400,765.4749755859375,766.1699829101562,765.239990234375,766.1400146484375,750870,2026-08-25 19:50:00+00:00
1787687700,766.1400146484375,766.219970703125,765.6900024414062,765.8350219726562,1898464,2026-08-25 19:55:00+00:00
1787751000,764.72998046875,765.7999877929688,764.6799926757812,765.6749877929688,1144518,2026-08-26 13:30:00+00:00
1787751300,765.6749877929688,765.8200073242188,764.8099975585938,765.5750122070312,429945,2026-08-26 13:35:00+00:00
1787751600,765.530029296875,766.6099853515625,765.4299926757812,766.2999877929688,420779,2026-08-26 13:40:00+00:00
1787751900,766.3200073242188,766.6799926757812,765.9199829101562,765.9199829101562,373090,2026-08-26 13:45:00+00:00
1787752200,765.9249877929688,766.6099853515625,765.6400146484375,766.5800170898438,297119,2026-08-26 13:50:00+00:00
1787752500,766.6199951171875,766.89990234375,766.4550170898438,766.8900146484375,293775,2026-08-26 13:55:00+00:00
1787752800,766.8800048828125,766.9600219726562,766.614990234375,766.8499755859375,204963,2026-08-26 14:00:00+00:00
1787753100,766.8800048828125,766.9199829101562,766.469970703125,766.6099853515625,240176,2026-08-26 14:05:00+00:00
1787753400,766.6099853515625,766.6300048828125,766.0700073242188,766.1699829101562,264544,2026-08-26 14:10:00+00:00
1787753700,766.1699829101562,766.3499755859375,765.9299926757812,765.9650268554688,221140,2026-08-26 14:15:00+00:00
1787754000,765.958984375,766.0599975585938,765.3800048828125,765.4249877929688,193323,2026-08-26 14:20:00+00:00
1787754300,765.4099731445312,765.5,764.8300170898438,765.0800170898438,397863,2026-08-26 14:25:00+00:00
1787754600,765.0700073242188,765.2949829101562,764.9199829101562,765.1300048828125,253224,2026-08-26 14:30:00+00:00
1787754900,765.1300048828125,765.5999755859375,765.0001220703125,765.219970703125,210121,2026-08-26 14:35:00+00:00
1787755200,765.239990234375,765.5349731445312,765.1749877929688,765.3900146484375,181698,2026-08-26 14:40:00+00:00
1787755500,765.4000244140625,765.5700073242188,765.0999755859375,765.5599975585938,201711,2026-08-26 14:45:00+00:00
1787755800,765.5650024414062,765.9400024414062,765.530029296875,765.6400146484375,227712,2026-08-26 14:50:00+00:00
1787756100,765.6400146484375,765.9000244140625,765.5399780273438,765.8499755859375,174692,2026-08-26 14:55:00+00:00
1787756400,765.8699951171875,766.4400024414062,765.8400268554688,766.1900024414062,205272,2026-08-26 15:00:00+00:00
1787756700,766.2100219726562,766.469970703125,766.1699829101562,766.3499755859375,178368,2026-08-26 15:05:00+00:00
1787757000,766.3499755859375,766.4450073242188,766.1099853515625,766.280029296875,415345,2026-08-26 15:10:00+00:00
1787757300,766.27001953125,766.2899780273438,765.5599975585938,765.7833862304688,259550,2026-08-26 15:15:00+00:00
1787757600,765.77001953125,766.030029296875,765.719970703125,765.77001953125,169433,2026-08-26 15:20:00+00:00
1787757900,765.760009765625,766.0599975585938,765.7000122070312,765.8499755859375,142136,2026-08-26 15:25:00+00:00
1787758200,765.8400268554688,765.9000244140625,765.1400146484375,765.25,193551,2026-08-26 15:30:00+00:00
1787758500,765.2598876953125,765.5499877929688,765.2598876953125,765.4600219726562,181729,2026-08-26 15:35:00+00:00
1787758800,765.469970703125,766.1400146484375,765.4000244140625,766.0700073242188,165128,2026-08-26 15:40:00+00:00
1787759100,766.0650024414062,766.27001953125,765.9600219726562,766.22998046875,165291,2026-08-26 15:45:00+00:00
1787759400,766.25,766.3099975585938,765.3099975585938,765.3900146484375,394460,2026-08-26 15:50:00+00:00
1787759700,765.3900146484375,765.7698974609375,765.3099975585938,765.3200073242188,225334,2026-08-26 15:55:00+00:00
1787760000,765.3300170898438,765.3499755859375,764.8800048828125,765.1799926757812,327388,2026-08-26 16:00:00+00:00
1787760300,765.1599731445312,765.4400024414062,765.030029296875,765.1500244140625,187752,2026-08-26 16:05:00+00:00
1787760600,765.1599731445312,765.3099975585938,764.969970703125,765.030029296875,143823,2026-08-26 16:10:00+00:00
1787760900,765.0399780273438,765.1400146484375,764.8300170898438,764.989990234375,276896,2026-08-26 16:15:00+00:00
1787761200,764.989990234375,765.1099853515625,764.8699951171875,764.9299926757812,178243,2026-08-26 16:20:00+00:00
1787761500,764.9498901367188,765.0050048828125,764.72998046875,764.7999877929688,171838,2026-08-26 16:25:00+00:00
1787761800,764.7949829101562,764.97998046875,764.760009765625,764.8800048828125,170029,2026-08-26 16:30:00+00:00
1787762100,764.8400268554688,764.8900146484375,764.1599731445312,764.1599731445312,383983,2026-08-26 16:35:00+00:00
1787762400,764.1500244140625,764.4000244140625,763.9299926757812,764.0120239257812,296818,2026-08-26 16:40:00+00:00
1787762700,764.010009765625,764.35498046875,763.9500122070312,764.0700073242188,253226,2026-08-26 16:45:00+00:00
1787763000,764.0800170898438,764.3200073242188,764.0499877929688,764.2000122070312,173927,2026-08-26 16:50:00+00:00
1787763300,764.1799926757812,764.7999877929688,764.1799926757812,764.719970703125,324047,2026-08-26 16:55:00+00:00
1787763600,764.7000122070312,764.96240234375,764.5701293945312,764.8889770507812,152710,2026-08-26 17:00:00+00:00
1787763900,764.8699951171875,765.1099853515625,764.7100219726562,765.0499877929688,155219,2026-08-26 17:05:00+00:00
1787764200,765.0499877929688,765.1400146484375,764.989990234375,765.1400146484375,177797,2026-08-26 17:10:00+00:00
1787764500,765.1492919921875,765.5,765.1492919921875,765.3350219726562,199620,2026-08-26 17:15:00+00:00
1787764800,765.3350219726562,765.6599731445312,765.3300170898438,765.6500244140625,214656,2026-08-26 17:20:00+00:00
1787765100,765.6500244140625,765.719970703125,765.4299926757812,765.6500244140625,277001,2026-08-26 17:25:00+00:00
1787765400,765.6500244140625,765.7999877929688,765.530029296875,765.760009765625,212724,2026-08-26 17:30:00+00:00
1787765700,765.77001953125,765.8400268554688,765.5999755859375,765.6099853515625,162198,2026-08-26 17:35:00+00:00
1787766000,765.60498046875,765.760009765625,765.469970703125,765.6799926757812,212544,2026-08-26 17:40:00+00:00
1787766300,765.6900024414062,765.7100219726562,765.4400024414062,765.4600219726562,231353,2026-08-26 17:45:00+00:00
1787766600,765.469970703125,765.780029296875,765.4409790039062,765.7620239257812,121755,2026-08-26 17:50:00+00:00
1787766900,765.7650146484375,765.8699951171875,765.6400146484375,765.6799926757812,109454,2026-08-26 17:55:00+00:00
1787767200,765.6699829101562,765.6900024414062,765.469970703125,765.510009765625,251503,2026-08-26 18:00:00+00:00
1787767500,765.52001953125,765.8599853515625,765.510009765625,765.77001953125,189514,2026-08-26 18:05:00+00:00
1787767800,765.780029296875,765.7899780273438,765.3800048828125,765.4099731445312,190451,2026-08-26 18:10:00+00:00
1787768100,765.4099731445312,765.77001953125,765.3499755859375,765.7349853515625,177850,2026-08-26 18:15:00+00:00
1787768400,765.739990234375,765.97998046875,765.5650024414062,765.5650024414062,215818,2026-08-26 18:20:00+00:00
1787768700,765.5700073242188,765.72802734375,765.47998046875,765.6099853515625,191404,2026-08-26 18:25:00+00:00
1787769000,765.6099853515625,765.9000244140625,765.52001953125,765.75,243282,2026-08-26 18:30:00+00:00
1787769300,765.7550048828125,765.8300170898438,765.6099853515625,765.739990234375,230244,2026-08-26 18:35:00+00:00
1787769600,765.7257690429688,765.89501953125,765.6699829101562,765.8599853515625,421512,2026-08-26 18:40:00+00:00
1787769900,765.8699951171875,766.4500122070312,765.8499755859375,766.3200073242188,336781,2026-08-26 18:45:00+00:00
1787770200,766.3099975585938,766.5800170898438,766.219970703125,766.469970703125,402036,2026-08-26 18:50:00+00:00
1787770500,766.47998046875,766.6400146484375,766.3300170898438,766.510009765625,263941,2026-08-26 18:55:00+00:00
1787770800,766.530029296875,767.3499755859375,766.469970703125,767.27001953125,465035,2026-08-26 19:00:00+00:00
1787771100,767.260009765625,767.2894287109375,766.8800048828125,766.9500122070312,150152,2026-08-26 19:05:00+00:00
1787771400,766.9550170898438,767.0999755859375,766.8699951171875,766.969970703125,305193,2026-08-26 19:10:00+00:00
1787771700,766.9600219726562,767.27001953125,766.9400024414062,767.1900024414062,287064,2026-08-26 19:15:00+00:00
1787772000,767.1900024414062,767.2000122070312,766.8200073242188,767.030029296875,275185,2026-08-26 19:20:00+00:00
1787772300,767.02001953125,767.1300048828125,766.8300170898438,766.8900146484375,293639,2026-08-26 19:25:00+00:00
1787772600,766.9000244140625,766.9149780273438,766.75,766.8599853515625,373935,2026-08-26 19:30:00+00:00
1787772900,766.8599853515625,766.8800048828125,766.5900268554688,766.6649780273438,418674,2026-08-26 19:35:00+00:00
1787773200,766.6649780273438,766.8699951171875,766.5999755859375,766.6900024414062,684352,2026-08-26 19:40:00+00:00
1787773500,766.7000122070312,767.1300048828125,766.6300048828125,767.1199951171875,755475,2026-08-26 19:45:00+00:00
1787773800,767.1199951171875,767.2100219726562,766.010009765625,766.1799926757812,1217561,2026-08-26 19:50:00+00:00
1787774100,766.1799926757812,766.4400024414062,765.489990234375,766.010009765625,1630545,2026-08-26 19:55:00+00:00
1787837400,768.5,768.8099975585938,767.1599731445312,767.47998046875,2348700,2026-08-27 13:30:00+00:00
1787837700,767.47998046875,768.27001953125,767.1599731445312,768.219970703125,525672,2026-08-27 13:35:00+00:00
1787838000,768.22998046875,769.2000122070312,767.9600219726562,769.1900024414062,717668,2026-08-27 13:40:00+00:00
1787838300,769.219970703125,769.6900024414062,767.7150268554688,768.0599975585938,994450,2026-08-27 13:45:00+00:00
1787838600,768.0700073242188,769.3699951171875,768.0700073242188,769.1849975585938,722341,2026-08-27 13:50:00+00:00
1787838900,769.1699829101562,769.2487182617188,767.6199951171875,768.4055786132812,588090,2026-08-27 13:55:00+00:00
1787839200,768.4000244140625,769.010009765625,768.2120971679688,768.7899780273438,580218,2026-08-27 14:00:00+00:00
1787839500,768.7899780273438,769.0900268554688,768.0499877929688,768.4299926757812,304076,2026-08-27 14:05:00+00:00
1787839800,768.4503173828125,768.989990234375,768.4500122070312,768.655029296875,315771,2026-08-27 14:10:00+00:00
1787840100,768.6599731445312,769.3400268554688,768.6599731445312,769.1599731445312,470757,2026-08-27 14:15:00+00:00
1787840400,769.1599731445312,769.5900268554688,769.0499877929688,769.4600219726562,304222,2026-08-27 14:20:00+00:00
1787840700,769.469970703125,769.8800048828125,769.260009765625,769.6749877929688,375978,2026-08-27 14:25:00+00:00
1787841000,769.6998901367188,769.739990234375,769.0599975585938,769.3699951171875,208017,2026-08-27 14:30:00+00:00
1787841300,769.4000244140625,770.0399780273438,769.3200073242188,769.3400268554688,291257,2026-08-27 14:35:00+00:00
1787841600,769.3499755859375,769.6699829101562,769.3250122070312,769.6199951171875,144726,2026-08-27 14:40:00+00:00
1787841900,769.6099853515625,770.2899780273438,769.35498046875,770.239990234375,282886,2026-08-27 14:45:00+00:00
1787842200,770.219970703125,770.4400024414062,769.8900146484375,770.1300048828125,285754,2026-08-27 14:50:00+00:00
1787842500,770.125,770.4000244140625,769.7349853515625,770.39501953125,211617,2026-08-27 14:55:00+00:00
1787842800,770.4099731445312,770.6599731445312,770.2280883789062,770.6300048828125,351905,2026-08-27 15:00:00+00:00
1787843100,770.6199951171875,770.7100219726562,770.3250122070312,770.5401000976562,264591,2026-08-27 15:05:00+00:00
1787843400,770.5399780273438,770.8400268554688,770.5,770.8200073242188,174918,2026-08-27 15:10:00+00:00
1787843700,770.8298950195312,771.0999755859375,770.7999877929688,770.9600219726562,243951,2026-08-27 15:15:00+00:00
1787844000,770.97998046875,771.0800170898438,770.7449951171875,770.780029296875,248394,2026-08-27 15:20:00+00:00
1787844300,770.7899780273438,770.7999877929688,770.22998046875,770.3150024414062,203770,2026-08-27 15:25:00+00:00
1787844600,770.3099975585938,770.6199951171875,770.0900268554688,770.2150268554688,544965,2026-08-27 15:30:00+00:00
1787844900,770.22998046875,770.3300170898438,769.8150024414062,769.9099731445312,248213,2026-08-27 15:35:00+00:00
1787845200,769.9299926757812,770.3599853515625,769.614990234375,769.6500244140625,463270,2026-08-27 15:40:00+00:00
1787845500,769.6599731445312,769.72998046875,769.3900146484375,769.6799926757812,238609,2026-08-27 15:45:00+00:00
1787845800,769.6699829101562,770.8800048828125,769.6649780273438,770.8599853515625,245185,2026-08-27 15:50:00+00:00
1787846100,770.8599853515625,770.8599853515625,770.530029296875,770.6400146484375,238924,2026-08-27 15:55:00+00:00
1787846400,770.6400146484375,770.969970703125,770.5499877929688,770.8400268554688,201115,2026-08-27 16:00:00+00:00
1787846700,770.8300170898438,770.8499755859375,770.4400024414062,770.5399780273438,203359,2026-08-27 16:05:00+00:00
1787847000,770.510009765625,770.7550048828125,770.4199829101562,770.6298828125,119828,2026-08-27 16:10:00+00:00
1787847300,770.5999755859375,770.8107299804688,770.510009765625,770.6099853515625,101617,2026-08-27 16:15:00+00:00
1787847600,770.5999755859375,770.6300048828125,770.3400268554688,770.5374755859375,123570,2026-08-27 16:20:00+00:00
1787847900,770.530029296875,770.9099731445312,770.4299926757812,770.9099731445312,241088,2026-08-27 16:25:00+00:00
1787848200,770.9099731445312,771.1699829101562,770.8200073242188,771.1599731445312,193918,2026-08-27 16:30:00+00:00
1787848500,771.1599731445312,771.5250244140625,771.1199951171875,771.510009765625,226517,2026-08-27 16:35:00+00:00
1787848800,771.5499877929688,771.7899780273438,771.510009765625,771.6900024414062,226714,2026-08-27 16:40:00+00:00
1787849100,771.6900024414062,771.9400024414062,771.6599731445312,771.7050170898438,190693,2026-08-27 16:45:00+00:00
1787849400,771.72998046875,772.010009765625,771.6099853515625,771.9299926757812,241641,2026-08-27 16:50:00+00:00
1787849700,771.9299926757812,772.030029296875,771.719970703125,771.989990234375,208420,2026-08-27 16:55:00+00:00
1787850000,772.02001953125,772.1500244140625,771.9600219726562,772.030029296875,202343,2026-08-27 17:00:00+00:00
1787850300,772.0399780273438,772.25,771.75,772.219970703125,217071,2026-08-27 17:05:00+00:00
1787850600,772.22998046875,772.35498046875,772.0999755859375,772.1900024414062,143701,2026-08-27 17:10:00+00:00
1787850900,772.2100219726562,772.280029296875,772.0380249023438,772.1300048828125,225144,2026-08-27 17:15:00+00:00
1787851200,772.125,772.2700805664062,772.0499877929688,772.1799926757812,303960,2026-08-27 17:20:00+00:00
1787851500,772.1799926757812,772.1799926757812,771.5999755859375,771.75,478660,2026-08-27 17:25:00+00:00
1787851800,771.75,772.0599975585938,771.6849975585938,771.77001953125,203362,2026-08-27 17:30:00+00:00
1787852100,771.77001953125,771.8800048828125,771.6851196289062,771.72998046875,126804,2026-08-27 17:35:00+00:00
1787852400,771.739990234375,771.959716796875,771.5900268554688,771.6400146484375,264748,2026-08-27 17:40:00+00:00
1787852700,771.6300048828125,771.669921875,771.2999877929688,771.3900146484375,273019,2026-08-27 17:45:00+00:00
1787853000,771.405029296875,771.4500122070312,771.2100219726562,771.3499755859375,208262,2026-08-27 17:50:00+00:00
1787853300,771.3699951171875,771.4500122070312,771.0999755859375,771.2249755859375,278355,2026-08-27 17:55:00+00:00
1787853600,771.2249755859375,771.3900146484375,770.5,770.5250244140625,453717,2026-08-27 18:00:00+00:00
1787853900,770.5250244140625,771.0,770.3499755859375,770.489990234375,254651,2026-08-27 18:05:00+00:00
1787854200,770.52001953125,770.5499877929688,769.9849853515625,770.260009765625,346669,2026-08-27 18:10:00+00:00
1787854500,770.27001953125,770.5194702148438,770.0700073242188,770.2750244140625,194327,2026-08-27 18:15:00+00:00
1787854800,770.27001953125,770.4500122070312,770.010009765625,770.0900268554688,192404,2026-08-27 18:20:00+00:00
1787855100,770.0900268554688,770.1099853515625,769.260009765625,769.4600219726562,411160,2026-08-27 18:25:00+00:00
1787855400,769.469970703125,769.9349975585938,769.4299926757812,769.5399780273438,420777,2026-08-27 18:30:00+00:00
1787855700,769.5499877929688,770.0599975585938,769.47998046875,770.0499877929688,310402,2026-08-27 18:35:00+00:00
1787856000,770.0449829101562,770.1199951171875,769.7899780273438,769.8800048828125,122501,2026-08-27 18:40:00+00:00
1787856300,769.8900146484375,770.0800170898438,769.5,769.5040283203125,219319,2026-08-27 18:45:00+00:00
1787856600,769.52001953125,769.6199951171875,769.3099975585938,769.3300170898438,293598,2026-08-27 18:50:00+00:00
1787856900,769.3350219726562,769.77001953125,769.1599731445312,769.6500244140625,397264,2026-08-27 18:55:00+00:00
1787857200,769.6500244140625,770.0399780273438,769.52001953125,769.9400024414062,427887,2026-08-27 19:00:00+00:00
1787857500,769.9500122070312,770.2000122070312,769.7100219726562,770.1400146484375,604997,2026-08-27 19:05:00+00:00
1787857800,770.1300048828125,770.22998046875,769.8900146484375,769.8900146484375,219694,2026-08-27 19:10:00+00:00
1787858100,769.9000244140625,770.22998046875,769.9000244140625,770.1900024414062,351737,2026-08-27 19:15:00+00:00
1787858400,770.1749877929688,770.280029296875,769.97998046875,770.0150146484375,277348,2026-08-27 19:20:00+00:00
1787858700,770.0100708007812,770.0800170898438,769.760009765625,769.9400024414062,386174,2026-08-27 19:25:00+00:00
1787859000,769.9450073242188,770.47998046875,769.8699951171875,770.4400024414062,269612,2026-08-27 19:30:00+00:00
1787859300,770.4600219726562,770.6099853515625,770.4000244140625,770.5499877929688,341980,2026-08-27 19:35:00+00:00
1787859600,770.5399780273438,770.6790161132812,770.3900146484375,770.6500244140625,454321,2026-08-27 19:40:00+00:00
1787859900,770.6400146484375,770.8800048828125,770.5599975585938,770.7899780273438,572686,2026-08-27 19:45:00+00:00
1787860200,770.7899780273438,771.3300170898438,770.4000244140625,771.2150268554688,773924,2026-08-27 19:50:00+00:00
1787860500,771.219970703125,771.3599853515625,770.9199829101562,771.0399780273438,3081226,2026-08-27 19:55:00+00:00
1787923800,771.760009765625,772.0900268554688,771.469970703125,772.0,1185700,2026-08-28 13:30:00+00:00
1787924100,772.0250244140625,772.4400024414062,771.72998046875,772.239990234375,359329,2026-08-28 13:35:00+00:00
1787924400,772.260009765625,772.8400268554688,772.1599731445312,772.5800170898438,283565,2026-08-28 13:40:00+00:00
1787924700,772.5800170898438,772.8699951171875,771.989990234375,772.1400146484375,367203,2026-08-28 13:45:00+00:00
1787925000,772.1900024414062,772.1900024414062,771.6699829101562,771.719970703125,366210,2026-08-28 13:50:00+00:00
1787925300,771.72998046875,772.3699951171875,771.6300048828125,771.780029296875,326392,2026-08-28 13:55:00+00:00
1787925600,771.7899780273438,773.1300048828125,771.25,771.7482299804688,930125,2026-08-28 14:00:00+00:00
1787925900,771.7380981445312,771.7949829101562,770.6199951171875,771.0,735377,2026-08-28 14:05:00+00:00
1787926200,770.989990234375,771.0999755859375,769.77001953125,770.280029296875,692198,2026-08-28 14:10:00+00:00
1787926500,770.239990234375,771.739990234375,770.1199951171875,771.4299926757812,725171,2026-08-28 14:15:00+00:00
1787926800,771.4099731445312,772.22998046875,770.97998046875,771.5800170898438,500677,2026-08-28 14:20:00+00:00
1787927100,771.5900268554688,771.6900024414062,770.5900268554688,771.2999877929688,498738,2026-08-28 14:25:00+00:00
1787927400,771.2999877929688,772.1599731445312,770.9000244140625,772.1400146484375,371897,2026-08-28 14:30:00+00:00
1787927700,772.14501953125,772.719970703125,772.0,772.3300170898438,324347,2026-08-28 14:35:00+00:00
1787928000,772.3300170898438,773.5599975585938,772.2999877929688,773.3900146484375,374829,2026-08-28 14:40:00+00:00
1787928300,773.4299926757812,773.8599853515625,773.2000122070312,773.85498046875,549211,2026-08-28 14:45:00+00:00
1787928600,773.8599853515625,774.7000122070312,773.780029296875,774.5399780273438,578937,2026-08-28 14:50:00+00:00
1787928900,774.5349731445312,775.0399780273438,774.4600219726562,774.9600830078125,644611,2026-08-28 14:55:00+00:00
1787929200,774.97998046875,775.2999877929688,774.760009765625,774.9099731445312,545947,2026-08-28 15:00:00+00:00
1787929500,774.9000244140625,775.0399780273438,774.1024780273438,774.239990234375,505790,2026-08-28 15:05:00+00:00
1787929800,774.239990234375,774.4400024414062,773.8200073242188,774.1950073242188,364453,2026-08-28 15:10:00+00:00
1787930100,774.1900024414062,774.6699829101562,774.1900024414062,774.2999877929688,221236,2026-08-28 15:15:00+00:00
1787930400,774.3099975585938,774.9000244140625,774.3049926757812,774.8250122070312,217533,2026-08-28 15:20:00+00:00
1787930700,774.8200073242188,775.219970703125,774.7318725585938,774.9500122070312,388341,2026-08-28 15:25:00+00:00
1787931000,774.969970703125,775.0,774.4500122070312,774.4600219726562,236755,2026-08-28 15:30:00+00:00
1787931300,774.4600219726562,774.6099853515625,773.5700073242188,773.6500244140625,286963,2026-08-28 15:35:00+00:00
1787931600,773.6599731445312,773.6599731445312,772.6699829101562,772.8200073242188,665456,2026-08-28 15:40:00+00:00
1787931900,772.8200073242188,773.030029296875,772.1699829101562,772.2899780273438,461804,2026-08-28 15:45:00+00:00
1787932200,772.2899780273438,772.489990234375,771.469970703125,772.0999145507812,476354,2026-08-28 15:50:00+00:00
1787932500,772.0999755859375,772.1300048828125,770.8300170898438,771.0700073242188,436442,2026-08-28 15:55:00+00:00
1787932800,771.0850219726562,771.22998046875,770.4600219726562,770.8099975585938,581209,2026-08-28 16:00:00+00:00
1787933100,770.8049926757812,771.6500244140625,770.75,771.5587768554688,456579,2026-08-28 16:05:00+00:00
1787933400,771.5413818359375,771.5900268554688,770.9500122070312,770.97998046875,335237,2026-08-28 16:10:00+00:00
1787933700,770.989990234375,771.22998046875,769.7550048828125,770.1799926757812,369719,2026-08-28 16:15:00+00:00
1787934000,770.1799926757812,770.3599853515625,769.1400146484375,769.5,456257,2026-08-28 16:20:00+00:00
1787934300,769.469970703125,769.8800048828125,769.3101196289062,769.5999755859375,261618,2026-08-28 16:25:00+00:00
1787934600,769.5999755859375,770.52001953125,769.5750122070312,769.6400146484375,324747,2026-08-28 16:30:00+00:00
1787934900,769.6450805664062,770.6199951171875,769.6400146484375,770.3400268554688,252162,2026-08-28 16:35:00+00:00
1787935200,770.3300170898438,770.3599853515625,769.5399780273438,769.6699829101562,201958,2026-08-28 16:40:00+00:00
1787935500,769.6799926757812,770.60498046875,769.6500244140625,770.4199829101562,735803,2026-08-28 16:45:00+00:00
1787935800,770.4099731445312,770.7000122070312,769.8300170898438,769.9400024414062,237594,2026-08-28 16:50:00+00:00
1787936100,769.9299926757812,770.0999755859375,769.6799926757812,769.6900024414062,296481,2026-08-28 16:55:00+00:00
1787936400,769.6799926757812,769.7100219726562,768.6599731445312,768.9949951171875,381643,2026-08-28 17:00:00+00:00
1787936700,769.0,769.010009765625,768.469970703125,768.489990234375,302494,2026-08-28 17:05:00+00:00
1787937000,768.47998046875,769.3499755859375,768.3076171875,769.3499755859375,304153,2026-08-28 17:10:00+00:00
1787937300,769.3499755859375,769.4099731445312,768.9400024414062,769.1300048828125,272741,2026-08-28 17:15:00+00:00
1787937600,769.1300048828125,769.219970703125,768.5800170898438,768.9749755859375,247381,2026-08-28 17:20:00+00:00
1787937900,768.97998046875,769.3250122070312,768.77001953125,768.8200073242188,176927,2026-08-28 17:25:00+00:00
1787938200,768.8400268554688,769.4600219726562,768.719970703125,769.3200073242188,165108,2026-08-28 17:30:00+00:00
1787938500,769.3400268554688,769.5,768.5999755859375,768.6599731445312,234228,2026-08-28 17:35:00+00:00
1787938800,768.6589965820312,769.1599731445312,768.6400146484375,769.0700073242188,187361,2026-08-28 17:40:00+00:00
1787939100,769.0499877929688,769.72998046875,768.8900146484375,769.6599731445312,164535,2026-08-28 17:45:00+00:00
1787939400,769.6599731445312,769.739990234375,769.4249877929688,769.5,146107,2026-08-28 17:50:00+00:00
1787939700,769.5,769.5800170898438,769.0800170898438,769.5399169921875,140284,2026-08-28 17:55:00+00:00
1787940000,769.5599975585938,769.7999877929688,769.3400268554688,769.52001953125,192034,2026-08-28 18:00:00+00:00
1787940300,769.5,769.75,769.3400268554688,769.5700073242188,153586,2026-08-28 18:05:00+00:00
1787940600,769.5800170898438,769.780029296875,769.2000122070312,769.219970703125,198963,2026-08-28 18:10:00+00:00
1787940900,769.22998046875,769.5299072265625,769.1400146484375,769.4149780273438,146788,2026-08-28 18:15:00+00:00
1787941200,769.4099731445312,769.5700073242188,768.9299926757812,769.0700073242188,191276,2026-08-28 18:20:00+00:00
1787941500,769.0599975585938,769.3300170898438,768.8900146484375,769.0599975585938,157562,2026-08-28 18:25:00+00:00
1787941800,769.0499877929688,769.47998046875,769.0,769.3699951171875,178395,2026-08-28 18:30:00+00:00
1787942100,769.3800048828125,769.5800170898438,769.0599975585938,769.1099853515625,293078,2026-08-28 18:35:00+00:00
1787942400,769.1099853515625,769.3900146484375,769.030029296875,769.3150024414062,217427,2026-08-28 18:40:00+00:00
1787942700,769.27001953125,769.3049926757812,768.719970703125,768.77001953125,138564,2026-08-28 18:45:00+00:00
1787943000,768.760009765625,768.760009765625,768.3099975585938,768.5599975585938,307478,2026-08-28 18:50:00+00:00
1787943300,768.52001953125,768.7899780273438,768.3699951171875,768.6799926757812,207462,2026-08-28 18:55:00+00:00
1787943600,768.6799926757812,768.9500122070312,768.469970703125,768.7999877929688,177222,2026-08-28 19:00:00+00:00
1787943900,768.7899780273438,769.3699951171875,768.7100830078125,769.3499755859375,364153,2026-08-28 19:05:00+00:00
1787944200,769.3400268554688,769.3800048828125,768.989990234375,769.236328125,373847,2026-08-28 19:10:00+00:00
1787944500,769.219970703125,769.280029296875,768.9967041015625,769.2100219726562,298514,2026-08-28 19:15:00+00:00
1787944800,769.219970703125,769.52001953125,769.1500244140625,769.3200073242188,495071,2026-08-28 19:20:00+00:00
1787945100,769.3099975585938,769.5900268554688,769.2899780273438,769.5150146484375,260564,2026-08-28 19:25:00+00:00
1787945400,769.510009765625,769.5100708007812,769.1799926757812,769.4000244140625,395715,2026-08-28 19:30:00+00:00
1787945700,769.4000244140625,769.5750122070312,769.1300048828125,769.5449829101562,389938,2026-08-28 19:35:00+00:00
1787946000,769.5499877929688,769.7899780273438,769.530029296875,769.6199951171875,701539,2026-08-28 19:40:00+00:00
1787946300,769.5999755859375,769.6900024414062,769.02001953125,769.239990234375,802394,2026-08-28 19:45:00+00:00
1787946600,769.25,769.780029296875,769.1099853515625,769.3599853515625,1057313,2026-08-28 19:50:00+00:00
1787946900,769.3499755859375,769.8800048828125,769.0700073242188,769.3800048828125,2670344,2026-08-28 19:55:00+00:00
1788183000,767.3300170898438,767.6199951171875,766.3049926757812,766.3800048828125,2007748,2026-08-31 13:30:00+00:00
1788183300,766.3699951171875,766.52001953125,765.75,766.2750244140625,559315,2026-08-31 13:35:00+00:00
1788183600,766.25,766.6400146484375,765.780029296875,765.8049926757812,440840,2026-08-31 13:40:00+00:00
1788183900,765.8300170898438,766.6300048828125,765.5,766.114990234375,596028,2026-08-31 13:45:00+00:00
1788184200,766.1199951171875,766.530029296875,765.780029296875,766.52001953125,335539,2026-08-31 13:50:00+00:00
1788184500,766.47998046875,766.7100219726562,766.0800170898438,766.1799926757812,357326,2026-08-31 13:55:00+00:00
1788184800,766.1900024414062,766.2999877929688,765.7000122070312,765.7999877929688,369270,2026-08-31 14:00:00+00:00
1788185100,765.7899780273438,766.0800170898438,765.4600219726562,765.5,317612,2026-08-31 14:05:00+00:00
1788185400,765.4749755859375,765.864990234375,765.3400268554688,765.8101196289062,262560,2026-08-31 14:10:00+00:00
1788185700,765.7999877929688,766.0399780273438,765.5599975585938,765.9500122070312,300984,2026-08-31 14:15:00+00:00
1788186000,765.9550170898438,765.9749755859375,765.0,765.0098876953125,291138,2026-08-31 14:20:00+00:00
1788186300,765.010009765625,765.0900268554688,764.7150268554688,764.9299926757812,421453,2026-08-31 14:25:00+00:00
1788186600,764.885009765625,765.1500244140625,764.7999877929688,764.9000244140625,266103,2026-08-31 14:30:00+00:00
1788186900,764.8900146484375,765.7899780273438,764.8250122070312,765.6400146484375,309293,2026-08-31 14:35:00+00:00
1788187200,765.6199951171875,766.0700073242188,765.5800170898438,765.8200073242188,282020,2026-08-31 14:40:00+00:00
1788187500,765.8300170898438,765.8300170898438,765.3699951171875,765.4199829101562,215483,2026-08-31 14:45:00+00:00
1788187800,765.4395141601562,765.8599853515625,765.3499755859375,765.8400268554688,168835,2026-08-31 14:50:00+00:00
1788188100,765.8433837890625,766.3989868164062,765.72998046875,765.9500122070312,290970,2026-08-31 14:55:00+00:00
1788188400,765.9500122070312,766.4600219726562,765.6704711914062,765.760009765625,361583,2026-08-31 15:00:00+00:00
1788188700,765.760009765625,766.2000122070312,765.6104736328125,765.6799926757812,175330,2026-08-31 15:05:00+00:00
1788189000,765.6900024414062,765.969970703125,765.5499877929688,765.739990234375,291550,2026-08-31 15:10:00+00:00
1788189300,765.7349853515625,765.9199829101562,765.3800048828125,765.77001953125,181202,2026-08-31 15:15:00+00:00
1788189600,765.780029296875,766.0650024414062,765.5800170898438,766.0349731445312,189790,2026-08-31 15:20:00+00:00
1788189900,766.030029296875,766.1799926757812,765.8200073242188,765.9400024414062,154133,2026-08-31 15:25:00+00:00
1788190200,765.9500122070312,766.0,765.4400024414062,765.7598876953125,251352,2026-08-31 15:30:00+00:00
1788190500,765.739990234375,765.844970703125,765.4299926757812,765.5900268554688,212571,2026-08-31 15:35:00+00:00
1788190800,765.5963745117188,765.8699951171875,765.4000244140625,765.8350219726562,146851,2026-08-31 15:40:00+00:00
1788191100,765.8499755859375,766.010009765625,765.6599731445312,765.851806640625,118165,2026-08-31 15:45:00+00:00
1788191400,765.8599853515625,766.3400268554688,765.8599853515625,766.0800170898438,246037,2026-08-31 15:50:00+00:00
1788191700,766.0599975585938,766.1199951171875,765.3099975585938,765.419921875,169298,2026-08-31 15:55:00+00:00
1788192000,765.4199829101562,765.4199829101562,765.0599975585938,765.1599731445312,233605,2026-08-31 16:00:00+00:00
1788192300,765.1400146484375,765.2100219726562,764.97998046875,765.135009765625,251338,2026-08-31 16:05:00+00:00
1788192600,765.1300048828125,765.77001953125,765.0800170898438,765.7100219726562,201127,2026-08-31 16:10:00+00:00
1788192900,765.7150268554688,765.760009765625,765.27001953125,765.580078125,205946,2026-08-31 16:15:00+00:00
1788193200,765.6099853515625,765.6900024414062,765.27001953125,765.469970703125,184921,2026-08-31 16:20:00+00:00
1788193500,765.489990234375,765.9500122070312,765.469970703125,765.9000244140625,185065,2026-08-31 16:25:00+00:00
1788193800,765.8948974609375,765.9500122070312,765.6300048828125,765.8049926757812,272440,2026-08-31 16:30:00+00:00
1788194100,765.8200073242188,765.9299926757812,765.2150268554688,765.219970703125,160154,2026-08-31 16:35:00+00:00
1788194400,765.22998046875,765.75,765.1900024414062,765.4149780273438,283496,2026-08-31 16:40:00+00:00
1788194700,765.4199829101562,765.8599853515625,765.4199829101562,765.75,177902,2026-08-31 16:45:00+00:00
1788195000,765.739990234375,765.9600219726562,765.6799926757812,765.8099975585938,162079,2026-08-31 16:50:00+00:00
1788195300,765.7999877929688,765.97998046875,765.760009765625,765.8400268554688,133980,2026-08-31 16:55:00+00:00
1788195600,765.8499755859375,765.8900146484375,765.5700073242188,765.6500244140625,154882,2026-08-31 17:00:00+00:00
1788195900,765.6900024414062,765.8400268554688,765.5399780273438,765.5850219726562,119731,2026-08-31 17:05:00+00:00
1788196200,765.5800170898438,765.9398803710938,765.5700073242188,765.9199829101562,103713,2026-08-31 17:10:00+00:00
1788196500,765.9099731445312,766.0599975585938,765.7000122070312,765.8599853515625,142761,2026-08-31 17:15:00+00:00
1788196800,765.8499755859375,765.9400024414062,765.7100219726562,765.7999877929688,112812,2026-08-31 17:20:00+00:00
1788197100,765.7899780273438,765.8200073242188,765.3900146484375,765.4199829101562,149256,2026-08-31 17:25:00+00:00
1788197400,765.4249877929688,765.5499877929688,765.1699829101562,765.2899780273438,227087,2026-08-31 17:30:00+00:00
1788197700,765.3200073242188,765.8400268554688,765.3049926757812,765.8400268554688,96701,2026-08-31 17:35:00+00:00
1788198000,765.8400268554688,766.239990234375,765.780029296875,766.239990234375,153606,2026-08-31 17:40:00+00:00
1788198300,766.260009765625,766.4500122070312,766.1400146484375,766.3250122070312,158956,2026-08-31 17:45:00+00:00
1788198600,766.3200073242188,766.7698974609375,766.3150024414062,766.7698974609375,210208,2026-08-31 17:50:00+00:00
1788198900,766.75,766.8099975585938,766.3800048828125,766.52001953125,254319,2026-08-31 17:55:00+00:00
1788199200,766.5,766.64990234375,766.1799926757812,766.5999755859375,262456,2026-08-31 18:00:00+00:00
1788199500,766.5900268554688,766.7000122070312,766.469970703125,766.6699829101562,111087,2026-08-31 18:05:00+00:00
1788199800,766.6699829101562,766.72998046875,766.4500122070312,766.719970703125,150759,2026-08-31 18:10:00+00:00
1788200100,766.7000122070312,766.780029296875,766.5499877929688,766.6950073242188,255706,2026-08-31 18:15:00+00:00
1788200400,766.6950073242188,766.8400268554688,766.5,766.614990234375,201499,2026-08-31 18:20:00+00:00
1788200700,766.6199951171875,766.639892578125,766.280029296875,766.2999877929688,178821,2026-08-31 18:25:00+00:00
1788201000,766.2999877929688,766.4199829101562,766.0,766.030029296875,648554,2026-08-31 18:30:00+00:00
1788201300,766.010009765625,766.0800170898438,765.27001953125,765.4550170898438,443699,2026-08-31 18:35:00+00:00
1788201600,765.4550170898438,765.5700073242188,765.0499877929688,765.3499145507812,375543,2026-08-31 18:40:00+00:00
1788201900,765.3499755859375,765.4400024414062,765.1900024414062,765.4246215820312,168128,2026-08-31 18:45:00+00:00
1788202200,765.4299926757812,765.719970703125,765.22998046875,765.6500244140625,303154,2026-08-31 18:50:00+00:00
1788202500,765.6400146484375,765.89501953125,765.5499877929688,765.6699829101562,243168,2026-08-31 18:55:00+00:00
1788202800,765.6699829101562,766.0499877929688,765.6699829101562,765.8099975585938,287123,2026-08-31 19:00:00+00:00
1788203100,765.7899780273438,766.0399780273438,765.6799926757812,766.0150146484375,444544,2026-08-31 19:05:00+00:00
1788203400,766.030029296875,766.2164916992188,765.9409790039062,766.1799926757812,214565,2026-08-31 19:10:00+00:00
1788203700,766.1799926757812,766.25,765.97998046875,766.0349731445312,170588,2026-08-31 19:15:00+00:00
1788204000,766.030029296875,766.489990234375,765.989990234375,766.4099731445312,227803,2026-08-31 19:20:00+00:00
1788204300,766.4199829101562,766.75,766.27001953125,766.635009765625,292548,2026-08-31 19:25:00+00:00
1788204600,766.6199951171875,766.6300048828125,766.1799926757812,766.4400024414062,272201,2026-08-31 19:30:00+00:00
1788204900,766.4600219726562,766.7000122070312,766.3900146484375,766.6400146484375,399217,2026-08-31 19:35:00+00:00
1788205200,766.6300048828125,767.2050170898438,766.5999755859375,767.010009765625,555216,2026-08-31 19:40:00+00:00
1788205500,767.0,767.1599731445312,766.5999755859375,766.8499755859375,1090556,2026-08-31 19:45:00+00:00
1788205800,766.8699951171875,767.6500244140625,766.8699951171875,767.3825073242188,3108863,2026-08-31 19:50:00+00:00
1788206100,767.3599853515625,767.9949951171875,766.5800170898438,766.9500122070312,5474019,2026-08-31 19:55:00+00:00
1788269400,762.010009765625,762.1395263671875,761.1799926757812,761.9299926757812,2402466,2026-09-01 13:30:00+00:00
1788269700,761.9400024414062,762.39990234375,761.6099853515625,761.7698974609375,586625,2026-09-01 13:35:00+00:00
1788270000,761.760009765625,762.1199951171875,761.4299926757812,761.9600219726562,476228,2026-09-01 13:40:00+00:00
1788270300,761.9600219726562,762.2000122070312,761.6799926757812,762.2000122070312,484559,2026-09-01 13:45:00+00:00
1788270600,762.1799926757812,762.47998046875,761.5946044921875,761.8099975585938,398859,2026-09-01 13:50:00+00:00
1788270900,761.8200073242188,762.094970703125,761.4749755859375,762.0150146484375,410744,2026-09-01 13:55:00+00:00
1788271200,762.02001953125,762.5599975585938,761.739990234375,762.1699829101562,426329,2026-09-01 14:00:00+00:00
1788271500,762.1699829101562,762.9600219726562,762.1699829101562,762.9000244140625,353248,2026-09-01 14:05:00+00:00
1788271800,762.9202270507812,763.083984375,762.4931030273438,763.0,341229,2026-09-01 14:10:00+00:00
1788272100,762.989990234375,763.52001953125,762.9000244140625,763.3099975585938,402467,2026-09-01 14:15:00+00:00
1788272400,763.3200073242188,764.0,763.3200073242188,763.6799926757812,360586,2026-09-01 14:20:00+00:00
1788272700,763.6900024414062,764.0,763.6199951171875,763.7694702148438,336408,2026-09-01 14:25:00+00:00
1788273000,763.760009765625,764.4998779296875,763.75,764.4500122070312,512464,2026-09-01 14:30:00+00:00
1788273300,764.4509887695312,764.5499877929688,764.0700073242188,764.27001953125,401985,2026-09-01 14:35:00+00:00
1788273600,764.27001953125,764.3400268554688,763.8961791992188,764.1599731445312,308914,2026-09-01 14:40:00+00:00
1788273900,764.1599731445312,764.3599853515625,763.9199829101562,763.9199829101562,352920,2026-09-01 14:45:00+00:00
1788274200,763.9299926757812,763.9299926757812,763.5,763.5900268554688,262548,2026-09-01 14:50:00+00:00
1788274500,763.5900268554688,763.6998901367188,763.35009765625,763.5399780273438,348913,2026-09-01 14:55:00+00:00
1788274800,763.5599975585938,763.6599731445312,763.010009765625,763.1099853515625,259723,2026-09-01 15:00:00+00:00
1788275100,763.0700073242188,763.1699829101562,762.6699829101562,762.7999877929688,412531,2026-09-01 15:05:00+00:00
1788275400,762.7825927734375,763.1701049804688,762.7100219726562,762.9255981445312,285042,2026-09-01 15:10:00+00:00
1788275700,762.9400024414062,763.3499755859375,762.8499755859375,763.2899780273438,215011,2026-09-01 15:15:00+00:00
1788276000,763.289794921875,763.469970703125,763.0700073242188,763.4500122070312,222401,2026-09-01 15:20:00+00:00
1788276300,763.4299926757812,763.6099853515625,763.2100219726562,763.5900268554688,235867,2026-09-01 15:25:00+00:00
1788276600,763.5900268554688,763.780029296875,763.4400024414062,763.6199951171875,238973,2026-09-01 15:30:00+00:00
1788276900,763.6199951171875,764.1094970703125,763.47998046875,764.0999755859375,237135,2026-09-01 15:35:00+00:00
1788277200,764.0900268554688,764.27001953125,763.989990234375,764.22998046875,260867,2026-09-01 15:40:00+00:00
1788277500,764.219970703125,764.5999755859375,764.1300048828125,764.5599975585938,335095,2026-09-01 15:45:00+00:00
1788277800,764.5599975585938,764.6699829101562,764.280029296875,764.5499877929688,283491,2026-09-01 15:50:00+00:00
1788278100,764.5449829101562,764.5800170898438,764.1199951171875,764.2899780273438,307879,2026-09-01 15:55:00+00:00
1788278400,764.2899780273438,764.3400268554688,764.0599975585938,764.260009765625,315458,2026-09-01 16:00:00+00:00
1788278700,764.22998046875,764.2999877929688,763.8099975585938,763.8900146484375,222141,2026-09-01 16:05:00+00:00
1788279000,763.9099731445312,764.0999755859375,763.510009765625,763.5399780273438,242293,2026-09-01 16:10:00+00:00
1788279300,763.5349731445312,763.6199951171875,762.9600219726562,763.02001953125,310203,2026-09-01 16:15:00+00:00
1788279600,763.0050048828125,763.0900268554688,762.4000244140625,762.8699951171875,568958,2026-09-01 16:20:00+00:00
1788279900,762.8499755859375,762.9400024414062,762.2899780273438,762.5399169921875,495920,2026-09-01 16:25:00+00:00
1788280200,762.5399780273438,762.6300048828125,761.5800170898438,761.69921875,594124,2026-09-01 16:30:00+00:00
1788280500,761.7100219726562,762.22998046875,761.6900024414062,762.2100219726562,303533,2026-09-01 16:35:00+00:00
1788280800,762.22998046875,762.3699951171875,761.6599731445312,761.7100219726562,299538,2026-09-01 16:40:00+00:00
1788281100,761.7000122070312,762.02001953125,761.6400146484375,761.9600219726562,188674,2026-09-01 16:45:00+00:00
1788281400,761.9500122070312,762.0800170898438,761.739990234375,761.8800048828125,170145,2026-09-01 16:50:00+00:00
1788281700,761.9000244140625,762.3900146484375,761.9000244140625,762.260009765625,215350,2026-09-01 16:55:00+00:00
1788282000,762.260009765625,762.2899780273438,761.6900024414062,761.7100219726562,205705,2026-09-01 17:00:00+00:00
1788282300,761.7100219726562,761.8300170898438,761.5,761.7000122070312,273568,2026-09-01 17:05:00+00:00
1788282600,761.7000122070312,762.0900268554688,761.6199951171875,761.9650268554688,275642,2026-09-01 17:10:00+00:00
1788282900,761.9600219726562,762.1500244140625,761.5,761.60498046875,291021,2026-09-01 17:15:00+00:00
1788283200,761.6199951171875,761.780029296875,761.489990234375,761.5999755859375,183689,2026-09-01 17:20:00+00:00
1788283500,761.6199951171875,761.739990234375,760.72998046875,761.6799926757812,532099,2026-09-01 17:25:00+00:00
1788283800,761.6799926757812,762.0499877929688,761.6199951171875,761.989990234375,278948,2026-09-01 17:30:00+00:00
1788284100,761.9949951171875,762.2000122070312,761.780029296875,761.9149780273438,489639,2026-09-01 17:35:00+00:00
1788284400,761.9199829101562,762.22998046875,761.8599853515625,762.0700073242188,175555,2026-09-01 17:40:00+00:00
1788284700,762.0499877929688,762.1400146484375,761.5599975585938,761.5750122070312,218659,2026-09-01 17:45:00+00:00
1788285000,761.5750122070312,761.8400268554688,761.47998046875,761.5599975585938,256975,2026-09-01 17:50:00+00:00
1788285300,761.5650024414062,761.8800048828125,761.4600219726562,761.8200073242188,203629,2026-09-01 17:55:00+00:00
1788285600,761.8099975585938,762.0399780273438,761.5565185546875,761.60009765625,313717,2026-09-01 18:00:00+00:00
1788285900,761.5999755859375,761.6900024414062,761.4218139648438,761.655029296875,291646,2026-09-01 18:05:00+00:00
1788286200,761.64501953125,761.7100219726562,761.30322265625,761.3800048828125,193232,2026-09-01 18:10:00+00:00
1788286500,761.3699951171875,761.8200073242188,761.280029296875,761.7550048828125,421555,2026-09-01 18:15:00+00:00
1788286800,761.760009765625,761.8300170898438,761.5,761.6599731445312,201808,2026-09-01 18:20:00+00:00
1788287100,761.6400146484375,761.6400146484375,761.0700073242188,761.2100219726562,293422,2026-09-01 18:25:00+00:00
1788287400,761.2199096679688,761.2449951171875,760.6699829101562,760.75,340205,2026-09-01 18:30:00+00:00
1788287700,760.75,760.9099731445312,760.5,760.5399780273438,998670,2026-09-01 18:35:00+00:00
1788288000,760.5399780273438,760.6199951171875,759.7100219726562,759.739990234375,524835,2026-09-01 18:40:00+00:00
1788288300,759.7249755859375,760.260009765625,759.47998046875,760.1900024414062,554686,2026-09-01 18:45:00+00:00
1788288600,760.2000122070312,760.3900146484375,760.030029296875,760.25,302891,2026-09-01 18:50:00+00:00
1788288900,760.219970703125,760.8900146484375,760.1699829101562,760.7294921875,355619,2026-09-01 18:55:00+00:00
1788289200,760.719970703125,761.2000122070312,760.6199951171875,761.1400146484375,430144,2026-09-01 19:00:00+00:00
1788289500,761.1599731445312,761.1699829101562,760.8405151367188,761.094970703125,305716,2026-09-01 19:05:00+00:00
1788289800,761.0800170898438,761.47998046875,761.0499877929688,761.4600219726562,373222,2026-09-01 19:10:00+00:00
1788290100,761.4600219726562,761.6099853515625,761.1099853515625,761.4000244140625,392104,2026-09-01 19:15:00+00:00
1788290400,761.3800048828125,761.47998046875,761.0700073242188,761.280029296875,402465,2026-09-01 19:20:00+00:00
1788290700,761.2899780273438,761.4400024414062,761.1799926757812,761.3599853515625,393790,2026-09-01 19:25:00+00:00
1788291000,761.39990234375,761.39990234375,760.760009765625,761.1400756835938,661009,2026-09-01 19:30:00+00:00
1788291300,761.1400146484375,761.3400268554688,760.8300170898438,760.8499755859375,428622,2026-09-01 19:35:00+00:00
1788291600,760.8699951171875,761.2598876953125,760.739990234375,761.0499877929688,869539,2026-09-01 19:40:00+00:00
1788291900,761.0599975585938,761.4450073242188,760.969970703125,761.260009765625,898002,2026-09-01 19:45:00+00:00
1788292200,761.25,761.2899780273438,760.5800170898438,760.9299926757812,1079394,2026-09-01 19:50:00+00:00
1788292500,760.9500122070312,761.75,760.594970703125,761.7000122070312,2640618,2026-09-01 19:55:00+00:00
1788355800,762.4500122070312,762.52001953125,761.739990234375,762.3800048828125,1569469,2026-09-02 13:30:00+00:00
1788356100,762.4000244140625,762.47998046875,761.72998046875,762.469970703125,371901,2026-09-02 13:35:00+00:00
1788356400,762.4500122070312,762.8300170898438,762.260009765625,762.7999877929688,562336,2026-09-02 13:40:00+00:00
1788356700,762.8099975585938,762.9000244140625,761.9609985351562,762.0900268554688,509124,2026-09-02 13:45:00+00:00
1788357000,762.0800170898438,762.6110229492188,762.0499877929688,762.4600219726562,251949,2026-09-02 13:50:00+00:00
1788357300,762.4600219726562,763.0650024414062,762.1799926757812,763.0650024414062,336212,2026-09-02 13:55:00+00:00
1788357600,763.030029296875,763.739990234375,762.8599853515625,763.739990234375,412591,2026-09-02 14:00:00+00:00
1788357900,763.739990234375,764.1400146484375,763.6300048828125,763.72998046875,529703,2026-09-02 14:05:00+00:00
1788358200,763.72998046875,764.2899780273438,763.6500244140625,764.25,301881,2026-09-02 14:10:00+00:00
1788358500,764.260009765625,764.989990234375,764.0850219726562,764.8599853515625,475220,2026-09-02 14:15:00+00:00
1788358800,764.8599853515625,765.3350219726562,764.77001953125,765.2092895507812,531779,2026-09-02 14:20:00+00:00
1788359100,765.2100219726562,765.5850219726562,765.0399780273438,765.27001953125,328278,2026-09-02 14:25:00+00:00
1788359400,765.2750244140625,765.5900268554688,764.9299926757812,765.5800170898438,332397,2026-09-02 14:30:00+00:00
1788359700,765.6099853515625,765.8800048828125,765.489990234375,765.8800048828125,329724,2026-09-02 14:35:00+00:00
1788360000,765.8699951171875,766.3400268554688,765.7899780273438,766.2999877929688,337667,2026-09-02 14:40:00+00:00
1788360300,766.2899780273438,766.3099975585938,765.6199951171875,765.8200073242188,281696,2026-09-02 14:45:00+00:00
1788360600,765.8099975585938,765.8150024414062,765.3200073242188,765.4299926757812,333784,2026-09-02 14:50:00+00:00
1788360900,765.4099731445312,765.6300048828125,765.1599731445312,765.3099975585938,258783,2026-09-02 14:55:00+00:00
1788361200,765.3099975585938,765.6699829101562,765.1400146484375,765.4299926757812,239119,2026-09-02 15:00:00+00:00
1788361500,765.4400024414062,765.6300048828125,765.2150268554688,765.4400024414062,233056,2026-09-02 15:05:00+00:00
1788361800,765.4299926757812,765.7799072265625,765.22998046875,765.5280151367188,223916,2026-09-02 15:10:00+00:00
1788362100,765.530029296875,766.02001953125,765.4000244140625,765.9749755859375,170105,2026-09-02 15:15:00+00:00
1788362400,765.989990234375,766.0399780273438,765.7100219726562,765.8800048828125,207631,2026-09-02 15:20:00+00:00
1788362700,765.8900146484375,766.4000244140625,765.8699951171875,766.2949829101562,151733,2026-09-02 15:25:00+00:00
1788363000,766.3250122070312,766.4299926757812,766.010009765625,766.02001953125,270772,2026-09-02 15:30:00+00:00
1788363300,766.02001953125,766.1400146484375,765.77001953125,765.85498046875,236576,2026-09-02 15:35:00+00:00
1788363600,765.8699951171875,765.97998046875,765.644287109375,765.6500244140625,191837,2026-09-02 15:40:00+00:00
1788363900,765.6599731445312,765.6599731445312,765.0,765.0399780273438,247425,2026-09-02 15:45:00+00:00
1788364200,765.0499877929688,765.5798950195312,764.969970703125,765.2550048828125,191562,2026-09-02 15:50:00+00:00
1788364500,765.2650146484375,765.9600219726562,765.1599731445312,765.9249877929688,143575,2026-09-02 15:55:00+00:00
1788364800,765.9199829101562,765.9199829101562,765.5499877929688,765.7999877929688,134800,2026-09-02 16:00:00+00:00
1788365100,765.8400268554688,765.8900146484375,765.6300048828125,765.739990234375,106702,2026-09-02 16:05:00+00:00
1788365400,765.739990234375,765.8499755859375,765.625,765.6900024414062,89799,2026-09-02 16:10:00+00:00
1788365700,765.6950073242188,765.6950073242188,765.3150024414062,765.4498901367188,115240,2026-09-02 16:15:00+00:00
1788366000,765.4500122070312,765.5599975585938,764.969970703125,764.9849853515625,111155,2026-09-02 16:20:00+00:00
1788366300,764.9849853515625,765.14501953125,764.6900024414062,764.8499755859375,158043,2026-09-02 16:25:00+00:00
1788366600,764.8499755859375,765.3200073242188,764.8099975585938,765.0999755859375,184910,2026-09-02 16:30:00+00:00
1788366900,765.1099853515625,765.27001953125,765.0,765.0872802734375,102128,2026-09-02 16:35:00+00:00
1788367200,765.0700073242188,765.0999755859375,764.7000122070312,764.7000122070312,128712,2026-09-02 16:40:00+00:00
1788367500,764.72998046875,764.97998046875,764.719970703125,764.8499755859375,81412,2026-09-02 16:45:00+00:00
1788367800,764.8599853515625,765.2000122070312,764.7100219726562,765.1400146484375,128133,2026-09-02 16:50:00+00:00
1788368100,765.1599731445312,765.25,764.8800048828125,764.9199829101562,100758,2026-09-02 16:55:00+00:00
1788368400,764.9199829101562,765.47998046875,764.9199829101562,765.468505859375,130166,2026-09-02 17:00:00+00:00
1788368700,765.4500122070312,765.47802734375,764.6099853515625,764.6799926757812,181148,2026-09-02 17:05:00+00:00
1788369000,764.6614990234375,765.0599975585938,764.6599731445312,764.9000244140625,98043,2026-09-02 17:10:00+00:00
1788369300,764.9202880859375,764.9500122070312,764.52001953125,764.5999755859375,176779,2026-09-02 17:15:00+00:00
1788369600,764.5900268554688,764.780029296875,764.4600219726562,764.6199951171875,150357,2026-09-02 17:20:00+00:00
1788369900,764.6375732421875,764.864990234375,764.5999755859375,764.7100219726562,143218,2026-09-02 17:25:00+00:00
1788370200,764.75,764.7899780273438,764.3900146484375,764.3900146484375,123498,2026-09-02 17:30:00+00:00
1788370500,764.39501953125,764.5800170898438,764.3699951171875,764.4600219726562,130768,2026-09-02 17:35:00+00:00
1788370800,764.4550170898438,764.9400024414062,764.3499755859375,764.9000244140625,170531,2026-09-02 17:40:00+00:00
1788371100,764.9099731445312,765.27001953125,764.9000244140625,764.989990234375,190390,2026-09-02 17:45:00+00:00
1788371400,764.9998779296875,765.0800170898438,764.8300170898438,764.989990234375,126805,2026-09-02 17:50:00+00:00
1788371700,764.9758911132812,765.2899780273438,764.739990234375,765.1799926757812,132615,2026-09-02 17:55:00+00:00
1788372000,765.1799926757812,765.3300170898438,764.72998046875,765.2899780273438,460628,2026-09-02 18:00:00+00:00
1788372300,765.27001953125,765.4099731445312,765.0700073242188,765.0800170898438,181129,2026-09-02 18:05:00+00:00
1788372600,765.0800170898438,765.2899780273438,765.0599975585938,765.1799926757812,172143,2026-09-02 18:10:00+00:00
1788372900,765.1900024414062,766.0899047851562,765.1500244140625,765.5999755859375,498093,2026-09-02 18:15:00+00:00
1788373200,765.5999755859375,765.719970703125,765.4000244140625,765.489990234375,233237,2026-09-02 18:20:00+00:00
1788373500,765.489990234375,765.5399780273438,765.2100219726562,765.3200073242188,169936,2026-09-02 18:25:00+00:00
1788373800,765.3400268554688,765.5252075195312,765.260009765625,765.2899780273438,172653,2026-09-02 18:30:00+00:00
1788374100,765.280029296875,765.3699951171875,764.7899780273438,764.8099975585938,337466,2026-09-02 18:35:00+00:00
1788374400,764.8300170898438,764.8889770507812,764.6400146484375,764.719970703125,157215,2026-09-02 18:40:00+00:00
1788374700,764.739990234375,764.97998046875,764.5900268554688,764.8699951171875,182633,2026-09-02 18:45:00+00:00
1788375000,764.8900146484375,764.989990234375,764.6699829101562,764.8099975585938,346314,2026-09-02 18:50:00+00:00
1788375300,764.8049926757812,765.0,764.6799926757812,764.8099975585938,733951,2026-09-02 18:55:00+00:00
1788375600,764.7899780273438,764.97998046875,764.6699829101562,764.885009765625,330667,2026-09-02 19:00:00+00:00
1788375900,764.9000244140625,765.22998046875,764.8900146484375,765.2100219726562,164375,2026-09-02 19:05:00+00:00
1788376200,765.219970703125,765.4799194335938,765.219970703125,765.3900146484375,340201,2026-09-02 19:10:00+00:00
1788376500,765.385009765625,765.4199829101562,765.2000122070312,765.4099731445312,177394,2026-09-02 19:15:00+00:00
1788376800,765.4000244140625,765.4099731445312,765.0700073242188,765.239990234375,298344,2026-09-02 19:20:00+00:00
1788377100,765.239990234375,765.52001953125,765.1599731445312,765.47998046875,558394,2026-09-02 19:25:00+00:00
1788377400,765.469970703125,765.47998046875,765.1500244140625,765.3049926757812,261957,2026-09-02 19:30:00+00:00
1788377700,765.3099975585938,765.3599853515625,765.0800170898438,765.0800170898438,269145,2026-09-02 19:35:00+00:00
1788378000,765.0999755859375,765.3900146484375,765.030029296875,765.364990234375,397059,2026-09-02 19:40:00+00:00
1788378300,765.3599853515625,765.4849853515625,765.219970703125,765.375,552016,2026-09-02 19:45:00+00:00
1788378600,765.3699951171875,765.4500122070312,764.9500122070312,765.219970703125,774152,2026-09-02 19:50:00+00:00
1788378900,765.219970703125,765.260009765625,764.75,765.1500244140625,1604251,2026-09-02 19:55:00+00:00
1788442200,767.9000244140625,769.2349853515625,767.8499755859375,768.969970703125,2112896,2026-09-03 13:30:00+00:00
1788442500,768.969970703125,769.7999877929688,768.510009765625,769.72998046875,762218,2026-09-03 13:35:00+00:00
1788442800,769.739990234375,769.8900146484375,769.3499755859375,769.7899780273438,478156,2026-09-03 13:40:00+00:00
1788443100,769.8099975585938,769.9600219726562,769.4299926757812,769.6400146484375,1706469,2026-09-03 13:45:00+00:00
1788443400,769.6400146484375,770.0449829101562,769.3099975585938,769.5900268554688,717790,2026-09-03 13:50:00+00:00
1788443700,769.5800170898438,769.6099853515625,769.1099853515625,769.5599975585938,337533,2026-09-03 13:55:00+00:00
1788444000,769.530029296875,769.5700073242188,768.1099853515625,768.125,704241,2026-09-03 14:00:00+00:00
1788444300,768.1199951171875,768.3400268554688,767.6099853515625,767.8099975585938,1018043,2026-09-03 14:05:00+00:00
1788444600,767.8300170898438,768.3800048828125,767.530029296875,768.3599853515625,479518,2026-09-03 14:10:00+00:00
1788444900,768.3599853515625,768.8800048828125,768.22021484375,768.8499755859375,278402,2026-09-03 14:15:00+00:00
1788445200,768.8499755859375,769.0700073242188,768.5,768.8599853515625,264295,2026-09-03 14:20:00+00:00
1788445500,768.8800048828125,768.9598999023438,768.510009765625,768.6699829101562,244802,2026-09-03 14:25:00+00:00
1788445800,768.6699829101562,768.969970703125,767.8300170898438,767.9000244140625,357312,2026-09-03 14:30:00+00:00
1788446100,767.8800048828125,768.52001953125,767.8400268554688,768.1500244140625,248848,2026-09-03 14:35:00+00:00
1788446400,768.155029296875,768.6599731445312,768.030029296875,768.2000122070312,200507,2026-09-03 14:40:00+00:00
1788446700,768.1699829101562,768.7750244140625,768.030029296875,768.719970703125,252163,2026-09-03 14:45:00+00:00
1788447000,768.72998046875,768.8300170898438,768.2000122070312,768.6099853515625,249777,2026-09-03 14:50:00+00:00
1788447300,768.6199951171875,769.3300170898438,767.469970703125,769.280029296875,990788,2026-09-03 14:55:00+00:00
1788447600,769.260009765625,770.489990234375,769.25,770.4450073242188,594653,2026-09-03 15:00:00+00:00
1788447900,770.4600219726562,770.8900146484375,770.4299926757812,770.72998046875,668816,2026-09-03 15:05:00+00:00
1788448200,770.7315063476562,771.52001953125,770.6699829101562,771.52001953125,529425,2026-09-03 15:10:00+00:00
1788448500,771.5399780273438,772.0399780273438,771.489990234375,772.0100708007812,815434,2026-09-03 15:15:00+00:00
1788448800,772.010009765625,772.2249755859375,771.469970703125,772.0599975585938,572291,2026-09-03 15:20:00+00:00
1788449100,772.0800170898438,772.9500122070312,772.010009765625,772.9400024414062,519605,2026-09-03 15:25:00+00:00
1788449400,772.9400024414062,773.2100219726562,772.5,772.8558959960938,625247,2026-09-03 15:30:00+00:00
1788449700,772.8599853515625,772.97998046875,772.4199829101562,772.4650268554688,383967,2026-09-03 15:35:00+00:00
1788450000,772.469970703125,772.8400268554688,772.2750244140625,772.5800170898438,307075,2026-09-03 15:40:00+00:00
1788450300,772.5850219726562,773.0,772.5800170898438,772.9349975585938,293714,2026-09-03 15:45:00+00:00
1788450600,772.9400024414062,773.260009765625,772.9199829101562,773.14501953125,339859,2026-09-03 15:50:00+00:00
1788450900,773.14501953125,773.3200073242188,772.9500122070312,773.3200073242188,286583,2026-09-03 15:55:00+00:00
1788451200,773.3099975585938,773.3099975585938,772.780029296875,772.7999877929688,369949,2026-09-03 16:00:00+00:00
1788451500,772.7999267578125,772.8699951171875,772.469970703125,772.530029296875,437318,2026-09-03 16:05:00+00:00
1788451800,772.510009765625,772.7100219726562,772.375,772.6799926757812,343372,2026-09-03 16:10:00+00:00
1788452100,772.6900024414062,772.8699951171875,772.5399780273438,772.72998046875,219124,2026-09-03 16:15:00+00:00
1788452400,772.75,772.8099975585938,772.4849853515625,772.510009765625,242002,2026-09-03 16:20:00+00:00
1788452700,772.510009765625,772.510009765625,772.2100219726562,772.4349975585938,209582,2026-09-03 16:25:00+00:00
1788453000,772.4500122070312,772.6099853515625,772.2999877929688,772.4600219726562,324485,2026-09-03 16:30:00+00:00
1788453300,772.4600219726562,773.0599975585938,772.3699951171875,772.9600219726562,238637,2026-09-03 16:35:00+00:00
1788453600,772.969970703125,773.2000122070312,772.9199829101562,773.1400146484375,194848,2026-09-03 16:40:00+00:00
1788453900,773.1300048828125,773.22998046875,773.0150146484375,773.0900268554688,216038,2026-09-03 16:45:00+00:00
1788454200,773.1099853515625,773.1300048828125,772.72998046875,772.8400268554688,174753,2026-09-03 16:50:00+00:00
1788454500,772.8300170898438,773.010009765625,772.739990234375,772.8800048828125,162155,2026-09-03 16:55:00+00:00
1788454800,772.9000244140625,773.0,772.6599731445312,772.7899780273438,136158,2026-09-03 17:00:00+00:00
1788455100,772.7999877929688,772.8900146484375,772.4199829101562,772.4299926757812,216400,2026-09-03 17:05:00+00:00
1788455400,772.4199829101562,772.510009765625,772.3300170898438,772.4349975585938,180852,2026-09-03 17:10:00+00:00
1788455700,772.4400024414062,772.5700073242188,772.3300170898438,772.3350219726562,152291,2026-09-03 17:15:00+00:00
1788456000,772.3300170898438,772.3300170898438,772.1199951171875,772.2750244140625,149498,2026-09-03 17:20:00+00:00
1788456300,772.280029296875,772.6799926757812,772.260009765625,772.668701171875,159902,2026-09-03 17:25:00+00:00
1788456600,772.6500244140625,772.9400024414062,772.6475219726562,772.8599853515625,164085,2026-09-03 17:30:00+00:00
1788456900,772.8400268554688,773.1400146484375,772.8300170898438,773.010009765625,307313,2026-09-03 17:35:00+00:00
1788457200,773.0399780273438,773.1900024414062,773.010009765625,773.0599975585938,159017,2026-09-03 17:40:00+00:00
1788457500,773.0599975585938,773.1900024414062,772.9199829101562,772.97998046875,171149,2026-09-03 17:45:00+00:00
1788457800,773.02001953125,773.4550170898438,773.0,773.4400024414062,230685,2026-09-03 17:50:00+00:00
1788458100,773.403076171875,773.47998046875,773.219970703125,773.2750244140625,239274,2026-09-03 17:55:00+00:00
1788458400,773.260009765625,773.9400024414062,773.260009765625,773.77001953125,372756,2026-09-03 18:00:00+00:00
1788458700,773.760009765625,773.9099731445312,773.6599731445312,773.7949829101562,386301,2026-09-03 18:05:00+00:00
1788459000,773.7949829101562,773.9199829101562,773.719970703125,773.8150024414062,187218,2026-09-03 18:10:00+00:00
1788459300,773.8300170898438,774.030029296875,773.6594848632812,773.719970703125,390712,2026-09-03 18:15:00+00:00
1788459600,773.72998046875,773.8200073242188,773.5599975585938,773.75,208865,2026-09-03 18:20:00+00:00
1788459900,773.75,773.8599853515625,773.6400146484375,773.72998046875,163178,2026-09-03 18:25:00+00:00
1788460200,773.7589721679688,773.8800048828125,773.5499877929688,773.8599853515625,200435,2026-09-03 18:30:00+00:00
1788460500,773.8599243164062,773.9000244140625,773.760009765625,773.8200073242188,241823,2026-09-03 18:35:00+00:00
1788460800,773.8200073242188,773.8200073242188,773.5097045898438,773.5999755859375,217196,2026-09-03 18:40:00+00:00
1788461100,773.5999145507812,773.7999877929688,773.5900268554688,773.7550048828125,225737,2026-09-03 18:45:00+00:00
1788461400,773.77001953125,773.8499755859375,773.5499877929688,773.6199951171875,274984,2026-09-03 18:50:00+00:00
1788461700,773.6199951171875,773.6699829101562,773.4000244140625,773.6699829101562,332034,2026-09-03 18:55:00+00:00
1788462000,773.6649780273438,773.7050170898438,773.4400024414062,773.5599975585938,569241,2026-09-03 19:00:00+00:00
1788462300,773.5900268554688,773.6900024414062,773.47900390625,773.5599975585938,383697,2026-09-03 19:05:00+00:00
1788462600,773.5800170898438,773.6300048828125,773.3104248046875,773.3800048828125,246635,2026-09-03 19:10:00+00:00
1788462900,773.375,773.5999755859375,773.2999877929688,773.5999755859375,334128,2026-09-03 19:15:00+00:00
1788463200,773.5999755859375,773.5999755859375,773.1300048828125,773.1799926757812,793525,2026-09-03 19:20:00+00:00
1788463500,773.1849975585938,773.4199829101562,773.1400146484375,773.4099731445312,446759,2026-09-03 19:25:00+00:00
1788463800,773.4149780273438,773.5349731445312,773.27001953125,773.3099975585938,765286,2026-09-03 19:30:00+00:00
1788464100,773.3049926757812,773.5499877929688,773.2999877929688,773.4390258789062,424468,2026-09-03 19:35:00+00:00
1788464400,773.4500122070312,773.530029296875,773.2050170898438,773.22998046875,772818,2026-09-03 19:40:00+00:00
1788464700,773.219970703125,773.4199829101562,773.1400146484375,773.239990234375,793691,2026-09-03 19:45:00+00:00
1788465000,773.260009765625,773.3699951171875,773.0800170898438,773.22998046875,942875,2026-09-03 19:50:00+00:00
1788465300,773.239990234375,773.25,772.7000122070312,773.1099853515625,3714208,2026-09-03 19:55:00+00:00
1788528600,772.010009765625,772.8300170898438,771.8900146484375,772.7100219726562,2320462,2026-09-04 13:30:00+00:00
1788528900,772.7100219726562,772.8699951171875,772.25048828125,772.4650268554688,461007,2026-09-04 13:35:00+00:00
1788529200,772.469970703125,772.489990234375,771.8499755859375,772.169921875,744330,2026-09-04 13:40:00+00:00
1788529500,772.1649780273438,772.6199951171875,771.8099975585938,772.5150146484375,488907,2026-09-04 13:45:00+00:00
1788529800,772.510009765625,772.510009765625,771.969970703125,772.385009765625,425739,2026-09-04 13:50:00+00:00
1788530100,772.385009765625,772.5784912109375,772.1199951171875,772.3099975585938,434785,2026-09-04 13:55:00+00:00
1788530400,772.3200073242188,772.3599853515625,771.8200073242188,771.989990234375,495033,2026-09-04 14:00:00+00:00
1788530700,772.02001953125,772.1500244140625,771.5250244140625,771.5250244140625,302228,2026-09-04 14:05:00+00:00
1788531000,771.530029296875,771.659912109375,770.8400268554688,771.6300048828125,552988,2026-09-04 14:10:00+00:00
1788531300,771.6300048828125,771.6892700195312,770.9400024414062,770.9650268554688,346972,2026-09-04 14:15:00+00:00
1788531600,770.9650268554688,771.239990234375,770.8499755859375,771.0800170898438,347613,2026-09-04 14:20:00+00:00
1788531900,771.0800170898438,771.260009765625,770.760009765625,771.2100219726562,209779,2026-09-04 14:25:00+00:00
1788532200,771.2050170898438,771.2899780273438,770.72998046875,770.7999877929688,247223,2026-09-04 14:30:00+00:00
1788532500,770.8250122070312,771.1619873046875,770.77001953125,771.1300048828125,176748,2026-09-04 14:35:00+00:00
1788532800,771.1300048828125,771.1300048828125,770.27001953125,770.2999877929688,265491,2026-09-04 14:40:00+00:00
1788533100,770.3099975585938,770.489990234375,769.75,769.780029296875,355108,2026-09-04 14:45:00+00:00
1788533400,769.7799072265625,770.1596069335938,769.547607421875,769.5900268554688,326746,2026-09-04 14:50:00+00:00
1788533700,769.5900268554688,769.7650146484375,769.2999877929688,769.4500122070312,447607,2026-09-04 14:55:00+00:00
1788534000,769.469970703125,769.6300048828125,769.0499877929688,769.489990234375,359925,2026-09-04 15:00:00+00:00
1788534300,769.5,769.760009765625,769.3599853515625,769.6998901367188,330518,2026-09-04 15:05:00+00:00
1788534600,769.6950073242188,769.9400024414062,769.4199829101562,769.9400024414062,338139,2026-09-04 15:10:00+00:00
1788534900,769.9500122070312,769.989990234375,769.260009765625,769.3599853515625,498148,2026-09-04 15:15:00+00:00
1788535200,769.3400268554688,769.4500122070312,769.1099853515625,769.2999877929688,482387,2026-09-04 15:20:00+00:00
1788535500,769.3099975585938,769.4993286132812,769.14501953125,769.4299926757812,306137,2026-09-04 15:25:00+00:00
1788535800,769.47998046875,769.489990234375,769.0,769.239990234375,250511,2026-09-04 15:30:00+00:00
1788536100,769.239990234375,769.5499877929688,769.2100219726562,769.5399780273438,207379,2026-09-04 15:35:00+00:00
1788536400,769.5399780273438,770.0499877929688,769.489990234375,769.9974975585938,211426,2026-09-04 15:40:00+00:00
1788536700,769.989990234375,770.0599975585938,769.6199951171875,769.8099975585938,206011,2026-09-04 15:45:00+00:00
1788537000,769.8200073242188,769.97998046875,769.7100219726562,769.9099731445312,228700,2026-09-04 15:50:00+00:00
1788537300,769.9099731445312,770.0399780273438,769.6649780273438,769.95751953125,156009,2026-09-04 15:55:00+00:00
1788537600,769.9550170898438,770.1300048828125,769.8300170898438,770.0900268554688,184128,2026-09-04 16:00:00+00:00
1788537900,770.094970703125,770.4299926757812,769.9099731445312,770.35498046875,209465,2026-09-04 16:05:00+00:00
1788538200,770.3400268554688,770.739990234375,770.280029296875,770.72998046875,185912,2026-09-04 16:10:00+00:00
1788538500,770.7249755859375,770.8800048828125,770.5599975585938,770.8499755859375,313217,2026-09-04 16:15:00+00:00
1788538800,770.8599853515625,771.1500244140625,770.7650146484375,770.8900146484375,275973,2026-09-04 16:20:00+00:00
1788539100,770.8800048828125,770.8800048828125,770.6099853515625,770.6599731445312,142972,2026-09-04 16:25:00+00:00
1788539400,770.6599731445312,770.9249877929688,770.5551147460938,770.9249877929688,216009,2026-09-04 16:30:00+00:00
1788539700,770.9199829101562,770.9199829101562,770.6799926757812,770.7894897460938,129825,2026-09-04 16:35:00+00:00
1788540000,770.780029296875,770.97998046875,770.7100219726562,770.9400024414062,146231,2026-09-04 16:40:00+00:00
1788540300,770.9500122070312,771.239990234375,770.8900146484375,771.219970703125,190173,2026-09-04 16:45:00+00:00
1788540600,771.219970703125,771.3200073242188,771.0800170898438,771.0999755859375,166851,2026-09-04 16:50:00+00:00
1788540900,771.0800170898438,771.1600952148438,770.8800048828125,770.8900146484375,148980,2026-09-04 16:55:00+00:00
1788541200,770.9000244140625,770.969970703125,770.3699951171875,770.4600219726562,195504,2026-09-04 17:00:00+00:00
1788541500,770.4500122070312,770.6699829101562,770.3400268554688,770.3499755859375,203464,2026-09-04 17:05:00+00:00
1788541800,770.35498046875,770.5,770.3099975585938,770.3499755859375,159752,2026-09-04 17:10:00+00:00
1788542100,770.369873046875,770.47998046875,770.219970703125,770.280029296875,161796,2026-09-04 17:15:00+00:00
1788542400,770.27001953125,770.3699951171875,770.0800170898438,770.0800170898438,155159,2026-09-04 17:20:00+00:00
1788542700,770.0999755859375,770.219970703125,769.7999877929688,769.8519897460938,163518,2026-09-04 17:25:00+00:00
1788543000,769.8499755859375,769.8699951171875,769.469970703125,769.6500244140625,232672,2026-09-04 17:30:00+00:00
1788543300,769.64501953125,769.7550048828125,769.530029296875,769.6900024414062,183720,2026-09-04 17:35:00+00:00
1788543600,769.6898803710938,769.7000122070312,769.2899780273438,769.3200073242188,223426,2026-09-04 17:40:00+00:00
1788543900,769.3200073242188,769.52001953125,769.1300048828125,769.385009765625,247062,2026-09-04 17:45:00+00:00
1788544200,769.385009765625,769.52001953125,769.280029296875,769.3900146484375,462630,2026-09-04 17:50:00+00:00
1788544500,769.3900146484375,769.5399780273438,769.2980346679688,769.458984375,240046,2026-09-04 17:55:00+00:00
1788544800,769.4400024414062,769.6099853515625,769.22998046875,769.3200073242188,259734,2026-09-04 18:00:00+00:00
1788545100,769.3400268554688,769.5999755859375,769.2100830078125,769.5800170898438,199670,2026-09-04 18:05:00+00:00
1788545400,769.5900268554688,769.739990234375,769.530029296875,769.6599731445312,216126,2026-09-04 18:10:00+00:00
1788545700,769.6599731445312,769.8300170898438,769.5599975585938,769.7899780273438,130021,2026-09-04 18:15:00+00:00
1788546000,769.7899780273438,769.989990234375,769.72998046875,769.9099731445312,178324,2026-09-04 18:20:00+00:00
1788546300,769.8900146484375,769.9741821289062,769.75048828125,769.8800048828125,149608,2026-09-04 18:25:00+00:00
1788546600,769.8900146484375,770.030029296875,769.8400268554688,770.0,423547,2026-09-04 18:30:00+00:00
1788546900,770.0,770.02001953125,769.7899780273438,769.8900146484375,133087,2026-09-04 18:35:00+00:00
1788547200,769.8800048828125,770.1900024414062,769.7830810546875,770.1500244140625,204947,2026-09-04 18:40:00+00:00
1788547500,770.1599731445312,770.239990234375,770.0800170898438,770.2249755859375,139905,2026-09-04 18:45:00+00:00
1788547800,770.22998046875,770.2999877929688,770.1500244140625,770.219970703125,184309,2026-09-04 18:50:00+00:00
1788548100,770.2100219726562,770.3699951171875,770.1500244140625,770.25,193194,2026-09-04 18:55:00+00:00
1788548400,770.260009765625,770.3800048828125,769.6699829101562,769.7150268554688,385979,2026-09-04 19:00:00+00:00
1788548700,769.719970703125,769.8150024414062,769.6300048828125,769.6849975585938,628252,2026-09-04 19:05:00+00:00
1788549000,769.6900024414062,769.8300170898438,769.5900268554688,769.6199951171875,261089,2026-09-04 19:10:00+00:00
1788549300,769.6199951171875,769.760009765625,769.5900268554688,769.6500244140625,385942,2026-09-04 19:15:00+00:00
1788549600,769.6599731445312,769.8400268554688,769.6199951171875,769.760009765625,366945,2026-09-04 19:20:00+00:00
1788549900,769.77001953125,770.0700073242188,769.77001953125,770.010009765625,417107,2026-09-04 19:25:00+00:00
1788550200,770.0,770.0700073242188,769.8499755859375,769.9849853515625,309117,2026-09-04 19:30:00+00:00
1788550500,769.97998046875,770.0,769.6300048828125,769.72998046875,589058,2026-09-04 19:35:00+00:00
1788550800,769.72998046875,769.9500122070312,769.6599731445312,769.9000244140625,557561,2026-09-04 19:40:00+00:00
1788551100,769.8900146484375,770.2000122070312,769.8699951171875,770.1099853515625,620026,2026-09-04 19:45:00+00:00
1788551400,770.1199951171875,770.4199829101562,770.0399780273438,770.39501953125,809057,2026-09-04 19:50:00+00:00
1788551700,770.4000244140625,770.47998046875,769.7999877929688,770.239990234375,2998905,2026-09-04 19:55:00+00:00
1788874200,769.0700073242188,769.6900024414062,768.6699829101562,768.8049926757812,2234251,2026-09-08 13:30:00+00:00
1788874500,768.7999877929688,768.8200073242188,768.1199951171875,768.1400146484375,495132,2026-09-08 13:35:00+00:00
1788874800,768.1199951171875,768.1300048828125,767.0900268554688,767.2899780273438,588050,2026-09-08 13:40:00+00:00
1788875100,767.3049926757812,767.8099975585938,767.2000122070312,767.719970703125,789904,2026-09-08 13:45:00+00:00
1788875400,767.72998046875,767.75,766.8200073242188,767.3699951171875,662823,2026-09-08 13:50:00+00:00
1788875700,767.35498046875,768.0800170898438,767.2899780273438,767.4600219726562,472362,2026-09-08 13:55:00+00:00
1788876000,767.4500122070312,767.6300048828125,766.530029296875,766.9500122070312,459341,2026-09-08 14:00:00+00:00
1788876300,766.9600219726562,767.0700073242188,766.3900146484375,766.4199829101562,435467,2026-09-08 14:05:00+00:00
1788876600,766.4199829101562,766.77001953125,765.989990234375,766.4600219726562,505895,2026-09-08 14:10:00+00:00
1788876900,766.4500122070312,766.72998046875,766.1199951171875,766.5599975585938,580319,2026-09-08 14:15:00+00:00
1788877200,766.5650024414062,767.1298828125,766.3499755859375,767.0999755859375,601233,2026-09-08 14:20:00+00:00
1788877500,767.0999145507812,767.1494750976562,766.4099731445312,766.7000122070312,288926,2026-09-08 14:25:00+00:00
1788877800,766.7000122070312,767.0399780273438,766.4400024414062,767.0050048828125,284680,2026-09-08 14:30:00+00:00
1788878100,767.02001953125,767.0800170898438,766.6400146484375,766.8900146484375,336865,2026-09-08 14:35:00+00:00
1788878400,766.9000244140625,767.22998046875,766.780029296875,767.1199951171875,211263,2026-09-08 14:40:00+00:00
1788878700,767.1400146484375,767.2999877929688,766.6699829101562,767.260009765625,197440,2026-09-08 14:45:00+00:00
1788879000,767.25,767.719970703125,767.2100219726562,767.6199951171875,331391,2026-09-08 14:50:00+00:00
1788879300,767.6400146484375,767.948974609375,767.3400268554688,767.6500244140625,255375,2026-09-08 14:55:00+00:00
1788879600,767.6699829101562,767.8699951171875,767.489990234375,767.6950073242188,218496,2026-09-08 15:00:00+00:00
1788879900,767.6900024414062,767.8300170898438,767.469970703125,767.6799926757812,204706,2026-09-08 15:05:00+00:00
1788880200,767.6699829101562,768.3099975585938,767.6599731445312,768.0399780273438,408665,2026-09-08 15:10:00+00:00
1788880500,768.0399780273438,768.3400268554688,767.9199829101562,768.0800170898438,288265,2026-09-08 15:15:00+00:00
1788880800,768.0800170898438,768.0800170898438,767.3499755859375,768.0,340333,2026-09-08 15:20:00+00:00
1788881100,767.989990234375,768.3699951171875,767.8049926757812,767.8049926757812,713177,2026-09-08 15:25:00+00:00
1788881400,767.7999877929688,768.0800170898438,767.6199951171875,767.7899780273438,273459,2026-09-08 15:30:00+00:00
1788881700,767.7899780273438,767.8099975585938,767.3400268554688,767.510009765625,228802,2026-09-08 15:35:00+00:00
1788882000,767.510009765625,768.02001953125,767.4099731445312,767.97998046875,201733,2026-09-08 15:40:00+00:00
1788882300,767.9949951171875,768.0399780273438,767.469970703125,767.5399780273438,321756,2026-09-08 15:45:00+00:00
1788882600,767.5599975585938,767.7849731445312,767.510009765625,767.5700073242188,399772,2026-09-08 15:50:00+00:00
1788882900,767.5599975585938,767.7100219726562,767.3499755859375,767.3900146484375,303327,2026-09-08 15:55:00+00:00
1788883200,767.4000244140625,767.6599731445312,767.1950073242188,767.6599731445312,535808,2026-09-08 16:00:00+00:00
1788883500,767.6599731445312,767.7899780273438,767.3200073242188,767.3300170898438,136517,2026-09-08 16:05:00+00:00
1788883800,767.3200073242188,767.3400268554688,767.030029296875,767.219970703125,231640,2026-09-08 16:10:00+00:00
1788884100,767.219970703125,767.22998046875,766.8099975585938,766.9149780273438,311809,2026-09-08 16:15:00+00:00
1788884400,766.9199829101562,767.4199829101562,766.8099975585938,767.3900756835938,292911,2026-09-08 16:20:00+00:00
1788884700,767.4099731445312,767.6500244140625,767.0800170898438,767.0999755859375,171878,2026-09-08 16:25:00+00:00
1788885000,767.0999755859375,767.3200073242188,767.0,767.2000122070312,273954,2026-09-08 16:30:00+00:00
1788885300,767.1799926757812,767.24169921875,766.9400024414062,766.989990234375,145241,2026-09-08 16:35:00+00:00
1788885600,766.9998779296875,767.1400146484375,766.8099975585938,767.010009765625,154919,2026-09-08 16:40:00+00:00
1788885900,767.02001953125,767.3200073242188,766.9149780273438,767.2449951171875,186806,2026-09-08 16:45:00+00:00
1788886200,767.260009765625,767.6099853515625,767.0900268554688,767.2349853515625,232878,2026-09-08 16:50:00+00:00
1788886500,767.25,767.2999877929688,766.5499877929688,766.9400024414062,826900,2026-09-08 16:55:00+00:00
1788886800,766.92919921875,767.9000244140625,766.92919921875,767.9000244140625,200642,2026-09-08 17:00:00+00:00
1788887100,767.9000244140625,768.1199951171875,767.5399780273438,767.5399780273438,237571,2026-09-08 17:05:00+00:00
1788887400,767.5700073242188,767.72998046875,767.52001953125,767.635009765625,149182,2026-09-08 17:10:00+00:00
1788887700,767.6400146484375,767.719970703125,767.52001953125,767.60498046875,195500,2026-09-08 17:15:00+00:00
1788888000,767.5999755859375,767.708984375,767.4199829101562,767.5900268554688,141823,2026-09-08 17:20:00+00:00
1788888300,767.5900268554688,767.6099853515625,767.1900024414062,767.4749755859375,134179,2026-09-08 17:25:00+00:00
1788888600,767.489990234375,767.8200073242188,767.4400024414062,767.6799926757812,164330,2026-09-08 17:30:00+00:00
1788888900,767.6799926757812,767.8800048828125,767.6300048828125,767.6799926757812,245812,2026-09-08 17:35:00+00:00
1788889200,767.6900024414062,767.6900024414062,767.3150024414062,767.344970703125,216439,2026-09-08 17:40:00+00:00
1788889500,767.3400268554688,767.6199951171875,767.3400268554688,767.5800170898438,259716,2026-09-08 17:45:00+00:00
1788889800,767.5700073242188,767.8499755859375,767.47998046875,767.7999877929688,185590,2026-09-08 17:50:00+00:00
1788890100,767.780029296875,767.780029296875,767.4600219726562,767.4600219726562,145649,2026-09-08 17:55:00+00:00
1788890400,767.47998046875,767.6500244140625,767.4600219726562,767.6199951171875,211316,2026-09-08 18:00:00+00:00
1788890700,767.6099853515625,767.8300170898438,767.5399780273438,767.77001953125,221605,2026-09-08 18:05:00+00:00
1788891000,767.780029296875,767.8800048828125,767.6749877929688,767.77001953125,184101,2026-09-08 18:10:00+00:00
1788891300,767.760009765625,767.8800048828125,767.6699829101562,767.8049926757812,179786,2026-09-08 18:15:00+00:00
1788891600,767.7999877929688,767.8900146484375,767.5800170898438,767.5999755859375,188283,2026-09-08 18:20:00+00:00
1788891900,767.5900268554688,767.7999877929688,767.5250244140625,767.7650146484375,178343,2026-09-08 18:25:00+00:00
1788892200,767.77001953125,767.7899780273438,767.52001953125,767.530029296875,168947,2026-09-08 18:30:00+00:00
1788892500,767.5399780273438,767.5499877929688,767.1400146484375,767.2000122070312,221348,2026-09-08 18:35:00+00:00
1788892800,767.1900024414062,767.5399780273438,767.0700073242188,767.52001953125,198628,2026-09-08 18:40:00+00:00
1788893100,767.52001953125,767.6199951171875,765.6699829101562,766.260009765625,850175,2026-09-08 18:45:00+00:00
1788893400,766.280029296875,767.0380249023438,766.2000122070312,766.969970703125,840808,2026-09-08 18:50:00+00:00
1788893700,766.9749755859375,767.0800170898438,766.740478515625,766.77001953125,323560,2026-09-08 18:55:00+00:00
1788894000,766.780029296875,766.9400024414062,766.4849853515625,766.6171875,281507,2026-09-08 19:00:00+00:00
1788894300,766.6300048828125,766.97998046875,766.5499877929688,766.8400268554688,183294,2026-09-08 19:05:00+00:00
1788894600,766.8201293945312,767.0999755859375,766.7899780273438,766.9000244140625,371685,2026-09-08 19:10:00+00:00
1788894900,766.9099731445312,767.030029296875,766.6099853515625,766.7000122070312,327761,2026-09-08 19:15:00+00:00
1788895200,766.7050170898438,766.8699951171875,766.510009765625,766.5700073242188,414412,2026-09-08 19:20:00+00:00
1788895500,766.5700073242188,767.0399780273438,766.510009765625,766.97998046875,339686,2026-09-08 19:25:00+00:00
1788895800,766.969970703125,767.1500244140625,766.7000122070312,767.0900268554688,452310,2026-09-08 19:30:00+00:00
1788896100,767.0900268554688,767.1199951171875,766.77001953125,766.9600219726562,472835,2026-09-08 19:35:00+00:00
1788896400,766.9749755859375,767.0800170898438,766.6799926757812,766.8099975585938,714200,2026-09-08 19:40:00+00:00
1788896700,766.8200073242188,766.8800048828125,766.3200073242188,766.5399780273438,714029,2026-09-08 19:45:00+00:00
1788897000,766.5599975585938,766.6300048828125,765.52001953125,765.6849975585938,1757909,2026-09-08 19:50:00+00:00
1788897300,765.72998046875,766.1400146484375,765.1400146484375,765.989990234375,3928473,2026-09-08 19:55:00+00:00
1788960600,764.0800170898438,764.3800048828125,763.239990234375,764.1199951171875,1528226,2026-09-09 13:30:00+00:00
1788960900,764.1199951171875,764.1900024414062,763.6099853515625,763.7999877929688,510819,2026-09-09 13:35:00+00:00
1788961200,763.8300170898438,764.030029296875,763.4199829101562,763.75,261008,2026-09-09 13:40:00+00:00
1788961500,763.7000122070312,764.219970703125,763.4299926757812,763.8699951171875,466114,2026-09-09 13:45:00+00:00
1788961800,763.8800048828125,763.969970703125,763.4600219726562,763.7849731445312,314399,2026-09-09 13:50:00+00:00
1788962100,763.7750244140625,764.2000122070312,763.6599731445312,764.0999755859375,247683,2026-09-09 13:55:00+00:00
1788962400,764.0900268554688,764.2000122070312,763.4000244140625,763.8400268554688,322423,2026-09-09 14:00:00+00:00
1788962700,763.8499755859375,764.1500244140625,763.7700805664062,764.0700073242188,286557,2026-09-09 14:05:00+00:00
1788963000,764.0601196289062,764.1300048828125,763.6099853515625,763.8775024414062,287288,2026-09-09 14:10:00+00:00
1788963300,763.8800048828125,763.8800048828125,762.7999877929688,763.0549926757812,479030,2026-09-09 14:15:00+00:00
1788963600,763.0401000976562,763.1500244140625,762.489990234375,762.510009765625,523999,2026-09-09 14:20:00+00:00
1788963900,762.510009765625,764.0700073242188,762.5,763.97998046875,493929,2026-09-09 14:25:00+00:00
1788964200,763.969970703125,764.010009765625,763.4199829101562,763.489990234375,254961,2026-09-09 14:30:00+00:00
1788964500,763.489990234375,763.7999877929688,763.25,763.60498046875,282439,2026-09-09 14:35:00+00:00
1788964800,763.5900268554688,763.8699951171875,763.4600219726562,763.77001953125,157614,2026-09-09 14:40:00+00:00
1788965100,763.7534790039062,763.780029296875,763.4099731445312,763.7249755859375,112604,2026-09-09 14:45:00+00:00
1788965400,763.72998046875,763.9400024414062,763.530029296875,763.6500244140625,150881,2026-09-09 14:50:00+00:00
1788965700,763.6649780273438,763.9099731445312,763.4600219726562,763.780029296875,150988,2026-09-09 14:55:00+00:00
1788966000,763.7899780273438,764.469970703125,762.7000122070312,762.8400268554688,564768,2026-09-09 15:00:00+00:00
1788966300,762.8800048828125,763.0399780273438,762.1599731445312,762.239990234375,466396,2026-09-09 15:05:00+00:00
1788966600,762.25,762.280029296875,761.39501953125,761.6300048828125,618359,2026-09-09 15:10:00+00:00
1788966900,761.6400146484375,762.169921875,761.5,762.0501098632812,434599,2026-09-09 15:15:00+00:00
1788967200,762.030029296875,762.1300048828125,761.0,761.0499877929688,406933,2026-09-09 15:20:00+00:00
1788967500,761.0499877929688,761.5750122070312,760.9400024414062,761.5399780273438,420870,2026-09-09 15:25:00+00:00
1788967800,761.5401000976562,762.1500244140625,761.47998046875,762.1500244140625,695993,2026-09-09 15:30:00+00:00
1788968100,762.1500244140625,762.9794921875,761.760009765625,762.9099731445312,310344,2026-09-09 15:35:00+00:00
1788968400,762.9199829101562,763.095703125,761.989990234375,762.239990234375,415793,2026-09-09 15:40:00+00:00
1788968700,762.260009765625,762.3585815429688,762.02001953125,762.27001953125,133563,2026-09-09 15:45:00+00:00
1788969000,762.2899780273438,762.6199951171875,762.2899780273438,762.5499877929688,159786,2026-09-09 15:50:00+00:00
1788969300,762.52001953125,762.52001953125,761.8400268554688,762.1699829101562,226597,2026-09-09 15:55:00+00:00
1788969600,762.1699829101562,762.4099731445312,762.0499877929688,762.3699951171875,185090,2026-09-09 16:00:00+00:00
1788969900,762.3599853515625,762.3699951171875,761.5150146484375,761.5150146484375,296852,2026-09-09 16:05:00+00:00
1788970200,761.52001953125,761.8900146484375,761.4299926757812,761.64501953125,204389,2026-09-09 16:10:00+00:00
1788970500,761.64501953125,761.6599731445312,761.3599853515625,761.4500122070312,146801,2026-09-09 16:15:00+00:00
1788970800,761.4450073242188,761.739990234375,761.3200073242188,761.719970703125,205313,2026-09-09 16:20:00+00:00
1788971100,761.72998046875,761.8099975585938,761.4299926757812,761.6300048828125,157041,2026-09-09 16:25:00+00:00
1788971400,761.614990234375,762.2349853515625,761.5800170898438,762.0999755859375,420127,2026-09-09 16:30:00+00:00
1788971700,762.0900268554688,762.27001953125,761.9201049804688,762.25,197503,2026-09-09 16:35:00+00:00
1788972000,762.239990234375,762.4600219726562,762.1099853515625,762.4600219726562,146309,2026-09-09 16:40:00+00:00
1788972300,762.4600219726562,762.530029296875,762.1900024414062,762.469970703125,139716,2026-09-09 16:45:00+00:00
1788972600,762.47998046875,762.8599853515625,762.469970703125,762.6400146484375,238661,2026-09-09 16:50:00+00:00
1788972900,762.6300048828125,762.77001953125,762.510009765625,762.5659790039062,93496,2026-09-09 16:55:00+00:00
1788973200,762.5750122070312,763.02001953125,762.3720092773438,762.4000244140625,276679,2026-09-09 17:00:00+00:00
1788973500,762.39990234375,762.77001953125,762.3900146484375,762.5900268554688,245444,2026-09-09 17:05:00+00:00
1788973800,762.5800170898438,763.219970703125,762.5499877929688,763.1500244140625,203272,2026-09-09 17:10:00+00:00
1788974100,763.1500244140625,763.2899780273438,762.8599853515625,762.8701171875,222962,2026-09-09 17:15:00+00:00
1788974400,762.8699951171875,763.1900024414062,762.780029296875,763.1900024414062,132228,2026-09-09 17:20:00+00:00
1788974700,763.1900024414062,763.2100219726562,762.8599853515625,762.9199829101562,148209,2026-09-09 17:25:00+00:00
1788975000,762.9299926757812,763.0499877929688,762.7000122070312,762.8200073242188,154173,2026-09-09 17:30:00+00:00
1788975300,762.7899780273438,762.8900146484375,762.3800048828125,762.4400024414062,110526,2026-09-09 17:35:00+00:00
1788975600,762.4500122070312,762.969970703125,762.4400024414062,762.9000244140625,106650,2026-09-09 17:40:00+00:00
1788975900,762.9099731445312,763.1599731445312,762.8800048828125,763.0700073242188,160958,2026-09-09 17:45:00+00:00
1788976200,763.0700073242188,763.3200073242188,762.9299926757812,763.27001953125,144408,2026-09-09 17:50:00+00:00
1788976500,763.260009765625,763.3150024414062,763.02001953125,763.0250244140625,111456,2026-09-09 17:55:00+00:00
1788976800,763.02001953125,763.1699829101562,762.97998046875,763.10498046875,172515,2026-09-09 18:00:00+00:00
1788977100,763.094970703125,763.1099853515625,762.719970703125,762.75,221438,2026-09-09 18:05:00+00:00
1788977400,762.760009765625,762.7899780273438,762.4000244140625,762.4000244140625,417762,2026-09-09 18:10:00+00:00
1788977700,762.3900146484375,762.6799926757812,762.280029296875,762.5599975585938,449614,2026-09-09 18:15:00+00:00
1788978000,762.5700073242188,763.02001953125,762.5700073242188,762.9600219726562,123298,2026-09-09 18:20:00+00:00
1788978300,762.9500122070312,763.0399780273438,762.72998046875,762.8400268554688,222033,2026-09-09 18:25:00+00:00
1788978600,762.844970703125,762.9000244140625,762.5900268554688,762.780029296875,165114,2026-09-09 18:30:00+00:00
1788978900,762.77001953125,763.0296020507812,762.719970703125,763.0,109094,2026-09-09 18:35:00+00:00
1788979200,763.0150146484375,763.2999877929688,763.0,763.1900024414062,161685,2026-09-09 18:40:00+00:00
1788979500,763.1799926757812,763.2100219726562,762.9600219726562,763.010009765625,172106,2026-09-09 18:45:00+00:00
1788979800,763.02001953125,763.355224609375,763.010009765625,763.27001953125,180294,2026-09-09 18:50:00+00:00
1788980100,763.260009765625,763.3900146484375,762.8800048828125,762.9000244140625,174577,2026-09-09 18:55:00+00:00
1788980400,762.9199829101562,763.0800170898438,762.6400146484375,762.6900024414062,286844,2026-09-09 19:00:00+00:00
1788980700,762.6900024414062,763.1300048828125,762.6519775390625,763.0900268554688,354565,2026-09-09 19:05:00+00:00
1788981000,763.0800170898438,763.1400146484375,762.9600219726562,762.9600219726562,600146,2026-09-09 19:10:00+00:00
1788981300,762.967529296875,763.3400268554688,762.9600219726562,763.27001953125,272317,2026-09-09 19:15:00+00:00
1788981600,763.2799072265625,763.3300170898438,763.0999755859375,763.219970703125,374906,2026-09-09 19:20:00+00:00
1788981900,763.219970703125,763.4097290039062,763.0900268554688,763.0999755859375,244897,2026-09-09 19:25:00+00:00
1788982200,763.0999755859375,763.2100219726562,762.9099731445312,763.02001953125,323748,2026-09-09 19:30:00+00:00
1788982500,763.02001953125,763.0999755859375,762.77001953125,762.780029296875,367055,2026-09-09 19:35:00+00:00
1788982800,762.77001953125,762.8400268554688,762.60498046875,762.7999877929688,497079,2026-09-09 19:40:00+00:00
1788983100,762.8099975585938,762.9249877929688,762.6300048828125,762.8300170898438,620927,2026-09-09 19:45:00+00:00
1788983400,762.8400268554688,762.8400268554688,762.2000122070312,762.4249877929688,1156206,2026-09-09 19:50:00+00:00
1788983700,762.4299926757812,762.510009765625,762.0999755859375,762.3900146484375,4415251,2026-09-09 19:55:00+00:00
1789047000,758.030029296875,758.4000244140625,757.6099853515625,757.760009765625,3091654,2026-09-10 13:30:00+00:00
1789047300,757.7999877929688,758.5549926757812,757.5499877929688,758.4299926757812,546462,2026-09-10 13:35:00+00:00
1789047600,758.4199829101562,758.739990234375,758.0700073242188,758.1400146484375,922645,2026-09-10 13:40:00+00:00
1789047900,758.135009765625,758.97998046875,758.0999755859375,758.64501953125,1958780,2026-09-10 13:45:00+00:00
1789048200,758.6400146484375,758.8599853515625,757.260986328125,757.3200073242188,822530,2026-09-10 13:50:00+00:00
1789048500,757.3499755859375,757.3599853515625,756.7022094726562,756.780029296875,813561,2026-09-10 13:55:00+00:00
1789048800,756.7520141601562,757.77001953125,756.739990234375,757.280029296875,765413,2026-09-10 14:00:00+00:00
1789049100,757.2899780273438,757.3900146484375,756.6400146484375,756.82470703125,814897,2026-09-10 14:05:00+00:00
1789049400,756.8350219726562,757.7750244140625,756.75,757.4199829101562,598746,2026-09-10 14:10:00+00:00
1789049700,757.39501953125,758.0800170898438,757.1500244140625,758.02001953125,393903,2026-09-10 14:15:00+00:00
1789050000,758.02001953125,760.1099853515625,757.9500122070312,759.4124145507812,1324122,2026-09-10 14:20:00+00:00
1789050300,759.3800048828125,759.875,758.5599975585938,758.7100219726562,1036400,2026-09-10 14:25:00+00:00
1789050600,758.7150268554688,759.22998046875,758.64501953125,758.8900146484375,444910,2026-09-10 14:30:00+00:00
1789050900,758.875,759.5999755859375,758.875,759.2999877929688,398360,2026-09-10 14:35:00+00:00
1789051200,759.2999877929688,759.4000244140625,758.6699829101562,758.844970703125,451963,2026-09-10 14:40:00+00:00
1789051500,758.8300170898438,759.0399780273438,758.4304809570312,758.7999877929688,463779,2026-09-10 14:45:00+00:00
1789051800,758.7899780273438,759.1799926757812,758.5,759.1599731445312,329988,2026-09-10 14:50:00+00:00
1789052100,759.1799926757812,759.5,758.8800048828125,759.3994750976562,841893,2026-09-10 14:55:00+00:00
1789052400,759.4000244140625,759.4199829101562,758.5499877929688,758.8599853515625,507133,2026-09-10 15:00:00+00:00
1789052700,758.8497924804688,759.4349975585938,758.8497924804688,759.0,423314,2026-09-10 15:05:00+00:00
1789053000,758.989990234375,759.469970703125,758.9299926757812,759.0599975585938,254160,2026-09-10 15:10:00+00:00
1789053300,759.0499877929688,759.239990234375,758.8704833984375,759.094970703125,321166,2026-09-10 15:15:00+00:00
1789053600,759.0900268554688,759.3400268554688,758.6300048828125,759.302490234375,940536,2026-09-10 15:20:00+00:00
1789053900,759.3099975585938,759.5599975585938,759.1400146484375,759.1849975585938,204033,2026-09-10 15:25:00+00:00
1789054200,759.1900024414062,759.5800170898438,759.02001953125,759.4500122070312,238896,2026-09-10 15:30:00+00:00
1789054500,759.4575805664062,759.969970703125,759.0599975585938,759.2100219726562,434782,2026-09-10 15:35:00+00:00
1789054800,759.239990234375,759.4600219726562,759.0800170898438,759.4000244140625,170467,2026-09-10 15:40:00+00:00
1789055100,759.4299926757812,759.5150146484375,758.760009765625,759.1489868164062,311284,2026-09-10 15:45:00+00:00
1789055400,759.1099853515625,759.3300170898438,758.6099853515625,758.6099853515625,311200,2026-09-10 15:50:00+00:00
1789055700,758.5999755859375,758.6950073242188,758.219970703125,758.5399780273438,314824,2026-09-10 15:55:00+00:00
1789056000,758.5499877929688,759.0791015625,758.4500122070312,758.5399780273438,459360,2026-09-10 16:00:00+00:00
1789056300,758.5499877929688,758.6400146484375,758.0700073242188,758.094970703125,199982,2026-09-10 16:05:00+00:00
1789056600,758.0800170898438,758.3400268554688,757.8300170898438,758.094970703125,351837,2026-09-10 16:10:00+00:00
1789056900,758.0999755859375,758.4349975585938,757.9000244140625,758.030029296875,200431,2026-09-10 16:15:00+00:00
1789057200,758.0499877929688,758.2899780273438,758.010009765625,758.0499877929688,155791,2026-09-10 16:20:00+00:00
1789057500,758.030029296875,758.0999755859375,757.7899780273438,758.0850219726562,189444,2026-09-10 16:25:00+00:00
1789057800,758.0800170898438,758.4099731445312,757.52001953125,757.52001953125,560864,2026-09-10 16:30:00+00:00
1789058100,757.530029296875,758.25,757.260009765625,758.1901245117188,233990,2026-09-10 16:35:00+00:00
1789058400,758.1900024414062,758.8900146484375,758.1199951171875,758.8099975585938,174927,2026-09-10 16:40:00+00:00
1789058700,758.8300170898438,759.3300170898438,758.7999877929688,758.7999877929688,338907,2026-09-10 16:45:00+00:00
1789059000,758.8400268554688,759.1799926757812,758.7000122070312,759.1599731445312,255445,2026-09-10 16:50:00+00:00
1789059300,759.155029296875,759.344970703125,759.0499877929688,759.2050170898438,344828,2026-09-10 16:55:00+00:00
1789059600,759.2000122070312,759.8499755859375,758.7899780273438,759.0250244140625,461261,2026-09-10 17:00:00+00:00
1789059900,759.0401000976562,759.27001953125,758.8499755859375,758.969970703125,164211,2026-09-10 17:05:00+00:00
1789060200,758.9500122070312,759.4400024414062,758.9450073242188,759.02001953125,241450,2026-09-10 17:10:00+00:00
1789060500,759.010009765625,759.1998901367188,758.8599853515625,758.9949951171875,93713,2026-09-10 17:15:00+00:00
1789060800,758.989990234375,759.0999755859375,758.6099853515625,758.6799926757812,143875,2026-09-10 17:20:00+00:00
1789061100,758.6599731445312,758.7150268554688,758.510009765625,758.5900268554688,287214,2026-09-10 17:25:00+00:00
1789061400,758.5800170898438,758.77001953125,758.3499755859375,758.5999755859375,171278,2026-09-10 17:30:00+00:00
1789061700,758.5599975585938,758.77001953125,758.0399780273438,758.0800170898438,175589,2026-09-10 17:35:00+00:00
1789062000,758.0549926757812,758.4600219726562,758.030029296875,758.4450073242188,254469,2026-09-10 17:40:00+00:00
1789062300,758.4500122070312,758.489990234375,758.1900024414062,758.260009765625,87430,2026-09-10 17:45:00+00:00
1789062600,758.239990234375,758.5399780273438,758.1799926757812,758.4000244140625,142499,2026-09-10 17:50:00+00:00
1789062900,758.3800048828125,758.5250244140625,758.2100219726562,758.27001953125,220083,2026-09-10 17:55:00+00:00
1789063200,758.27001953125,758.5599975585938,757.8300170898438,757.9550170898438,297048,2026-09-10 18:00:00+00:00
1789063500,757.9400024414062,758.1699829101562,757.6602172851562,757.739990234375,243787,2026-09-10 18:05:00+00:00
1789063800,757.719970703125,757.909912109375,757.47998046875,757.6900024414062,278292,2026-09-10 18:10:00+00:00
1789064100,757.6799926757812,757.75,757.469970703125,757.6799926757812,214756,2026-09-10 18:15:00+00:00
1789064400,757.6900024414062,758.0399780273438,757.6900024414062,757.7999877929688,355815,2026-09-10 18:20:00+00:00
1789064700,757.8099975585938,757.9199829101562,757.5900268554688,757.6900024414062,226822,2026-09-10 18:25:00+00:00
1789065000,757.6699829101562,757.7000122070312,757.2598876953125,757.6099853515625,246687,2026-09-10 18:30:00+00:00
1789065300,757.6199951171875,757.8679809570312,757.47998046875,757.8400268554688,157185,2026-09-10 18:35:00+00:00
1789065600,757.8499755859375,757.9099731445312,757.6849975585938,757.8150024414062,165644,2026-09-10 18:40:00+00:00
1789065900,757.7999877929688,758.0900268554688,757.4099731445312,757.77001953125,237906,2026-09-10 18:45:00+00:00
1789066200,757.75,758.3900146484375,757.5499877929688,757.9650268554688,574101,2026-09-10 18:50:00+00:00
1789066500,757.9650268554688,758.119873046875,757.6699829101562,757.7750244140625,207139,2026-09-10 18:55:00+00:00
1789066800,757.7750244140625,757.7750244140625,757.3099975585938,757.3350219726562,341448,2026-09-10 19:00:00+00:00
1789067100,757.3309936523438,758.030029296875,757.3099975585938,758.0,394179,2026-09-10 19:05:00+00:00
1789067400,757.9600219726562,757.9600219726562,757.530029296875,757.8099975585938,404593,2026-09-10 19:10:00+00:00
1789067700,757.8099975585938,757.9600219726562,757.3699951171875,757.5499877929688,419344,2026-09-10 19:15:00+00:00
1789068000,757.52001953125,757.7150268554688,757.3599853515625,757.6799926757812,454711,2026-09-10 19:20:00+00:00
1789068300,757.6799926757812,757.7899780273438,757.510009765625,757.614990234375,567088,2026-09-10 19:25:00+00:00
1789068600,757.6099853515625,758.0,757.4400024414062,757.9498901367188,461172,2026-09-10 19:30:00+00:00
1789068900,757.9299926757812,758.1300048828125,757.6500244140625,758.010009765625,314857,2026-09-10 19:35:00+00:00
1789069200,757.989990234375,758.2750244140625,757.97998046875,758.02001953125,819948,2026-09-10 19:40:00+00:00
1789069500,758.030029296875,758.219970703125,757.77001953125,758.0999755859375,832936,2026-09-10 19:45:00+00:00
1789069800,758.0800170898438,758.2899780273438,757.6099853515625,757.8499755859375,1068297,2026-09-10 19:50:00+00:00
1789070100,757.8699951171875,758.030029296875,757.6300048828125,757.8800048828125,2980952,2026-09-10 19:55:00+00:00
1789133400,764.719970703125,765.8599853515625,764.2249755859375,765.77001953125,4205683,2026-09-11 13:30:00+00:00
1789133700,765.760009765625,765.989990234375,765.3800048828125,765.5599975585938,769423,2026-09-11 13:35:00+00:00
1789134000,765.5599975585938,765.8099975585938,764.6699829101562,765.4600219726562,829435,2026-09-11 13:40:00+00:00
1789134300,765.47998046875,765.9299926757812,764.7999877929688,764.969970703125,762224,2026-09-11 13:45:00+00:00
1789134600,764.989990234375,765.2899169921875,764.7000122070312,765.1300048828125,443437,2026-09-11 13:50:00+00:00
1789134900,765.1300048828125,766.3800048828125,765.0250244140625,766.3099975585938,445940,2026-09-11 13:55:00+00:00
1789135200,766.3099975585938,766.3300170898438,765.3800048828125,765.4500122070312,542787,2026-09-11 14:00:00+00:00
1789135500,765.4500122070312,765.5999755859375,764.9400024414062,765.4099731445312,372761,2026-09-11 14:05:00+00:00
1789135800,765.4099731445312,765.6900024414062,764.780029296875,764.9000244140625,405671,2026-09-11 14:10:00+00:00
1789136100,764.9000244140625,765.75,764.6300048828125,765.719970703125,488857,2026-09-11 14:15:00+00:00
1789136400,765.719970703125,766.0250244140625,765.5800170898438,765.760009765625,343584,2026-09-11 14:20:00+00:00
1789136700,765.760009765625,766.0999755859375,765.5700073242188,765.72998046875,286702,2026-09-11 14:25:00+00:00
1789137000,765.75,765.780029296875,764.6900024414062,764.72998046875,429465,2026-09-11 14:30:00+00:00
1789137300,764.72998046875,764.72998046875,764.0399780273438,764.2999877929688,546936,2026-09-11 14:35:00+00:00
1789137600,764.2999877929688,764.739990234375,763.8800048828125,764.0499877929688,407838,2026-09-11 14:40:00+00:00
1789137900,764.0399780273438,764.7999877929688,763.5999755859375,764.6900024414062,754627,2026-09-11 14:45:00+00:00
1789138200,764.7150268554688,764.8499755859375,764.0,764.0700073242188,280128,2026-09-11 14:50:00+00:00
1789138500,764.0750122070312,764.2100219726562,763.7000122070312,763.969970703125,773529,2026-09-11 14:55:00+00:00
1789138800,763.9537963867188,764.6680297851562,763.8099975585938,764.6680297851562,194568,2026-09-11 15:00:00+00:00
1789139100,764.6500244140625,765.25,764.6033935546875,764.9000244140625,261249,2026-09-11 15:05:00+00:00
1789139400,764.9099731445312,764.9600219726562,764.1199951171875,764.6099853515625,252479,2026-09-11 15:10:00+00:00
1789139700,764.6099853515625,765.5499877929688,764.6099853515625,765.4000244140625,273070,2026-09-11 15:15:00+00:00
1789140000,765.3900146484375,765.8900146484375,765.3400268554688,765.8350219726562,189265,2026-09-11 15:20:00+00:00
1789140300,765.8699951171875,766.239990234375,765.6849975585938,766.0,287743,2026-09-11 15:25:00+00:00
1789140600,765.97998046875,766.1900024414062,765.760009765625,765.9000244140625,168884,2026-09-11 15:30:00+00:00
1789140900,765.8900146484375,766.0499877929688,765.6199951171875,765.9500122070312,686844,2026-09-11 15:35:00+00:00
1789141200,765.9401245117188,766.27001953125,765.8599853515625,766.1199951171875,204618,2026-09-11 15:40:00+00:00
1789141500,766.1199951171875,766.1400146484375,765.760009765625,765.8800048828125,198972,2026-09-11 15:45:00+00:00
1789141800,765.8798828125,765.9600219726562,765.4249877929688,765.52099609375,390945,2026-09-11 15:50:00+00:00
1789142100,765.5399780273438,765.8049926757812,765.3820190429688,765.7100219726562,234935,2026-09-11 15:55:00+00:00
1789142400,765.719970703125,766.2000122070312,765.719970703125,766.1400756835938,1518720,2026-09-11 16:00:00+00:00
1789142700,766.1400146484375,766.1799926757812,765.739990234375,765.9000244140625,308945,2026-09-11 16:05:00+00:00
1789143000,765.9099731445312,765.989990234375,765.530029296875,765.5800170898438,142257,2026-09-11 16:10:00+00:00
1789143300,765.5850219726562,765.6500244140625,765.4000244140625,765.489990234375,160955,2026-09-11 16:15:00+00:00
1789143600,765.52001953125,765.5999755859375,765.260009765625,765.3599853515625,210740,2026-09-11 16:20:00+00:00
1789143900,765.3599853515625,765.5999755859375,764.8699951171875,764.9199829101562,329045,2026-09-11 16:25:00+00:00
1789144200,764.9400024414062,765.760009765625,764.8099975585938,765.580078125,300257,2026-09-11 16:30:00+00:00
1789144500,765.5800170898438,765.5900268554688,764.9099731445312,764.9500122070312,358442,2026-09-11 16:35:00+00:00
1789144800,764.9400024414062,765.47998046875,764.8499755859375,765.4500122070312,230372,2026-09-11 16:40:00+00:00
1789145100,765.4400024414062,765.60498046875,765.2999877929688,765.3099975585938,157822,2026-09-11 16:45:00+00:00
1789145400,765.3250122070312,765.5499877929688,765.2705078125,765.4199829101562,501051,2026-09-11 16:50:00+00:00
1789145700,765.4099731445312,765.6699829101562,765.3800048828125,765.6199951171875,500841,2026-09-11 16:55:00+00:00
1789146000,765.6400146484375,765.8499755859375,765.5499877929688,765.6300048828125,1361794,2026-09-11 17:00:00+00:00
1789146300,765.6400146484375,766.0800170898438,765.5999755859375,765.739990234375,159685,2026-09-11 17:05:00+00:00
1789146600,765.7349853515625,765.8699951171875,765.510009765625,765.5582885742188,183128,2026-09-11 17:10:00+00:00
1789146900,765.5599975585938,765.9201049804688,765.5599975585938,765.9199829101562,262400,2026-09-11 17:15:00+00:00
1789147200,765.9199829101562,766.25,765.8699951171875,766.239501953125,208368,2026-09-11 17:20:00+00:00
1789147500,766.22998046875,766.3300170898438,765.9099731445312,765.9949951171875,269591,2026-09-11 17:25:00+00:00
1789147800,765.9949951171875,766.260009765625,765.9149780273438,765.9794921875,172407,2026-09-11 17:30:00+00:00
1789148100,765.97998046875,766.0499877929688,765.780029296875,765.8099975585938,454293,2026-09-11 17:35:00+00:00
1789148400,765.8099975585938,766.0,765.7899780273438,765.8599853515625,406972,2026-09-11 17:40:00+00:00
1789148700,765.8599853515625,765.9400024414062,765.719970703125,765.905029296875,349285,2026-09-11 17:45:00+00:00
1789149000,765.9099731445312,765.97998046875,765.8200073242188,765.8499755859375,160600,2026-09-11 17:50:00+00:00
1789149300,765.8599853515625,765.8800048828125,765.6400146484375,765.739990234375,164816,2026-09-11 17:55:00+00:00
1789149600,765.739990234375,765.969970703125,765.6900024414062,765.8599853515625,237769,2026-09-11 18:00:00+00:00
1789149900,765.8499755859375,765.8499755859375,765.5994873046875,765.7000122070312,189779,2026-09-11 18:05:00+00:00
1789150200,765.7000122070312,765.72998046875,765.5084838867188,765.5700073242188,251917,2026-09-11 18:10:00+00:00
1789150500,765.5599975585938,765.7249755859375,765.530029296875,765.5800170898438,273300,2026-09-11 18:15:00+00:00
1789150800,765.5900268554688,765.60498046875,765.1400146484375,765.3400268554688,593144,2026-09-11 18:20:00+00:00
1789151100,765.3699951171875,765.5399780273438,765.1950073242188,765.4099731445312,461589,2026-09-11 18:25:00+00:00
1789151400,765.4199829101562,765.5800170898438,765.1500244140625,765.4450073242188,212652,2026-09-11 18:30:00+00:00
1789151700,765.4600219726562,765.5599975585938,765.25,765.2999877929688,127680,2026-09-11 18:35:00+00:00
1789152000,765.2999877929688,765.4099731445312,765.0974731445312,765.1500244140625,378014,2026-09-11 18:40:00+00:00
1789152300,765.1500244140625,765.3200073242188,764.9600219726562,765.0399780273438,240617,2026-09-11 18:45:00+00:00
1789152600,765.0399780273438,765.1699829101562,765.030029296875,765.0599975585938,299921,2026-09-11 18:50:00+00:00
1789152900,765.0399780273438,765.260009765625,764.9400024414062,765.0250244140625,311427,2026-09-11 18:55:00+00:00
1789153200,765.0399780273438,765.1900024414062,765.0,765.1400146484375,428806,2026-09-11 19:00:00+00:00
1789153500,765.1300048828125,765.1400146484375,764.719970703125,764.760009765625,511995,2026-09-11 19:05:00+00:00
1789153800,764.75,764.9199829101562,764.5499877929688,764.9000244140625,475037,2026-09-11 19:10:00+00:00
1789154100,764.9000244140625,765.0999755859375,764.8800048828125,764.989990234375,225774,2026-09-11 19:15:00+00:00
1789154400,765.0,765.219970703125,764.9000244140625,765.2000122070312,371497,2026-09-11 19:20:00+00:00
1789154700,765.2000122070312,765.2999877929688,765.010009765625,765.02001953125,482925,2026-09-11 19:25:00+00:00
1789155000,765.0250244140625,765.1300048828125,764.9000244140625,764.97998046875,510203,2026-09-11 19:30:00+00:00
1789155300,764.97998046875,765.030029296875,764.8699951171875,764.9349975585938,459681,2026-09-11 19:35:00+00:00
1789155600,764.9299926757812,765.0499877929688,764.8800048828125,765.010009765625,640436,2026-09-11 19:40:00+00:00
1789155900,765.010009765625,765.0399780273438,764.719970703125,764.75,1015795,2026-09-11 19:45:00+00:00
1789156200,764.739990234375,764.8200073242188,764.4199829101562,764.6599731445312,1537156,2026-09-11 19:50:00+00:00
1789156500,764.6599731445312,764.7000122070312,764.0399780273438,764.1799926757812,4353192,2026-09-11 19:55:00+00:00
1789392600,759.0,759.2100219726562,758.5800170898438,758.6849975585938,2425368,2026-09-14 13:30:00+00:00
1789392900,758.6849975585938,758.89990234375,758.4542236328125,758.5700073242188,617747,2026-09-14 13:35:00+00:00
1789393200,758.5800170898438,759.52001953125,758.469970703125,759.4099731445312,490763,2026-09-14 13:40:00+00:00
1789393500,759.4299926757812,760.5599975585938,759.4299926757812,760.2899780273438,550712,2026-09-14 13:45:00+00:00
1789393800,760.280029296875,760.5900268554688,760.0700073242188,760.1699829101562,447456,2026-09-14 13:50:00+00:00
1789394100,760.1799926757812,760.239990234375,759.760009765625,759.9949951171875,457216,2026-09-14 13:55:00+00:00
1789394400,759.9863891601562,760.5900268554688,759.9099731445312,760.4600219726562,457179,2026-09-14 14:00:00+00:00
1789394700,760.4613037109375,761.114990234375,760.3200073242188,760.8699951171875,458914,2026-09-14 14:05:00+00:00
1789395000,760.8699951171875,761.010009765625,760.4199829101562,760.4400024414062,388199,2026-09-14 14:10:00+00:00
1789395300,760.4600219726562,760.6500244140625,759.77001953125,759.8400268554688,316861,2026-09-14 14:15:00+00:00
1789395600,759.8499755859375,759.8499755859375,758.8099975585938,758.8200073242188,667645,2026-09-14 14:20:00+00:00
1789395900,758.8200073242188,758.8699951171875,758.22998046875,758.8400268554688,613192,2026-09-14 14:25:00+00:00
1789396200,758.8250122070312,759.135009765625,758.530029296875,759.0999755859375,390303,2026-09-14 14:30:00+00:00
1789396500,759.0999755859375,759.0999755859375,758.2999877929688,758.5,398387,2026-09-14 14:35:00+00:00
1789396800,758.47998046875,758.6799926757812,758.1199951171875,758.6799926757812,407536,2026-09-14 14:40:00+00:00
1789397100,758.6799926757812,759.030029296875,758.4600219726562,758.6199951171875,324806,2026-09-14 14:45:00+00:00
1789397400,758.639892578125,758.655029296875,758.1099853515625,758.219970703125,436256,2026-09-14 14:50:00+00:00
1789397700,758.219970703125,758.5900268554688,757.9299926757812,758.5700073242188,486267,2026-09-14 14:55:00+00:00
1789398000,758.5900268554688,758.60498046875,758.1500244140625,758.1799926757812,247181,2026-09-14 15:00:00+00:00
1789398300,758.1799926757812,759.8800048828125,758.1699829101562,759.1099853515625,1247075,2026-09-14 15:05:00+00:00
1789398600,759.1300048828125,759.2100219726562,758.6300048828125,758.630126953125,241672,2026-09-14 15:10:00+00:00
1789398900,758.6199951171875,759.1799926757812,758.52001953125,759.0701293945312,255926,2026-09-14 15:15:00+00:00
1789399200,759.0900268554688,759.5800170898438,758.989990234375,759.5449829101562,241692,2026-09-14 15:20:00+00:00
1789399500,759.5399780273438,759.8952026367188,759.3200073242188,759.594970703125,258921,2026-09-14 15:25:00+00:00
1789399800,759.5499877929688,760.8900146484375,759.4500122070312,760.8049926757812,962916,2026-09-14 15:30:00+00:00
1789400100,760.8070068359375,761.239990234375,760.4500122070312,761.2000122070312,628639,2026-09-14 15:35:00+00:00
1789400400,761.219970703125,762.22998046875,760.969970703125,762.0900268554688,632695,2026-09-14 15:40:00+00:00
1789400700,762.0999755859375,762.1500244140625,761.469970703125,761.47998046875,404994,2026-09-14 15:45:00+00:00
1789401000,761.469970703125,761.8900146484375,761.2899780273438,761.8300170898438,346092,2026-09-14 15:50:00+00:00
1789401300,761.8300170898438,762.030029296875,761.6799926757812,761.75,235656,2026-09-14 15:55:00+00:00
1789401600,761.77001953125,761.9099731445312,761.3300170898438,761.3300170898438,209530,2026-09-14 16:00:00+00:00
1789401900,761.3200073242188,761.52001953125,761.2100219726562,761.4000244140625,187834,2026-09-14 16:05:00+00:00
1789402200,761.4000244140625,761.6699829101562,761.3599853515625,761.4674072265625,162707,2026-09-14 16:10:00+00:00
1789402500,761.469970703125,762.4500122070312,761.469970703125,762.3499755859375,319007,2026-09-14 16:15:00+00:00
1789402800,762.3499755859375,762.5999755859375,762.02001953125,762.4000244140625,254832,2026-09-14 16:20:00+00:00
1789403100,762.4099731445312,762.4600219726562,761.8800048828125,762.02001953125,273563,2026-09-14 16:25:00+00:00
1789403400,762.010009765625,762.4500122070312,761.9500122070312,761.9500122070312,280539,2026-09-14 16:30:00+00:00
1789403700,761.969970703125,762.1300048828125,761.8300170898438,762.0499877929688,157961,2026-09-14 16:35:00+00:00
1789404000,762.0499877929688,762.3099975585938,761.9199829101562,762.3099975585938,143809,2026-09-14 16:40:00+00:00
1789404300,762.3200073242188,763.5,762.0499877929688,763.263916015625,605816,2026-09-14 16:45:00+00:00
1789404600,763.280029296875,763.52001953125,763.02001953125,763.0599975585938,254748,2026-09-14 16:50:00+00:00
1789404900,763.0599975585938,763.1099853515625,762.5700073242188,762.9000244140625,291218,2026-09-14 16:55:00+00:00
1789405200,762.9000244140625,763.0599975585938,762.530029296875,762.6599731445312,200411,2026-09-14 17:00:00+00:00
1789405500,762.6699829101562,762.8099975585938,762.3400268554688,762.4500122070312,185673,2026-09-14 17:05:00+00:00
1789405800,762.4550170898438,762.8599853515625,762.1799926757812,762.1799926757812,349782,2026-09-14 17:10:00+00:00
1789406100,762.1807250976562,762.27001953125,761.9039916992188,762.0499877929688,175150,2026-09-14 17:15:00+00:00
1789406400,762.0700073242188,762.4199829101562,762.0399780273438,762.2899780273438,131624,2026-09-14 17:20:00+00:00
1789406700,762.3200073242188,762.719970703125,762.1900024414062,762.6799926757812,143667,2026-09-14 17:25:00+00:00
1789407000,762.7150268554688,762.8300170898438,762.489990234375,762.6400146484375,176537,2026-09-14 17:30:00+00:00
1789407300,762.6500244140625,762.8699951171875,762.510009765625,762.8099975585938,216462,2026-09-14 17:35:00+00:00
1789407600,762.8300170898438,762.8345947265625,762.5399780273438,762.5999755859375,281589,2026-09-14 17:40:00+00:00
1789407900,762.6500244140625,762.8499755859375,762.5499877929688,762.6300048828125,182983,2026-09-14 17:45:00+00:00
1789408200,762.6400146484375,762.869873046875,762.5750122070312,762.7899780273438,175566,2026-09-14 17:50:00+00:00
1789408500,762.780029296875,762.8499755859375,762.3400268554688,762.3499755859375,184587,2026-09-14 17:55:00+00:00
1789408800,762.35498046875,762.8300170898438,762.2100219726562,762.25,1056284,2026-09-14 18:00:00+00:00
1789409100,762.260009765625,762.5880126953125,762.125,762.4299926757812,313661,2026-09-14 18:05:00+00:00
1789409400,762.4299926757812,762.4500122070312,762.1599731445312,762.3400268554688,147010,2026-09-14 18:10:00+00:00
1789409700,762.3499755859375,762.47998046875,762.1849975585938,762.280029296875,118110,2026-09-14 18:15:00+00:00
1789410000,762.27001953125,762.3300170898438,762.0999755859375,762.1170043945312,277152,2026-09-14 18:20:00+00:00
1789410300,762.1300048828125,762.1900024414062,761.91748046875,762.0108032226562,292809,2026-09-14 18:25:00+00:00
1789410600,762.0399780273438,762.3499755859375,761.969970703125,762.219970703125,192009,2026-09-14 18:30:00+00:00
1789410900,762.219970703125,762.469970703125,762.1900024414062,762.3499755859375,158181,2026-09-14 18:35:00+00:00
1789411200,762.3200073242188,762.52001953125,762.25,762.3499755859375,278640,2026-09-14 18:40:00+00:00
1789411500,762.3499755859375,762.7000122070312,762.1099853515625,762.5,311517,2026-09-14 18:45:00+00:00
1789411800,762.5,762.5399780273438,762.2899780273438,762.3200073242188,4909895,2026-09-14 18:50:00+00:00
1789412100,762.3099975585938,762.469970703125,762.0900268554688,762.1279907226562,302336,2026-09-14 18:55:00+00:00
1789412400,762.1400146484375,762.2100219726562,761.8400268554688,761.9299926757812,365228,2026-09-14 19:00:00+00:00
1789412700,761.9400024414062,761.97998046875,761.6099853515625,761.8300170898438,269220,2026-09-14 19:05:00+00:00
1789413000,761.8499755859375,762.0900268554688,761.8200073242188,762.030029296875,325500,2026-09-14 19:10:00+00:00
1789413300,762.0250244140625,762.0250244140625,761.77001953125,761.873779296875,280779,2026-09-14 19:15:00+00:00
1789413600,761.8599853515625,761.9299926757812,761.6489868164062,761.8099975585938,1419679,2026-09-14 19:20:00+00:00
1789413900,761.7899780273438,761.8599853515625,761.6900024414062,761.7249755859375,221021,2026-09-14 19:25:00+00:00
1789414200,761.7249755859375,761.9299926757812,761.6599731445312,761.6900024414062,336536,2026-09-14 19:30:00+00:00
1789414500,761.7000122070312,761.739990234375,761.5499877929688,761.5999755859375,388332,2026-09-14 19:35:00+00:00
1789414800,761.60498046875,761.719970703125,761.5399780273438,761.5999755859375,484226,2026-09-14 19:40:00+00:00
1789415100,761.5902099609375,761.8300170898438,761.5499877929688,761.7100219726562,901672,2026-09-14 19:45:00+00:00
1789415400,761.7150268554688,761.8200073242188,761.114990234375,761.25,1059247,2026-09-14 19:50:00+00:00
1789415700,761.25,761.3400268554688,760.6599731445312,760.77001953125,3592827,2026-09-14 19:55:00+00:00
1789479000,760.1170043945312,760.3400268554688,758.72998046875,758.9199829101562,1766259,2026-09-15 13:30:00+00:00
1789479300,758.9199829101562,759.8699951171875,758.9199829101562,759.8099975585938,445082,2026-09-15 13:35:00+00:00
1789479600,759.7999877929688,760.02001953125,759.4000244140625,759.9500122070312,323265,2026-09-15 13:40:00+00:00
1789479900,759.9500122070312,760.1900024414062,759.219970703125,759.3499755859375,399546,2026-09-15 13:45:00+00:00
1789480200,759.3499755859375,759.77001953125,759.1799926757812,759.6799926757812,344390,2026-09-15 13:50:00+00:00
1789480500,759.6599731445312,759.7000122070312,759.364990234375,759.5499877929688,225769,2026-09-15 13:55:00+00:00
1789480800,759.5405883789062,759.5405883789062,758.8300170898438,758.8300170898438,369444,2026-09-15 14:00:00+00:00
1789481100,758.8104858398438,759.0700073242188,758.4832763671875,758.510009765625,1309203,2026-09-15 14:05:00+00:00
1789481400,758.5,758.5170288085938,757.8800048828125,757.969970703125,593055,2026-09-15 14:10:00+00:00
1789481700,757.969970703125,758.4299926757812,757.9299926757812,758.2100219726562,388983,2026-09-15 14:15:00+00:00
1789482000,758.219970703125,758.3400268554688,757.1799926757812,757.6599731445312,460516,2026-09-15 14:20:00+00:00
1789482300,757.6500244140625,757.739990234375,757.469970703125,757.47998046875,272287,2026-09-15 14:25:00+00:00
1789482600,757.469970703125,757.6500244140625,757.0800170898438,757.3499755859375,542394,2026-09-15 14:30:00+00:00
1789482900,757.3400268554688,757.6099853515625,757.0499877929688,757.1400146484375,502250,2026-09-15 14:35:00+00:00
1789483200,757.1400146484375,757.239990234375,756.8800048828125,757.2000122070312,330206,2026-09-15 14:40:00+00:00
1789483500,757.1900024414062,757.3800048828125,756.9099731445312,756.9099731445312,377182,2026-09-15 14:45:00+00:00
1789483800,756.8900146484375,757.02001953125,756.1500244140625,756.5599975585938,985094,2026-09-15 14:50:00+00:00
1789484100,756.5599975585938,756.8599853515625,756.3502807617188,756.4400024414062,443115,2026-09-15 14:55:00+00:00
1789484400,756.4500122070312,757.1900024414062,756.4349975585938,757.1900024414062,325099,2026-09-15 15:00:00+00:00
1789484700,757.1900024414062,757.27001953125,756.7999877929688,756.8699951171875,337258,2026-09-15 15:05:00+00:00
1789485000,756.864990234375,757.0499877929688,756.7000122070312,756.97998046875,436788,2026-09-15 15:10:00+00:00
1789485300,756.969970703125,757.3599853515625,756.8099975585938,757.25,553762,2026-09-15 15:15:00+00:00
1789485600,757.25,757.5,756.9827880859375,757.448974609375,293243,2026-09-15 15:20:00+00:00
1789485900,757.4500122070312,757.489990234375,757.1900024414062,757.47998046875,224242,2026-09-15 15:25:00+00:00
1789486200,757.47998046875,757.5549926757812,756.9299926757812,757.3099975585938,408689,2026-09-15 15:30:00+00:00
1789486500,757.3300170898438,757.510009765625,757.1599731445312,757.2899780273438,192302,2026-09-15 15:35:00+00:00
1789486800,757.3049926757812,757.75,757.2999877929688,757.52001953125,381439,2026-09-15 15:40:00+00:00
1789487100,757.52001953125,757.5700073242188,756.926025390625,757.0,137069,2026-09-15 15:45:00+00:00
1789487400,756.9749755859375,757.5900268554688,756.9749755859375,757.1099853515625,503794,2026-09-15 15:50:00+00:00
1789487700,757.1300048828125,757.7000122070312,756.97998046875,757.114990234375,317750,2026-09-15 15:55:00+00:00
1789488000,757.114990234375,757.35498046875,757.0123291015625,757.3300170898438,183657,2026-09-15 16:00:00+00:00
1789488300,757.291015625,757.3099975585938,756.6300048828125,756.739990234375,253588,2026-09-15 16:05:00+00:00
1789488600,756.739990234375,756.8499755859375,756.6699829101562,756.780029296875,168102,2026-09-15 16:10:00+00:00
1789488900,756.77001953125,757.0900268554688,756.7100219726562,757.0800170898438,201479,2026-09-15 16:15:00+00:00
1789489200,757.0800170898438,757.6900024414062,757.0599975585938,757.655029296875,210041,2026-09-15 16:20:00+00:00
1789489500,757.6599731445312,757.8699951171875,757.47998046875,757.5750122070312,198188,2026-09-15 16:25:00+00:00
1789489800,757.5800170898438,757.8200073242188,757.3200073242188,757.6699829101562,858791,2026-09-15 16:30:00+00:00
1789490100,757.6699829101562,757.72998046875,757.4600219726562,757.5499877929688,103668,2026-09-15 16:35:00+00:00
1789490400,757.5499877929688,757.6799926757812,757.4600219726562,757.6099853515625,113361,2026-09-15 16:40:00+00:00
1789490700,757.60498046875,757.72998046875,757.3200073242188,757.4600219726562,171720,2026-09-15 16:45:00+00:00
1789491000,757.4500122070312,758.010009765625,757.4199829101562,757.9749755859375,229184,2026-09-15 16:50:00+00:00
1789491300,757.97998046875,758.0599975585938,757.5599975585938,757.739990234375,216808,2026-09-15 16:55:00+00:00
1789491600,757.739990234375,757.8499755859375,757.1799926757812,757.1799926757812,315434,2026-09-15 17:00:00+00:00
1789491900,757.1699829101562,757.4500122070312,757.0499877929688,757.22998046875,312112,2026-09-15 17:05:00+00:00
1789492200,757.1900024414062,757.530029296875,757.0800170898438,757.0850219726562,126249,2026-09-15 17:10:00+00:00
1789492500,757.0850219726562,757.1199951171875,756.8599853515625,757.0,165845,2026-09-15 17:15:00+00:00
1789492800,756.989990234375,757.0599975585938,756.6500244140625,756.6500244140625,183140,2026-09-15 17:20:00+00:00
1789493100,756.655029296875,756.9199829101562,756.5999755859375,756.8800048828125,175692,2026-09-15 17:25:00+00:00
1789493400,756.8599853515625,757.1900024414062,756.8150024414062,757.0,236720,2026-09-15 17:30:00+00:00
1789493700,757.010009765625,757.1699829101562,756.9299926757812,757.0999755859375,129339,2026-09-15 17:35:00+00:00
1789494000,757.1099853515625,757.25,756.9000244140625,757.1300048828125,169440,2026-09-15 17:40:00+00:00
1789494300,757.1500244140625,757.27001953125,756.9299926757812,756.969970703125,109375,2026-09-15 17:45:00+00:00
1789494600,756.9650268554688,757.27001953125,756.9500122070312,757.27001953125,93265,2026-09-15 17:50:00+00:00
1789494900,757.27001953125,757.4000244140625,757.1400146484375,757.27001953125,104746,2026-09-15 17:55:00+00:00
1789495200,757.280029296875,757.5198974609375,757.1400146484375,757.4749755859375,401207,2026-09-15 18:00:00+00:00
1789495500,757.5050048828125,757.6900024414062,757.4099731445312,757.6699829101562,147877,2026-09-15 18:05:00+00:00
1789495800,757.6900024414062,757.9349975585938,757.5650024414062,757.7650146484375,165759,2026-09-15 18:10:00+00:00
1789496100,757.7750244140625,757.8300170898438,757.47998046875,757.5567016601562,221510,2026-09-15 18:15:00+00:00
1789496400,757.5700073242188,757.6517944335938,757.4199829101562,757.4799194335938,162811,2026-09-15 18:20:00+00:00
1789496700,757.47998046875,757.6900024414062,757.3599853515625,757.6699829101562,141779,2026-09-15 18:25:00+00:00
1789497000,757.6599731445312,757.6599731445312,757.1300048828125,757.219970703125,4683922,2026-09-15 18:30:00+00:00
1789497300,757.2050170898438,757.3200073242188,757.1599731445312,757.260009765625,642216,2026-09-15 18:35:00+00:00
1789497600,757.260009765625,757.6199951171875,757.1300048828125,757.1900024414062,1453348,2026-09-15 18:40:00+00:00
1789497900,757.2100219726562,757.2150268554688,756.739990234375,756.844970703125,394530,2026-09-15 18:45:00+00:00
1789498200,756.844970703125,757.1500244140625,756.8400268554688,757.0900268554688,346662,2026-09-15 18:50:00+00:00
1789498500,757.0850219726562,757.489990234375,757.0399780273438,757.489990234375,300970,2026-09-15 18:55:00+00:00
1789498800,757.469970703125,757.6199951171875,757.27001953125,757.3397216796875,332120,2026-09-15 19:00:00+00:00
1789499100,757.3350219726562,757.4000244140625,757.219970703125,757.3300170898438,164949,2026-09-15 19:05:00+00:00
1789499400,757.3300170898438,757.3690185546875,757.0800170898438,757.1699829101562,232514,2026-09-15 19:10:00+00:00
1789499700,757.1500244140625,757.2899780273438,757.0800170898438,757.2100219726562,482212,2026-09-15 19:15:00+00:00
1789500000,757.205078125,757.22998046875,757.0399780273438,757.0999755859375,227695,2026-09-15 19:20:00+00:00
1789500300,757.1099853515625,757.1400146484375,756.9400024414062,756.9849853515625,277041,2026-09-15 19:25:00+00:00
1789500600,756.97998046875,757.0700073242188,756.8900146484375,756.9199829101562,474490,2026-09-15 19:30:00+00:00
1789500900,756.9199829101562,756.9249877929688,756.5700073242188,756.6599731445312,1018434,2026-09-15 19:35:00+00:00
1789501200,756.6599731445312,756.8049926757812,756.510009765625,756.7150268554688,570086,2026-09-15 19:40:00+00:00
1789501500,756.7100219726562,757.0,756.6199951171875,756.9600830078125,1075372,2026-09-15 19:45:00+00:00
1789501800,756.9600219726562,757.0399780273438,756.5399780273438,756.9849853515625,970967,2026-09-15 19:50:00+00:00
1789502100,756.97998046875,757.4600219726562,756.8300170898438,757.4199829101562,2522995,2026-09-15 19:55:00+00:00
1789565400,759.5,759.7000122070312,759.1400146484375,759.2100219726562,1391527,2026-09-16 13:30:00+00:00
1789565700,759.2100219726562,759.489990234375,758.75,758.8099975585938,715762,2026-09-16 13:35:00+00:00
1789566000,758.8200073242188,759.139892578125,758.7230224609375,758.7999877929688,584456,2026-09-16 13:40:00+00:00
1789566300,758.8099975585938,759.9290161132812,758.739990234375,759.8900146484375,645084,2026-09-16 13:45:00+00:00
1789566600,759.8900146484375,760.4299926757812,759.8499755859375,760.2371215820312,338155,2026-09-16 13:50:00+00:00
1789566900,760.2210083007812,760.4000244140625,759.969970703125,760.2000122070312,328381,2026-09-16 13:55:00+00:00
1789567200,760.22998046875,760.4199829101562,759.6300048828125,759.6799926757812,349657,2026-09-16 14:00:00+00:00
1789567500,759.6799926757812,759.8400268554688,759.3402709960938,759.7000122070312,369867,2026-09-16 14:05:00+00:00
1789567800,759.6900024414062,759.780029296875,759.0999755859375,759.5499877929688,466763,2026-09-16 14:10:00+00:00
1789568100,759.541015625,759.7213745117188,759.22998046875,759.280029296875,206768,2026-09-16 14:15:00+00:00
1789568400,759.280029296875,759.3499755859375,758.9299926757812,758.9600219726562,341334,2026-09-16 14:20:00+00:00
1789568700,758.9533081054688,759.02001953125,758.760009765625,758.9600219726562,150442,2026-09-16 14:25:00+00:00
1789569000,758.9738159179688,759.219970703125,758.7999877929688,759.1500244140625,270587,2026-09-16 14:30:00+00:00
1789569300,759.1500244140625,759.4957275390625,758.9199829101562,759.3699951171875,266470,2026-09-16 14:35:00+00:00
1789569600,759.3699951171875,759.8599853515625,759.3400268554688,759.8400268554688,246421,2026-09-16 14:40:00+00:00
1789569900,759.8400268554688,759.9500122070312,759.5999755859375,759.6199951171875,226024,2026-09-16 14:45:00+00:00
1789570200,759.6199951171875,759.8800048828125,759.5900268554688,759.6799926757812,168133,2026-09-16 14:50:00+00:00
1789570500,759.6900024414062,760.25,759.6799926757812,760.2100219726562,213192,2026-09-16 14:55:00+00:00
1789570800,760.2150268554688,760.6099853515625,760.1599731445312,760.530029296875,460498,2026-09-16 15:00:00+00:00
1789571100,760.5150146484375,761.030029296875,760.27001953125,760.9099731445312,391450,2026-09-16 15:05:00+00:00
1789571400,760.9099731445312,761.0,760.4805297851562,760.7401123046875,670681,2026-09-16 15:10:00+00:00
1789571700,760.75,760.7899780273438,760.3699951171875,760.60498046875,757493,2026-09-16 15:15:00+00:00
1789572000,760.5999755859375,760.6300048828125,760.4000244140625,760.5399780273438,356425,2026-09-16 15:20:00+00:00
1789572300,760.5399780273438,760.8300170898438,760.2899780273438,760.340087890625,175817,2026-09-16 15:25:00+00:00
1789572600,760.3699951171875,760.469970703125,760.010009765625,760.130126953125,201215,2026-09-16 15:30:00+00:00
1789572900,760.1699829101562,760.5601196289062,760.1599731445312,760.3900146484375,190363,2026-09-16 15:35:00+00:00
1789573200,760.4000244140625,760.5999755859375,760.3200073242188,760.5650024414062,339309,2026-09-16 15:40:00+00:00
1789573500,760.5599975585938,761.6699829101562,760.489990234375,761.0499877929688,413337,2026-09-16 15:45:00+00:00
1789573800,761.0599975585938,761.0999755859375,760.6799926757812,760.7899780273438,211304,2026-09-16 15:50:00+00:00
1789574100,760.780029296875,760.8599853515625,760.6500244140625,760.6900024414062,176949,2026-09-16 15:55:00+00:00
1789574400,760.6900024414062,760.739990234375,760.3300170898438,760.3300170898438,204554,2026-09-16 16:00:00+00:00
1789574700,760.3300170898438,760.510009765625,760.2800903320312,760.47998046875,110231,2026-09-16 16:05:00+00:00
1789575000,760.4840087890625,760.52001953125,760.1699829101562,760.3699951171875,373636,2026-09-16 16:10:00+00:00
1789575300,760.3972778320312,760.4749755859375,760.280029296875,760.3300170898438,144332,2026-09-16 16:15:00+00:00
1789575600,760.3200073242188,760.3200073242188,759.9400024414062,759.97998046875,278696,2026-09-16 16:20:00+00:00
1789575900,760.0,760.1799926757812,759.8599853515625,760.1400146484375,406955,2026-09-16 16:25:00+00:00
1789576200,760.1300048828125,760.219970703125,759.6699829101562,759.6900024414062,136479,2026-09-16 16:30:00+00:00
1789576500,759.7000122070312,759.9400024414062,759.7000122070312,759.8900146484375,116571,2026-09-16 16:35:00+00:00
1789576800,759.8900146484375,760.030029296875,759.8300170898438,759.9030151367188,225911,2026-09-16 16:40:00+00:00
1789577100,759.9199829101562,760.1900024414062,759.9199829101562,760.0999755859375,154026,2026-09-16 16:45:00+00:00
1789577400,760.0900268554688,760.1500244140625,759.72998046875,759.8900146484375,113003,2026-09-16 16:50:00+00:00
1789577700,759.8905029296875,760.010009765625,759.77001953125,759.77001953125,161252,2026-09-16 16:55:00+00:00
1789578000,759.7750244140625,759.7899780273438,759.260009765625,759.409912109375,294844,2026-09-16 17:00:00+00:00
1789578300,759.4099731445312,759.5900268554688,759.3909912109375,759.5700073242188,233028,2026-09-16 17:05:00+00:00
1789578600,759.5700073242188,759.8099975585938,759.4299926757812,759.7349853515625,242043,2026-09-16 17:10:00+00:00
1789578900,759.72998046875,759.8400268554688,759.6699829101562,759.760009765625,149008,2026-09-16 17:15:00+00:00
1789579200,759.7550048828125,759.9199829101562,759.5399780273438,759.635009765625,243854,2026-09-16 17:20:00+00:00
1789579500,759.6400146484375,759.9400024414062,759.6345825195312,759.9299926757812,109475,2026-09-16 17:25:00+00:00
1789579800,759.9349975585938,760.0599975585938,759.6599731445312,759.7899780273438,310508,2026-09-16 17:30:00+00:00
1789580100,759.7999877929688,759.8900146484375,759.6300048828125,759.6300048828125,135403,2026-09-16 17:35:00+00:00
1789580400,759.6300048828125,759.6400146484375,759.3099975585938,759.3400268554688,166861,2026-09-16 17:40:00+00:00
1789580700,759.3400268554688,759.760009765625,759.3400268554688,759.5700073242188,175309,2026-09-16 17:45:00+00:00
1789581000,759.5700073242188,759.8599853515625,759.5,759.7899780273438,190243,2026-09-16 17:50:00+00:00
1789581300,759.780029296875,760.280029296875,759.6599731445312,760.280029296875,244780,2026-09-16 17:55:00+00:00
1789581600,760.1815795898438,760.9788818359375,758.77001953125,760.2100219726562,1803727,2026-09-16 18:00:00+00:00
1789581900,760.219970703125,761.2249755859375,760.1300048828125,760.667724609375,787000,2026-09-16 18:05:00+00:00
1789582200,760.6599731445312,760.847900390625,759.8099975585938,759.969970703125,517198,2026-09-16 18:10:00+00:00
1789582500,759.9500122070312,760.3599853515625,759.6599731445312,759.9400024414062,283888,2026-09-16 18:15:00+00:00
1789582800,759.9400024414062,760.2999877929688,759.6099853515625,759.8499755859375,239455,2026-09-16 18:20:00+00:00
1789583100,759.844970703125,759.9849853515625,758.7849731445312,759.6799926757812,443684,2026-09-16 18:25:00+00:00
1789583400,759.6400146484375,759.8900146484375,757.5399780273438,757.6500244140625,915645,2026-09-16 18:30:00+00:00
1789583700,757.6400146484375,758.030029296875,756.0499877929688,757.8900756835938,1864326,2026-09-16 18:35:00+00:00
1789584000,757.8900146484375,760.2100219726562,757.7999877929688,759.0,967779,2026-09-16 18:40:00+00:00
1789584300,758.989990234375,759.5499877929688,757.4299926757812,757.5599975585938,702872,2026-09-16 18:45:00+00:00
1789584600,757.5850219726562,757.8300170898438,755.0999755859375,755.1400146484375,1091942,2026-09-16 18:50:00+00:00
1789584900,755.1599731445312,755.760009765625,753.75,753.8900146484375,1283563,2026-09-16 18:55:00+00:00
1789585200,753.9000244140625,755.3599853515625,753.7349853515625,754.7550048828125,1599361,2026-09-16 19:00:00+00:00
1789585500,754.7451782226562,754.77001953125,752.97998046875,753.1950073242188,1039449,2026-09-16 19:05:00+00:00
1789585800,753.2000122070312,753.3400268554688,751.1400146484375,751.3099975585938,1679548,2026-09-16 19:10:00+00:00
1789586100,751.3200073242188,752.1199951171875,750.489990234375,750.9450073242188,1860934,2026-09-16 19:15:00+00:00
1789586400,750.9500122070312,751.3400268554688,750.1300048828125,750.6799926757812,1758519,2026-09-16 19:20:00+00:00
1789586700,750.6900024414062,751.3099975585938,749.5999755859375,751.260009765625,1667443,2026-09-16 19:25:00+00:00
1789587000,751.239990234375,752.6199951171875,751.1099853515625,752.5650024414062,1606304,2026-09-16 19:30:00+00:00
1789587300,752.5599975585938,752.6500244140625,751.469970703125,752.4249877929688,1295713,2026-09-16 19:35:00+00:00
1789587600,752.4299926757812,752.8200073242188,751.7750244140625,752.0900268554688,1597146,2026-09-16 19:40:00+00:00
1789587900,752.0900268554688,753.6500244140625,752.0399780273438,753.4600219726562,2400160,2026-09-16 19:45:00+00:00
1789588200,753.489990234375,754.22998046875,753.3499755859375,754.0850219726562,1896297,2026-09-16 19:50:00+00:00
1789588500,754.0599975585938,754.3699951171875,753.75,754.0700073242188,4148308,2026-09-16 19:55:00+00:00
1789588800,754.0499877929688,754.0499877929688,754.0499877929688,754.0499877929688,0,2026-09-16 20:00:00+00:00
