ts,open,high,low,close,adjclose,volume,dt
1158586200,131.7899932861328,132.38999938964844,131.64999389648438,132.13999938964844,91.9023208618164,64154100,2006-09-18 13:30:00
1158672600,132.1199951171875,132.1300048828125,131.07000732421875,131.80999755859375,91.67276763916016,92089100,2006-09-19 13:30:00
1158759000,132.25,132.77000427246094,132.05999755859375,132.50999450683594,92.1596450805664,75204100,2006-09-20 13:30:00
1158845400,132.61000061035156,132.75,131.4199981689453,131.8699951171875,91.7145004272461,88932500,2006-09-21 13:30:00
1158931800,131.6699981689453,131.67999267578125,131.0,131.47000122070312,91.43629455566406,65966800,2006-09-22 13:30:00
1159191000,131.72999572753906,132.85000610351562,131.0500030517578,132.47999572753906,92.13876342773438,92299100,2006-09-25 13:30:00
1159277400,132.5,133.60000610351562,132.39999389648438,133.5800018310547,92.9038314819336,73962700,2006-09-26 13:30:00
1159363800,133.49000549316406,133.97000122070312,133.27000427246094,133.74000549316406,93.01506805419922,82432200,2006-09-27 13:30:00
1159450200,133.74000549316406,133.99000549316406,133.27999877929688,133.69000244140625,92.98033142089844,58597500,2006-09-28 13:30:00
1159536600,133.8000030517578,133.94000244140625,133.47999572753906,133.5800018310547,92.9038314819336,47966600,2006-09-29 13:30:00
1159795800,133.5399932861328,133.8300018310547,132.9499969482422,133.0800018310547,92.55601501464844,51687400,2006-10-02 13:30:00
1159882200,132.88999938964844,133.8699951171875,132.64999389648438,133.36000061035156,92.75080108642578,73108100,2006-10-03 13:30:00
1159968600,133.22999572753906,135.0,133.0800018310547,134.9199981689453,93.83575439453125,80890500,2006-10-04 13:30:00
1160055000,134.9199981689453,135.41000366210938,134.75,135.17999267578125,94.01658630371094,60505900,2006-10-05 13:30:00
1160141400,134.9499969482422,135.10000610351562,134.39999389648438,135.00999450683594,93.8983383178711,64983600,2006-10-06 13:30:00
1160400600,134.85000610351562,135.3000030517578,134.63999938964844,135.08999633789062,93.95401000976562,41176800,2006-10-09 13:30:00
1160487000,135.10000610351562,135.4499969482422,134.83999633789062,135.27000427246094,94.07916259765625,56403700,2006-10-10 13:30:00
1160573400,134.83999633789062,135.42999267578125,134.3000030517578,135.11000061035156,93.9678955078125,104071800,2006-10-11 13:30:00
1160659800,135.4499969482422,136.38999938964844,135.39999389648438,136.27999877929688,94.78163146972656,59158600,2006-10-12 13:30:00
1160746200,136.16000366210938,136.7100067138672,136.0399932861328,136.6300048828125,95.02507019042969,53944000,2006-10-13 13:30:00
1161005400,136.52000427246094,137.0500030517578,136.4199981689453,136.83999633789062,95.1711196899414,42273000,2006-10-16 13:30:00
1161091800,136.47000122070312,136.6999969482422,135.6699981689453,136.41000366210938,94.87203216552734,90500600,2006-10-17 13:30:00
1161178200,137.0399932861328,137.3699951171875,136.10000610351562,136.58999633789062,94.99723815917969,86848600,2006-10-18 13:30:00
1161264600,136.38999938964844,136.8800048828125,136.22999572753906,136.80999755859375,95.1502685546875,64063200,2006-10-19 13:30:00
1161351000,136.83999633789062,136.9499969482422,136.3300018310547,136.83999633789062,95.1711196899414,48094500,2006-10-20 13:30:00
1161610200,136.55999755859375,137.8000030517578,136.38999938964844,137.47000122070312,95.60926055908203,66219900,2006-10-23 13:30:00
1161696600,137.27999877929688,137.92999267578125,137.22000122070312,137.8800048828125,95.89443969726562,53234900,2006-10-24 13:30:00
1161783000,137.74000549316406,138.41000366210938,137.50999450683594,138.35000610351562,96.22135162353516,78105400,2006-10-25 13:30:00
1161869400,138.66000366210938,139.0,137.97999572753906,138.77999877929688,96.5203628540039,66843700,2006-10-26 13:30:00
1161955800,138.61000061035156,138.75,137.6300048828125,137.91000366210938,95.91529846191406,80238000,2006-10-27 13:30:00
1162218600,137.66000366210938,138.1999969482422,137.39999389648438,137.80999755859375,95.84574127197266,49717800,2006-10-30 14:30:00
1162305000,138.07000732421875,138.25999450683594,137.25,137.7899932861328,95.831787109375,71274100,2006-10-31 14:30:00
1162391400,138.22000122070312,138.30999755859375,136.72000122070312,136.86000061035156,95.18501281738281,83005600,2006-11-01 14:30:00
1162477800,136.50999450683594,137.00999450683594,136.36000061035156,136.77999877929688,95.1293716430664,60693100,2006-11-02 14:30:00
1162564200,137.27000427246094,137.38999938964844,135.6199951171875,136.5399932861328,94.96249389648438,71346400,2006-11-03 14:30:00
1162823400,136.9600067138672,138.27999877929688,136.9499969482422,138.0800018310547,96.03350830078125,63303300,2006-11-06 14:30:00
1162909800,138.1999969482422,138.97999572753906,138.0,138.61000061035156,96.40213775634766,63318900,2006-11-07 14:30:00
1162996200,138.0,139.0500030517578,136.86000061035156,138.91000366210938,96.61077880859375,87517800,2006-11-08 14:30:00
1163082600,139.00999450683594,139.13999938964844,137.89999389648438,138.17999267578125,96.10304260253906,95916300,2006-11-09 14:30:00
1163169000,138.13999938964844,138.33999633789062,137.72000122070312,138.24000549316406,96.144775390625,48991500,2006-11-10 14:30:00
1163428200,138.17999267578125,139.0399932861328,138.07000732421875,138.5800018310547,96.38126373291016,59398200,2006-11-13 14:30:00
1163514600,138.97000122070312,139.74000549316406,138.1199951171875,139.6199951171875,97.1045913696289,96704000,2006-11-14 14:30:00
1163601000,139.57000732421875,140.4499969482422,139.52999877929688,140.02000427246094,97.38276672363281,76509600,2006-11-15 14:30:00
1163687400,140.44000244140625,140.67999267578125,139.49000549316406,140.3800048828125,97.63316345214844,76728800,2006-11-16 14:30:00
1163773800,139.92999267578125,140.42999267578125,139.72999572753906,140.4199981689453,97.6609878540039,56353800,2006-11-17 14:30:00
1164033000,140.3000030517578,140.74000549316406,139.94000244140625,140.5,97.71659851074219,69174200,2006-11-20 14:30:00
1164119400,140.49000549316406,140.6699981689453,140.2899932861328,140.63999938964844,97.81396484375,51367900,2006-11-21 14:30:00
1164205800,140.75,141.16000366210938,140.5,140.9199981689453,98.0086669921875,45505300,2006-11-22 14:30:00
1164378600,140.24000549316406,140.83999633789062,140.1999969482422,140.35000610351562,97.6123046875,30998000,2006-11-24 14:30:00
1164637800,140.27999877929688,140.35000610351562,138.3800048828125,138.4199981689453,96.26998901367188,84545100,2006-11-27 14:30:00
1164724200,138.24000549316406,139.16000366210938,138.11000061035156,139.02000427246094,96.68730163574219,106652900,2006-11-28 14:30:00
1164810600,139.47000122070312,140.52999877929688,139.0800018310547,140.47000122070312,97.69573974609375,90034900,2006-11-29 14:30:00
1164897000,140.44000244140625,141.0500030517578,139.75999450683594,140.52999877929688,97.73744201660156,83994300,2006-11-30 14:30:00
1164983400,140.52999877929688,140.66000366210938,138.97000122070312,140.22000122070312,97.5218505859375,126080000,2006-12-01 14:30:00
1165242600,140.25,141.5500030517578,140.22999572753906,141.2899932861328,98.26602172851562,87813200,2006-12-04 14:30:00
1165329000,141.55999755859375,141.9600067138672,141.25999450683594,141.89999389648438,98.6903305053711,73374400,2006-12-05 14:30:00
1165415400,141.8699951171875,142.07000732421875,141.5,141.77999877929688,98.60679626464844,53253200,2006-12-06 14:30:00
1165501800,142.02999877929688,142.3000030517578,141.11000061035156,141.16000366210938,98.17564392089844,62857400,2006-12-07 14:30:00
1165588200,141.1300048828125,141.89999389648438,140.77999877929688,141.4199981689453,98.3564453125,79625500,2006-12-08 14:30:00
1165847400,141.4199981689453,142.08999633789062,141.33999633789062,141.8300018310547,98.64158630371094,39779400,2006-12-11 14:30:00
1165933800,141.69000244140625,141.8699951171875,140.88999938964844,141.72000122070312,98.56510162353516,77451600,2006-12-12 14:30:00
1166020200,142.22999572753906,142.33999633789062,141.55999755859375,141.8699951171875,98.66944122314453,55520200,2006-12-13 14:30:00
1166106600,141.86000061035156,143.24000549316406,141.83999633789062,143.1199951171875,99.538818359375,64755200,2006-12-14 14:30:00
1166193000,142.63999938964844,142.88999938964844,142.24000549316406,142.33999633789062,99.54790496826172,70857400,2006-12-15 14:30:00
1166452200,142.5399932861328,142.8800048828125,141.75,141.9499969482422,99.27515411376953,48954600,2006-12-18 14:30:00
1166538600,141.5500030517578,142.55999755859375,141.19000244140625,142.22000122070312,99.46395874023438,65023600,2006-12-19 14:30:00
1166625000,142.27999877929688,142.66000366210938,142.00999450683594,142.13999938964844,99.40804290771484,41469600,2006-12-20 14:30:00
1166711400,142.27000427246094,142.42999267578125,141.32000732421875,141.6199951171875,99.04432678222656,48698400,2006-12-21 14:30:00
1166797800,141.63999938964844,141.64999389648438,140.6699981689453,140.75,98.43589782714844,62069100,2006-12-22 14:30:00
1167143400,140.80999755859375,141.61000061035156,140.77999877929688,141.5800018310547,99.01634979248047,32696900,2006-12-26 14:30:00
1167229800,141.8699951171875,142.60000610351562,141.8300018310547,142.50999450683594,99.66678619384766,39727100,2006-12-27 14:30:00
1167316200,142.41000366210938,142.6999969482422,141.99000549316406,142.2100067138672,99.45698547363281,37288800,2006-12-28 14:30:00
1167402600,142.05999755859375,142.5399932861328,141.42999267578125,141.6199951171875,99.04432678222656,45461200,2006-12-29 14:30:00
1167834600,142.25,142.86000061035156,140.57000732421875,141.3699951171875,98.8695068359375,94807600,2007-01-03 14:30:00
1167921000,141.22999572753906,142.0500030517578,140.61000061035156,141.6699981689453,99.07933807373047,69620600,2007-01-04 14:30:00
1168007400,141.3300018310547,141.39999389648438,140.3800048828125,140.5399932861328,98.28899383544922,76645300,2007-01-05 14:30:00
1168266600,140.82000732421875,141.41000366210938,140.25,141.19000244140625,98.74363708496094,71655000,2007-01-08 14:30:00
1168353000,141.30999755859375,141.60000610351562,140.39999389648438,141.07000732421875,98.6596450805664,75680100,2007-01-09 14:30:00
1168439400,140.5800018310547,141.57000732421875,140.3000030517578,141.5399932861328,98.9883804321289,72428000,2007-01-10 14:30:00
1168525800,141.5800018310547,142.6199951171875,141.5,142.16000366210938,99.42198944091797,54476800,2007-01-11 14:30:00
1168612200,142.14999389648438,143.24000549316406,142.11000061035156,143.24000549316406,100.17727661132812,55370600,2007-01-12 14:30:00
1168957800,143.07000732421875,143.44000244140625,142.72999572753906,142.9600067138672,99.98149108886719,44871300,2007-01-16 14:30:00
1169044200,142.85000610351562,143.4600067138672,142.72999572753906,143.02000427246094,100.02349090576172,50241400,2007-01-17 14:30:00
1169130600,143.1699981689453,143.25999450683594,142.30999755859375,142.5399932861328,99.68771362304688,68177300,2007-01-18 14:30:00
1169217000,142.5399932861328,143.10000610351562,142.4600067138672,142.82000732421875,99.88360595703125,56973000,2007-01-19 14:30:00
1169476200,143.07000732421875,143.10000610351562,141.92999267578125,142.3800048828125,99.57585144042969,60253600,2007-01-22 14:30:00
1169562600,142.25999450683594,143.0800018310547,142.05999755859375,142.8000030517578,99.86962127685547,54064400,2007-01-23 14:30:00
1169649000,142.97000122070312,143.97999572753906,142.91000366210938,143.9499969482422,100.67388916015625,55834700,2007-01-24 14:30:00
1169735400,143.86000061035156,143.9199981689453,142.00999450683594,142.25999450683594,99.49195098876953,73583800,2007-01-25 14:30:00
1169821800,142.57000732421875,142.64999389648438,141.5800018310547,142.1300048828125,99.4010009765625,67255600,2007-01-26 14:30:00
1170081000,142.19000244140625,142.8000030517578,141.74000549316406,142.0500030517578,99.34508514404297,66114600,2007-01-29 14:30:00
1170167400,142.35000610351562,142.86000061035156,142.05999755859375,142.7899932861328,99.86258697509766,70407600,2007-01-30 14:30:00
1170253800,142.6300048828125,144.1300048828125,142.39999389648438,143.75,100.53397369384766,91868600,2007-01-31 14:30:00
1170340200,144.14999389648438,144.66000366210938,143.91000366210938,144.61000061035156,101.13545227050781,69312400,2007-02-01 14:30:00
1170426600,144.72999572753906,144.9499969482422,144.3800048828125,144.80999755859375,101.27529907226562,49607000,2007-02-02 14:30:00
1170685800,144.6999969482422,144.94000244140625,144.33999633789062,144.85000610351562,101.30328369140625,45705300,2007-02-05 14:30:00
1170772200,144.97000122070312,145.02999877929688,144.3300018310547,144.88999938964844,101.33129119873047,57081300,2007-02-06 14:30:00
1170858600,145.1199951171875,145.36000061035156,144.57000732421875,145.2100067138672,101.55508422851562,55669700,2007-02-07 14:30:00
1170945000,144.77999877929688,145.1199951171875,144.27000427246094,145.02000427246094,101.42223358154297,70641000,2007-02-08 14:30:00
1171031400,145.05999755859375,145.3300018310547,143.38999938964844,143.94000244140625,100.66683197021484,79084400,2007-02-09 14:30:00
1171290600,143.94000244140625,144.0399932861328,143.19000244140625,143.4499969482422,100.32415771484375,65657000,2007-02-12 14:30:00
1171377000,143.77000427246094,144.89999389648438,143.75999450683594,144.66000366210938,101.17045593261719,64081800,2007-02-13 14:30:00
1171463400,144.8000030517578,145.89999389648438,144.77999877929688,145.61000061035156,101.83483123779297,66039400,2007-02-14 14:30:00
1171549800,145.6699981689453,145.9499969482422,145.42999267578125,145.8000030517578,101.96771240234375,38715200,2007-02-15 14:30:00
1171636200,145.44000244140625,145.75999450683594,145.22999572753906,145.72999572753906,101.91875457763672,39841800,2007-02-16 14:30:00
1171981800,145.55999755859375,146.1999969482422,145.0,146.0399932861328,102.13552856445312,56911800,2007-02-20 14:30:00
1172068200,145.61000061035156,146.07000732421875,145.35000610351562,145.97999572753906,102.09355926513672,63971600,2007-02-21 14:30:00
1172154600,146.0500030517578,146.4199981689453,145.1699981689453,145.8699951171875,102.01664733886719,79067400,2007-02-22 14:30:00
1172241000,145.74000549316406,145.7899932861328,145.02999877929688,145.3000030517578,101.61800384521484,71966200,2007-02-23 14:30:00
1172500200,145.8300018310547,145.9499969482422,144.75,145.1699981689453,101.527099609375,69192800,2007-02-26 14:30:00
1172586600,143.8800048828125,144.1999969482422,139.0,139.5,97.56166076660156,274466500,2007-02-27 14:30:00
1172673000,140.38999938964844,141.97999572753906,139.8000030517578,140.92999267578125,98.56177520751953,177536300,2007-02-28 14:30:00
1172759400,139.33999633789062,141.25,138.0500030517578,140.50999450683594,98.26805114746094,212828600,2007-03-01 14:30:00
1172845800,140.0500030517578,140.66000366210938,138.66000366210938,138.6699981689453,96.98118591308594,162574000,2007-03-02 14:30:00
1173105000,137.92999267578125,139.5800018310547,137.3300018310547,137.35000610351562,96.05802154541016,143750400,2007-03-05 14:30:00
1173191400,138.77999877929688,140.1199951171875,137.72000122070312,139.6999969482422,97.70157623291016,143333300,2007-03-06 14:30:00
1173277800,139.58999633789062,140.4600067138672,139.39999389648438,139.55999755859375,97.60363006591797,115144900,2007-03-07 14:30:00
1173364200,140.5399932861328,141.16000366210938,140.07000732421875,140.74000549316406,98.42888641357422,117891600,2007-03-08 14:30:00
1173450600,141.30999755859375,141.4199981689453,140.0800018310547,140.77999877929688,98.45686340332031,107765100,2007-03-09 14:30:00
1173706200,140.4199981689453,141.33999633789062,140.16000366210938,140.99000549316406,98.60372924804688,80366900,2007-03-12 13:30:00
1173792600,140.17999267578125,140.77000427246094,138.0399932861328,138.25,96.6875,190605200,2007-03-13 13:30:00
1173879000,138.42999267578125,139.36000061035156,136.75,139.27999877929688,97.40784454345703,231853800,2007-03-14 13:30:00
1173965400,138.97000122070312,139.99000549316406,138.8000030517578,139.47000122070312,97.54071807861328,132435900,2007-03-15 13:30:00
1174051800,139.30999755859375,139.6300048828125,138.1199951171875,138.52999877929688,97.267578125,121531600,2007-03-16 13:30:00
1174311000,139.25999450683594,140.3300018310547,139.14999389648438,140.1999969482422,98.4401626586914,96161200,2007-03-19 13:30:00
1174397400,140.0800018310547,141.0500030517578,139.9600067138672,140.97000122070312,98.98079681396484,82147400,2007-03-20 13:30:00
1174483800,141.10000610351562,143.64999389648438,140.82000732421875,143.2899932861328,100.60973358154297,152368700,2007-03-21 13:30:00
1174570200,143.47999572753906,143.67999267578125,142.7899932861328,143.17999267578125,100.53250122070312,118942200,2007-03-22 13:30:00
1174656600,143.27999877929688,143.80999755859375,143.14999389648438,143.38999938964844,100.67996978759766,74416800,2007-03-23 13:30:00
1174915800,143.5,143.64999389648438,142.08999633789062,143.1999969482422,100.54653930664062,113787500,2007-03-26 13:30:00
1175002200,143.1199951171875,143.16000366210938,142.38999938964844,142.86000061035156,100.30781555175781,99864600,2007-03-27 13:30:00
1175088600,142.13999938964844,142.47000122070312,141.25999450683594,141.82000732421875,99.5776138305664,152907900,2007-03-28 13:30:00
1175175000,142.5399932861328,142.61000061035156,141.19000244140625,141.97000122070312,99.68292236328125,139432700,2007-03-29 13:30:00
1175261400,142.24000549316406,142.83999633789062,140.55999755859375,142.0,99.7039566040039,128194100,2007-03-30 13:30:00
1175520600,142.16000366210938,142.4600067138672,141.47999572753906,142.16000366210938,99.8162841796875,79416400,2007-04-02 13:30:00
1175607000,142.97000122070312,143.97999572753906,142.91000366210938,143.69000244140625,100.89064025878906,82417800,2007-04-03 13:30:00
1175693400,143.69000244140625,143.9499969482422,143.16000366210938,143.85000610351562,101.00292205810547,63995200,2007-04-04 13:30:00
1175779800,143.6699981689453,144.44000244140625,143.61000061035156,144.24000549316406,101.27677154541016,46822800,2007-04-05 13:30:00
1176125400,144.64999389648438,144.8000030517578,144.14999389648438,144.44000244140625,101.41722106933594,50967400,2007-04-09 13:30:00
1176211800,144.3300018310547,144.85000610351562,144.27000427246094,144.61000061035156,101.53656768798828,56620000,2007-04-10 13:30:00
1176298200,144.82000732421875,144.86000061035156,143.5399932861328,144.02000427246094,101.1222915649414,106365700,2007-04-11 13:30:00
1176384600,143.74000549316406,144.9199981689453,143.33999633789062,144.66000366210938,101.57174682617188,115534400,2007-04-12 13:30:00
1176471000,144.89999389648438,145.32000732421875,144.36000061035156,145.32000732421875,102.03507995605469,84287000,2007-04-13 13:30:00
1176730200,145.8300018310547,146.86000061035156,145.82000732421875,146.6999969482422,103.00404357910156,83064600,2007-04-16 13:30:00
1176816600,146.97000122070312,147.39999389648438,146.64999389648438,147.08999633789062,103.27787780761719,108424100,2007-04-17 13:30:00
1176903000,146.60000610351562,147.6999969482422,146.57000732421875,147.27000427246094,103.40426635742188,88345300,2007-04-18 13:30:00
1176989400,146.5500030517578,147.39999389648438,146.36000061035156,147.22999572753906,103.37621307373047,102947700,2007-04-19 13:30:00
1177075800,148.22000122070312,148.6199951171875,147.0399932861328,148.6199951171875,104.3521728515625,124114100,2007-04-20 13:30:00
1177335000,148.3699951171875,148.72999572753906,147.97000122070312,148.05999755859375,103.95893096923828,77270800,2007-04-23 13:30:00
1177421400,148.22999572753906,148.39999389648438,147.32000732421875,148.1199951171875,104.00111389160156,114471000,2007-04-24 13:30:00
1177507800,148.72999572753906,149.66000366210938,148.02000427246094,149.47999572753906,104.95599365234375,108418800,2007-04-25 13:30:00
1177594200,149.49000549316406,149.8000030517578,149.10000610351562,149.64999389648438,105.07535552978516,88741600,2007-04-26 13:30:00
1177680600,149.08999633789062,149.74000549316406,148.83999633789062,149.52999877929688,104.99113464355469,108191100,2007-04-27 13:30:00
1177939800,149.63999938964844,149.74000549316406,148.2100067138672,148.2899932861328,104.12044525146484,100874100,2007-04-30 13:30:00
1178026200,148.4199981689453,149.47000122070312,147.6699981689453,148.6699981689453,104.38725280761719,134342700,2007-05-01 13:30:00
1178112600,148.89999389648438,149.9499969482422,148.75,149.5399932861328,104.99810028076172,87129800,2007-05-02 13:30:00
1178199000,149.97000122070312,150.39999389648438,149.72999572753906,150.35000610351562,105.56690979003906,86569700,2007-05-03 13:30:00
1178285400,150.75,151.1199951171875,150.22000122070312,150.9199981689453,105.96707153320312,96409000,2007-05-04 13:30:00
1178544600,150.8800048828125,151.1999969482422,150.80999755859375,150.9499969482422,105.98811340332031,63461400,2007-05-07 13:30:00
1178631000,150.5800018310547,150.9199981689453,150.1300048828125,150.75,105.84774780273438,80584000,2007-05-08 13:30:00
1178717400,150.63999938964844,152.82000732421875,150.3699951171875,151.16000366210938,106.13561248779297,102070100,2007-05-09 13:30:00
1178803800,150.72999572753906,151.02000427246094,149.27000427246094,149.5800018310547,105.0262222290039,153617800,2007-05-10 13:30:00
1178890200,149.75,150.92999267578125,149.72000122070312,150.86000061035156,105.92495727539062,113408900,2007-05-11 13:30:00
1179149400,150.86000061035156,151.3000030517578,149.7899932861328,150.52999877929688,105.69328308105469,108027500,2007-05-14 13:30:00
1179235800,150.6999969482422,151.66000366210938,150.19000244140625,150.57000732421875,105.7213363647461,180673300,2007-05-15 13:30:00
1179322200,150.8000030517578,151.6300048828125,150.3800048828125,151.60000610351562,106.4445571899414,114166500,2007-05-16 13:30:00
1179408600,151.3800048828125,151.9600067138672,151.11000061035156,151.3000030517578,106.23385620117188,101132800,2007-05-17 13:30:00
1179495000,152.00999450683594,152.6199951171875,151.80999755859375,152.6199951171875,107.16078186035156,99182000,2007-05-18 13:30:00
1179754200,152.5800018310547,153.22999572753906,152.5,152.5399932861328,107.1045150756836,174664600,2007-05-21 13:30:00
1179840600,152.6999969482422,153.16000366210938,152.3800048828125,152.4199981689453,107.02027130126953,82148800,2007-05-22 13:30:00
1179927000,152.9499969482422,153.5,152.36000061035156,152.44000244140625,107.03435516357422,133786600,2007-05-23 13:30:00
1180013400,152.52999877929688,153.2100067138672,150.74000549316406,151.05999755859375,106.06537628173828,187593000,2007-05-24 13:30:00
1180099800,151.5,152.02000427246094,151.17999267578125,151.69000244140625,106.5077896118164,83309200,2007-05-25 13:30:00
1180445400,151.94000244140625,152.5,151.4499969482422,152.24000549316406,106.89393615722656,82020000,2007-05-29 13:30:00
1180531800,151.4600067138672,153.5399932861328,151.33999633789062,153.47999572753906,107.76456451416016,129013600,2007-05-30 13:30:00
1180618200,153.6699981689453,153.88999938964844,153.1199951171875,153.32000732421875,107.65226745605469,114866700,2007-05-31 13:30:00
1180704600,153.8800048828125,154.39999389648438,153.50999450683594,154.0800018310547,108.1858901977539,107771700,2007-06-01 13:30:00
1180963800,153.5399932861328,154.38999938964844,153.47999572753906,154.10000610351562,108.19991302490234,78008800,2007-06-04 13:30:00
1181050200,153.74000549316406,153.89999389648438,152.86000061035156,153.49000549316406,107.77159118652344,126917900,2007-06-05 13:30:00
1181136600,152.86000061035156,152.9499969482422,151.75,151.83999633789062,106.6130142211914,164096800,2007-06-06 13:30:00
1181223000,151.55999755859375,152.5,149.05999755859375,149.10000610351562,104.68914794921875,232414600,2007-06-07 13:30:00
1181309400,149.5800018310547,151.19000244140625,149.08999633789062,151.0399932861328,106.05133056640625,175886000,2007-06-08 13:30:00
1181568600,150.92999267578125,151.9499969482422,150.6999969482422,151.3000030517578,106.23385620117188,102015600,2007-06-11 13:30:00
1181655000,150.6699981689453,151.5399932861328,149.5500030517578,149.64999389648438,105.07535552978516,233898000,2007-06-12 13:30:00
1181741400,150.5,152.07000732421875,149.72000122070312,151.88999938964844,106.64820098876953,193208200,2007-06-13 13:30:00
1181827800,152.05999755859375,153.1199951171875,152.02999877929688,152.86000061035156,107.32925415039062,146396500,2007-06-14 13:30:00
1181914200,153.13999938964844,153.66000366210938,152.92999267578125,153.07000732421875,107.93994140625,154030800,2007-06-15 13:30:00
1182173400,153.3800048828125,153.38999938964844,152.66000366210938,152.88999938964844,107.81303405761719,88537500,2007-06-18 13:30:00
1182259800,152.5500030517578,153.3800048828125,152.36000061035156,153.27000427246094,108.08094787597656,110851700,2007-06-19 13:30:00
1182346200,153.5800018310547,153.5800018310547,150.9600067138672,151.13999938964844,106.57894897460938,177119700,2007-06-20 13:30:00
1182432600,151.0800018310547,152.11000061035156,150.25,151.97999572753906,107.17131805419922,205262000,2007-06-21 13:30:00
1182519000,151.52000427246094,151.77000427246094,149.85000610351562,150.5500030517578,106.16292572021484,204964700,2007-06-22 13:30:00
1182778200,150.24000549316406,151.25,149.02000427246094,149.8300018310547,105.65518188476562,232014400,2007-06-25 13:30:00
1182864600,150.2100067138672,150.4600067138672,148.27999877929688,148.2899932861328,104.56920623779297,198445700,2007-06-26 13:30:00
1182951000,148.1300048828125,150.57000732421875,148.05999755859375,150.39999389648438,106.05707550048828,213638000,2007-06-27 13:30:00
1183037400,150.3800048828125,151.41000366210938,149.6699981689453,150.3800048828125,106.04306030273438,157705000,2007-06-28 13:30:00
1183123800,150.89999389648438,151.64999389648438,149.14999389648438,150.42999267578125,106.07828521728516,199701800,2007-06-29 13:30:00
1183383000,150.8699951171875,151.9199981689453,150.77000427246094,151.7899932861328,107.03730010986328,103357000,2007-07-02 13:30:00
1183469400,152.17999267578125,152.5,151.99000549316406,152.33999633789062,107.42514038085938,54048400,2007-07-03 13:30:00
1183642200,152.39999389648438,152.55999755859375,151.6300048828125,152.17999267578125,107.3124008178711,89279000,2007-07-05 13:30:00
1183728600,152.3800048828125,153.1699981689453,151.92999267578125,152.97999572753906,107.87648010253906,81109000,2007-07-06 13:30:00
1183987800,153.16000366210938,153.36000061035156,152.6199951171875,153.10000610351562,107.96109008789062,72348100,2007-07-09 13:30:00
1184074200,152.2899932861328,152.61000061035156,150.77000427246094,150.9199981689453,106.42382049560547,180362600,2007-07-10 13:30:00
1184160600,150.75,152.0500030517578,150.52000427246094,151.99000549316406,107.17835235595703,175607600,2007-07-11 13:30:00
1184247000,152.3699951171875,154.75,152.33999633789062,154.38999938964844,108.87071990966797,133882500,2007-07-12 13:30:00
1184333400,154.57000732421875,155.4600067138672,154.38999938964844,154.85000610351562,109.19512939453125,111794300,2007-07-13 13:30:00
1184592600,154.99000549316406,155.52999877929688,154.5800018310547,154.8300018310547,109.18101501464844,98378700,2007-07-16 13:30:00
1184679000,154.92999267578125,155.47999572753906,154.67999267578125,154.75,109.12461853027344,126201300,2007-07-17 13:30:00
1184765400,154.22999572753906,154.8000030517578,153.3000030517578,154.47000122070312,108.92718505859375,237887400,2007-07-18 13:30:00
1184851800,155.1999969482422,155.52999877929688,154.75,155.07000732421875,109.35022735595703,145212700,2007-07-19 13:30:00
1184938200,154.88999938964844,154.99000549316406,152.8300018310547,153.5,108.24314880371094,245502500,2007-07-20 13:30:00
1185197400,154.17999267578125,154.72000122070312,153.3000030517578,153.97000122070312,108.5745849609375,121183900,2007-07-23 13:30:00
1185283800,153.1199951171875,154.27999877929688,150.75999450683594,151.3000030517578,106.69175720214844,256732400,2007-07-24 13:30:00
1185370200,152.02000427246094,152.38999938964844,150.25,151.61000061035156,106.9103775024414,265214500,2007-07-25 13:30:00
1185456600,150.19000244140625,150.8000030517578,146.38999938964844,148.02000427246094,104.37885284423828,467592500,2007-07-26 13:30:00
1185543000,148.2100067138672,148.8699951171875,145.0500030517578,145.11000061035156,102.32682800292969,422987600,2007-07-27 13:30:00
1185802200,145.92999267578125,147.80999755859375,145.2899932861328,147.3800048828125,103.92749786376953,283017500,2007-07-30 13:30:00
1185888600,148.3300018310547,149.4600067138672,145.0399932861328,145.72000122070312,102.7569580078125,316976700,2007-07-31 13:30:00
1185975000,145.17999267578125,147.00999450683594,143.9499969482422,146.42999267578125,103.25765228271484,467670000,2007-08-01 13:30:00
1186061400,146.75999450683594,147.75999450683594,145.25999450683594,147.60000610351562,104.08267211914062,294758400,2007-08-02 13:30:00
1186147800,147.27999877929688,147.5800018310547,143.1999969482422,143.8000030517578,101.4030532836914,359398200,2007-08-03 13:30:00
1186407000,144.2100067138672,146.8300018310547,142.52999877929688,146.2100067138672,103.10252380371094,324980000,2007-08-06 13:30:00
1186493400,145.94000244140625,149.0,145.22999572753906,147.77000427246094,104.20256805419922,232568700,2007-08-07 13:30:00
1186579800,148.41000366210938,150.58999633789062,147.33999633789062,149.8300018310547,105.65518188476562,274930600,2007-08-08 13:30:00
1186666200,147.42999267578125,148.9499969482422,145.2899932861328,145.38999938964844,102.52420806884766,357622100,2007-08-09 13:30:00
1186752600,144.38999938964844,146.5,143.1199951171875,144.7100067138672,102.0447006225586,411018400,2007-08-10 13:30:00
1187011800,146.5,146.88999938964844,145.02000427246094,145.22999572753906,102.4113998413086,181917200,2007-08-13 13:30:00
1187098200,145.6999969482422,146.05999755859375,142.72000122070312,143.00999450683594,100.8459243774414,264134500,2007-08-14 13:30:00
1187184600,142.72000122070312,144.4600067138672,140.6199951171875,141.0399932861328,99.45674133300781,323834000,2007-08-15 13:30:00
1187271000,139.7899932861328,142.94000244140625,137.0,142.10000610351562,100.20423126220703,546743700,2007-08-16 13:30:00
1187357400,145.5,145.80999755859375,141.38999938964844,144.7100067138672,102.0447006225586,388218100,2007-08-17 13:30:00
1187616600,145.1699981689453,145.47000122070312,143.2899932861328,144.63999938964844,101.995361328125,187320400,2007-08-20 13:30:00
1187703000,144.60000610351562,145.97000122070312,144.13999938964844,144.92999267578125,102.19983673095703,157066400,2007-08-21 13:30:00
1187789400,146.00999450683594,146.8000030517578,145.3300018310547,146.64999389648438,103.4127426147461,173156700,2007-08-22 13:30:00
1187875800,147.33999633789062,147.64999389648438,145.61000061035156,146.52000427246094,103.32109832763672,203915300,2007-08-23 13:30:00
1187962200,146.47999572753906,148.3300018310547,146.27999877929688,148.3300018310547,104.59740447998047,128901900,2007-08-24 13:30:00
1188221400,147.85000610351562,148.3300018310547,146.72999572753906,146.9499969482422,103.6242904663086,113024300,2007-08-27 13:30:00
1188307800,146.16000366210938,146.25,143.4600067138672,143.72000122070312,101.34657287597656,219790700,2007-08-28 13:30:00
1188394200,144.3699951171875,146.74000549316406,143.9600067138672,146.5399932861328,103.3351821899414,207654200,2007-08-29 13:30:00
1188480600,145.4499969482422,147.19000244140625,145.30999755859375,146.14999389648438,103.0601577758789,191817300,2007-08-30 13:30:00
1188567000,147.64999389648438,148.5,146.8300018310547,147.58999633789062,104.07563018798828,185477500,2007-08-31 13:30:00
1188912600,147.4499969482422,149.97999572753906,147.39999389648438,149.0800018310547,105.12633514404297,120062000,2007-09-04 13:30:00
1188999000,148.1999969482422,148.36000061035156,147.0,147.7899932861328,104.21663665771484,166261800,2007-09-05 13:30:00
1189085400,147.9499969482422,148.61000061035156,147.1199951171875,148.1300048828125,104.45639038085938,127878400,2007-09-06 13:30:00
1189171800,146.47999572753906,146.88999938964844,145.25999450683594,146.07000732421875,103.00375366210938,235447600,2007-09-07 13:30:00
1189431000,146.52000427246094,146.72000122070312,144.3300018310547,145.7899932861328,102.80628204345703,192305900,2007-09-10 13:30:00
1189517400,146.24000549316406,147.6999969482422,146.1300048828125,147.49000549316406,104.005126953125,162081900,2007-09-11 13:30:00
1189603800,147.2899932861328,148.44000244140625,146.97999572753906,147.8699951171875,104.27305603027344,149554600,2007-09-12 13:30:00
1189690200,148.5500030517578,149.4499969482422,148.1999969482422,148.91000366210938,105.00635528564453,154079000,2007-09-13 13:30:00
1189776600,147.9600067138672,149.08999633789062,147.74000549316406,148.89999389648438,104.99935150146484,121911000,2007-09-14 13:30:00
1190035800,148.30999755859375,148.64999389648438,147.6300048828125,148.10000610351562,104.43528747558594,109870800,2007-09-17 13:30:00
1190122200,148.8300018310547,152.5,148.1300048828125,152.4600067138672,107.509765625,263759500,2007-09-18 13:30:00
1190208600,153.41000366210938,154.38999938964844,152.7100067138672,153.36000061035156,108.14441680908203,193779900,2007-09-19 13:30:00
1190295000,153.33999633789062,153.42999267578125,152.11000061035156,152.27999877929688,107.38287353515625,175186800,2007-09-20 13:30:00
1190381400,152.7100067138672,153.1199951171875,151.74000549316406,151.97000122070312,107.67257690429688,141457500,2007-09-21 13:30:00
1190640600,152.4199981689453,152.82000732421875,151.36000061035156,151.69000244140625,107.47425842285156,139450200,2007-09-24 13:30:00
1190727000,150.80999755859375,151.66000366210938,150.47000122070312,151.38999938964844,107.2616958618164,142289900,2007-09-25 13:30:00
1190813400,152.25,152.77000427246094,151.38999938964844,152.19000244140625,107.82845306396484,135547000,2007-09-26 13:30:00
1190899800,152.91000366210938,153.10000610351562,152.19000244140625,153.08999633789062,108.46617889404297,102713300,2007-09-27 13:30:00
1190986200,152.85000610351562,153.19000244140625,151.97999572753906,152.5800018310547,108.10477447509766,133372100,2007-09-28 13:30:00
1191245400,152.60000610351562,154.75,152.5,154.3000030517578,109.32345581054688,148162300,2007-10-01 13:30:00
1191331800,154.61000061035156,154.64999389648438,153.80999755859375,154.08999633789062,109.1746597290039,112978800,2007-10-02 13:30:00
1191418200,153.80999755859375,154.41000366210938,153.00999450683594,153.77999877929688,108.95504760742188,119055900,2007-10-03 13:30:00
1191504600,154.11000061035156,154.25999450683594,153.58999633789062,154.02000427246094,109.12506866455078,76864400,2007-10-04 13:30:00
1191591000,155.02999877929688,156.10000610351562,154.6300048828125,155.85000610351562,110.421630859375,134579700,2007-10-05 13:30:00
1191850200,155.38999938964844,155.49000549316406,154.77000427246094,155.02000427246094,109.8335952758789,71280400,2007-10-08 13:30:00
1191936600,155.60000610351562,156.5,155.02999877929688,156.47999572753906,110.86800384521484,94054300,2007-10-09 13:30:00
1192023000,156.0399932861328,156.44000244140625,155.41000366210938,156.22000122070312,110.68380737304688,101711100,2007-10-10 13:30:00
1192109400,156.92999267578125,157.52000427246094,154.5399932861328,155.47000122070312,110.15239715576172,233529100,2007-10-11 13:30:00
1192195800,155.4600067138672,156.35000610351562,155.27000427246094,156.3300018310547,110.76177215576172,124546700,2007-10-12 13:30:00
1192455000,156.27000427246094,156.36000061035156,153.94000244140625,155.00999450683594,109.82648468017578,161151900,2007-10-15 13:30:00
1192541400,154.41000366210938,154.52000427246094,153.47000122070312,153.77999877929688,108.95504760742188,166525700,2007-10-16 13:30:00
1192627800,154.97999572753906,155.08999633789062,152.47000122070312,154.25,109.28803253173828,216687300,2007-10-17 13:30:00
1192714200,153.4499969482422,154.19000244140625,153.0800018310547,153.69000244140625,108.89124298095703,148367500,2007-10-18 13:30:00
1192800600,153.08999633789062,156.47999572753906,149.66000366210938,149.6699981689453,106.0430679321289,297169900,2007-10-19 13:30:00
1193059800,148.86000061035156,150.75999450683594,148.66000366210938,150.5399932861328,106.6594467163086,261989800,2007-10-22 13:30:00
1193146200,151.4600067138672,151.9499969482422,150.25,151.75999450683594,107.52384185791016,180085100,2007-10-23 13:30:00
1193232600,151.2100067138672,151.74000549316406,148.83999633789062,151.47999572753906,107.3254165649414,326694200,2007-10-24 13:30:00
1193319000,151.64999389648438,152.2899932861328,149.8800048828125,151.83999633789062,107.58049774169922,237374500,2007-10-25 13:30:00
1193405400,153.05999755859375,153.6199951171875,151.89999389648438,153.6199951171875,108.84166717529297,176484000,2007-10-26 13:30:00
1193664600,153.92999267578125,154.44000244140625,153.5500030517578,154.1300048828125,109.20292663574219,106841000,2007-10-29 13:30:00
1193751000,153.4499969482422,153.75,152.8699951171875,153.05999755859375,108.4449234008789,132981600,2007-10-30 13:30:00
1193837400,153.97999572753906,155.27000427246094,152.83999633789062,154.64999389648438,109.5714340209961,220954400,2007-10-31 13:30:00
1193923800,153.2899932861328,153.41000366210938,150.58999633789062,151.02999877929688,107.006591796875,333040800,2007-11-01 13:30:00
1194010200,151.52999877929688,152.0,149.2100067138672,151.1999969482422,107.12708282470703,331228200,2007-11-02 13:30:00
1194273000,149.63999938964844,151.16000366210938,148.97000122070312,150.0500030517578,106.31224060058594,226841000,2007-11-05 14:30:00
1194359400,150.86000061035156,152.11000061035156,149.89999389648438,152.07000732421875,107.74349212646484,177800500,2007-11-06 14:30:00
1194445800,150.44000244140625,151.1300048828125,147.5500030517578,147.91000366210938,104.79605865478516,306639700,2007-11-07 14:30:00
1194532200,147.99000549316406,148.39999389648438,145.07000732421875,147.16000366210938,104.2646484375,374509900,2007-11-08 14:30:00
1194618600,145.69000244140625,147.5399932861328,144.88999938964844,145.13999938964844,102.83345794677734,277745100,2007-11-09 14:30:00
1194877800,145.2100067138672,146.61000061035156,143.6999969482422,143.6999969482422,101.81324768066406,243087800,2007-11-12 14:30:00
1194964200,145.3699951171875,148.30999755859375,145.22000122070312,148.0800018310547,104.91648864746094,191117400,2007-11-13 14:30:00
1195050600,149.22000122070312,149.39999389648438,146.77999877929688,147.6699981689453,104.62602233886719,230558800,2007-11-14 14:30:00
1195137000,146.57000732421875,147.49000549316406,144.52000427246094,145.5399932861328,103.11686706542969,263111100,2007-11-15 14:30:00
1195223400,146.30999755859375,146.47000122070312,144.57000732421875,145.7899932861328,103.29399108886719,308770600,2007-11-16 14:30:00
1195482600,145.27999877929688,145.36000061035156,143.19000244140625,143.75999450683594,101.85575103759766,267746000,2007-11-19 14:30:00
1195569000,144.02000427246094,145.52999877929688,142.11000061035156,144.63999938964844,102.47923278808594,414767500,2007-11-20 14:30:00
1195655400,143.0800018310547,143.91000366210938,141.6699981689453,141.67999267578125,100.38201141357422,259012400,2007-11-21 14:30:00
1195828200,143.07000732421875,144.33999633789062,142.6999969482422,144.1300048828125,102.11790466308594,77688400,2007-11-23 14:30:00
1196087400,144.42999267578125,144.8800048828125,140.66000366210938,140.9499969482422,99.86483001708984,214232000,2007-11-26 14:30:00
1196173800,141.74000549316406,143.22999572753906,140.9499969482422,142.57000732421875,101.01261901855469,293897900,2007-11-27 14:30:00
1196260200,144.19000244140625,147.47000122070312,144.13999938964844,147.1300048828125,104.243408203125,258596900,2007-11-28 14:30:00
1196346600,146.6199951171875,147.72000122070312,146.10000610351562,147.17999267578125,104.27885437011719,199409900,2007-11-29 14:30:00
1196433000,149.0399932861328,149.8699951171875,147.3300018310547,148.66000366210938,105.32746124267578,222908000,2007-11-30 14:30:00
1196692200,148.19000244140625,148.4499969482422,147.2899932861328,147.67999267578125,104.63311004638672,146430400,2007-12-03 14:30:00
1196778600,146.66000366210938,147.5399932861328,146.30999755859375,146.36000061035156,103.69783782958984,136533900,2007-12-04 14:30:00
1196865000,147.92999267578125,149.1999969482422,147.8300018310547,148.80999755859375,105.43378448486328,171130000,2007-12-05 14:30:00
1196951400,148.6300048828125,151.2100067138672,148.57000732421875,150.94000244140625,106.94285583496094,154457400,2007-12-06 14:30:00
1197037800,151.4199981689453,151.5,150.5500030517578,150.91000366210938,106.92158508300781,148980100,2007-12-07 14:30:00
1197297000,151.27999877929688,152.25,150.86000061035156,152.0800018310547,107.75053405761719,123914300,2007-12-10 14:30:00
1197383400,152.13999938964844,152.88999938964844,147.8300018310547,147.91000366210938,104.79605865478516,250346400,2007-12-11 14:30:00
1197469800,151.05999755859375,151.77000427246094,147.1999969482422,149.3699951171875,105.83049774169922,322435600,2007-12-12 14:30:00
1197556200,148.32000732421875,149.38999938964844,147.3000030517578,149.05999755859375,105.61082458496094,237551300,2007-12-13 14:30:00
1197642600,147.92999267578125,149.10000610351562,147.10000610351562,147.1699981689453,104.2717514038086,159152900,2007-12-14 14:30:00
1197901800,146.61000061035156,146.8699951171875,144.86000061035156,145.07000732421875,102.78392791748047,177269400,2007-12-17 14:30:00
1197988200,146.10000610351562,146.47999572753906,143.9600067138672,145.8800048828125,103.35778045654297,245569300,2007-12-18 14:30:00
1198074600,145.94000244140625,146.88999938964844,144.94000244140625,145.8800048828125,103.35778045654297,198917200,2007-12-19 14:30:00
1198161000,146.83999633789062,146.86000061035156,145.17999267578125,146.8000030517578,104.0096435546875,214813800,2007-12-20 14:30:00
1198247400,147.3699951171875,148.4199981689453,147.08999633789062,148.1300048828125,105.50894927978516,146084400,2007-12-21 14:30:00
1198506600,148.82000732421875,149.47999572753906,148.47999572753906,149.22999572753906,106.29247283935547,45601400,2007-12-24 14:30:00
1198679400,148.64999389648438,149.67999267578125,148.5,149.5500030517578,106.5203857421875,67093100,2007-12-26 14:30:00
1198765800,149.02000427246094,149.02999877929688,147.32000732421875,147.6699981689453,105.1812973022461,122981700,2007-12-27 14:30:00
1198852200,148.5399932861328,148.61000061035156,146.89999389648438,147.3000030517578,104.9177474975586,116398100,2007-12-28 14:30:00
1199111400,147.10000610351562,147.61000061035156,146.05999755859375,146.2100067138672,104.14140319824219,108126800,2007-12-31 14:30:00
1199284200,146.52999877929688,146.99000549316406,143.8800048828125,144.92999267578125,103.22964477539062,204935600,2008-01-02 14:30:00
1199370600,144.91000366210938,145.49000549316406,144.07000732421875,144.86000061035156,103.1798324584961,125133300,2008-01-03 14:30:00
1199457000,143.33999633789062,143.44000244140625,140.91000366210938,141.30999755859375,100.6512680053711,232330900,2008-01-04 14:30:00
1199716200,141.80999755859375,142.22999572753906,140.10000610351562,141.19000244140625,100.5657730102539,234991000,2008-01-07 14:30:00
1199802600,142.0800018310547,142.89999389648438,138.44000244140625,138.91000366210938,98.9417953491211,326365700,2008-01-08 14:30:00
1199889000,139.08999633789062,140.7899932861328,137.6999969482422,140.3699951171875,99.98174285888672,301824900,2008-01-09 14:30:00
1199975400,139.67999267578125,142.8000030517578,139.3699951171875,141.2899932861328,100.63697814941406,335701200,2008-01-10 14:30:00
1200061800,140.77999877929688,141.89999389648438,139.0,140.14999389648438,99.82498931884766,267076600,2008-01-11 14:30:00
1200321000,141.16000366210938,141.86000061035156,140.39999389648438,141.27999877929688,100.62986755371094,170365500,2008-01-14 14:30:00
1200407400,139.7899932861328,141.49000549316406,137.89999389648438,138.1699981689453,98.41468048095703,239940100,2008-01-15 14:30:00
1200493800,137.36000061035156,139.1199951171875,136.27999877929688,136.97999572753906,97.56708526611328,378802600,2008-01-16 14:30:00
1200580200,137.80999755859375,137.8800048828125,132.92999267578125,133.42999267578125,95.03854370117188,397892600,2008-01-17 14:30:00
1200666600,134.74000549316406,135.02000427246094,131.10000610351562,132.05999755859375,94.06273651123047,348561500,2008-01-18 14:30:00
1201012200,127.20999908447266,132.42999267578125,126.0,130.72000122070312,93.1082534790039,435923700,2008-01-22 14:30:00
1201098600,127.08999633789062,134.19000244140625,126.83999633789062,133.86000061035156,95.3448257446289,511913000,2008-01-23 14:30:00
1201185000,134.47999572753906,135.4600067138672,133.30999755859375,134.99000549316406,96.14969635009766,259949300,2008-01-24 14:30:00
1201271400,136.50999450683594,136.75999450683594,132.60000610351562,133.0399932861328,94.76074981689453,269603900,2008-01-25 14:30:00
1201530600,133.25999450683594,135.52000427246094,132.05999755859375,135.24000549316406,96.3277359008789,217934600,2008-01-28 14:30:00
1201617000,136.10000610351562,136.4499969482422,134.8800048828125,135.91000366210938,96.80498504638672,168968300,2008-01-29 14:30:00
1201703400,135.5800018310547,138.5399932861328,134.60000610351562,134.91000366210938,96.09269714355469,334939200,2008-01-30 14:30:00
1201789800,133.39999389648438,138.5399932861328,133.1999969482422,137.3699951171875,97.84490203857422,343680800,2008-01-31 14:30:00
1201876200,137.94000244140625,139.61000061035156,137.52000427246094,139.5800018310547,99.41902160644531,206843600,2008-02-01 14:30:00
1202135400,139.2100067138672,139.3000030517578,137.63999938964844,137.82000732421875,98.1653823852539,124694300,2008-02-04 14:30:00
1202221800,135.94000244140625,136.25,133.6699981689453,134.1300048828125,95.5371322631836,286882500,2008-02-05 14:30:00
1202308200,134.5800018310547,135.25,132.41000366210938,133.0500030517578,94.76788330078125,250792900,2008-02-06 14:30:00
1202394600,131.8000030517578,134.7899932861328,131.72999572753906,133.92999267578125,95.39470672607422,297368100,2008-02-07 14:30:00
1202481000,133.08999633789062,134.22000122070312,132.10000610351562,133.07000732421875,94.7821273803711,221643500,2008-02-08 14:30:00
1202740200,133.10000610351562,134.22999572753906,132.0399932861328,133.75,95.2664794921875,188576300,2008-02-11 14:30:00
1202826600,134.91000366210938,136.30999755859375,133.97999572753906,134.99000549316406,96.14969635009766,256654400,2008-02-12 14:30:00
1202913000,136.00999450683594,137.05999755859375,135.13999938964844,136.3699951171875,97.13259887695312,181967800,2008-02-13 14:30:00
1202999400,136.9499969482422,137.0,134.7899932861328,135.1699981689453,96.27787780761719,215207200,2008-02-14 14:30:00
1203085800,134.5,135.22000122070312,133.91000366210938,135.13999938964844,96.25652313232422,154110300,2008-02-15 14:30:00
1203431400,136.72000122070312,136.88999938964844,134.61000061035156,135.52000427246094,96.52715301513672,145190000,2008-02-19 14:30:00
1203517800,133.99000549316406,136.5500030517578,133.75999450683594,135.9199981689453,96.81206512451172,220085700,2008-02-20 14:30:00
1203604200,136.66000366210938,137.00999450683594,134.07000732421875,134.7899932861328,96.00721740722656,201051200,2008-02-21 14:30:00
1203690600,134.97000122070312,135.85000610351562,132.86000061035156,135.6199951171875,96.59842681884766,205491000,2008-02-22 14:30:00
1203949800,135.5399932861328,137.64999389648438,134.77999877929688,137.3300018310547,97.81639099121094,190107000,2008-02-25 14:30:00
1204036200,136.75,138.9499969482422,136.5,138.36000061035156,98.55003356933594,212420700,2008-02-26 14:30:00
1204122600,137.55999755859375,139.13999938964844,137.41000366210938,138.22000122070312,98.45028686523438,168395800,2008-02-27 14:30:00
1204209000,137.24000549316406,137.9600067138672,136.5500030517578,136.8699951171875,97.48876953125,170831100,2008-02-28 14:30:00
1204295400,135.60000610351562,135.67999267578125,132.77999877929688,133.82000732421875,95.31633758544922,252715200,2008-02-29 14:30:00
1204554600,133.13999938964844,133.80999755859375,132.24000549316406,133.5,95.08841705322266,189483500,2008-03-03 14:30:00
1204641000,132.22999572753906,133.39999389648438,130.99000549316406,132.99000549316406,94.72516632080078,282513100,2008-03-04 14:30:00
1204727400,133.4199981689453,134.77000427246094,132.33999633789062,133.8300018310547,95.32344055175781,270681400,2008-03-05 14:30:00
1204813800,132.97999572753906,133.22000122070312,130.5500030517578,131.05999755859375,93.35047149658203,247911700,2008-03-06 14:30:00
1204900200,129.77000427246094,131.74000549316406,128.5800018310547,129.7100067138672,92.38887786865234,326434600,2008-03-07 14:30:00
1205155800,129.83999633789062,129.92999267578125,127.58999633789062,128.0,91.1708984375,235683600,2008-03-10 13:30:00
1205242200,130.72000122070312,132.72000122070312,128.9499969482422,132.60000610351562,94.44734191894531,341440600,2008-03-11 13:30:00
1205328600,132.74000549316406,133.77000427246094,131.16000366210938,131.36000061035156,93.56411743164062,229161100,2008-03-12 13:30:00
1205415000,129.61000061035156,132.63999938964844,128.60000610351562,131.64999389648438,93.77067565917969,351504200,2008-03-13 13:30:00
1205501400,132.77000427246094,132.80999755859375,127.77999877929688,129.61000061035156,92.31764221191406,484687800,2008-03-14 13:30:00
1205760600,126.56999969482422,129.25999450683594,126.06999969482422,128.3000030517578,91.38456726074219,405311100,2008-03-17 13:30:00
1205847000,130.6199951171875,133.69000244140625,129.97999572753906,133.6300048828125,95.18098449707031,334416600,2008-03-18 13:30:00
1205933400,134.13999938964844,134.64999389648438,130.0399932861328,130.32000732421875,92.82334899902344,345971600,2008-03-19 13:30:00
1206019800,130.0500030517578,132.91000366210938,129.25999450683594,132.0800018310547,94.54273986816406,245320700,2008-03-20 13:30:00
1206365400,133.30999755859375,135.80999755859375,133.24000549316406,134.72000122070312,96.43243408203125,208977300,2008-03-24 13:30:00
1206451800,134.86000061035156,135.5500030517578,133.77000427246094,134.85000610351562,96.5254898071289,192947200,2008-03-25 13:30:00
1206538200,134.4600067138672,135.08999633789062,133.11000061035156,133.1999969482422,95.34439086914062,196934300,2008-03-26 13:30:00
1206624600,134.1999969482422,134.44000244140625,132.36000061035156,132.77999877929688,95.04377746582031,225153200,2008-03-27 13:30:00
1206711000,132.99000549316406,133.36000061035156,131.05999755859375,131.50999450683594,94.1347427368164,180896100,2008-03-28 13:30:00
1206970200,131.2899932861328,132.72999572753906,131.08999633789062,131.97000122070312,94.46397399902344,166692100,2008-03-31 13:30:00
1207056600,133.61000061035156,136.83999633789062,133.50999450683594,136.61000061035156,97.7852783203125,254547300,2008-04-01 13:30:00
1207143000,137.0500030517578,137.6699981689453,135.97999572753906,136.6999969482422,97.84968566894531,210910800,2008-04-02 13:30:00
1207229400,135.9600067138672,137.44000244140625,135.7100067138672,137.0399932861328,98.09307861328125,175884800,2008-04-03 13:30:00
1207315800,137.1199951171875,137.9600067138672,136.1199951171875,136.88999938964844,97.9857177734375,204446800,2008-04-04 13:30:00
1207575000,137.8699951171875,138.57000732421875,136.74000549316406,136.9600067138672,98.03581237792969,154245500,2008-04-07 13:30:00
1207661400,136.19000244140625,136.9199981689453,135.9499969482422,136.82000732421875,97.93558502197266,148937300,2008-04-08 13:30:00
1207747800,136.61000061035156,136.8000030517578,134.88999938964844,135.8300018310547,97.22698974609375,195610600,2008-04-09 13:30:00
1207834200,135.4199981689453,136.6699981689453,134.89999389648438,136.02000427246094,97.36296081542969,192967800,2008-04-10 13:30:00
1207920600,134.49000549316406,135.1199951171875,133.00999450683594,133.3800048828125,95.47327423095703,222973300,2008-04-11 13:30:00
1208179800,133.19000244140625,133.5399932861328,132.5500030517578,132.92999267578125,95.1511459350586,160522000,2008-04-14 13:30:00
1208266200,133.5800018310547,133.69000244140625,132.3300018310547,133.24000549316406,95.3730697631836,172389200,2008-04-15 13:30:00
1208352600,134.5399932861328,136.91000366210938,134.52000427246094,136.85000610351562,97.95709991455078,189268900,2008-04-16 13:30:00
1208439000,136.02000427246094,137.25,135.66000366210938,137.0500030517578,98.10025787353516,179665700,2008-04-17 13:30:00
1208525400,138.94000244140625,139.55999755859375,138.25999450683594,138.47999572753906,99.12383270263672,218530600,2008-04-18 13:30:00
1208784600,138.22999572753906,138.97999572753906,137.85000610351562,138.5500030517578,99.17393493652344,118587400,2008-04-21 13:30:00
1208871000,138.19000244140625,138.30999755859375,136.89999389648438,137.94000244140625,98.73735046386719,162166000,2008-04-22 13:30:00
1208957400,138.08999633789062,138.77999877929688,137.1199951171875,137.72000122070312,98.57984161376953,193309000,2008-04-23 13:30:00
1209043800,138.0800018310547,139.74000549316406,137.0399932861328,138.32000732421875,99.00927734375,229381300,2008-04-24 13:30:00
1209130200,139.39999389648438,139.88999938964844,137.91000366210938,139.60000610351562,99.9255599975586,190788100,2008-04-25 13:30:00
1209389400,139.8800048828125,140.25,139.3800048828125,139.6300048828125,99.94699096679688,105610200,2008-04-28 13:30:00
1209475800,139.38999938964844,139.72999572753906,138.61000061035156,139.0800018310547,99.5533218383789,125514100,2008-04-29 13:30:00
1209562200,139.2899932861328,140.58999633789062,138.25999450683594,138.25999450683594,98.96635437011719,208395900,2008-04-30 13:30:00
1209648600,138.3800048828125,141.1199951171875,138.27000427246094,141.1199951171875,101.01353454589844,187279500,2008-05-01 13:30:00
1209735000,142.33999633789062,142.3699951171875,140.55999755859375,141.50999450683594,101.2927017211914,181585500,2008-05-02 13:30:00
1209994200,141.0500030517578,141.61000061035156,140.41000366210938,140.8300018310547,100.80594635009766,118504500,2008-05-05 13:30:00
1210080600,140.02000427246094,142.1999969482422,139.69000244140625,142.0500030517578,101.67923736572266,179339800,2008-05-06 13:30:00
1210167000,141.88999938964844,142.0399932861328,139.1300048828125,139.52000427246094,99.86827087402344,199267300,2008-05-07 13:30:00
1210253400,139.74000549316406,140.32000732421875,138.97999572753906,139.16000366210938,99.61055755615234,178321200,2008-05-08 13:30:00
1210339800,138.60000610351562,139.38999938964844,138.4499969482422,138.89999389648438,99.4244384765625,152588200,2008-05-09 13:30:00
1210599000,139.25,140.55999755859375,138.72999572753906,140.4600067138672,100.54113006591797,147865900,2008-05-12 13:30:00
1210685400,140.8000030517578,140.88999938964844,139.72999572753906,140.47999572753906,100.55541229248047,159132200,2008-05-13 13:30:00
1210771800,141.07000732421875,142.1999969482422,140.4600067138672,140.77000427246094,100.76299285888672,181910800,2008-05-14 13:30:00
1210858200,141.0399932861328,142.6300048828125,140.8300018310547,142.52999877929688,102.0228271484375,166927000,2008-05-15 13:30:00
1210944600,142.86000061035156,142.8699951171875,141.61000061035156,142.66000366210938,102.11585998535156,204236800,2008-05-16 13:30:00
1211203800,142.80999755859375,144.3000030517578,142.3000030517578,143.0500030517578,102.39505767822266,165664400,2008-05-19 13:30:00
1211290200,142.27000427246094,142.33999633789062,141.0,141.88999938964844,101.564697265625,178552100,2008-05-20 13:30:00
1211376600,141.80999755859375,142.1199951171875,139.0,139.49000549316406,99.8468017578125,252724800,2008-05-21 13:30:00
1211463000,139.42999267578125,140.1699981689453,139.0,139.50999450683594,99.86113739013672,170820400,2008-05-22 13:30:00
1211549400,139.0500030517578,139.66000366210938,137.52000427246094,137.63999938964844,98.52252960205078,181376400,2008-05-23 13:30:00
1211895000,137.8000030517578,139.0,137.52999877929688,138.66000366210938,99.2526626586914,168322900,2008-05-27 13:30:00
1211981400,139.1699981689453,140.0,138.0,139.3000030517578,99.7108154296875,181288100,2008-05-28 13:30:00
1212067800,139.1300048828125,140.92999267578125,139.0800018310547,140.0,100.21186065673828,173927200,2008-05-29 13:30:00
1212154200,140.47000122070312,140.74000549316406,139.94000244140625,140.35000610351562,100.46239471435547,117362000,2008-05-30 13:30:00
1212413400,139.8300018310547,139.86000061035156,138.0,138.89999389648438,99.4244384765625,181069900,2008-06-02 13:30:00
1212499800,139.3000030517578,139.6199951171875,137.22999572753906,138.08999633789062,98.84466552734375,271965700,2008-06-03 13:30:00
1212586200,137.6999969482422,139.16000366210938,137.4600067138672,138.02000427246094,98.79456329345703,246637700,2008-06-04 13:30:00
1212672600,138.5800018310547,140.88999938964844,138.32000732421875,140.77999877929688,100.77017974853516,237867100,2008-06-05 13:30:00
1212759000,139.5500030517578,139.8000030517578,136.22000122070312,136.2899932861328,97.55622863769531,384276300,2008-06-06 13:30:00
1213018200,136.86000061035156,137.5,135.41000366210938,136.6199951171875,97.79248809814453,228263900,2008-06-09 13:30:00
1213104600,135.6699981689453,137.10000610351562,135.35000610351562,135.94000244140625,97.30572509765625,260234900,2008-06-10 13:30:00
1213191000,135.97000122070312,136.25999450683594,133.92999267578125,133.94000244140625,95.87411499023438,283890100,2008-06-11 13:30:00
1213277400,134.60000610351562,135.8699951171875,133.52000427246094,134.4499969482422,96.23917388916016,252791800,2008-06-12 13:30:00
1213363800,135.1699981689453,136.52000427246094,134.4199981689453,136.14999389648438,97.45603942871094,244726900,2008-06-13 13:30:00
1213623000,135.5500030517578,136.92999267578125,135.4600067138672,136.22999572753906,97.51327514648438,185832500,2008-06-16 13:30:00
1213709400,137.07000732421875,137.1199951171875,135.3699951171875,135.57000732421875,97.04084777832031,191707700,2008-06-17 13:30:00
1213795800,134.69000244140625,135.52000427246094,133.7100067138672,134.25,96.09598541259766,265893000,2008-06-18 13:30:00
1213882200,134.14999389648438,135.24000549316406,133.5,134.4199981689453,96.21768951416016,304204900,2008-06-19 13:30:00
1213968600,132.83999633789062,133.08999633789062,131.22000122070312,131.5800018310547,94.65592956542969,289275700,2008-06-20 13:30:00
1214227800,132.08999633789062,132.22999572753906,131.32000732421875,131.4499969482422,94.5623779296875,165096400,2008-06-23 13:30:00
1214314200,131.0500030517578,132.44000244140625,130.19000244140625,131.19000244140625,94.37535095214844,267300600,2008-06-24 13:30:00
1214400600,131.72000122070312,133.39999389648438,131.24000549316406,131.80999755859375,94.82136535644531,287853900,2008-06-25 13:30:00
1214487000,130.57000732421875,131.4199981689453,128.0800018310547,128.22999572753906,92.24595642089844,297775000,2008-06-26 13:30:00
1214573400,128.27999877929688,128.86000061035156,127.04000091552734,127.52999877929688,91.7424545288086,303423400,2008-06-27 13:30:00
1214832600,127.88999938964844,128.91000366210938,127.30000305175781,127.9800033569336,92.06614685058594,258842600,2008-06-30 13:30:00
1214919000,126.5199966430664,128.47000122070312,125.93000030517578,128.3800048828125,92.35389709472656,388622000,2008-07-01 13:30:00
1215005400,128.7899932861328,129.16000366210938,125.94999694824219,126.18000030517578,90.77124786376953,288064600,2008-07-02 13:30:00
1215091800,127.11000061035156,127.11000061035156,124.98999786376953,126.30999755859375,90.86477661132812,239352500,2008-07-03 13:30:00
1215437400,126.79000091552734,127.33999633789062,123.91999816894531,125.0199966430664,89.93679809570312,372427300,2008-07-07 13:30:00
1215523800,124.98999786376953,127.38999938964844,124.19999694824219,127.23999786376953,91.5338134765625,375973700,2008-07-08 13:30:00
1215610200,127.5,127.73999786376953,124.38999938964844,124.79000091552734,89.77130126953125,336729400,2008-07-09 13:30:00
1215696600,124.43000030517578,125.79000091552734,123.58000183105469,125.30000305175781,90.13825225830078,436475700,2008-07-10 13:30:00
1215783000,123.97000122070312,125.9000015258789,122.48999786376953,123.83999633789062,89.08787536621094,481124600,2008-07-11 13:30:00
1216042200,125.26000213623047,125.5,122.4000015258789,122.72000122070312,88.28221130371094,322720800,2008-07-14 13:30:00
1216128600,121.80000305175781,123.48999786376953,120.0199966430664,120.98999786376953,87.03771209716797,502502500,2008-07-15 13:30:00
1216215000,121.44999694824219,124.56999969482422,121.0999984741211,123.95999908447266,89.17422485351562,371642900,2008-07-16 13:30:00
1216301400,125.13999938964844,126.26000213623047,124.08999633789062,125.19999694824219,90.0662612915039,375490600,2008-07-17 13:30:00
1216387800,126.16999816894531,126.41999816894531,125.1500015258789,125.9800033569336,90.62741088867188,267030100,2008-07-18 13:30:00
1216647000,126.51000213623047,126.80000305175781,125.19000244140625,126.05000305175781,90.67774963378906,222863000,2008-07-21 13:30:00
1216733400,125.1500015258789,127.80000305175781,124.8499984741211,127.4800033569336,91.70646667480469,296904200,2008-07-22 13:30:00
1216819800,127.88999938964844,129.14999389648438,127.55000305175781,128.1699981689453,92.2028579711914,311698400,2008-07-23 13:30:00
1216906200,128.33999633789062,128.41000366210938,125.16000366210938,125.51000213623047,90.28931427001953,248634500,2008-07-24 13:30:00
1216992600,125.88999938964844,126.48999786376953,125.16999816894531,125.4800033569336,90.26769256591797,219131000,2008-07-25 13:30:00
1217251800,125.51000213623047,126.05999755859375,123.41999816894531,123.63999938964844,88.94404602050781,205201300,2008-07-28 13:30:00
1217338200,123.9800033569336,126.37999725341797,123.63999938964844,126.27999877929688,90.84318542480469,261505600,2008-07-29 13:30:00
1217424600,127.11000061035156,128.60000610351562,126.27999877929688,128.52999877929688,92.46180725097656,354710000,2008-07-30 13:30:00
1217511000,127.4000015258789,128.57000732421875,126.62999725341797,126.83000183105469,91.23886108398438,277402100,2008-07-31 13:30:00
1217597400,127.12000274658203,127.27999877929688,125.45999908447266,126.16000366210938,90.75688934326172,248690900,2008-08-01 13:30:00
1217856600,126.04000091552734,126.13999938964844,124.76000213623047,124.98999786376953,89.91519927978516,188239600,2008-08-04 13:30:00
1217943000,126.0199966430664,128.55999755859375,124.97000122070312,128.36000061035156,92.33951568603516,251577600,2008-08-05 13:30:00
1218029400,128.02000427246094,129.3000030517578,127.4800033569336,128.92999267578125,92.74955749511719,209555400,2008-08-06 13:30:00
1218115800,127.95999908447266,128.44000244140625,126.54000091552734,127.01000213623047,91.36835479736328,246312500,2008-08-07 13:30:00
1218202200,126.58000183105469,129.92999267578125,126.37999725341797,129.3699951171875,93.06608581542969,260811700,2008-08-08 13:30:00
1218461400,129.47000122070312,131.50999450683594,129.22999572753906,130.7100067138672,94.03006744384766,249425800,2008-08-11 13:30:00
1218547800,130.27999877929688,130.6999969482422,128.72999572753906,129.35000610351562,93.05171203613281,213200800,2008-08-12 13:30:00
1218634200,128.7899932861328,129.64999389648438,127.66999816894531,128.57000732421875,92.4906005859375,256393200,2008-08-13 13:30:00
1218720600,127.83999633789062,130.27999877929688,127.75,129.5399932861328,93.18834686279297,239555300,2008-08-14 13:30:00
1218807000,129.92999267578125,130.5,129.3000030517578,130.1699981689453,93.64161682128906,181000800,2008-08-15 13:30:00
1219066200,130.42999267578125,130.47999572753906,127.66000366210938,128.38999938964844,92.36112213134766,172275100,2008-08-18 13:30:00
1219152600,127.41999816894531,127.69000244140625,126.52999877929688,126.98999786376953,91.35394287109375,194673700,2008-08-19 13:30:00
1219239000,127.38999938964844,127.94999694824219,126.33999633789062,127.58000183105469,91.77839660644531,225498200,2008-08-20 13:30:00
1219325400,126.75,128.44000244140625,126.5999984741211,127.80000305175781,91.93669891357422,180609800,2008-08-21 13:30:00
1219411800,128.6699981689453,129.64999389648438,127.80000305175781,129.64999389648438,93.26750946044922,167715300,2008-08-22 13:30:00
1219671000,128.8000030517578,129.64999389648438,126.75,127.0199966430664,91.37554931640625,171936900,2008-08-25 13:30:00
1219757400,127.0199966430664,127.87000274658203,126.58000183105469,127.38999938964844,91.6417007446289,159117200,2008-08-26 13:30:00
1219843800,127.55000305175781,128.8300018310547,127.30000305175781,128.6300048828125,92.53372955322266,171032800,2008-08-27 13:30:00
1219930200,129.27999877929688,130.33999633789062,129.11000061035156,130.19000244140625,93.65597534179688,167537100,2008-08-28 13:30:00
1220016600,129.72999572753906,130.13999938964844,128.50999450683594,128.7899932861328,92.64883422851562,189195800,2008-08-29 13:30:00
1220362200,130.02999877929688,130.7100067138672,127.5199966430664,127.98999786376953,92.0733642578125,252364900,2008-09-02 13:30:00
1220448600,127.87999725341797,128.5,126.93000030517578,127.87999725341797,91.99420928955078,251947000,2008-09-03 13:30:00
1220535000,126.97000122070312,127.2300033569336,123.95999908447266,124.02999877929688,89.22461700439453,340042500,2008-09-04 13:30:00
1220621400,123.29000091552734,124.94999694824219,122.0,124.41999816894531,89.50515747070312,289503400,2008-09-05 13:30:00
1220880600,128.0399932861328,128.24000549316406,124.41999816894531,126.98999786376953,91.35394287109375,364075300,2008-09-08 13:30:00
1220967000,127.0999984741211,127.36000061035156,122.80000305175781,123.22000122070312,88.64192199707031,377326800,2008-09-09 13:30:00
1221053400,123.88999938964844,124.9000015258789,122.55000305175781,123.72000122070312,89.00161743164062,298916600,2008-09-10 13:30:00
1221139800,122.12000274658203,125.73999786376953,121.5999984741211,125.51000213623047,90.28931427001953,375369400,2008-09-11 13:30:00
1221226200,124.29000091552734,126.20999908447266,123.83000183105469,126.08999633789062,90.7065200805664,297851200,2008-09-12 13:30:00
1221485400,121.62999725341797,125.6500015258789,119.88999938964844,120.08999633789062,86.39025115966797,483607000,2008-09-15 13:30:00
1221571800,117.19999694824219,122.31999969482422,117.0,122.0999984741211,87.83621215820312,581744300,2008-09-16 13:30:00
1221658200,119.63999938964844,121.8499984741211,116.0,116.61000061035156,83.8868179321289,624095600,2008-09-17 13:30:00
1221744600,118.05000305175781,121.79000091552734,113.80000305175781,120.06999969482422,86.37586975097656,776114700,2008-09-18 13:30:00
1221831000,126.69999694824219,128.0,123.33000183105469,124.12000274658203,89.80619812011719,501087800,2008-09-19 13:30:00
1222090200,124.44999694824219,124.75,120.36000061035156,121.30999755859375,87.77303314208984,249966500,2008-09-22 13:30:00
1222176600,120.8499984741211,122.0199966430664,118.27999877929688,118.55000305175781,85.77605438232422,327470400,2008-09-23 13:30:00
1222263000,119.3499984741211,120.0,117.79000091552734,118.93000030517578,86.05099487304688,311818400,2008-09-24 13:30:00
1222349400,119.4000015258789,121.91000366210938,118.44000244140625,120.79000091552734,87.3967514038086,328253000,2008-09-25 13:30:00
1222435800,118.83000183105469,121.5,118.51000213623047,120.8499984741211,87.4402084350586,285917400,2008-09-26 13:30:00
1222695000,119.13999938964844,119.33999633789062,110.97000122070312,111.37999725341797,80.58824920654297,459562300,2008-09-29 13:30:00
1222781400,113.51000213623047,116.80000305175781,110.52999877929688,115.98999786376953,83.92379760742188,328154400,2008-09-30 13:30:00
1222867800,115.2699966430664,116.69000244140625,113.94999694824219,116.05999755859375,83.97444152832031,332783000,2008-10-01 13:30:00
1222954200,114.94999694824219,115.11000061035156,111.05999755859375,111.8499984741211,80.92829895019531,365337800,2008-10-02 13:30:00
1223040600,112.86000061035156,115.44999694824219,109.68000030517578,110.33999633789062,79.83574676513672,461798000,2008-10-03 13:30:00
1223299800,107.1500015258789,107.62000274658203,100.63999938964844,104.72000122070312,75.76944732666016,610637500,2008-10-06 13:30:00
1223386200,106.83999633789062,107.33000183105469,99.6500015258789,100.02999877929688,72.37602996826172,540012100,2008-10-07 13:30:00
1223472600,97.5199966430664,102.18000030517578,96.80999755859375,97.51000213623047,70.55269622802734,725414800,2008-10-08 13:30:00
1223559000,99.66000366210938,100.62000274658203,90.25,90.69999694824219,65.6253662109375,534485200,2008-10-09 13:30:00
1223645400,86.76000213623047,93.94000244140625,83.58000183105469,88.5,64.03355407714844,871026300,2008-10-10 13:30:00
1223904600,93.87000274658203,101.3499984741211,89.94999694824219,101.3499984741211,73.3310775756836,455584000,2008-10-13 13:30:00
1223991000,104.69999694824219,105.52999877929688,97.11000061035156,99.8499984741211,72.24580383300781,546268300,2008-10-14 13:30:00
1224077400,97.45999908447266,97.80000305175781,89.70999908447266,90.0199966430664,65.13333129882812,484627500,2008-10-15 13:30:00
1224163800,91.29000091552734,94.7699966430664,86.54000091552734,93.7699966430664,67.84666442871094,708811200,2008-10-16 13:30:00
1224250200,91.98999786376953,98.58999633789062,91.6500015258789,93.20999908447266,67.44144439697266,476649000,2008-10-17 13:30:00
1224509400,95.3499984741211,99.0999984741211,94.08999633789062,98.80999755859375,71.49327850341797,321294200,2008-10-20 13:30:00
1224595800,96.97000122070312,98.63999938964844,95.22000122070312,95.86000061035156,69.35885620117188,356502000,2008-10-21 13:30:00
1224682200,93.19999694824219,95.86000061035156,87.52999877929688,90.63999938964844,65.58196258544922,516168000,2008-10-22 13:30:00
1224768600,90.29000091552734,92.44999694824219,85.80999755859375,91.69000244140625,66.34168243408203,634666400,2008-10-23 13:30:00
1224855000,84.05999755859375,89.91999816894531,84.0,87.04000091552734,62.97718811035156,545812600,2008-10-24 13:30:00
1225114200,85.97000122070312,89.51000213623047,83.69999694824219,83.94999694824219,60.7414436340332,397288600,2008-10-27 13:30:00
1225200600,87.33999633789062,94.23999786376953,84.52999877929688,93.76000213623047,67.83942413330078,639939500,2008-10-28 13:30:00
1225287000,93.7699966430664,97.16999816894531,92.0999984741211,93.08000183105469,67.34741973876953,531270100,2008-10-29 13:30:00
1225373400,95.77999877929688,96.54000091552734,92.9000015258789,96.30000305175781,69.67723083496094,414582100,2008-10-30 13:30:00
1225459800,95.08000183105469,98.56999969482422,94.4800033569336,96.83000183105469,70.06067657470703,411394000,2008-10-31 13:30:00
1225722600,96.77999877929688,97.69000244140625,95.94999694824219,97.11000061035156,70.26329803466797,205419400,2008-11-03 14:30:00
1225809000,99.05999755859375,100.86000061035156,96.70999908447266,100.41000366210938,72.65099334716797,346793400,2008-11-04 14:30:00
1225895400,99.19999694824219,100.70999908447266,95.0,96.19000244140625,69.59761810302734,387844100,2008-11-05 14:30:00
1225981800,94.45999908447266,95.44000244140625,90.05999755859375,90.86000061035156,65.74112701416016,477721900,2008-11-06 14:30:00
1226068200,91.6500015258789,94.0,90.5,93.86000061035156,67.91173553466797,380391000,2008-11-07 14:30:00
1226327400,95.20999908447266,95.52999877929688,90.91999816894531,92.62999725341797,67.02178955078125,301773000,2008-11-10 14:30:00
1226413800,90.76000213623047,92.13999938964844,88.6500015258789,89.7699966430664,64.95244598388672,418498200,2008-11-11 14:30:00
1226500200,88.2300033569336,88.94999694824219,85.12000274658203,85.81999969482422,62.09446334838867,454330600,2008-11-12 14:30:00
1226586600,86.12999725341797,91.7300033569336,82.08999633789062,91.16999816894531,65.96543884277344,753141900,2008-11-13 14:30:00
1226673000,89.41000366210938,92.05999755859375,86.5199966430664,86.62000274658203,62.67332458496094,540352300,2008-11-14 14:30:00
1226932200,86.37999725341797,88.55999755859375,85.16000366210938,85.47000122070312,61.84124755859375,415254900,2008-11-17 14:30:00
1227018600,85.1500015258789,87.22000122070312,82.91000366210938,87.08000183105469,63.006134033203125,523811800,2008-11-18 14:30:00
1227105000,85.91000366210938,86.87000274658203,80.91999816894531,81.5,58.96875,558327600,2008-11-19 14:30:00
1227191400,80.12999725341797,82.51000213623047,75.05000305175781,75.44999694824219,54.59132766723633,814180400,2008-11-20 14:30:00
1227277800,77.45999908447266,80.9000015258789,74.33999633789062,79.5199966430664,57.53618240356445,718536500,2008-11-21 14:30:00
1227537000,81.91999816894531,86.98999786376953,80.36000061035156,85.02999877929688,61.522884368896484,523305300,2008-11-24 14:30:00
1227623400,87.30000305175781,87.51000213623047,83.81999969482422,85.66000366210938,61.978694915771484,454112400,2008-11-25 14:30:00
1227709800,84.30000305175781,89.19000244140625,84.23999786376953,88.97000122070312,64.37361907958984,370134200,2008-11-26 14:30:00
1227882600,88.62999725341797,90.12999725341797,88.4800033569336,90.08999633789062,65.18399047851562,118308100,2008-11-28 14:30:00
1228141800,87.51000213623047,87.55000305175781,81.86000061035156,82.11000061035156,59.410133361816406,369927100,2008-12-01 14:30:00
1228228200,83.47000122070312,85.48999786376953,82.04000091552734,85.2699966430664,61.69654846191406,469508400,2008-12-02 14:30:00
1228314600,83.4000015258789,87.83000183105469,83.13999938964844,87.31999969482422,63.1797981262207,519863500,2008-12-03 14:30:00
1228401000,86.05999755859375,88.05000305175781,83.73999786376953,85.30000305175781,61.718223571777344,444173800,2008-12-04 14:30:00
1228487400,83.6500015258789,88.41999816894531,82.23999786376953,87.93000030517578,63.62115478515625,471905300,2008-12-05 14:30:00
1228746600,90.33999633789062,92.37999725341797,88.08000183105469,91.0,65.8424301147461,412859300,2008-12-08 14:30:00
1228833000,90.37000274658203,92.12999725341797,88.9800033569336,89.5,64.75716400146484,370790000,2008-12-09 14:30:00
1228919400,90.31999969482422,91.36000061035156,89.0,90.11000061035156,65.19847869873047,396187400,2008-12-10 14:30:00
1229005800,89.54000091552734,91.0,87.37000274658203,87.94000244140625,63.628387451171875,365061000,2008-12-11 14:30:00
1229092200,85.55000305175781,89.06999969482422,85.19999694824219,88.98999786376953,64.38810729980469,415060400,2008-12-12 14:30:00
1229351400,89.0199966430664,89.1500015258789,86.29000091552734,87.75,63.490909576416016,256694200,2008-12-15 14:30:00
1229437800,91.87999725341797,92.0199966430664,88.18000030517578,91.87999725341797,66.4791488647461,377699500,2008-12-16 14:30:00
1229524200,90.83999633789062,92.43000030517578,90.05999755859375,90.98999786376953,65.835205078125,281819800,2008-12-17 14:30:00
1229610600,91.4000015258789,91.66999816894531,88.20999908447266,89.29000091552734,64.60514831542969,374673300,2008-12-18 14:30:00
1229697000,89.0999984741211,90.62000274658203,88.08999633789062,88.19000244140625,64.32725524902344,301451300,2008-12-19 14:30:00
1229956200,88.58000183105469,88.66999816894531,85.48999786376953,87.05999755859375,63.502986907958984,243759500,2008-12-22 14:30:00
1230042600,87.52999877929688,87.93000030517578,85.80000305175781,86.16000366210938,62.846534729003906,221625200,2008-12-23 14:30:00
1230129000,86.44999694824219,86.87000274658203,86.0,86.66000366210938,63.211238861083984,62061600,2008-12-24 14:30:00
1230301800,87.23999786376953,87.30000305175781,86.5,87.16000366210938,63.575984954833984,74767700,2008-12-26 14:30:00
1230561000,87.23999786376953,87.33000183105469,85.5999984741211,86.91000366210938,63.393585205078125,127795900,2008-12-29 14:30:00
1230647400,87.51000213623047,89.05000305175781,86.87999725341797,88.97000122070312,64.89620208740234,168256300,2008-12-30 14:30:00
1230733800,89.08000183105469,90.97000122070312,88.87000274658203,90.23999786376953,65.82257843017578,193987200,2008-12-31 14:30:00
1230906600,90.44000244140625,93.44000244140625,89.8499984741211,92.95999908447266,67.80660247802734,227566300,2009-01-02 14:30:00
1231165800,92.62999725341797,93.66000366210938,91.88999938964844,92.8499984741211,67.72634887695312,240349700,2009-01-05 14:30:00
1231252200,93.63999938964844,94.44999694824219,92.68000030517578,93.47000122070312,68.17858123779297,328260900,2009-01-06 14:30:00
1231338600,92.0,92.26000213623047,90.19999694824219,90.66999816894531,66.13621520996094,280899200,2009-01-07 14:30:00
1231425000,90.16000366210938,91.08999633789062,89.66999816894531,91.04000091552734,66.40608978271484,263834400,2009-01-08 14:30:00
1231511400,91.16000366210938,91.31999969482422,85.36000061035156,89.08999633789062,64.98369598388672,330953600,2009-01-09 14:30:00
1231770600,88.83999633789062,88.91000366210938,86.41000366210938,86.94999694824219,63.42277908325195,277858500,2009-01-12 14:30:00
1231857000,86.7300033569336,87.87999725341797,86.19999694824219,87.11000061035156,63.53950119018555,356432300,2009-01-13 14:30:00
1231943400,85.54000091552734,85.75,83.16000366210938,84.37000274658203,61.540897369384766,435491600,2009-01-14 14:30:00
1232029800,84.12000274658203,85.25,81.72000122070312,84.4000015258789,61.562767028808594,532647300,2009-01-15 14:30:00
1232116200,85.86000061035156,85.98999786376953,83.05000305175781,85.05999755859375,62.044185638427734,399237200,2009-01-16 14:30:00
1232461800,84.2300033569336,85.05999755859375,80.05000305175781,80.56999969482422,58.769107818603516,419855200,2009-01-20 14:30:00
1232548200,81.94000244140625,84.23999786376953,80.47000122070312,84.05000305175781,61.30747985839844,364360700,2009-01-21 14:30:00
1232634600,82.41999816894531,84.04000091552734,81.16999816894531,82.75,60.3592414855957,427940300,2009-01-22 14:30:00
1232721000,80.9000015258789,83.98999786376953,80.56999969482422,83.11000061035156,60.62181854248047,386800600,2009-01-23 14:30:00
1232980200,83.58999633789062,85.36000061035156,82.80999755859375,83.68000030517578,61.03760528564453,317978800,2009-01-26 14:30:00
1233066600,84.12999725341797,85.1500015258789,83.30000305175781,84.52999877929688,61.65758514404297,273789700,2009-01-27 14:30:00
1233153000,86.4000015258789,87.94999694824219,86.06999969482422,87.38999938964844,63.743751525878906,330007000,2009-01-28 14:30:00
1233239400,86.11000061035156,87.48999786376953,84.47000122070312,84.55000305175781,61.672183990478516,294392500,2009-01-29 14:30:00
1233325800,84.9800033569336,85.4000015258789,82.20999908447266,82.83000183105469,60.41758728027344,383383600,2009-01-30 14:30:00
1233585000,81.56999969482422,83.18000030517578,81.30999755859375,82.58000183105469,60.235225677490234,288233300,2009-02-02 14:30:00
1233671400,83.0999984741211,84.36000061035156,82.22000122070312,83.73999786376953,61.08134078979492,278385800,2009-02-03 14:30:00
1233757800,84.30000305175781,85.37000274658203,83.04000091552734,83.33000183105469,60.782291412353516,322989300,2009-02-04 14:30:00
1233844200,82.69999694824219,85.29000091552734,77.7300033569336,84.56999969482422,61.68677520751953,417679400,2009-02-05 14:30:00
1233930600,84.86000061035156,87.33999633789062,84.68000030517578,86.9800033569336,63.44466018676758,366101700,2009-02-06 14:30:00
1234189800,86.95999908447266,87.73999786376953,86.31999969482422,87.0999984741211,63.53217315673828,240075200,2009-02-09 14:30:00
1234276200,86.2699966430664,87.02999877929688,82.44999694824219,83.11000061035156,60.62181854248047,536212800,2009-02-10 14:30:00
1234362600,83.44999694824219,84.05000305175781,82.4000015258789,83.5999984741211,60.979251861572266,324442500,2009-02-11 14:30:00
1234449000,82.16999816894531,83.81999969482422,81.05000305175781,83.66000366210938,61.02302551269531,469302200,2009-02-12 14:30:00
1234535400,83.55000305175781,84.23999786376953,82.73999786376953,82.76000213623047,60.366554260253906,293998400,2009-02-13 14:30:00
1234881000,80.16000366210938,82.95999908447266,79.16999816894531,79.22000122070312,57.78440475463867,478910100,2009-02-17 14:30:00
1234967400,79.79000091552734,79.94000244140625,78.27999877929688,79.02999877929688,57.64579772949219,362964800,2009-02-18 14:30:00
1235053800,79.83999633789062,80.1500015258789,78.0199966430664,78.18000030517578,57.025814056396484,316867500,2009-02-19 14:30:00
1235140200,76.7300033569336,78.33999633789062,75.7699966430664,77.41999816894531,56.471431732177734,477176600,2009-02-20 14:30:00
1235399400,78.2699966430664,78.2699966430664,74.58999633789062,74.6500015258789,54.450965881347656,379641400,2009-02-23 14:30:00
1235485800,75.29000091552734,77.94999694824219,74.69999694824219,77.4800033569336,56.51521682739258,426260900,2009-02-24 14:30:00
1235572200,77.13999938964844,78.41999816894531,75.62999725341797,76.87000274658203,56.07028579711914,461985800,2009-02-25 14:30:00
1235658600,77.81999969482422,79.66999816894531,75.52999877929688,75.62000274658203,55.15850067138672,363353900,2009-02-26 14:30:00
1235745000,74.01000213623047,75.69000244140625,73.80999755859375,73.93000030517578,53.92578125,470510900,2009-02-27 14:30:00
1236004200,72.5199966430664,73.91999816894531,70.37000274658203,70.5999984741211,51.49680709838867,426452600,2009-03-02 14:30:00
1236090600,71.61000061035156,71.69999694824219,69.63999938964844,70.06999969482422,51.110233306884766,443761000,2009-03-03 14:30:00
1236177000,71.2300033569336,72.87000274658203,70.06999969482422,71.7300033569336,52.32105255126953,462753100,2009-03-04 14:30:00
1236263400,70.0999984741211,71.7300033569336,68.16999816894531,68.80000305175781,50.183868408203125,485549400,2009-03-05 14:30:00
1236349800,69.4000015258789,70.44999694824219,67.0999984741211,68.91999816894531,50.27141189575195,490470000,2009-03-06 14:30:00
1236605400,67.94999694824219,70.0,67.7300033569336,68.11000061035156,49.6805534362793,379905300,2009-03-09 13:30:00
1236691800,69.51000213623047,72.37000274658203,69.37000274658203,72.16999816894531,52.64200210571289,406227900,2009-03-10 13:30:00
1236778200,73.0,73.75,71.83000183105469,72.63999938964844,52.984825134277344,356648300,2009-03-11 13:30:00
1236864600,72.62000274658203,75.75,71.97000122070312,75.5,55.07096481323242,409702700,2009-03-12 13:30:00
1236951000,76.01000213623047,76.9800033569336,74.7300033569336,76.08999633789062,55.50133514404297,337474700,2009-03-13 13:30:00
1237210200,76.95999908447266,77.97000122070312,75.80999755859375,75.86000061035156,55.33353805541992,360644900,2009-03-16 13:30:00
1237296600,76.06999969482422,78.36000061035156,75.44999694824219,78.18000030517578,57.025814056396484,356814300,2009-03-17 13:30:00
1237383000,77.80999755859375,80.9000015258789,77.06999969482422,79.93000030517578,58.302284240722656,473273200,2009-03-18 13:30:00
1237469400,80.93000030517578,81.0,78.69000244140625,78.94000244140625,57.58015060424805,428520400,2009-03-19 13:30:00
1237555800,78.76000213623047,78.91000366210938,76.52999877929688,76.70999908447266,56.35403060913086,371078200,2009-03-20 13:30:00
1237815000,78.73999786376953,82.29000091552734,78.30999755859375,82.22000122070312,60.40189743041992,419933300,2009-03-23 13:30:00
1237901400,81.23999786376953,82.36000061035156,80.51000213623047,80.5999984741211,59.21175003051758,330271000,2009-03-24 13:30:00
1237987800,81.2300033569336,82.69999694824219,79.05999755859375,81.44999694824219,59.83622741699219,441775100,2009-03-25 13:30:00
1238074200,82.25,83.30000305175781,81.31999969482422,83.11000061035156,61.05573654174805,422025200,2009-03-26 13:30:00
1238160600,82.05000305175781,82.52999877929688,81.30999755859375,81.61000061035156,59.953792572021484,322332300,2009-03-27 13:30:00
1238419800,79.80000305175781,79.87000274658203,77.95999908447266,78.79000091552734,57.88209915161133,324108500,2009-03-30 13:30:00
1238506200,79.55999755859375,81.08000183105469,79.05000305175781,79.5199966430664,58.41838836669922,364238300,2009-03-31 13:30:00
1238592600,78.52999877929688,81.41999816894531,78.33000183105469,81.05999755859375,59.549739837646484,377018300,2009-04-01 13:30:00
1238679000,83.08000183105469,84.61000061035156,81.12999725341797,83.43000030517578,61.29081726074219,476230700,2009-04-02 13:30:00
1238765400,83.48999786376953,84.27999877929688,82.66999816894531,84.26000213623047,61.900577545166016,284646300,2009-04-03 13:30:00
1239024600,83.33999633789062,84.27999877929688,82.29000091552734,83.5999984741211,61.41567611694336,264866600,2009-04-06 13:30:00
1239111000,82.25,82.6500015258789,81.51000213623047,81.6500015258789,59.983158111572266,258947800,2009-04-07 13:30:00
1239197400,82.05999755859375,82.94000244140625,81.54000091552734,82.52999877929688,60.6296501159668,230402800,2009-04-08 13:30:00
1239283800,84.66999816894531,85.81999969482422,84.33000183105469,85.80999755859375,63.03926086425781,269653500,2009-04-09 13:30:00
1239629400,84.91999816894531,86.54000091552734,84.58000183105469,85.83000183105469,63.053932189941406,224847500,2009-04-13 13:30:00
1239715800,85.02999877929688,85.76000213623047,84.08000183105469,84.3499984741211,61.96669006347656,276598800,2009-04-14 13:30:00
1239802200,83.83999633789062,85.41999816894531,83.61000061035156,85.25,62.62784957885742,250726100,2009-04-15 13:30:00
1239888600,85.93000030517578,87.1500015258789,84.7699966430664,86.5,63.546138763427734,335202900,2009-04-16 13:30:00
1239975000,86.83000183105469,87.6500015258789,86.13999938964844,87.08000183105469,63.972225189208984,262649000,2009-04-17 13:30:00
1240234200,85.54000091552734,87.05000305175781,83.33999633789062,83.43000030517578,61.29081726074219,293690100,2009-04-20 13:30:00
1240320600,82.81999969482422,85.12999725341797,82.75,85.05999755859375,62.4882698059082,114090900,2009-04-21 13:30:00
1240407000,84.29000091552734,86.33999633789062,84.06999969482422,84.54000091552734,62.106258392333984,340395200,2009-04-22 13:30:00
1240493400,84.70999908447266,85.41999816894531,83.62999725341797,85.37000274658203,62.71601867675781,324903700,2009-04-23 13:30:00
1240579800,86.02999877929688,87.30999755859375,85.69000244140625,86.66000366210938,63.66368103027344,287703000,2009-04-24 13:30:00
1240839000,85.68000030517578,87.01000213623047,85.54000091552734,85.83999633789062,63.06129837036133,289581600,2009-04-27 13:30:00
1240925400,84.97000122070312,86.58999633789062,84.76000213623047,85.56999969482422,62.862945556640625,247926300,2009-04-28 13:30:00
1241011800,86.5199966430664,88.36000061035156,86.30000305175781,87.38999938964844,64.19999694824219,311505700,2009-04-29 13:30:00
1241098200,88.55000305175781,89.0199966430664,86.91999816894531,87.41999816894531,64.22200775146484,301419800,2009-04-30 13:30:00
1241184600,87.44000244140625,88.20999908447266,86.72000122070312,87.88999938964844,64.56730651855469,236110300,2009-05-01 13:30:00
1241443800,88.55000305175781,90.94000244140625,88.37999725341797,90.87999725341797,66.76384735107422,287120000,2009-05-04 13:30:00
1241530200,90.56999969482422,90.93000030517578,89.83999633789062,90.56999969482422,66.53611755371094,243036300,2009-05-05 13:30:00
1241616600,91.68000030517578,92.19999694824219,90.61000061035156,92.13999938964844,67.68949127197266,291941000,2009-05-06 13:30:00
1241703000,93.01000213623047,93.1500015258789,90.27999877929688,90.86000061035156,66.74918365478516,317728000,2009-05-07 13:30:00
1241789400,92.02999877929688,93.22000122070312,91.44000244140625,92.9800033569336,68.30660247802734,299081700,2009-05-08 13:30:00
1242048600,91.69999694824219,92.11000061035156,91.04000091552734,91.23999786376953,67.0283432006836,247923600,2009-05-11 13:30:00
1242135000,91.62999725341797,91.83000183105469,89.8499984741211,90.97000122070312,66.82996368408203,282431300,2009-05-12 13:30:00
1242221400,89.73999786376953,90.01000213623047,88.5,88.68000030517578,65.14765930175781,269619100,2009-05-13 13:30:00
1242307800,88.72000122070312,90.12000274658203,88.5,89.44000244140625,65.70596313476562,260098700,2009-05-14 13:30:00
1242394200,89.37000274658203,90.0,88.1500015258789,88.70999908447266,65.16968536376953,271502700,2009-05-15 13:30:00
1242653400,89.55000305175781,91.33999633789062,88.56999969482422,91.2300033569336,67.02098083496094,241447400,2009-05-18 13:30:00
1242739800,91.18000030517578,91.97000122070312,90.80999755859375,91.12000274658203,66.94015502929688,206102200,2009-05-19 13:30:00
1242826200,91.94999694824219,92.80000305175781,90.41000366210938,90.51000213623047,66.4920425415039,285722200,2009-05-20 13:30:00
1242912600,89.45999908447266,89.80000305175781,88.26000213623047,89.20999908447266,65.53702545166016,258988400,2009-05-21 13:30:00
1242999000,89.45999908447266,90.0,88.68000030517578,89.0199966430664,65.39745330810547,166811900,2009-05-22 13:30:00
1243344600,88.36000061035156,91.55999755859375,88.31999969482422,91.30000305175781,67.07237243652344,236318500,2009-05-26 13:30:00
1243431000,91.44000244140625,91.75,89.52999877929688,89.66999816894531,65.87495422363281,246015800,2009-05-27 13:30:00
1243517400,90.45999908447266,91.33999633789062,89.0999984741211,90.91999816894531,66.79324340820312,289095000,2009-05-28 13:30:00
1243603800,91.41999816894531,93.69999694824219,90.68000030517578,92.52999877929688,67.97600555419922,258641500,2009-05-29 13:30:00
1243863000,93.66999816894531,95.16999816894531,93.43000030517578,94.7699966430664,69.62158966064453,276246800,2009-06-01 13:30:00
1243949400,94.4000015258789,95.37000274658203,94.2300033569336,94.8499984741211,69.68038177490234,230874500,2009-06-02 13:30:00
1244035800,94.04000091552734,94.12999725341797,92.76000213623047,93.6500015258789,68.79879760742188,235310500,2009-06-03 13:30:00
1244122200,94.0,94.66999816894531,93.30000305175781,94.52999877929688,69.44529724121094,210102300,2009-06-04 13:30:00
1244208600,95.48999786376953,95.66999816894531,93.80000305175781,94.55000305175781,69.45997619628906,284257900,2009-06-05 13:30:00
1244467800,93.83999633789062,95.0999984741211,93.04000091552734,94.16000366210938,69.17346954345703,238565100,2009-06-08 13:30:00
1244554200,94.69000244140625,95.13999938964844,94.0199966430664,94.63999938964844,69.52608489990234,225125500,2009-06-09 13:30:00
1244640600,95.4800033569336,95.48999786376953,93.19000244140625,94.4000015258789,69.34977722167969,296100400,2009-06-10 13:30:00
1244727000,94.58000183105469,96.11000061035156,94.55999755859375,94.81999969482422,69.65828704833984,275414200,2009-06-11 13:30:00
1244813400,94.4000015258789,95.13999938964844,94.0,95.08000183105469,69.84934997558594,184361800,2009-06-12 13:30:00
1245072600,93.95999908447266,94.0199966430664,92.4000015258789,92.9000015258789,68.24781036376953,224190500,2009-06-15 13:30:00
1245159000,93.2300033569336,93.29000091552734,91.58000183105469,91.63999938964844,67.32218170166016,227319000,2009-06-16 13:30:00
1245245400,91.5999984741211,92.33000183105469,90.83000183105469,91.55000305175781,67.25606536865234,223445200,2009-06-17 13:30:00
1245331800,91.69000244140625,92.66999816894531,91.25,92.22000122070312,67.748291015625,211725100,2009-06-18 13:30:00
1245418200,92.58000183105469,92.69999694824219,91.5199966430664,92.04000091552734,67.99800109863281,215655600,2009-06-19 13:30:00
1245677400,91.13999938964844,91.19000244140625,89.25,89.27999877929688,65.95890808105469,251913600,2009-06-22 13:30:00
1245763800,89.47000122070312,89.87999725341797,88.8499984741211,89.3499984741211,66.01068115234375,188309800,2009-06-23 13:30:00
1245850200,90.16000366210938,91.08000183105469,89.5999984741211,90.12000274658203,66.57949829101562,211577700,2009-06-24 13:30:00
1245936600,89.66999816894531,92.16999816894531,89.56999969482422,92.08000183105469,68.02751159667969,279411000,2009-06-25 13:30:00
1246023000,91.7699966430664,92.23999786376953,91.2699966430664,91.83999633789062,67.85023498535156,167579000,2009-06-26 13:30:00
1246282200,92.11000061035156,92.81999969482422,91.5999984741211,92.69999694824219,68.4855728149414,168481300,2009-06-29 13:30:00
1246368600,92.72000122070312,93.05999755859375,91.2699966430664,91.94999694824219,67.9314956665039,228888200,2009-06-30 13:30:00
1246455000,92.33999633789062,93.2300033569336,92.20999908447266,92.33000183105469,68.21224975585938,173041100,2009-07-01 13:30:00
1246541400,91.12999725341797,92.36000061035156,89.76000213623047,89.80999755859375,66.3504867553711,212309900,2009-07-02 13:30:00
1246887000,88.94000244140625,89.93000030517578,88.66000366210938,89.80000305175781,66.34310150146484,174499600,2009-07-06 13:30:00
1246973400,89.70999908447266,89.81999969482422,88.0,88.05999755859375,65.0575942993164,197088900,2009-07-07 13:30:00
1247059800,88.58999633789062,88.80000305175781,87.0,88.0,65.01326751708984,248050500,2009-07-08 13:30:00
1247146200,88.61000061035156,88.9000015258789,87.91000366210938,88.16999816894531,65.13890075683594,163777600,2009-07-09 13:30:00
1247232600,87.69999694824219,88.48999786376953,87.3499984741211,87.95999908447266,64.98372650146484,173520300,2009-07-10 13:30:00
1247491800,88.30999755859375,90.16999816894531,87.58999633789062,90.0999984741211,66.564697265625,217413500,2009-07-13 13:30:00
1247578200,90.37999725341797,90.69000244140625,89.7300033569336,90.61000061035156,66.9415283203125,181487400,2009-07-14 13:30:00
1247664600,91.80999755859375,93.51000213623047,90.68000030517578,93.26000213623047,68.8992691040039,220877900,2009-07-15 13:30:00
1247751000,93.0,94.51000213623047,92.81999969482422,93.11000061035156,68.78848266601562,231174500,2009-07-16 13:30:00
1247837400,94.05999755859375,94.31999969482422,93.54000091552734,94.12999725341797,69.54206848144531,138561700,2009-07-17 13:30:00
1248096600,94.68000030517578,95.29000091552734,94.19000244140625,95.12999725341797,70.28084564208984,164179400,2009-07-20 13:30:00
1248183000,95.87000274658203,95.9000015258789,94.41999816894531,95.56999969482422,70.60588073730469,217718300,2009-07-21 13:30:00
1248269400,94.95999908447266,96.12999725341797,94.88999938964844,95.55000305175781,70.59113311767578,196068100,2009-07-22 13:30:00
1248355800,95.61000061035156,98.08000183105469,95.52999877929688,97.66000366210938,72.14998626708984,258795500,2009-07-23 13:30:00
1248442200,97.19999694824219,98.13999938964844,96.69000244140625,98.05999755859375,72.4454574584961,154003100,2009-07-24 13:30:00
1248701400,97.87999725341797,98.4000015258789,97.33999633789062,98.3499984741211,72.65975952148438,159259400,2009-07-27 13:30:00
1248787800,97.66000366210938,98.37000274658203,97.05999755859375,97.88999938964844,72.31990051269531,186685200,2009-07-28 13:30:00
1248874200,97.44000244140625,98.08999633789062,96.9800033569336,97.6500015258789,72.14258575439453,194399300,2009-07-29 13:30:00
1248960600,98.83000183105469,99.83000183105469,98.5999984741211,98.66999816894531,72.89614868164062,225575400,2009-07-30 13:30:00
1249047000,98.6500015258789,99.47000122070312,98.37999725341797,98.80999755859375,72.99958038330078,207358000,2009-07-31 13:30:00
1249306200,99.8499984741211,100.52999877929688,99.30999755859375,100.44000244140625,74.20379638671875,175776900,2009-08-03 13:30:00
1249392600,99.98999786376953,100.83999633789062,99.77999877929688,100.69999694824219,74.39585876464844,176714600,2009-08-04 13:30:00
1249479000,100.7699966430664,100.86000061035156,99.58000183105469,100.41000366210938,74.18162536621094,184726400,2009-08-05 13:30:00
1249565400,100.87000274658203,101.0199966430664,99.41999816894531,99.88999938964844,73.79747772216797,193203800,2009-08-06 13:30:00
1249651800,100.94000244140625,102.02999877929688,100.38999938964844,101.19999694824219,74.7652816772461,220640900,2009-08-07 13:30:00
1249911000,100.73999786376953,101.22000122070312,100.2699966430664,100.98999786376953,74.61012268066406,130898700,2009-08-10 13:30:00
1249997400,100.54000091552734,100.61000061035156,99.45999908447266,99.7300033569336,73.67924499511719,157301000,2009-08-11 13:30:00
1250083800,99.55999755859375,101.55999755859375,99.51000213623047,100.80000305175781,74.46977233886719,219052400,2009-08-12 13:30:00
1250170200,101.26000213623047,101.61000061035156,100.26000213623047,101.56999969482422,75.03861999511719,176449500,2009-08-13 13:30:00
1250256600,101.5199966430664,101.5999984741211,99.69999694824219,100.79000091552734,74.4623794555664,199616100,2009-08-14 13:30:00
1250515800,98.8499984741211,98.94999694824219,98.11000061035156,98.30999755859375,72.63018798828125,237667500,2009-08-17 13:30:00
1250602200,98.52999877929688,99.44000244140625,98.3499984741211,99.08999633789062,73.20645141601562,173461500,2009-08-18 13:30:00
1250688600,98.30999755859375,100.30000305175781,98.20999908447266,99.95999908447266,73.84918212890625,192812800,2009-08-19 13:30:00
1250775000,100.08999633789062,101.22000122070312,99.87000274658203,100.98999786376953,74.61012268066406,174131300,2009-08-20 13:30:00
1250861400,101.81999969482422,103.12999725341797,101.62000274658203,102.97000122070312,76.07290649414062,224605000,2009-08-21 13:30:00
1251120600,103.38999938964844,103.94999694824219,102.58999633789062,102.95999908447266,76.0655288696289,191279000,2009-08-24 13:30:00
1251207000,103.37000274658203,104.26000213623047,102.94000244140625,103.16000366210938,76.21329498291016,215310600,2009-08-25 13:30:00
1251293400,102.83999633789062,103.63999938964844,102.48999786376953,103.16999816894531,76.22065734863281,194620700,2009-08-26 13:30:00
1251379800,103.11000061035156,103.72000122070312,101.94000244140625,103.4000015258789,76.39059448242188,196230100,2009-08-27 13:30:00
1251466200,104.2300033569336,104.3499984741211,102.66999816894531,103.37999725341797,76.37580871582031,147024400,2009-08-28 13:30:00
1251725400,102.37000274658203,102.58000183105469,101.79000091552734,102.45999908447266,75.69617462158203,176051600,2009-08-31 13:30:00
1251811800,101.94999694824219,103.23999786376953,99.98999786376953,100.19999694824219,74.02648162841797,321276800,2009-09-01 13:30:00
1251898200,99.77999877929688,100.44000244140625,99.56999969482422,99.81999969482422,73.7457504272461,171805000,2009-09-02 13:30:00
1251984600,100.4000015258789,100.7699966430664,99.58999633789062,100.6500015258789,74.35896301269531,143572300,2009-09-03 13:30:00
1252071000,100.8499984741211,102.08999633789062,100.55000305175781,102.05999755859375,75.40062713623047,142687900,2009-09-04 13:30:00
1252416600,103.0,103.05000305175781,102.38999938964844,102.94000244140625,76.05076599121094,132909100,2009-09-08 13:30:00
1252503000,103.12000274658203,104.08000183105469,102.80000305175781,103.7300033569336,76.63439178466797,154612500,2009-09-09 13:30:00
1252589400,103.80000305175781,104.86000061035156,103.22000122070312,104.79000091552734,77.41753387451172,162902400,2009-09-10 13:30:00
1252675800,104.98999786376953,105.30000305175781,104.27999877929688,104.7699966430664,77.40275573730469,152360100,2009-09-11 13:30:00
1252935000,103.87999725341797,105.45999908447266,103.1500015258789,105.27999877929688,77.7795181274414,149593800,2009-09-14 13:30:00
1253021400,105.44999694824219,106.11000061035156,104.76000213623047,105.72000122070312,78.10460662841797,196795900,2009-09-15 13:30:00
1253107800,106.0999984741211,107.33999633789062,105.7300033569336,107.31999969482422,79.28665924072266,206406300,2009-09-16 13:30:00
1253194200,107.16999816894531,108.05999755859375,106.56999969482422,107.16000366210938,79.16842651367188,229170900,2009-09-17 13:30:00
1253280600,107.1500015258789,107.16000366210938,106.36000061035156,106.72000122070312,79.21894073486328,153799100,2009-09-18 13:30:00
1253539800,105.88999938964844,107.0,105.66000366210938,106.44999694824219,79.0185317993164,151892000,2009-09-21 13:30:00
1253626200,107.08000183105469,107.37000274658203,106.5999984741211,107.06999969482422,79.4787368774414,143126700,2009-09-22 13:30:00
1253712600,107.31999969482422,108.02999877929688,105.98999786376953,106.18000030517578,78.8180923461914,225947400,2009-09-23 13:30:00
1253799000,106.41000366210938,106.63999938964844,104.55000305175781,105.01000213623047,77.9495849609375,228636800,2009-09-24 13:30:00
1253885400,104.77999877929688,105.36000061035156,104.08999633789062,104.44999694824219,77.53388214111328,204059000,2009-09-25 13:30:00
1254144600,104.8499984741211,106.55000305175781,104.83000183105469,106.31999969482422,78.92200469970703,118285800,2009-09-28 13:30:00
1254231000,106.51000213623047,107.0199966430664,105.77999877929688,106.0,78.68447875976562,133733900,2009-09-29 13:30:00
1254317400,106.36000061035156,106.45999908447266,104.62000274658203,105.58999633789062,78.38013458251953,254383000,2009-09-30 13:30:00
1254403800,103.0,105.7300033569336,102.94999694824219,102.97000122070312,76.43525695800781,281840600,2009-10-01 13:30:00
1254490200,102.0199966430664,103.0999984741211,101.98999786376953,102.48999786376953,76.0789566040039,224748800,2009-10-02 13:30:00
1254749400,102.9000015258789,104.31999969482422,102.5999984741211,104.0199966430664,77.21472930908203,149875000,2009-10-05 13:30:00
1254835800,104.7699966430664,106.11000061035156,104.70999908447266,105.51000213623047,78.32075500488281,202491100,2009-10-06 13:30:00
1254922200,105.2699966430664,105.91000366210938,105.06999969482422,105.80000305175781,78.53600311279297,159200300,2009-10-07 13:30:00
1255008600,106.55000305175781,107.16999816894531,105.8499984741211,106.61000061035156,79.13726806640625,183305800,2009-10-08 13:30:00
1255095000,106.63999938964844,107.26000213623047,106.36000061035156,107.26000213623047,79.61975860595703,135008300,2009-10-09 13:30:00
1255354200,107.76000213623047,108.08999633789062,107.27999877929688,107.68000030517578,79.9315414428711,118031000,2009-10-12 13:30:00
1255440600,107.38999938964844,107.70999908447266,106.76000213623047,107.45999908447266,79.76824188232422,157692700,2009-10-13 13:30:00
1255527000,108.72000122070312,109.41999816894531,107.41999816894531,109.30999755859375,81.14149475097656,191421600,2009-10-14 13:30:00
1255613400,108.77999877929688,109.70999908447266,108.7300033569336,109.70999908447266,81.43843841552734,173873600,2009-10-15 13:30:00
1255699800,108.80000305175781,109.2699966430664,108.2300033569336,108.88999938964844,80.8297348022461,192069400,2009-10-16 13:30:00
1255959000,109.06999969482422,110.12999725341797,108.7300033569336,109.79000091552734,81.49781799316406,159530400,2009-10-19 13:30:00
1256045400,109.94999694824219,109.98999786376953,108.68000030517578,109.20999908447266,81.06729888916016,180921100,2009-10-20 13:30:00
1256131800,109.04000091552734,110.30999755859375,108.1500015258789,108.2300033569336,80.33978271484375,225379300,2009-10-21 13:30:00
1256218200,108.19000244140625,109.68000030517578,107.5,109.33000183105469,81.15636444091797,238444000,2009-10-22 13:30:00
1256304600,109.69000244140625,109.76000213623047,107.62999725341797,108.08000183105469,80.22846221923828,240033200,2009-10-23 13:30:00
1256563800,108.19999694824219,109.30999755859375,106.61000061035156,106.91000366210938,79.35995483398438,242028200,2009-10-26 13:30:00
1256650200,107.02999877929688,107.38999938964844,106.16000366210938,106.41999816894531,78.9962387084961,253266300,2009-10-27 13:30:00
1256736600,106.1500015258789,106.4800033569336,104.3499984741211,104.41000366210938,77.50419616699219,248821400,2009-10-28 13:30:00
1256823000,105.19000244140625,106.86000061035156,104.94000244140625,106.6500015258789,79.16693878173828,198110600,2009-10-29 13:30:00
1256909400,106.30000305175781,106.62000274658203,103.44000244140625,103.55999755859375,76.87320709228516,325608100,2009-10-30 13:30:00
1257172200,104.12999725341797,105.41000366210938,103.08000183105469,104.31999969482422,77.4373779296875,254222900,2009-11-02 14:30:00
1257258600,103.73999786376953,104.80000305175781,103.54000091552734,104.6500015258789,77.68235778808594,228362600,2009-11-03 14:30:00
1257345000,105.51000213623047,106.33000183105469,104.6500015258789,104.91999816894531,77.88277435302734,247996700,2009-11-04 14:30:00
1257431400,105.66000366210938,106.87999725341797,105.44000244140625,106.8499984741211,79.31541442871094,180015300,2009-11-05 14:30:00
1257517800,106.26000213623047,107.4000015258789,106.05000305175781,107.12999725341797,79.52326202392578,170954100,2009-11-06 14:30:00
1257777000,107.94999694824219,109.62999725341797,107.87000274658203,109.56999969482422,81.33451080322266,159495700,2009-11-09 14:30:00
1257863400,109.30999755859375,109.93000030517578,108.97000122070312,109.58999633789062,81.34933471679688,171899800,2009-11-10 14:30:00
1257949800,110.30999755859375,110.81999969482422,109.62000274658203,110.1500015258789,81.7650375366211,169466200,2009-11-11 14:30:00
1258036200,110.0,110.56999969482422,108.75,109.02999877929688,80.93367767333984,157144500,2009-11-12 14:30:00
1258122600,109.30999755859375,110.08999633789062,108.75,109.62000274658203,81.37164306640625,150963000,2009-11-13 14:30:00
1258381800,110.37999725341797,111.69000244140625,110.31999969482422,111.20999908447266,82.55187225341797,210922200,2009-11-16 14:30:00
1258468200,110.91999816894531,111.38999938964844,110.5,111.33999633789062,82.64839172363281,147134100,2009-11-17 14:30:00
1258554600,111.26000213623047,111.43000030517578,110.56999969482422,111.2699966430664,82.59642791748047,156486800,2009-11-18 14:30:00
1258641000,110.51000213623047,111.30999755859375,109.12999725341797,109.81999969482422,81.52007293701172,208734600,2009-11-19 14:30:00
1258727400,109.25,109.76000213623047,109.01000213623047,109.43000030517578,81.23058319091797,134196000,2009-11-20 14:30:00
1258986600,110.72000122070312,111.73999786376953,110.5999984741211,110.81999969482422,82.26241302490234,148010200,2009-11-23 14:30:00
1259073000,111.0,111.19999694824219,110.01000213623047,110.98999786376953,82.38858795166016,138420100,2009-11-24 14:30:00
1259159400,111.16999816894531,111.5,110.81999969482422,111.37999725341797,82.6781005859375,109564800,2009-11-25 14:30:00
1259332200,108.4000015258789,110.31999969482422,108.29000091552734,109.56999969482422,81.33451080322266,126001800,2009-11-27 14:30:00
1259591400,109.4800033569336,110.19999694824219,108.12000274658203,109.94000244140625,81.60918426513672,160874800,2009-11-30 14:30:00
1259677800,110.91999816894531,111.66000366210938,110.7300033569336,111.30000305175781,82.61869812011719,159613700,2009-12-01 14:30:00
1259764200,111.27999877929688,112.01000213623047,110.91999816894531,111.25,82.5815658569336,132315100,2009-12-02 14:30:00
1259850600,111.55000305175781,112.18000030517578,110.29000091552734,110.37999725341797,81.93578338623047,167324900,2009-12-03 14:30:00
1259937000,111.83999633789062,112.37999725341797,110.04000091552734,111.01000213623047,82.4034423828125,274907800,2009-12-04 14:30:00
1260196200,110.91000366210938,111.52999877929688,110.48999786376953,110.83999633789062,82.27720642089844,127973800,2009-12-07 14:30:00
1260282600,110.04000091552734,110.7699966430664,109.2699966430664,109.61000061035156,81.36421203613281,169863700,2009-12-08 14:30:00
1260369000,109.58000183105469,110.18000030517578,109.0199966430664,110.0199966430664,81.66853332519531,155063400,2009-12-09 14:30:00
1260455400,110.69999694824219,111.12000274658203,110.44999694824219,110.63999938964844,82.12879180908203,138014600,2009-12-10 14:30:00
1260541800,111.11000061035156,111.36000061035156,110.61000061035156,111.11000061035156,82.4776382446289,124854000,2009-12-11 14:30:00
1260801000,111.87000274658203,112.0,111.12999725341797,111.87000274658203,83.04179382324219,107141500,2009-12-14 14:30:00
1260887400,111.45999908447266,111.91999816894531,111.0,111.3499984741211,82.65581512451172,120408800,2009-12-15 14:30:00
1260973800,111.80000305175781,112.12999725341797,111.2699966430664,111.5199966430664,82.781982421875,155358200,2009-12-16 14:30:00
1261060200,110.72000122070312,110.93000030517578,110.08000183105469,110.18000030517578,81.7873306274414,183390100,2009-12-17 14:30:00
1261146600,110.19999694824219,110.30000305175781,109.27999877929688,110.20999908447266,82.24998474121094,174591200,2009-12-18 14:30:00
1261405800,110.76000213623047,111.69999694824219,110.76000213623047,111.33000183105469,83.08586120605469,118039600,2009-12-21 14:30:00
1261492200,111.56999969482422,111.97000122070312,111.43000030517578,111.7300033569336,83.38439178466797,91707500,2009-12-22 14:30:00
1261578600,112.0,112.11000061035156,111.5,111.94999694824219,83.54857635498047,111783100,2009-12-23 14:30:00
1261665000,112.19000244140625,112.5999984741211,112.0,112.4800033569336,83.94412994384766,39677500,2009-12-24 14:30:00
1262010600,112.9000015258789,112.98999786376953,112.31999969482422,112.72000122070312,84.12322998046875,87508500,2009-12-28 14:30:00
1262097000,113.01000213623047,113.02999877929688,112.55000305175781,112.55999755859375,84.00379943847656,80572500,2009-12-29 14:30:00
1262183400,112.2300033569336,112.6500015258789,112.16999816894531,112.5199966430664,83.97395324707031,73138400,2009-12-30 14:30:00
1262269800,112.7699966430664,112.80000305175781,111.38999938964844,111.44000244140625,83.1679916381836,90637900,2009-12-31 14:30:00
1262615400,112.37000274658203,113.38999938964844,111.51000213623047,113.33000183105469,84.5784683227539,118944600,2010-01-04 14:30:00
1262701800,113.26000213623047,113.68000030517578,112.8499984741211,113.62999725341797,84.80237579345703,111579900,2010-01-05 14:30:00
1262788200,113.5199966430664,113.98999786376953,113.43000030517578,113.70999908447266,84.862060546875,116074400,2010-01-06 14:30:00
1262874600,113.5,114.33000183105469,113.18000030517578,114.19000244140625,85.22027587890625,131091100,2010-01-07 14:30:00
1262961000,113.88999938964844,114.62000274658203,113.66000366210938,114.56999969482422,85.50389099121094,126402800,2010-01-08 14:30:00
1263220200,115.08000183105469,115.12999725341797,114.23999786376953,114.7300033569336,85.623291015625,106375700,2010-01-11 14:30:00
1263306600,113.97000122070312,114.20999908447266,113.22000122070312,113.66000366210938,84.82473754882812,163333500,2010-01-12 14:30:00
1263393000,113.94999694824219,114.94000244140625,113.37000274658203,114.62000274658203,85.54121398925781,161822000,2010-01-13 14:30:00
1263479400,114.48999786376953,115.13999938964844,114.41999816894531,114.93000030517578,85.77255249023438,115718800,2010-01-14 14:30:00
1263565800,114.7300033569336,114.83999633789062,113.19999694824219,113.63999938964844,84.8097915649414,212283100,2010-01-15 14:30:00
1263911400,113.62000274658203,115.12999725341797,113.58999633789062,115.05999755859375,85.86954498291016,139172700,2010-01-19 14:30:00
1263997800,114.27999877929688,114.44999694824219,112.9800033569336,113.88999938964844,84.99641418457031,216490200,2010-01-20 14:30:00
1264084200,113.91999816894531,114.2699966430664,111.55999755859375,111.69999694824219,83.36201477050781,344859600,2010-01-21 14:30:00
1264170600,111.19999694824219,111.73999786376953,109.08999633789062,109.20999908447266,81.50373840332031,345942400,2010-01-22 14:30:00
1264429800,110.20999908447266,110.41000366210938,109.41000366210938,109.7699966430664,81.92162322998047,186937500,2010-01-25 14:30:00
1264516200,109.33999633789062,110.47000122070312,109.04000091552734,109.30999755859375,81.57835388183594,211168800,2010-01-26 14:30:00
1264602600,109.16999816894531,110.08000183105469,108.33000183105469,109.83000183105469,81.9664077758789,271863600,2010-01-27 14:30:00
1264689000,110.19000244140625,110.25,107.91000366210938,108.56999969482422,81.02608489990234,316104000,2010-01-28 14:30:00
1264775400,109.04000091552734,109.80000305175781,107.22000122070312,107.38999938964844,80.14545440673828,310677600,2010-01-29 14:30:00
1265034600,108.1500015258789,109.06999969482422,107.5,109.05999755859375,81.3917465209961,187865000,2010-02-01 14:30:00
1265121000,109.26000213623047,110.58999633789062,108.87999725341797,110.37999725341797,82.37689971923828,216327900,2010-02-02 14:30:00
1265207400,109.87999725341797,110.4800033569336,109.51000213623047,109.83000183105469,81.9664077758789,172730700,2010-02-03 14:30:00
1265293800,108.9800033569336,109.02999877929688,106.41999816894531,106.44000244140625,79.43644714355469,356715700,2010-02-04 14:30:00
1265380200,106.55999755859375,106.87999725341797,104.58000183105469,106.66000366210938,79.60064697265625,493585800,2010-02-05 14:30:00
1265639400,106.73999786376953,107.33000183105469,105.80999755859375,105.88999938964844,79.0259780883789,224166900,2010-02-08 14:30:00
1265725800,107.12999725341797,108.1500015258789,106.2699966430664,107.22000122070312,80.0185775756836,337820500,2010-02-09 14:30:00
1265812200,107.05000305175781,107.5999984741211,106.11000061035156,107.01000213623047,79.86184692382812,240511500,2010-02-10 14:30:00
1265898600,106.87000274658203,108.25,106.25,108.12999725341797,80.69770050048828,223591600,2010-02-11 14:30:00
1265985000,106.98999786376953,108.0999984741211,106.51000213623047,108.04000091552734,80.63050079345703,304622100,2010-02-12 14:30:00
1266330600,108.86000061035156,109.8499984741211,107.81999969482422,109.73999786376953,81.8992691040039,159317500,2010-02-16 14:30:00
1266417000,110.2699966430664,110.41000366210938,109.73999786376953,110.26000213623047,82.28731536865234,168845100,2010-02-17 14:30:00
1266503400,110.08000183105469,111.13999938964844,110.04000091552734,110.91000366210938,82.7724380493164,193708600,2010-02-18 14:30:00
1266589800,110.62000274658203,111.56999969482422,110.36000061035156,111.13999938964844,82.94406127929688,222684900,2010-02-19 14:30:00
1266849000,111.55000305175781,111.58000183105469,110.83000183105469,111.16000366210938,82.95899963378906,132346900,2010-02-22 14:30:00
1266935400,110.86000061035156,111.19999694824219,109.5199966430664,109.80999755859375,81.95147705078125,207497000,2010-02-23 14:30:00
1267021800,110.13999938964844,111.0,109.86000061035156,110.81999969482422,82.7052993774414,176350700,2010-02-24 14:30:00
1267108200,109.23999786376953,110.75,108.94000244140625,110.66999816894531,82.59332275390625,259634700,2010-02-25 14:30:00
1267194600,110.7699966430664,111.12000274658203,110.11000061035156,110.73999786376953,82.64554595947266,173589300,2010-02-26 14:30:00
1267453800,111.19999694824219,112.0,111.16999816894531,111.88999938964844,83.50379943847656,147709700,2010-03-01 14:30:00
1267540200,112.37000274658203,112.73999786376953,112.0,112.19999694824219,83.73517608642578,160992400,2010-03-02 14:30:00
1267626600,112.48999786376953,112.97000122070312,112.0199966430664,112.30000305175781,83.80979919433594,150785000,2010-03-03 14:30:00
1267713000,112.44999694824219,112.80000305175781,112.02999877929688,112.63999938964844,84.06354522705078,135770400,2010-03-04 14:30:00
1267799400,113.37000274658203,114.33999633789062,113.0999984741211,114.25,85.26507568359375,176118800,2010-03-05 14:30:00
1268058600,114.26000213623047,114.5199966430664,114.06999969482422,114.2699966430664,85.27999877929688,114631200,2010-03-08 14:30:00
1268145000,113.93000030517578,114.98999786376953,113.87000274658203,114.45999908447266,85.42178344726562,154556700,2010-03-09 14:30:00
1268231400,114.51000213623047,115.27999877929688,114.41000366210938,114.97000122070312,85.80243682861328,186088800,2010-03-10 14:30:00
1268317800,114.69999694824219,115.4800033569336,114.3499984741211,115.44999694824219,86.16064453125,160791100,2010-03-11 14:30:00
1268404200,115.94999694824219,115.97000122070312,115.13999938964844,115.45999908447266,86.1680908203125,162074800,2010-03-12 14:30:00
1268659800,115.26000213623047,115.56999969482422,114.5999984741211,115.48999786376953,86.19051361083984,146816800,2010-03-15 13:30:00
1268746200,115.80999755859375,116.5199966430664,115.48999786376953,116.41000366210938,86.87709045410156,168673000,2010-03-16 13:30:00
1268832600,116.76000213623047,117.4800033569336,116.41999816894531,117.0999984741211,87.39203643798828,177468100,2010-03-17 13:30:00
1268919000,117.11000061035156,117.2699966430664,116.56999969482422,117.04000091552734,87.34725952148438,196509100,2010-03-18 13:30:00
1269005400,115.97000122070312,117.29000091552734,115.5199966430664,115.97000122070312,86.90514373779297,226641100,2010-03-19 13:30:00
1269264600,115.30999755859375,116.80000305175781,115.23999786376953,116.58999633789062,87.36975860595703,184477800,2010-03-22 13:30:00
1269351000,116.76000213623047,117.51000213623047,116.37999725341797,117.41000366210938,87.9842529296875,182941600,2010-03-23 13:30:00
1269437400,116.97000122070312,117.43000030517578,115.58000183105469,116.83999633789062,87.55706787109375,196072600,2010-03-24 13:30:00
1269523800,117.62999725341797,118.16999816894531,116.51000213623047,116.6500015258789,87.4146957397461,223396300,2010-03-25 13:30:00
1269610200,116.87000274658203,117.41999816894531,116.12000274658203,116.58000183105469,87.36222839355469,205808500,2010-03-26 13:30:00
1269869400,117.16999816894531,117.52999877929688,116.69000244140625,117.31999969482422,87.9167709350586,134513500,2010-03-29 13:30:00
1269955800,117.45999908447266,117.83000183105469,116.91000366210938,117.4000015258789,87.97673797607422,145772500,2010-03-30 13:30:00
1270042200,116.94999694824219,117.5199966430664,116.61000061035156,117.0,87.67700958251953,161078700,2010-03-31 13:30:00
1270128600,117.80000305175781,118.25,117.0999984741211,117.80000305175781,88.27648162841797,161215200,2010-04-01 13:30:00
1270474200,118.25,118.83999633789062,117.91999816894531,118.76000213623047,88.99589538574219,105847600,2010-04-05 13:30:00
1270560600,118.41999816894531,119.25,118.29000091552734,119.04000091552734,89.20573425292969,110384200,2010-04-06 13:30:00
1270647000,118.80000305175781,119.36000061035156,117.80999755859375,118.36000061035156,88.69612121582031,184576300,2010-04-07 13:30:00
1270733400,117.94999694824219,118.97000122070312,117.5999984741211,118.7699966430664,89.00335693359375,158704000,2010-04-08 13:30:00
1270819800,119.0199966430664,119.5999984741211,118.80000305175781,119.55000305175781,89.58787536621094,133006500,2010-04-09 13:30:00
1271079000,119.69999694824219,120.05000305175781,119.55999755859375,119.73999786376953,89.73027801513672,110279000,2010-04-12 13:30:00
1271165400,119.62000274658203,120.04000091552734,119.0,119.83000183105469,89.79772186279297,125043600,2010-04-13 13:30:00
1271251800,120.2699966430664,121.19000244140625,120.08000183105469,121.19000244140625,90.81686401367188,161609000,2010-04-14 13:30:00
1271338200,120.98999786376953,121.56999969482422,120.94999694824219,121.29000091552734,90.89179992675781,144615300,2010-04-15 13:30:00
1271424600,120.86000061035156,121.29000091552734,118.75,119.36000061035156,89.44548797607422,366786700,2010-04-16 13:30:00
1271683800,119.01000213623047,119.93000030517578,118.47000122070312,119.80999755859375,89.78274536132812,217947800,2010-04-19 13:30:00
1271770200,120.55999755859375,120.9800033569336,119.87000274658203,120.87999725341797,90.58456420898438,157708000,2010-04-20 13:30:00
1271856600,120.94999694824219,121.2300033569336,119.98999786376953,120.66000366210938,90.41971588134766,192910100,2010-04-21 13:30:00
1271943000,119.80999755859375,121.16999816894531,119.12000274658203,121.0199966430664,90.68949890136719,115360300,2010-04-22 13:30:00
1272029400,120.94000244140625,121.86000061035156,120.62999725341797,121.80999755859375,91.28148651123047,177335500,2010-04-23 13:30:00
1272288600,121.8499984741211,122.12000274658203,121.2300033569336,121.3499984741211,90.93675994873047,143457300,2010-04-26 13:30:00
1272375000,120.6500015258789,121.33999633789062,118.25,118.4800033569336,88.78605651855469,355853300,2010-04-27 13:30:00
1272461400,119.05000305175781,119.68000030517578,118.2699966430664,119.37999725341797,89.46051788330078,300674100,2010-04-28 13:30:00
1272547800,120.0999984741211,121.11000061035156,120.06999969482422,120.86000061035156,90.5695571899414,193775000,2010-04-29 13:30:00
1272634200,120.87999725341797,121.01000213623047,118.77999877929688,118.80999755859375,89.03337097167969,270000900,2010-04-30 13:30:00
1272893400,119.37999725341797,120.68000030517578,119.19999694824219,120.3499984741211,90.18739318847656,182747900,2010-05-03 13:30:00
1272979800,119.01000213623047,119.02999877929688,116.91999816894531,117.5199966430664,88.06670379638672,360353400,2010-05-04 13:30:00
1273066200,116.55999755859375,117.80000305175781,115.97000122070312,116.81999969482422,87.54212188720703,328973200,2010-05-05 13:30:00
1273152600,116.26000213623047,117.0,105.0,112.94000244140625,84.63452911376953,647356600,2010-05-06 13:30:00
1273239000,112.63999938964844,113.7699966430664,109.41000366210938,111.26000213623047,83.37557220458984,637558800,2010-05-07 13:30:00
1273498200,115.80999755859375,116.6500015258789,114.91000366210938,116.16000366210938,87.04751586914062,396159600,2010-05-10 13:30:00
1273584600,115.06999969482422,117.36000061035156,114.91000366210938,115.83000183105469,86.80021667480469,317849800,2010-05-11 13:30:00
1273671000,116.29000091552734,117.62000274658203,116.08999633789062,117.44999694824219,88.0141830444336,235607100,2010-05-12 13:30:00
1273757400,117.12999725341797,117.68000030517578,115.88999938964844,115.98999786376953,86.92009735107422,234452500,2010-05-13 13:30:00
1273843800,115.12000274658203,115.33000183105469,112.87000274658203,113.88999938964844,85.34644317626953,345601400,2010-05-14 13:30:00
1274103000,114.19999694824219,114.5199966430664,111.7699966430664,113.94999694824219,85.39139556884766,325739800,2010-05-17 13:30:00
1274189400,114.87999725341797,115.22000122070312,112.02999877929688,112.4000015258789,84.22986602783203,360556800,2010-05-18 13:30:00
1274275800,111.7699966430664,112.7699966430664,110.36000061035156,111.76000213623047,83.75025177001953,394742700,2010-05-19 13:30:00
1274362200,109.37999725341797,109.88999938964844,107.47000122070312,107.54000091552734,80.58790588378906,530418300,2010-05-20 13:30:00
1274448600,105.91000366210938,109.37999725341797,105.36000061035156,109.11000061035156,81.76441192626953,500909400,2010-05-21 13:30:00
1274707800,108.5199966430664,109.38999938964844,107.61000061035156,107.70999908447266,80.71530151367188,269823000,2010-05-24 13:30:00
1274794200,105.11000061035156,107.87000274658203,104.37999725341797,107.81999969482422,80.79772186279297,396505200,2010-05-25 13:30:00
1274880600,108.4800033569336,109.47000122070312,106.8499984741211,107.16999816894531,80.31066131591797,349719300,2010-05-26 13:30:00
1274967000,109.19000244140625,110.80000305175781,108.77999877929688,110.76000213623047,83.00090026855469,300870500,2010-05-27 13:30:00
1275053400,110.63999938964844,110.72000122070312,108.8499984741211,109.37000274658203,81.95923614501953,297933500,2010-05-28 13:30:00
1275399000,108.3499984741211,109.94999694824219,107.37000274658203,107.52999877929688,80.58039093017578,277909400,2010-06-01 13:30:00
1275485400,108.08000183105469,110.33999633789062,107.51000213623047,110.33000183105469,82.67864990234375,240243700,2010-06-02 13:30:00
1275571800,110.6500015258789,111.05999755859375,109.58000183105469,110.70999908447266,82.96339416503906,226618300,2010-06-03 13:30:00
1275658200,108.61000061035156,109.33000183105469,106.45999908447266,106.81999969482422,80.04833221435547,398475600,2010-06-04 13:30:00
1275917400,107.19999694824219,107.61000061035156,105.41000366210938,105.48999786376953,79.05165100097656,264609100,2010-06-07 13:30:00
1276003800,105.56999969482422,106.83000183105469,104.6500015258789,106.62000274658203,79.89844512939453,357774300,2010-06-08 13:30:00
1276090200,107.23999786376953,108.27999877929688,105.5999984741211,106.05000305175781,79.4713363647461,268023300,2010-06-09 13:30:00
1276176600,107.86000061035156,109.27999877929688,106.04000091552734,109.1500015258789,81.79439544677734,317890600,2010-06-10 13:30:00
1276263000,108.19000244140625,109.75,108.12000274658203,109.68000030517578,82.1915512084961,214128200,2010-06-11 13:30:00
1276522200,110.5199966430664,111.12000274658203,109.4000015258789,109.51000213623047,82.06415557861328,207196100,2010-06-14 13:30:00
1276608600,110.27999877929688,112.0999984741211,110.08999633789062,112.0,83.93011474609375,238268700,2010-06-15 13:30:00
1276695000,111.41999816894531,112.41999816894531,111.19999694824219,111.95999908447266,83.90010833740234,216374000,2010-06-16 13:30:00
1276781400,112.27999877929688,112.33000183105469,111.05000305175781,112.13999938964844,84.03500366210938,263185800,2010-06-17 13:30:00
1276867800,111.83000183105469,112.12999725341797,111.37000274658203,111.7300033569336,84.12611389160156,174006600,2010-06-18 13:30:00
1277127000,113.12000274658203,113.19999694824219,110.79000091552734,111.41000366210938,83.88517761230469,213140700,2010-06-21 13:30:00
1277213400,111.41000366210938,111.9000015258789,109.41000366210938,109.56999969482422,82.49980163574219,239355400,2010-06-22 13:30:00
1277299800,109.63999938964844,110.02999877929688,108.4800033569336,109.2300033569336,82.24376678466797,254639900,2010-06-23 13:30:00
1277386200,108.69000244140625,108.83000183105469,107.13999938964844,107.41999816894531,80.88093566894531,268523600,2010-06-24 13:30:00
1277472600,107.73999786376953,108.41999816894531,106.7699966430664,107.87000274658203,81.21977996826172,238726500,2010-06-25 13:30:00
1277731800,108.02999877929688,108.31999969482422,107.13999938964844,107.52999877929688,80.96378326416016,169218600,2010-06-28 13:30:00
1277818200,106.0199966430664,107.51000213623047,103.55000305175781,104.20999908447266,78.4640121459961,373649500,2010-06-29 13:30:00
1277904600,103.91999816894531,104.87999725341797,102.87999725341797,103.22000122070312,77.7186050415039,284101700,2010-06-30 13:30:00
1277991000,103.1500015258789,103.48999786376953,101.12999725341797,102.76000213623047,77.37226867675781,382924800,2010-07-01 13:30:00
1278077400,103.11000061035156,103.41999816894531,101.62000274658203,102.19999694824219,76.95060729980469,233385200,2010-07-02 13:30:00
1278423000,103.63999938964844,104.37000274658203,101.87999725341797,102.87000274658203,77.45507049560547,256935300,2010-07-06 13:30:00
1278509400,103.12999725341797,106.23999786376953,103.0199966430664,106.11000061035156,79.89458465576172,253769400,2010-07-07 13:30:00
1278595800,107.0,107.27999877929688,105.91000366210938,107.16000366210938,80.68517303466797,210842100,2010-07-08 13:30:00
1278682200,107.12999725341797,107.97000122070312,106.93000030517578,107.95999908447266,81.28754425048828,144999900,2010-07-09 13:30:00
1278941400,107.5999984741211,108.23999786376953,107.1500015258789,108.02999877929688,81.34022521972656,131283600,2010-07-12 13:30:00
1279027800,109.1500015258789,110.08999633789062,108.93000030517578,109.66000366210938,82.5675048828125,213025900,2010-07-13 13:30:00
1279114200,109.30999755859375,110.08000183105469,108.86000061035156,109.6500015258789,82.55998992919922,184426800,2010-07-14 13:30:00
1279200600,109.61000061035156,110.05999755859375,108.16999816894531,109.68000030517578,82.58260345458984,232337900,2010-07-15 13:30:00
1279287000,109.08999633789062,109.20999908447266,106.44999694824219,106.66000366210938,80.3087158203125,282693400,2010-07-16 13:30:00
1279546200,107.05000305175781,107.62999725341797,106.22000122070312,107.29000091552734,80.78309631347656,186709000,2010-07-19 13:30:00
1279632600,105.87000274658203,108.55999755859375,105.81999969482422,108.4800033569336,81.67908477783203,258162400,2010-07-20 13:30:00
1279719000,109.04000091552734,109.06999969482422,106.62999725341797,107.06999969482422,80.6174087524414,264527000,2010-07-21 13:30:00
1279805400,108.33999633789062,109.94000244140625,108.33000183105469,109.45999908447266,82.41695404052734,274781300,2010-07-22 13:30:00
1279891800,109.23999786376953,110.56999969482422,108.93000030517578,110.41000366210938,83.13227844238281,222020800,2010-07-23 13:30:00
1280151000,110.5999984741211,111.66999816894531,110.29000091552734,111.55999755859375,83.99813842773438,184445700,2010-07-26 13:30:00
1280237400,112.16999816894531,112.29000091552734,111.11000061035156,111.55000305175781,83.99061584472656,204855600,2010-07-27 13:30:00
1280323800,111.31999969482422,111.66000366210938,110.45999908447266,110.83000183105469,83.44850158691406,163056200,2010-07-28 13:30:00
1280410200,111.5199966430664,111.81999969482422,109.41000366210938,110.29000091552734,83.0418930053711,220149100,2010-07-29 13:30:00
1280496600,109.16999816894531,110.86000061035156,108.9800033569336,110.2699966430664,83.02686309814453,220070600,2010-07-30 13:30:00
1280755800,111.98999786376953,112.94000244140625,111.54000091552734,112.76000213623047,84.90164947509766,188263200,2010-08-02 13:30:00
1280842200,112.4800033569336,112.7699966430664,111.8499984741211,112.22000122070312,84.49505615234375,146657300,2010-08-03 13:30:00
1280928600,112.52999877929688,113.11000061035156,112.16000366210938,112.97000122070312,85.05975341796875,158171700,2010-08-04 13:30:00
1281015000,112.25,112.91000366210938,112.08000183105469,112.8499984741211,84.96941375732422,140473800,2010-08-05 13:30:00
1281101400,111.73999786376953,112.56999969482422,110.91999816894531,112.38999938964844,84.62307739257812,239728300,2010-08-06 13:30:00
1281360600,112.91999816894531,113.18000030517578,112.31999969482422,112.98999786376953,85.0748291015625,120800400,2010-08-09 13:30:00
1281447000,112.02999877929688,112.9800033569336,111.37000274658203,112.37999725341797,84.61553192138672,242916300,2010-08-10 13:30:00
1281533400,110.6500015258789,110.69000244140625,109.12000274658203,109.30000305175781,82.29649353027344,273406900,2010-08-11 13:30:00
1281619800,107.6500015258789,109.0199966430664,107.5999984741211,108.62999725341797,81.79200744628906,239542600,2010-08-12 13:30:00
1281706200,108.29000091552734,108.95999908447266,108.18000030517578,108.30999755859375,81.5510482788086,158698500,2010-08-13 13:30:00
1281965400,107.56999969482422,108.61000061035156,107.18000030517578,108.26000213623047,81.5134048461914,147895300,2010-08-16 13:30:00
1282051800,109.19000244140625,110.38999938964844,108.87999725341797,109.58999633789062,82.51481628417969,172270300,2010-08-17 13:30:00
1282138200,109.54000091552734,110.37999725341797,108.91000366210938,109.79000091552734,82.6654281616211,182922100,2010-08-18 13:30:00
1282224600,109.22000122070312,109.48999786376953,107.43000030517578,107.87999725341797,81.2273178100586,265847600,2010-08-19 13:30:00
1282311000,107.55999755859375,107.94000244140625,106.75,107.52999877929688,80.96378326416016,209714200,2010-08-20 13:30:00
1282570200,108.04000091552734,108.56999969482422,107.06999969482422,107.12000274658203,80.65506744384766,163490300,2010-08-23 13:30:00
1282656600,105.94999694824219,106.38999938964844,104.97000122070312,105.52999877929688,79.45790100097656,280677800,2010-08-24 13:30:00
1282743000,104.94999694824219,106.33999633789062,104.29000091552734,105.94000244140625,79.76657104492188,272234800,2010-08-25 13:30:00
1282829400,106.44000244140625,106.58000183105469,104.87999725341797,105.2300033569336,79.23200988769531,224439500,2010-08-26 13:30:00
1282915800,105.88999938964844,106.97000122070312,104.30999755859375,106.86000061035156,80.45932006835938,272649000,2010-08-27 13:30:00
1283175000,106.58000183105469,106.91000366210938,105.30000305175781,105.30999755859375,79.29222869873047,167238600,2010-08-30 13:30:00
1283261400,104.91999816894531,105.9800033569336,104.48999786376953,105.30999755859375,79.29222869873047,273933100,2010-08-31 13:30:00
1283347800,106.7300033569336,108.61000061035156,106.66000366210938,108.45999908447266,81.66399383544922,256828100,2010-09-01 13:30:00
1283434200,108.72000122070312,109.48999786376953,108.48999786376953,109.47000122070312,82.4244613647461,156112200,2010-09-02 13:30:00
1283520600,110.54000091552734,110.98999786376953,109.94999694824219,110.88999938964844,83.4936752319336,212197300,2010-09-03 13:30:00
1283866200,110.37000274658203,110.51000213623047,109.55000305175781,109.63999938964844,82.552490234375,141973700,2010-09-07 13:30:00
1283952600,109.86000061035156,110.8499984741211,109.80999755859375,110.41000366210938,83.13227844238281,149924400,2010-09-08 13:30:00
1284039000,111.6500015258789,111.68000030517578,110.62000274658203,110.91999816894531,83.51625061035156,147017900,2010-09-09 13:30:00
1284125400,111.12000274658203,111.61000061035156,110.87000274658203,111.4800033569336,83.9378890991211,127819000,2010-09-10 13:30:00
1284384600,112.58000183105469,112.94999694824219,112.12999725341797,112.72000122070312,84.87152862548828,178503500,2010-09-13 13:30:00
1284471000,112.5,113.29000091552734,112.08000183105469,112.6500015258789,84.81884002685547,209823600,2010-09-14 13:30:00
1284557400,112.31999969482422,113.20999908447266,111.9800033569336,113.08000183105469,85.142578125,168608400,2010-09-15 13:30:00
1284643800,112.7300033569336,113.12000274658203,112.3499984741211,113.05000305175781,85.12001037597656,199962900,2010-09-16 13:30:00
1284730200,113.04000091552734,113.1500015258789,112.18000030517578,112.48999786376953,85.15179443359375,195836900,2010-09-17 13:30:00
1284989400,112.87999725341797,114.45999908447266,112.5199966430664,114.20999908447266,86.45377349853516,214555200,2010-09-20 13:30:00
1285075800,114.30000305175781,114.83999633789062,113.51000213623047,113.9800033569336,86.27970123291016,268389100,2010-09-21 13:30:00
1285162200,113.80000305175781,114.44000244140625,113.0999984741211,113.41999816894531,85.85578155517578,191322400,2010-09-22 13:30:00
1285248600,112.48999786376953,113.66999816894531,112.18000030517578,112.5,85.15938568115234,202354300,2010-09-23 13:30:00
1285335000,113.75,114.9000015258789,113.6500015258789,114.81999969482422,86.91554260253906,209671800,2010-09-24 13:30:00
1285594200,114.86000061035156,114.98999786376953,114.16000366210938,114.2699966430664,86.49922943115234,128761800,2010-09-27 13:30:00
1285680600,114.41999816894531,115.04000091552734,113.18000030517578,114.66999816894531,86.802001953125,209207500,2010-09-28 13:30:00
1285767000,114.37999725341797,114.91000366210938,114.0199966430664,114.47000122070312,86.65062713623047,179665800,2010-09-29 13:30:00
1285853400,115.05000305175781,115.79000091552734,113.58999633789062,114.12999725341797,86.39324188232422,287106700,2010-09-30 13:30:00
1285939800,114.98999786376953,115.12000274658203,113.93000030517578,114.61000061035156,86.756591796875,174638700,2010-10-01 13:30:00
1286199000,114.37000274658203,114.8499984741211,113.18000030517578,113.75,86.10560607910156,166153200,2010-10-04 13:30:00
1286285400,114.80000305175781,116.31999969482422,114.66999816894531,116.04000091552734,87.83904266357422,229634100,2010-10-05 13:30:00
1286371800,116.0199966430664,116.33000183105469,115.55999755859375,116.02999877929688,87.83149719238281,148626600,2010-10-06 13:30:00
1286458200,116.5,116.52999877929688,115.19000244140625,115.88999938964844,87.72550964355469,164860000,2010-10-07 13:30:00
1286544600,116.05000305175781,116.86000061035156,115.61000061035156,116.54000091552734,88.217529296875,177760100,2010-10-08 13:30:00
1286803800,116.72000122070312,116.97000122070312,116.25,116.6500015258789,88.30081939697266,103098300,2010-10-11 13:30:00
1286890200,116.2699966430664,117.3499984741211,115.6500015258789,117.01000213623047,88.57331848144531,182210000,2010-10-12 13:30:00
1286976600,117.66000366210938,118.55000305175781,117.37999725341797,117.91999816894531,89.26215362548828,194347200,2010-10-13 13:30:00
1287063000,117.80999755859375,118.01000213623047,116.72000122070312,117.45999908447266,88.91395568847656,217764300,2010-10-14 13:30:00
1287149400,118.27999877929688,118.3499984741211,116.76000213623047,117.69999694824219,89.09562683105469,243705000,2010-10-15 13:30:00
1287408600,117.73999786376953,118.66999816894531,117.30999755859375,118.27999877929688,89.5346908569336,141204800,2010-10-18 13:30:00
1287495000,117.19000244140625,117.8499984741211,116.0199966430664,116.7300033569336,88.36138916015625,280604700,2010-10-19 13:30:00
1287581400,116.94000244140625,118.44000244140625,116.87000274658203,117.87000274658203,89.22431945800781,200051800,2010-10-20 13:30:00
1287667800,118.4000015258789,119.08999633789062,117.20999908447266,118.12999725341797,89.42111206054688,221585500,2010-10-21 13:30:00
1287754200,118.30999755859375,118.52999877929688,118.0,118.3499984741211,89.58765411376953,108212400,2010-10-22 13:30:00
1288013400,119.13999938964844,119.76000213623047,118.61000061035156,118.69999694824219,89.85261535644531,151145700,2010-10-25 13:30:00
1288099800,118.0999984741211,118.83999633789062,117.87000274658203,118.72000122070312,89.86775207519531,158982900,2010-10-26 13:30:00
1288186200,117.88999938964844,118.51000213623047,117.26000213623047,118.37999725341797,89.6103744506836,190024000,2010-10-27 13:30:00
1288272600,119.05999755859375,119.11000061035156,117.83000183105469,118.4000015258789,89.6255111694336,168576000,2010-10-28 13:30:00
1288359000,118.27999877929688,118.72000122070312,118.06999969482422,118.48999786376953,89.6936264038086,144305500,2010-10-29 13:30:00
1288618200,119.06999969482422,119.75,117.8499984741211,118.52999877929688,89.72394561767578,174074800,2010-11-01 13:30:00
1288704600,119.41999816894531,119.75,119.0999984741211,119.47000122070312,90.4354476928711,158345900,2010-11-02 13:30:00
1288791000,119.68000030517578,120.0199966430664,118.44999694824219,119.94999694824219,90.79881286621094,226702800,2010-11-03 13:30:00
1288877400,121.27999877929688,122.31999969482422,119.97000122070312,122.26000213623047,92.5473861694336,215039400,2010-11-04 13:30:00
1288963800,122.33999633789062,122.91999816894531,122.18000030517578,122.72000122070312,92.89562225341797,180654100,2010-11-05 13:30:00
1289226600,122.33999633789062,122.69000244140625,121.94000244140625,122.48999786376953,92.72150421142578,156107100,2010-11-08 14:30:00
1289313000,122.81999969482422,122.94999694824219,121.12000274658203,121.61000061035156,92.05538177490234,186621600,2010-11-09 14:30:00
1289399400,121.58000183105469,122.16000366210938,120.66000366210938,122.0999984741211,92.42628479003906,221387400,2010-11-10 14:30:00
1289485800,121.05000305175781,121.81999969482422,120.68000030517578,121.63999938964844,92.07811737060547,158017600,2010-11-11 14:30:00
1289572200,120.81999969482422,121.3499984741211,119.6500015258789,120.19999694824219,90.98805236816406,239068800,2010-11-12 14:30:00
1289831400,120.58000183105469,121.05000305175781,119.9800033569336,120.02999877929688,90.85938262939453,163940800,2010-11-15 14:30:00
1289917800,119.29000091552734,119.48999786376953,117.58999633789062,118.16000366210938,89.44385528564453,299566200,2010-11-16 14:30:00
1290004200,118.20999908447266,118.70999908447266,117.86000061035156,118.22000122070312,89.4892578125,172308900,2010-11-17 14:30:00
1290090600,119.36000061035156,120.38999938964844,119.3499984741211,119.95999908447266,90.80641174316406,197723700,2010-11-18 14:30:00
1290177000,119.9000015258789,120.33999633789062,119.25,120.29000091552734,91.0561752319336,156852900,2010-11-19 14:30:00
1290436200,119.69000244140625,120.23999786376953,118.7699966430664,120.19000244140625,90.98051452636719,181361000,2010-11-22 14:30:00
1290522600,118.7699966430664,119.0199966430664,117.98999786376953,118.44999694824219,89.66331481933594,222309000,2010-11-23 14:30:00
1290609000,119.19999694824219,120.2300033569336,119.18000030517578,120.19999694824219,90.98805236816406,140046100,2010-11-24 14:30:00
1290781800,119.16000366210938,119.80999755859375,118.80000305175781,118.80000305175781,89.92829132080078,76007800,2010-11-26 14:30:00
1291041000,118.5,119.4800033569336,117.73999786376953,119.16000366210938,90.20082092285156,223642300,2010-11-29 14:30:00
1291127400,117.9800033569336,119.16999816894531,117.80999755859375,118.48999786376953,89.6936264038086,233930700,2010-11-30 14:30:00
1291213800,120.19999694824219,121.23999786376953,120.19000244140625,121.01000213623047,91.60120391845703,221037200,2010-12-01 14:30:00
1291300200,121.19999694824219,122.6500015258789,121.12999725341797,122.55999755859375,92.77452087402344,191213600,2010-12-02 14:30:00
1291386600,122.13999938964844,123.02999877929688,122.11000061035156,122.88999938964844,93.02436065673828,151288900,2010-12-03 14:30:00
1291645800,122.62999725341797,123.04000091552734,122.5,122.76000213623047,92.92588806152344,103050500,2010-12-06 14:30:00
1291732200,123.94000244140625,124.01000213623047,122.76000213623047,122.83000183105469,92.9789047241211,206581000,2010-12-07 14:30:00
1291818600,122.9800033569336,123.37999725341797,122.41000366210938,123.27999877929688,93.31951904296875,138019200,2010-12-08 14:30:00
1291905000,123.97000122070312,124.0199966430664,123.1500015258789,123.76000213623047,93.682861328125,123705100,2010-12-09 14:30:00
1291991400,124.13999938964844,124.5999984741211,123.7300033569336,124.4800033569336,94.22789764404297,117571700,2010-12-10 14:30:00
1292250600,125.05000305175781,125.19999694824219,124.5199966430664,124.55999755859375,94.28843688964844,133812700,2010-12-13 14:30:00
1292337000,124.75,125.2300033569336,124.29000091552734,124.66999816894531,94.37171173095703,147249600,2010-12-14 14:30:00
1292423400,124.44000244140625,124.93000030517578,123.88999938964844,124.0999984741211,93.9402847290039,160823100,2010-12-15 14:30:00
1292509800,124.18000030517578,124.91000366210938,123.75,124.81999969482422,94.48527526855469,185035200,2010-12-16 14:30:00
1292596200,124.08000183105469,124.45999908447266,123.81999969482422,124.30000305175781,94.5865249633789,141075300,2010-12-17 14:30:00
1292855400,124.63999938964844,124.9000015258789,123.9800033569336,124.5999984741211,94.81475830078125,119085500,2010-12-20 14:30:00
1292941800,124.98999786376953,125.47000122070312,124.87000274658203,125.38999938964844,95.41594696044922,94965500,2010-12-21 14:30:00
1293028200,125.4800033569336,125.81999969482422,125.41000366210938,125.77999877929688,95.71268463134766,78878100,2010-12-22 14:30:00
1293114600,125.63999938964844,125.77999877929688,125.29000091552734,125.5999984741211,95.57572937011719,70053700,2010-12-23 14:30:00
1293460200,125.12999725341797,125.7699966430664,125.04000091552734,125.6500015258789,95.61376953125,58126000,2010-12-27 14:30:00
1293546600,125.9000015258789,125.94999694824219,125.5,125.83000183105469,95.7507553100586,55309100,2010-12-28 14:30:00
1293633000,125.9800033569336,126.19999694824219,125.9000015258789,125.91999816894531,95.8192367553711,58033100,2010-12-29 14:30:00
1293719400,125.80000305175781,126.12999725341797,125.52999877929688,125.72000122070312,95.66702270507812,76616900,2010-12-30 14:30:00
1293805800,125.52999877929688,125.87000274658203,125.33000183105469,125.75,95.68986511230469,91218900,2010-12-31 14:30:00
1294065000,126.70999908447266,127.5999984741211,125.69999694824219,127.05000305175781,96.67911529541016,138725200,2011-01-03 14:30:00
1294151400,127.33000183105469,127.37000274658203,126.19000244140625,126.9800033569336,96.62583923339844,137409700,2011-01-04 14:30:00
1294237800,126.58000183105469,127.72000122070312,126.45999908447266,127.63999938964844,97.12806701660156,133975300,2011-01-05 14:30:00
1294324200,127.69000244140625,127.83000183105469,127.01000213623047,127.38999938964844,96.93782043457031,122519000,2011-01-06 14:30:00
1294410600,127.55999755859375,127.7699966430664,126.1500015258789,127.13999938964844,96.74759674072266,156034600,2011-01-07 14:30:00
1294669800,126.58000183105469,127.16000366210938,126.19999694824219,126.9800033569336,96.62583923339844,122401700,2011-01-10 14:30:00
1294756200,127.44000244140625,127.73999786376953,126.94999694824219,127.43000030517578,96.9682388305664,110287000,2011-01-11 14:30:00
1294842600,128.2100067138672,128.72000122070312,127.45999908447266,128.5800018310547,97.84337615966797,107929200,2011-01-12 14:30:00
1294929000,128.6300048828125,128.69000244140625,128.0500030517578,128.3699951171875,97.68352508544922,129048400,2011-01-13 14:30:00
1295015400,128.19000244140625,129.3300018310547,128.10000610351562,129.3000030517578,98.39126586914062,117677900,2011-01-14 14:30:00
1295361000,129.17999267578125,129.63999938964844,129.02999877929688,129.52000427246094,98.55863952636719,114401300,2011-01-18 14:30:00
1295447400,129.41000366210938,129.5399932861328,127.91000366210938,128.25,97.59225463867188,151958400,2011-01-19 14:30:00
1295533800,127.95999908447266,128.39999389648438,127.12999725341797,128.0800018310547,97.46287536621094,175745700,2011-01-20 14:30:00
1295620200,128.8800048828125,129.1699981689453,128.22999572753906,128.3699951171875,97.68352508544922,151462900,2011-01-21 14:30:00
1295879400,128.2899932861328,129.25,128.25999450683594,129.10000610351562,98.23902130126953,113715500,2011-01-24 14:30:00
1295965800,128.75999450683594,129.27999877929688,128.11000061035156,129.1699981689453,98.29230499267578,167552200,2011-01-25 14:30:00
1296052200,129.49000549316406,130.0500030517578,129.22999572753906,129.6699981689453,98.67282104492188,141281500,2011-01-26 14:30:00
1296138600,129.6999969482422,130.2100067138672,129.47000122070312,129.99000549316406,98.91629791259766,123302700,2011-01-27 14:30:00
1296225000,130.13999938964844,130.35000610351562,127.51000213623047,127.72000122070312,97.18896484375,295637300,2011-01-28 14:30:00
1296484200,128.07000732421875,128.77999877929688,127.75,128.67999267578125,97.91941833496094,149249200,2011-01-31 14:30:00
1296570600,129.4600067138672,130.97000122070312,129.3800048828125,130.74000549316406,99.48698425292969,167194300,2011-02-01 14:30:00
1296657000,130.39999389648438,130.83999633789062,130.3300018310547,130.49000549316406,99.29679107666016,118323600,2011-02-02 14:30:00
1296743400,130.25999450683594,130.97999572753906,129.57000732421875,130.77999877929688,99.51744842529297,145886700,2011-02-03 14:30:00
1296829800,130.8300018310547,131.1999969482422,130.22999572753906,131.14999389648438,99.79898834228516,134634800,2011-02-04 14:30:00
1297089000,131.44000244140625,132.39999389648438,131.42999267578125,131.97000122070312,100.42298889160156,112439100,2011-02-07 14:30:00
1297175400,132.08999633789062,132.63999938964844,131.72999572753906,132.57000732421875,100.87955474853516,99072800,2011-02-08 14:30:00
1297261800,132.2100067138672,132.6300048828125,131.61000061035156,132.27000427246094,100.65125274658203,146436700,2011-02-09 14:30:00
1297348200,131.60000610351562,132.47000122070312,131.3000030517578,132.32000732421875,100.6893310546875,162708500,2011-02-10 14:30:00
1297434600,131.8000030517578,133.27999877929688,131.77000427246094,133.11000061035156,101.29047393798828,137710300,2011-02-11 14:30:00
1297693800,133.02999877929688,133.5399932861328,132.8800048828125,133.42999267578125,101.53398895263672,101690700,2011-02-14 14:30:00
1297780200,133.02000427246094,133.22000122070312,132.32000732421875,133.00999450683594,101.21439361572266,119575400,2011-02-15 14:30:00
1297866600,133.4600067138672,134.00999450683594,133.19000244140625,133.85000610351562,101.85356903076172,130183500,2011-02-16 14:30:00
1297953000,133.4600067138672,134.42999267578125,133.33999633789062,134.25,102.1579818725586,109810500,2011-02-17 14:30:00
1298039400,134.3699951171875,134.69000244140625,134.05999755859375,134.52999877929688,102.37103271484375,130002400,2011-02-18 14:30:00
1298385000,133.1199951171875,134.55999755859375,131.47000122070312,131.8300018310547,100.31645965576172,233116400,2011-02-22 14:30:00
1298471400,131.75,132.07000732421875,130.2100067138672,131.02000427246094,99.70011138916016,227584000,2011-02-23 14:30:00
1298557800,130.8800048828125,131.44000244140625,129.6999969482422,130.92999267578125,99.63160705566406,260431400,2011-02-24 14:30:00
1298644200,131.47999572753906,132.41000366210938,131.39999389648438,132.3300018310547,100.69694519042969,141686900,2011-02-25 14:30:00
1298903400,132.82000732421875,133.32000732421875,132.3800048828125,133.14999389648438,101.32089233398438,141585500,2011-02-28 14:30:00
1298989800,133.57000732421875,133.69000244140625,130.88999938964844,130.92999267578125,99.63160705566406,258565500,2011-03-01 14:30:00
1299076200,130.75,131.82000732421875,130.35000610351562,131.2100067138672,99.84467315673828,200277400,2011-03-02 14:30:00
1299162600,132.39999389648438,133.6199951171875,132.38999938964844,133.47000122070312,101.56442260742188,176480100,2011-03-03 14:30:00
1299249000,133.3699951171875,133.6300048828125,131.60000610351562,132.47000122070312,100.8034896850586,277202300,2011-03-04 14:30:00
1299508200,132.86000061035156,133.16000366210938,130.74000549316406,131.42999267578125,100.01204681396484,216790400,2011-03-07 14:30:00
1299594600,131.63999938964844,133.0,131.07000732421875,132.5800018310547,100.88715362548828,174615000,2011-03-08 14:30:00
1299681000,132.32000732421875,132.8000030517578,131.60000610351562,132.38999938964844,100.74256134033203,153806000,2011-03-09 14:30:00
1299767400,131.0,131.17999267578125,129.80999755859375,129.94000244140625,98.87821960449219,301291800,2011-03-10 14:30:00
1299853800,129.52000427246094,131.30999755859375,129.49000549316406,130.83999633789062,99.5631103515625,225621800,2011-03-11 14:30:00
1300109400,129.99000549316406,130.47999572753906,129.05999755859375,130.0500030517578,98.96195220947266,234974100,2011-03-14 13:30:00
1300195800,126.58999633789062,129.3300018310547,126.5,128.55999755859375,97.8281478881836,359585400,2011-03-15 13:30:00
1300282200,128.14999389648438,128.57000732421875,125.27999877929688,126.18000030517578,96.01708984375,468670300,2011-03-16 13:30:00
1300368600,128.0,128.38999938964844,127.0999984741211,127.8499984741211,97.28788757324219,254303700,2011-03-17 13:30:00
1300455000,128.83999633789062,128.8800048828125,127.51000213623047,127.76000213623047,97.64175415039062,230435400,2011-03-18 13:30:00
1300714200,129.35000610351562,130.00999450683594,129.1999969482422,129.74000549316406,99.15496063232422,153992600,2011-03-21 13:30:00
1300800600,129.72000122070312,129.88999938964844,129.1699981689453,129.2899932861328,98.81101989746094,129538600,2011-03-22 13:30:00
1300887000,128.92999267578125,130.0,128.32000732421875,129.66000366210938,99.09381103515625,148603100,2011-03-23 13:30:00
1300973400,130.39999389648438,131.08999633789062,129.6699981689453,130.89999389648438,100.04150390625,159129800,2011-03-24 13:30:00
1301059800,131.24000549316406,131.8699951171875,130.88999938964844,131.3000030517578,100.34720611572266,155642800,2011-03-25 13:30:00
1301319000,131.5800018310547,131.9199981689453,130.94000244140625,130.97999572753906,100.10261535644531,109762400,2011-03-28 13:30:00
1301405400,130.8699951171875,131.89999389648438,130.44000244140625,131.86000061035156,100.77518463134766,129798800,2011-03-29 13:30:00
1301491800,132.5500030517578,133.16000366210938,132.36000061035156,132.77000427246094,101.47067260742188,135835000,2011-03-30 13:30:00
1301578200,132.60000610351562,132.9600067138672,132.4499969482422,132.58999633789062,101.33311462402344,132537100,2011-03-31 13:30:00
1301664600,133.41000366210938,133.77000427246094,132.8300018310547,133.14999389648438,101.76105499267578,153850100,2011-04-01 13:30:00
1301923800,133.42999267578125,133.6699981689453,132.8800048828125,133.25999450683594,101.84515380859375,100768900,2011-04-04 13:30:00
1302010200,133.0,133.8300018310547,132.94000244140625,133.24000549316406,101.82984924316406,120791500,2011-04-05 13:30:00
1302096600,133.8800048828125,134.0,133.1199951171875,133.66000366210938,102.15082550048828,120411600,2011-04-06 13:30:00
1302183000,133.4199981689453,133.97999572753906,132.66000366210938,133.32000732421875,101.89098358154297,170731500,2011-04-07 13:30:00
1302269400,133.91000366210938,133.99000549316406,132.30999755859375,132.86000061035156,101.53944396972656,147945400,2011-04-08 13:30:00
1302528600,133.0,133.4499969482422,132.13999938964844,132.4600067138672,101.23373413085938,121385400,2011-04-11 13:30:00
1302615000,131.72000122070312,131.97999572753906,130.99000549316406,131.47000122070312,100.47708129882812,161187400,2011-04-12 13:30:00
1302701400,132.0800018310547,132.17999267578125,130.9600067138672,131.4600067138672,100.46949768066406,162059000,2011-04-13 13:30:00
1302787800,130.6999969482422,131.75999450683594,130.27000427246094,131.55999755859375,100.54588317871094,161220400,2011-04-14 13:30:00
1302874200,131.8000030517578,132.3699951171875,131.41000366210938,132.0399932861328,100.91275024414062,170006700,2011-04-15 13:30:00
1303133400,130.58999633789062,132.02999877929688,129.50999450683594,130.55999755859375,99.78164672851562,210759300,2011-04-18 13:30:00
1303219800,130.75999450683594,131.35000610351562,130.44000244140625,131.30999755859375,100.35487365722656,124258800,2011-04-19 13:30:00
1303306200,132.8800048828125,133.38999938964844,132.7899932861328,133.10000610351562,101.7228775024414,156133800,2011-04-20 13:30:00
1303392600,133.7899932861328,133.83999633789062,133.10000610351562,133.77999877929688,102.2425537109375,135935400,2011-04-21 13:30:00
1303738200,133.67999267578125,133.86000061035156,133.1999969482422,133.63999938964844,102.13554382324219,65757100,2011-04-25 13:30:00
1303824600,134.0500030517578,135.05999755859375,133.91000366210938,134.7899932861328,103.01443481445312,146600000,2011-04-26 13:30:00
1303911000,135.0500030517578,135.8699951171875,134.5,135.6699981689453,103.68701934814453,143031000,2011-04-27 13:30:00
1303997400,135.42999267578125,136.2899932861328,135.41000366210938,136.11000061035156,104.02325439453125,124791100,2011-04-28 13:30:00
1304083800,136.16000366210938,136.57000732421875,135.97999572753906,136.42999267578125,104.267822265625,115094100,2011-04-29 13:30:00
1304343000,137.07000732421875,137.17999267578125,135.9499969482422,136.22000122070312,104.10734558105469,126278700,2011-05-02 13:30:00
1304429400,135.9600067138672,136.19000244140625,135.0399932861328,135.72999572753906,103.73284912109375,138375000,2011-05-03 13:30:00
1304515800,135.6699981689453,135.72999572753906,134.22999572753906,134.8300018310547,103.04503631591797,182678500,2011-05-04 13:30:00
1304602200,134.0800018310547,134.9499969482422,133.02000427246094,133.61000061035156,102.11265563964844,226900000,2011-05-05 13:30:00
1304688600,134.94000244140625,135.6300048828125,133.67999267578125,134.1999969482422,102.56352996826172,222787200,2011-05-06 13:30:00
1304947800,134.19000244140625,135.11000061035156,133.97999572753906,134.72000122070312,102.9609603881836,114104500,2011-05-09 13:30:00
1305034200,135.1699981689453,136.11000061035156,135.0,135.8699951171875,103.83985137939453,114806900,2011-05-10 13:30:00
1305120600,135.6699981689453,135.69000244140625,133.82000732421875,134.44000244140625,102.7469711303711,193564200,2011-05-11 13:30:00
1305207000,134.0800018310547,135.36000061035156,133.38999938964844,135.0800018310547,103.23609161376953,171550700,2011-05-12 13:30:00
1305293400,135.14999389648438,135.33999633789062,133.55999755859375,134.0399932861328,102.44123840332031,157444900,2011-05-13 13:30:00
1305552600,133.55999755859375,134.61000061035156,132.97000122070312,133.19000244140625,101.7916488647461,141675400,2011-05-16 13:30:00
1305639000,132.69000244140625,133.35000610351562,132.1199951171875,133.1699981689453,101.77635955810547,192686200,2011-05-17 13:30:00
1305725400,133.24000549316406,134.5,132.9499969482422,134.36000061035156,102.68582916259766,135217900,2011-05-18 13:30:00
1305811800,134.8000030517578,135.02999877929688,133.94000244140625,134.67999267578125,102.93037414550781,119489500,2011-05-19 13:30:00
1305898200,134.3300018310547,134.67999267578125,133.36000061035156,133.61000061035156,102.11265563964844,182594900,2011-05-20 13:30:00
1306157400,131.97999572753906,132.72000122070312,131.58999633789062,132.05999755859375,100.92800903320312,168700000,2011-05-23 13:30:00
1306243800,132.44000244140625,132.72999572753906,131.6999969482422,131.9499969482422,100.84397888183594,147199600,2011-05-24 13:30:00
1306330200,131.4199981689453,132.94000244140625,131.3800048828125,132.38999938964844,101.18022155761719,151050100,2011-05-25 13:30:00
1306416600,132.02999877929688,133.24000549316406,131.77999877929688,133.0,101.64643096923828,164850000,2011-05-26 13:30:00
1306503000,133.3699951171875,133.8699951171875,132.9600067138672,133.50999450683594,102.03620147705078,120921900,2011-05-27 13:30:00
1306848600,134.77000427246094,134.9199981689453,133.83999633789062,134.89999389648438,103.09851837158203,164731200,2011-05-31 13:30:00
1306935000,134.50999450683594,134.9199981689453,131.75999450683594,131.8699951171875,100.7828369140625,233094300,2011-06-01 13:30:00
1307021400,131.9600067138672,132.24000549316406,130.9600067138672,131.72999572753906,100.67581939697266,200466800,2011-06-02 13:30:00
1307107800,130.14999389648438,131.4199981689453,130.0800018310547,130.4199981689453,99.6746597290039,234690200,2011-06-03 13:30:00
1307367000,130.08999633789062,130.36000061035156,128.8699951171875,129.0399932861328,98.61994934082031,179951200,2011-06-06 13:30:00
1307453400,129.6999969482422,130.07000732421875,128.85000610351562,128.9600067138672,98.55883026123047,161660500,2011-06-07 13:30:00
1307539800,128.75999450683594,129.19000244140625,128.17999267578125,128.4199981689453,98.14614868164062,198696400,2011-06-08 13:30:00
1307626200,128.77000427246094,129.92999267578125,128.4600067138672,129.39999389648438,98.89510345458984,160964400,2011-06-09 13:30:00
1307712600,128.85000610351562,128.92999267578125,127.26000213623047,127.5999984741211,97.51944732666016,238629400,2011-06-10 13:30:00
1307971800,127.88999938964844,128.24000549316406,127.05000305175781,127.69999694824219,97.59586334228516,207599800,2011-06-13 13:30:00
1308058200,128.8699951171875,129.77000427246094,128.82000732421875,129.32000732421875,98.83402252197266,160570400,2011-06-14 13:30:00
1308144600,128.24000549316406,129.3000030517578,126.68000030517578,127.0199966430664,97.07615661621094,300958000,2011-06-15 13:30:00
1308231000,127.05999755859375,127.97000122070312,126.31999969482422,127.30000305175781,97.2901840209961,308032800,2011-06-16 13:30:00
1308317400,127.93000030517578,127.94000244140625,126.62000274658203,127.05000305175781,97.58049011230469,233284900,2011-06-17 13:30:00
1308576600,126.62000274658203,127.97000122070312,126.58000183105469,127.69999694824219,98.07970428466797,159479000,2011-06-20 13:30:00
1308663000,128.36000061035156,129.6999969482422,127.75,129.4499969482422,99.42379760742188,193157300,2011-06-21 13:30:00
1308749400,129.0500030517578,129.80999755859375,128.58999633789062,128.6699981689453,98.82471466064453,176703000,2011-06-22 13:30:00
1308835800,127.16000366210938,128.63999938964844,126.19000244140625,128.3000030517578,98.54052734375,334286500,2011-06-23 13:30:00
1308922200,128.27000427246094,128.3699951171875,126.62000274658203,126.80999755859375,97.39614868164062,226129300,2011-06-24 13:30:00
1309181400,126.88999938964844,128.42999267578125,126.63999938964844,127.94000244140625,98.26405334472656,168904700,2011-06-27 13:30:00
1309267800,128.4499969482422,129.6300048828125,128.27000427246094,129.61000061035156,99.54667663574219,165556300,2011-06-28 13:30:00
1309354200,130.1999969482422,130.92999267578125,129.6300048828125,130.72000122070312,100.39923095703125,244295500,2011-06-29 13:30:00
1309440600,131.13999938964844,132.17999267578125,130.7100067138672,131.97000122070312,101.35926818847656,223322700,2011-06-30 13:30:00
1309527000,132.08999633789062,134.10000610351562,131.77999877929688,133.9199981689453,102.8569564819336,202385700,2011-07-01 13:30:00
1309872600,133.77999877929688,134.0800018310547,133.38999938964844,133.80999755859375,102.7724838256836,165936000,2011-07-05 13:30:00
1309959000,133.49000549316406,134.13999938964844,133.11000061035156,133.97000122070312,102.8953857421875,143331600,2011-07-06 13:30:00
1310045400,135.16000366210938,135.6999969482422,134.8800048828125,135.36000061035156,103.96295166015625,170464200,2011-07-07 13:30:00
1310131800,133.8300018310547,135.36000061035156,133.38999938964844,134.39999389648438,103.2256088256836,194100500,2011-07-08 13:30:00
1310391000,132.75,133.17999267578125,131.66000366210938,131.97000122070312,101.35926818847656,195918600,2011-07-11 13:30:00
1310477400,131.69000244140625,132.77999877929688,131.36000061035156,131.39999389648438,100.92149353027344,214675700,2011-07-12 13:30:00
1310563800,132.08999633789062,133.22000122070312,131.52000427246094,131.83999633789062,101.25945281982422,204062600,2011-07-13 13:30:00
1310650200,132.1699981689453,132.77999877929688,130.67999267578125,130.92999267578125,100.56050872802734,226111800,2011-07-14 13:30:00
1310736600,131.66000366210938,131.8699951171875,130.77000427246094,131.69000244140625,101.14421844482422,220012800,2011-07-15 13:30:00
1310995800,131.0800018310547,131.27999877929688,129.6300048828125,130.61000061035156,100.31475830078125,196872100,2011-07-18 13:30:00
1311082200,131.33999633789062,132.88999938964844,131.30999755859375,132.72999572753906,101.9429931640625,166554900,2011-07-19 13:30:00
1311168600,133.07000732421875,133.14999389648438,132.4199981689453,132.64999389648438,101.88151550292969,137145400,2011-07-20 13:30:00
1311255000,133.39999389648438,134.82000732421875,132.6699981689453,134.49000549316406,103.2947769165039,245246300,2011-07-21 13:30:00
1311341400,134.52000427246094,134.72000122070312,133.75999450683594,134.5800018310547,103.36388397216797,126019400,2011-07-22 13:30:00
1311600600,133.3000030517578,134.49000549316406,133.16000366210938,133.8300018310547,102.7878646850586,136653800,2011-07-25 13:30:00
1311687000,133.74000549316406,133.9600067138672,133.02999877929688,133.3300018310547,102.40383911132812,131278200,2011-07-26 13:30:00
1311773400,132.58999633789062,132.6300048828125,130.42999267578125,130.60000610351562,100.30703735351562,249020100,2011-07-27 13:30:00
1311859800,130.60000610351562,131.77000427246094,130.00999450683594,130.22000122070312,100.01521301269531,207939900,2011-07-28 13:30:00
1311946200,128.91000366210938,130.5500030517578,127.97000122070312,129.3300018310547,99.3316421508789,307038400,2011-07-29 13:30:00
1312205400,130.83999633789062,130.9600067138672,127.52999877929688,128.77999877929688,98.9092025756836,325790900,2011-08-01 13:30:00
1312291800,127.80999755859375,128.5,125.48999786376953,125.48999786376953,96.3823013305664,346653800,2011-08-02 13:30:00
1312378200,125.66000366210938,126.30999755859375,123.52999877929688,126.16999816894531,96.90457153320312,370830800,2011-08-03 13:30:00
1312464600,124.41999816894531,124.62000274658203,120.05999755859375,120.26000213623047,92.36546325683594,520721800,2011-08-04 13:30:00
1312551000,121.76000213623047,122.06999969482422,116.86000061035156,120.08000183105469,92.22720336914062,655619200,2011-08-05 13:30:00
1312810200,116.91000366210938,120.12000274658203,112.0199966430664,112.26000213623047,86.22105407714844,702263900,2011-08-08 13:30:00
1312896600,114.06999969482422,117.63999938964844,110.2699966430664,117.4800033569336,90.23026275634766,717828700,2011-08-09 13:30:00
1312983000,115.26000213623047,116.27999877929688,111.94999694824219,112.29000091552734,86.24411010742188,662607400,2011-08-10 13:30:00
1313069400,113.26000213623047,118.91999816894531,112.31999969482422,117.33000183105469,90.11505126953125,487979700,2011-08-11 13:30:00
1313155800,118.4000015258789,119.20999908447266,117.27999877929688,118.12000274658203,90.7218017578125,313731600,2011-08-12 13:30:00
1313415000,119.19000244140625,120.73999786376953,119.0,120.62000274658203,92.6419448852539,258810600,2011-08-15 13:30:00
1313501400,119.47000122070312,120.69000244140625,118.30999755859375,119.58999633789062,91.85083770751953,294095200,2011-08-16 13:30:00
1313587800,120.25,121.19999694824219,118.72000122070312,119.66999816894531,91.91230010986328,238201100,2011-08-17 13:30:00
1313674200,116.5,119.70999908447266,113.38999938964844,114.51000213623047,87.94916534423828,512956300,2011-08-18 13:30:00
1313760600,112.95999908447266,115.87999725341797,112.5,112.63999938964844,86.51293182373047,428281300,2011-08-19 13:30:00
1314019800,115.16999816894531,115.2300033569336,112.41000366210938,112.7300033569336,86.58204650878906,275090600,2011-08-22 13:30:00
1314106200,113.1500015258789,116.56999969482422,112.58000183105469,116.44000244140625,89.43153381347656,331136600,2011-08-23 13:30:00
1314192600,116.19000244140625,118.23999786376953,115.91999816894531,118.08000183105469,90.69109344482422,246869700,2011-08-24 13:30:00
1314279000,118.7300033569336,119.4000015258789,115.87000274658203,116.27999877929688,89.30863952636719,312365400,2011-08-25 13:30:00
1314365400,115.69000244140625,118.51000213623047,113.8499984741211,117.97000122070312,90.60662841796875,314495900,2011-08-26 13:30:00
1314624600,119.55999755859375,121.43000030517578,118.05999755859375,121.36000061035156,93.21031188964844,190977200,2011-08-29 13:30:00
1314711000,120.83000183105469,122.43000030517578,119.26000213623047,121.68000030517578,93.45603942871094,241315700,2011-08-30 13:30:00
1314797400,122.45999908447266,123.51000213623047,121.30000305175781,122.22000122070312,93.87081146240234,301828400,2011-08-31 13:30:00
1314883800,122.29000091552734,123.4000015258789,120.77999877929688,120.94000244140625,92.88771057128906,254585900,2011-09-01 13:30:00
1314970200,118.41999816894531,120.87000274658203,117.43000030517578,117.8499984741211,90.51443481445312,255517200,2011-09-02 13:30:00
1315315800,114.38999938964844,117.16000366210938,114.37999725341797,116.98999786376953,89.85392761230469,285130500,2011-09-06 13:30:00
1315402200,118.76000213623047,120.33999633789062,118.36000061035156,120.29000091552734,92.38847351074219,209803200,2011-09-07 13:30:00
1315488600,119.56999969482422,120.94000244140625,118.7699966430664,119.04000091552734,91.42842864990234,250568200,2011-09-08 13:30:00
1315575000,117.68000030517578,119.05999755859375,115.27999877929688,115.91999816894531,89.0321273803711,380195100,2011-09-09 13:30:00
1315834200,114.47000122070312,116.76000213623047,114.05000305175781,116.66999816894531,89.608154296875,305793500,2011-09-12 13:30:00
1315920600,117.05000305175781,118.18000030517578,116.22000122070312,117.73999786376953,90.4299545288086,272514700,2011-09-13 13:30:00
1316007000,118.33999633789062,120.80000305175781,116.72000122070312,119.37000274658203,91.6818618774414,319389500,2011-09-14 13:30:00
1316093400,120.6500015258789,121.47000122070312,119.4000015258789,121.43000030517578,93.2640609741211,326777200,2011-09-15 13:30:00
1316179800,121.29000091552734,121.97000122070312,120.31999969482422,121.5199966430664,93.8160400390625,284528300,2011-09-16 13:30:00
1316439000,119.52999877929688,120.93000030517578,118.72000122070312,120.30999755859375,92.88188934326172,241517000,2011-09-19 13:30:00
1316525400,120.81999969482422,121.98999786376953,120.01000213623047,120.16999816894531,92.77381134033203,218932200,2011-09-20 13:30:00
1316611800,120.2300033569336,120.5999984741211,116.44000244140625,116.62999725341797,90.0408706665039,316251300,2011-09-21 13:30:00
1316698200,113.25,114.20999908447266,111.30000305175781,112.86000061035156,87.1303482055664,513911300,2011-09-22 13:30:00
1316784600,112.11000061035156,114.16000366210938,112.0199966430664,113.54000091552734,87.65531921386719,307242500,2011-09-23 13:30:00
1317043800,114.61000061035156,116.4000015258789,112.9800033569336,116.23999786376953,89.73977661132812,260673700,2011-09-26 13:30:00
1317130200,118.52999877929688,119.55999755859375,116.83999633789062,117.54000091552734,90.743408203125,311753900,2011-09-27 13:30:00
1317216600,117.77999877929688,118.48999786376953,114.97000122070312,115.13999938964844,88.89054870605469,286696800,2011-09-28 13:30:00
1317303000,117.05000305175781,117.62999725341797,113.93000030517578,116.05000305175781,89.59309387207031,298108900,2011-09-29 13:30:00
1317389400,114.44999694824219,115.44999694824219,113.06999969482422,113.1500015258789,87.35420989990234,288392300,2011-09-30 13:30:00
1317648600,112.48999786376953,113.94999694824219,109.80999755859375,109.93000030517578,84.86833190917969,365136800,2011-10-03 13:30:00
1317735000,108.3499984741211,112.58000183105469,107.43000030517578,112.33999633789062,86.72888946533203,459177500,2011-10-04 13:30:00
1317821400,112.62000274658203,114.72000122070312,111.58000183105469,114.41999816894531,88.3346939086914,284108000,2011-10-05 13:30:00
1317907800,114.36000061035156,116.66000366210938,113.51000213623047,116.48999786376953,89.93278503417969,257800800,2011-10-06 13:30:00
1317994200,117.16999816894531,117.25,115.05999755859375,115.70999908447266,89.33058166503906,312657900,2011-10-07 13:30:00
1318253400,117.68000030517578,119.62999725341797,117.66999816894531,119.58000183105469,92.318359375,230666300,2011-10-10 13:30:00
1318339800,118.87000274658203,120.04000091552734,118.75,119.69999694824219,92.41094970703125,209088000,2011-10-11 13:30:00
1318426200,120.5999984741211,122.13999938964844,120.33000183105469,120.75,93.2215805053711,281544900,2011-10-12 13:30:00
1318512600,120.04000091552734,120.87000274658203,119.12000274658203,120.51000213623047,93.03629302978516,212538800,2011-10-13 13:30:00
1318599000,121.91000366210938,122.5999984741211,121.2300033569336,122.56999969482422,94.62665557861328,211397600,2011-10-14 13:30:00
1318858200,121.98999786376953,122.55000305175781,119.93000030517578,120.2300033569336,92.82012939453125,202311600,2011-10-17 13:30:00
1318944600,120.13999938964844,123.5,119.19999694824219,122.58000183105469,94.6343765258789,318857900,2011-10-18 13:30:00
1319031000,122.37999725341797,123.08000183105469,120.70999908447266,121.12999725341797,93.51498413085938,226601300,2011-10-19 13:30:00
1319117400,121.43000030517578,122.0999984741211,119.81999969482422,121.66000366210938,93.92412567138672,262075600,2011-10-20 13:30:00
1319203800,123.08999633789062,124.12000274658203,122.72000122070312,123.97000122070312,95.70748901367188,278999400,2011-10-21 13:30:00
1319463000,124.16999816894531,125.80000305175781,124.05999755859375,125.48999786376953,96.8809585571289,203215600,2011-10-24 13:30:00
1319549400,124.88999938964844,124.94999694824219,122.77999877929688,123.05000305175781,94.99723815917969,268596800,2011-10-25 13:30:00
1319635800,124.3499984741211,124.7699966430664,122.20999908447266,124.30000305175781,95.96229553222656,289053800,2011-10-26 13:30:00
1319722200,127.62999725341797,129.4199981689453,126.61000061035156,128.6300048828125,99.30512237548828,393220200,2011-10-27 13:30:00
1319808600,128.0,128.85000610351562,127.80000305175781,128.60000610351562,99.28194427490234,225906500,2011-10-28 13:30:00
1320067800,127.16000366210938,128.6199951171875,125.31999969482422,125.5,96.88866424560547,228146700,2011-10-31 13:30:00
1320154200,122.02999877929688,123.51000213623047,121.5199966430664,122.0,94.18665313720703,416565800,2011-11-01 13:30:00
1320240600,123.83000183105469,124.4000015258789,122.79000091552734,123.98999786376953,95.72293853759766,244717600,2011-11-02 13:30:00
1320327000,125.2699966430664,126.5,123.5999984741211,126.25,97.46770477294922,291174800,2011-11-03 13:30:00
1320413400,125.2300033569336,125.69999694824219,124.01000213623047,125.4800033569336,96.87324523925781,249401600,2011-11-04 13:30:00
1320676200,125.38999938964844,126.38999938964844,124.19999694824219,126.26000213623047,97.47541046142578,196617200,2011-11-07 14:30:00
1320762600,126.91999816894531,128.02000427246094,125.70999908447266,127.87999725341797,98.7260971069336,224426300,2011-11-08 14:30:00
1320849000,124.88999938964844,125.80000305175781,122.86000061035156,123.16000366210938,95.08218383789062,337982000,2011-11-09 14:30:00
1320935400,124.79000091552734,124.94000244140625,123.0199966430664,124.31999969482422,95.97767639160156,231866500,2011-11-10 14:30:00
1321021800,125.83000183105469,126.98999786376953,125.79000091552734,126.66000366210938,97.78424835205078,189924400,2011-11-11 14:30:00
1321281000,126.19000244140625,127.44999694824219,124.91999816894531,125.45999908447266,96.85780334472656,159258300,2011-11-14 14:30:00
1321367400,125.16999816894531,126.75,124.72000122070312,126.08000183105469,97.33647155761719,184709400,2011-11-15 14:30:00
1321453800,124.80999755859375,126.33999633789062,123.9000015258789,124.08000183105469,95.79243469238281,235782500,2011-11-16 14:30:00
1321540200,123.8499984741211,124.16000366210938,121.2300033569336,122.11000061035156,94.27151489257812,331219600,2011-11-17 14:30:00
1321626600,122.5,122.75,121.47000122070312,121.9800033569336,94.17119598388672,215580400,2011-11-18 14:30:00
1321885800,120.19999694824219,120.3499984741211,118.6500015258789,119.66000366210938,92.38008117675781,229611600,2011-11-21 14:30:00
1321972200,119.4000015258789,120.0999984741211,118.5199966430664,119.19000244140625,92.01725769042969,216494900,2011-11-22 14:30:00
1322058600,118.06999969482422,119.19000244140625,116.55999755859375,116.55999755859375,89.98680114746094,224329100,2011-11-23 14:30:00
1322231400,116.37999725341797,117.69999694824219,116.19999694824219,116.33999633789062,89.81697082519531,99557000,2011-11-25 14:30:00
1322490600,119.54000091552734,120.18000030517578,118.81999969482422,119.70999908447266,92.41869354248047,210686000,2011-11-28 14:30:00
1322577000,120.05000305175781,121.0,119.61000061035156,120.05000305175781,92.6811752319336,199241500,2011-11-29 14:30:00
1322663400,123.48999786376953,125.22000122070312,120.0,124.98999786376953,96.49495697021484,324439500,2011-11-30 14:30:00
1322749800,124.8499984741211,125.63999938964844,124.43000030517578,124.97000122070312,96.47953033447266,176954800,2011-12-01 14:30:00
1322836200,126.12000274658203,126.5,124.77999877929688,124.86000061035156,96.39459991455078,221109700,2011-12-02 14:30:00
1323095400,126.83999633789062,127.18000030517578,125.44000244140625,126.22000122070312,97.44453430175781,225263900,2011-12-05 14:30:00
1323181800,126.20999908447266,127.11000061035156,125.76000213623047,126.26000213623047,97.47541046142578,178842100,2011-12-06 14:30:00
1323268200,125.83999633789062,127.26000213623047,124.97000122070312,126.7300033569336,97.83829498291016,237802500,2011-12-07 14:30:00
1323354600,125.9000015258789,126.18000030517578,123.6500015258789,123.94999694824219,95.69205474853516,240862800,2011-12-08 14:30:00
1323441000,124.51000213623047,126.37000274658203,124.4000015258789,126.05000305175781,97.31333923339844,209111400,2011-12-09 14:30:00
1323700200,124.94999694824219,124.97000122070312,123.16000366210938,124.20999908447266,95.89278411865234,215826100,2011-12-12 14:30:00
1323786600,124.86000061035156,125.56999969482422,122.44999694824219,123.05000305175781,94.99723815917969,245159800,2011-12-13 14:30:00
1323873000,122.55999755859375,123.02999877929688,121.47000122070312,121.73999786376953,93.98590850830078,238618800,2011-12-14 14:30:00
1323959400,123.02999877929688,123.19999694824219,121.98999786376953,122.18000030517578,94.3255844116211,199109200,2011-12-15 14:30:00
1324045800,122.2300033569336,122.94999694824219,121.30000305175781,121.58999633789062,94.4654312133789,220481400,2011-12-16 14:30:00
1324305000,122.05999755859375,122.31999969482422,120.02999877929688,120.29000091552734,93.45542907714844,183903000,2011-12-19 14:30:00
1324391400,122.18000030517578,124.13999938964844,120.37000274658203,123.93000030517578,96.28341674804688,225418100,2011-12-20 14:30:00
1324477800,123.93000030517578,124.36000061035156,122.75,124.16999816894531,96.46987915039062,194230900,2011-12-21 14:30:00
1324564200,124.62999725341797,125.4000015258789,124.2300033569336,125.2699966430664,97.32450103759766,119465400,2011-12-22 14:30:00
1324650600,125.66999816894531,126.43000030517578,125.41000366210938,126.38999938964844,98.19463348388672,92187200,2011-12-23 14:30:00
1324996200,126.16999816894531,126.81999969482422,126.05999755859375,126.48999786376953,98.27233123779297,86075700,2011-12-27 14:30:00
1325082600,126.51000213623047,126.52999877929688,124.7300033569336,124.83000183105469,96.9826431274414,119107100,2011-12-28 14:30:00
1325169000,125.23999786376953,126.25,124.86000061035156,126.12000274658203,97.98487091064453,123507200,2011-12-29 14:30:00
1325255400,126.0199966430664,126.33000183105469,125.5,125.5,97.50314331054688,95599000,2011-12-30 14:30:00
1325601000,127.76000213623047,128.3800048828125,127.43000030517578,127.5,99.05701446533203,193697900,2012-01-03 14:30:00
1325687400,127.19999694824219,127.80999755859375,126.70999908447266,127.69999694824219,99.21240234375,127186500,2012-01-04 14:30:00
1325773800,127.01000213623047,128.22999572753906,126.43000030517578,128.0399932861328,99.4765625,173895000,2012-01-05 14:30:00
1325860200,128.1999969482422,128.22000122070312,127.29000091552734,127.70999908447266,99.22016143798828,148050000,2012-01-06 14:30:00
1326119400,128.0,128.17999267578125,127.41000366210938,128.02000427246094,99.46101379394531,99530200,2012-01-09 14:30:00
1326205800,129.38999938964844,129.64999389648438,128.9499969482422,129.1300048828125,100.32339477539062,115282000,2012-01-10 14:30:00
1326292200,128.72999572753906,129.3699951171875,128.52000427246094,129.1999969482422,100.37777709960938,111540700,2012-01-11 14:30:00
1326378600,129.57000732421875,129.6999969482422,128.5399932861328,129.50999450683594,100.61864471435547,118983700,2012-01-12 14:30:00
1326465000,128.63999938964844,129.0500030517578,127.72000122070312,128.83999633789062,100.09811401367188,179836200,2012-01-13 14:30:00
1326810600,130.0800018310547,130.32000732421875,128.89999389648438,129.33999633789062,100.4865493774414,132209200,2012-01-17 14:30:00
1326897000,129.30999755859375,130.83999633789062,129.0800018310547,130.77000427246094,101.59752655029297,163395200,2012-01-18 14:30:00
1326983400,131.22000122070312,131.57000732421875,130.8000030517578,131.4600067138672,102.13359069824219,126328900,2012-01-19 14:30:00
1327069800,131.24000549316406,131.9499969482422,130.9199981689453,131.9499969482422,102.5143051147461,138230200,2012-01-20 14:30:00
1327329000,131.50999450683594,132.25,130.97999572753906,131.61000061035156,102.25013732910156,129295800,2012-01-23 14:30:00
1327415400,130.8000030517578,131.5,130.60000610351562,131.4600067138672,102.13359069824219,103083300,2012-01-24 14:30:00
1327501800,131.25999450683594,132.8699951171875,130.75,132.55999755859375,102.98821258544922,198613200,2012-01-25 14:30:00
1327588200,133.14999389648438,133.39999389648438,131.36000061035156,131.8800048828125,102.45991516113281,184880500,2012-01-26 14:30:00
1327674600,131.24000549316406,132.0500030517578,131.14999389648438,131.82000732421875,102.4133071899414,135259100,2012-01-27 14:30:00
1327933800,130.50999450683594,131.44000244140625,130.05999755859375,131.3699951171875,102.0636978149414,147311800,2012-01-30 14:30:00
1328020200,132.02000427246094,132.17999267578125,130.67999267578125,131.32000732421875,102.02485656738281,157212000,2012-01-31 14:30:00
1328106600,132.2899932861328,133.13999938964844,132.1300048828125,132.47000122070312,102.9183120727539,166234500,2012-02-01 14:30:00
1328193000,132.72999572753906,133.02000427246094,132.2100067138672,132.67999267578125,103.0814208984375,113090400,2012-02-02 14:30:00
1328279400,134.0,134.6199951171875,133.77000427246094,134.5399932861328,104.5265121459961,160598500,2012-02-03 14:30:00
1328538600,133.97999572753906,134.50999450683594,133.8300018310547,134.4499969482422,104.45658111572266,107694500,2012-02-06 14:30:00
1328625000,134.1699981689453,135.02000427246094,133.63999938964844,134.7899932861328,104.72073364257812,135528100,2012-02-07 14:30:00
1328711400,134.86000061035156,135.22000122070312,134.30999755859375,135.19000244140625,105.03153228759766,139361400,2012-02-08 14:30:00
1328797800,135.41000366210938,135.58999633789062,134.55999755859375,135.36000061035156,105.16358184814453,148602900,2012-02-09 14:30:00
1328884200,134.16000366210938,134.47000122070312,133.83999633789062,134.36000061035156,104.38665008544922,167907500,2012-02-10 14:30:00
1329143400,135.32000732421875,135.52000427246094,134.74000549316406,135.36000061035156,105.16358184814453,115841900,2012-02-13 14:30:00
1329229800,135.0,135.27000427246094,134.25,135.19000244140625,105.03153228759766,165329500,2012-02-14 14:30:00
1329316200,135.6300048828125,135.8300018310547,134.2899932861328,134.55999755859375,104.54208374023438,195195100,2012-02-15 14:30:00
1329402600,134.57000732421875,136.1699981689453,134.3300018310547,136.0500030517578,105.6996841430664,186567800,2012-02-16 14:30:00
1329489000,136.52000427246094,136.6300048828125,135.9600067138672,136.41000366210938,105.97936248779297,129869400,2012-02-17 14:30:00
1329834600,136.72999572753906,137.0500030517578,136.0500030517578,136.47000122070312,106.02593994140625,134042300,2012-02-21 14:30:00
1329921000,136.25999450683594,136.5500030517578,135.7899932861328,136.02999877929688,105.68407440185547,124455300,2012-02-22 14:30:00
1330007400,135.9600067138672,136.72999572753906,135.5,136.6300048828125,106.1502456665039,137704300,2012-02-23 14:30:00
1330093800,136.92999267578125,137.1999969482422,136.6300048828125,136.92999267578125,106.38333892822266,105539100,2012-02-24 14:30:00
1330353000,136.02000427246094,137.52999877929688,135.8000030517578,137.16000366210938,106.56201171875,145728900,2012-02-27 14:30:00
1330439400,137.1999969482422,137.72000122070312,136.92999267578125,137.55999755859375,106.87277221679688,129355900,2012-02-28 14:30:00
1330525800,137.75999450683594,138.19000244140625,136.5399932861328,137.02000427246094,106.4532699584961,185934700,2012-02-29 14:30:00
1330612200,137.30999755859375,137.99000549316406,136.92999267578125,137.72999572753906,107.00486755371094,145023500,2012-03-01 14:30:00
1330698600,137.63999938964844,137.82000732421875,137.0,137.30999755859375,106.6785888671875,120638300,2012-03-02 14:30:00
1330957800,137.10000610351562,137.1999969482422,136.27999877929688,136.75,106.2435073852539,140765000,2012-03-05 14:30:00
1331044200,135.35000610351562,135.42999267578125,134.36000061035156,134.75,104.68965911865234,202129900,2012-03-06 14:30:00
1331130600,135.05999755859375,135.91000366210938,134.92999267578125,135.69000244140625,105.41997528076172,143692200,2012-03-07 14:30:00
1331217000,136.52000427246094,137.32000732421875,136.24000549316406,137.0399932861328,106.46875762939453,116968900,2012-03-08 14:30:00
1331303400,137.3000030517578,137.92999267578125,137.1300048828125,137.57000732421875,106.88054656982422,122836800,2012-03-09 14:30:00
1331559000,137.5500030517578,137.75999450683594,137.08999633789062,137.5800018310547,106.88832092285156,104003500,2012-03-12 13:30:00
1331645400,138.32000732421875,140.1300048828125,138.08999633789062,140.05999755859375,108.81510162353516,184090500,2012-03-13 13:30:00
1331731800,140.10000610351562,140.4499969482422,139.47999572753906,139.91000366210938,108.69855499267578,145163600,2012-03-14 13:30:00
1331818200,140.1199951171875,140.77999877929688,139.75999450683594,140.72000122070312,109.32786560058594,165118500,2012-03-15 13:30:00
1331904600,140.36000061035156,140.47999572753906,140.0,140.3000030517578,109.47924041748047,152893500,2012-03-16 13:30:00
1332163800,140.2100067138672,141.27999877929688,140.11000061035156,140.85000610351562,109.90841674804688,125291100,2012-03-19 13:30:00
1332250200,140.0500030517578,140.61000061035156,139.63999938964844,140.44000244140625,109.5885009765625,121729700,2012-03-20 13:30:00
1332336600,140.52000427246094,140.64999389648438,139.9199981689453,140.2100067138672,109.40904235839844,122388400,2012-03-21 13:30:00
1332423000,139.17999267578125,139.5500030517578,138.74000549316406,139.1999969482422,108.62089538574219,135216700,2012-03-22 13:30:00
1332509400,139.32000732421875,139.80999755859375,138.5500030517578,139.64999389648438,108.97203826904297,120521000,2012-03-23 13:30:00
1332768600,140.64999389648438,141.61000061035156,140.60000610351562,141.61000061035156,110.50144958496094,120164000,2012-03-26 13:30:00
1332855000,141.74000549316406,141.8300018310547,141.0800018310547,141.1699981689453,110.15814208984375,119868500,2012-03-27 13:30:00
1332941400,141.10000610351562,141.32000732421875,139.63999938964844,140.47000122070312,109.6119155883789,148562100,2012-03-28 13:30:00
1333027800,139.63999938964844,140.49000549316406,139.08999633789062,140.22999572753906,109.42459869384766,164963700,2012-03-29 13:30:00
1333114200,140.9199981689453,141.0500030517578,140.0500030517578,140.80999755859375,109.87720489501953,135486800,2012-03-30 13:30:00
1333373400,140.63999938964844,142.2100067138672,140.36000061035156,141.83999633789062,110.68094635009766,151741100,2012-04-02 13:30:00
1333459800,141.63999938964844,141.8800048828125,140.42999267578125,141.25999450683594,110.22835540771484,155806700,2012-04-03 13:30:00
1333546200,140.22000122070312,140.33999633789062,139.33999633789062,139.86000061035156,109.13584899902344,146896000,2012-04-04 13:30:00
1333632600,139.3800048828125,140.1999969482422,139.25999450683594,139.7899932861328,109.08124542236328,137439400,2012-04-05 13:30:00
1333978200,138.02999877929688,139.83999633789062,137.83999633789062,138.22000122070312,107.85621643066406,127555900,2012-04-09 13:30:00
1334064600,137.9499969482422,138.33999633789062,135.75999450683594,135.89999389648438,106.04581451416016,235360300,2012-04-10 13:30:00
1334151000,137.2899932861328,137.5399932861328,136.75,137.0,106.90418243408203,154133000,2012-04-11 13:30:00
1334237400,137.1300048828125,138.89999389648438,137.02999877929688,138.7899932861328,108.3009262084961,154321500,2012-04-12 13:30:00
1334323800,138.47000122070312,138.82000732421875,137.00999450683594,137.13999938964844,107.01343536376953,169246700,2012-04-13 13:30:00
1334583000,137.83999633789062,138.0399932861328,136.5800018310547,137.0500030517578,106.94319152832031,147825300,2012-04-16 13:30:00
1334669400,137.83999633789062,139.36000061035156,137.6999969482422,139.0800018310547,108.52726745605469,147877600,2012-04-17 13:30:00
1334755800,138.4600067138672,139.0800018310547,138.3800048828125,138.61000061035156,108.16048431396484,123884200,2012-04-18 13:30:00
1334842200,138.6300048828125,139.14999389648438,137.07000732421875,137.72000122070312,107.46605682373047,198666700,2012-04-19 13:30:00
1334928600,138.3300018310547,138.8300018310547,137.8699951171875,137.9499969482422,107.6454849243164,143199600,2012-04-20 13:30:00
1335187800,136.5399932861328,136.91000366210938,135.94000244140625,136.7899932861328,106.74032592773438,171844900,2012-04-23 13:30:00
1335274200,136.91000366210938,137.66000366210938,136.8000030517578,137.30999755859375,107.14612579345703,137484200,2012-04-24 13:30:00
1335360600,138.64999389648438,139.25,138.52999877929688,139.19000244140625,108.61307525634766,150252200,2012-04-25 13:30:00
1335447000,138.88999938964844,140.32000732421875,138.80999755859375,140.16000366210938,109.3699951171875,136291600,2012-04-26 13:30:00
1335533400,140.5800018310547,140.7899932861328,139.8000030517578,140.38999938964844,109.54948425292969,130725000,2012-04-27 13:30:00
1335792600,140.11000061035156,140.2100067138672,139.49000549316406,139.8699951171875,109.14370727539062,115092200,2012-04-30 13:30:00
1335879000,139.7899932861328,141.66000366210938,139.6300048828125,140.74000549316406,109.82258605957031,138832200,2012-05-01 13:30:00
1335965400,139.9199981689453,140.4600067138672,139.4600067138672,140.32000732421875,109.49488067626953,121081000,2012-05-02 13:30:00
1336051800,140.33999633789062,140.4499969482422,138.99000549316406,139.25,108.65994262695312,143759700,2012-05-03 13:30:00
1336138200,138.52000427246094,139.3000030517578,136.9199981689453,137.0,106.90418243408203,193927300,2012-05-04 13:30:00
1336397400,136.50999450683594,137.55999755859375,136.4600067138672,137.10000610351562,106.98223114013672,127765900,2012-05-07 13:30:00
1336483800,136.27999877929688,136.77000427246094,134.9199981689453,136.5500030517578,106.55305480957031,213377700,2012-05-08 13:30:00
1336570200,135.10000610351562,136.61000061035156,134.49000549316406,135.74000549316406,105.92097473144531,220752500,2012-05-09 13:30:00
1336656600,136.67999267578125,136.85000610351562,135.7100067138672,136.02000427246094,106.13948059082031,150600000,2012-05-10 13:30:00
1336743000,135.1699981689453,136.8699951171875,135.11000061035156,135.61000061035156,105.81951904296875,153032400,2012-05-11 13:30:00
1337002200,134.30999755859375,135.61000061035156,133.91000366210938,134.11000061035156,104.6490707397461,163910000,2012-05-14 13:30:00
1337088600,134.02000427246094,134.80999755859375,133.1300048828125,133.33999633789062,104.0482177734375,207629300,2012-05-15 13:30:00
1337175000,133.94000244140625,134.5500030517578,132.8000030517578,132.8300018310547,103.65025329589844,207265500,2012-05-16 13:30:00
1337261400,132.86000061035156,133.02000427246094,130.7899932861328,130.86000061035156,102.11297607421875,247992900,2012-05-17 13:30:00
1337347800,131.3699951171875,131.60000610351562,129.5500030517578,129.74000549316406,101.2390365600586,319615900,2012-05-18 13:30:00
1337607000,130.16000366210938,132.02000427246094,129.9499969482422,131.97000122070312,102.97916412353516,177861100,2012-05-21 13:30:00
1337693400,132.30999755859375,133.22999572753906,131.33999633789062,132.1999969482422,103.15861511230469,197531200,2012-05-22 13:30:00
1337779800,131.25,132.4600067138672,129.99000549316406,132.27000427246094,103.21326446533203,204958400,2012-05-23 13:30:00
1337866200,132.6300048828125,132.83999633789062,131.4199981689453,132.52999877929688,103.4161148071289,167357600,2012-05-24 13:30:00
1337952600,132.47999572753906,132.85000610351562,131.77999877929688,132.10000610351562,103.08062744140625,135465600,2012-05-25 13:30:00
1338298200,133.16000366210938,133.92999267578125,131.1699981689453,133.6999969482422,104.32913208007812,152883500,2012-05-29 13:30:00
1338384600,132.55999755859375,133.69000244140625,131.49000549316406,131.75999450683594,102.81527709960938,162370400,2012-05-30 13:30:00
1338471000,131.7100067138672,132.4499969482422,130.33999633789062,131.47000122070312,102.58897399902344,196186000,2012-05-31 13:30:00
1338557400,129.41000366210938,131.5,128.16000366210938,128.16000366210938,100.00614929199219,253240900,2012-06-01 13:30:00
1338816600,128.38999938964844,128.74000549316406,127.13999938964844,128.10000610351562,99.95930480957031,202545800,2012-06-04 13:30:00
1338903000,127.8499984741211,129.25999450683594,127.77999877929688,129.07000732421875,100.71620178222656,164149400,2012-06-05 13:30:00
1338989400,129.97000122070312,132.02999877929688,129.92999267578125,131.97000122070312,102.97916412353516,184202800,2012-06-06 13:30:00
1339075800,133.47000122070312,133.52999877929688,131.77999877929688,132.0500030517578,103.04158782958984,184772700,2012-06-07 13:30:00
1339162200,131.7100067138672,133.1300048828125,131.2899932861328,133.10000610351562,103.8609619140625,143915400,2012-06-08 13:30:00
1339421400,134.1699981689453,134.25,131.27999877929688,131.41000366210938,102.54216766357422,169756100,2012-06-11 13:30:00
1339507800,131.7899932861328,133.00999450683594,131.16000366210938,132.9199981689453,103.72044372558594,181931800,2012-06-12 13:30:00
1339594200,132.52999877929688,133.36000061035156,131.6199951171875,132.07000732421875,103.05717468261719,172223900,2012-06-13 13:30:00
1339680600,132.33999633789062,134.0,131.97999572753906,133.47000122070312,104.1496353149414,230615500,2012-06-14 13:30:00
1339767000,133.3800048828125,134.25999450683594,133.10000610351562,134.13999938964844,105.21479797363281,169444500,2012-06-15 13:30:00
1340026200,133.5800018310547,134.72999572753906,133.27999877929688,134.39999389648438,105.41877746582031,131360900,2012-06-18 13:30:00
1340112600,135.0800018310547,136.25,134.3699951171875,135.6999969482422,106.43841552734375,137382600,2012-06-19 13:30:00
1340199000,135.7100067138672,136.10000610351562,134.27000427246094,135.47999572753906,106.26587677001953,206451800,2012-06-20 13:30:00
1340285400,135.63999938964844,135.77999877929688,132.3300018310547,132.44000244140625,103.88138580322266,205272200,2012-06-21 13:30:00
1340371800,133.1300048828125,133.7100067138672,132.6199951171875,133.4600067138672,104.68144989013672,130029200,2012-06-22 13:30:00
1340631000,132.0500030517578,132.10000610351562,130.85000610351562,131.32000732421875,103.0029067993164,146375700,2012-06-25 13:30:00
1340717400,131.6999969482422,132.3800048828125,130.92999267578125,131.97999572753906,103.52056121826172,141634000,2012-06-26 13:30:00
1340803800,132.4199981689453,133.42999267578125,131.97000122070312,133.1699981689453,104.45394897460938,108088000,2012-06-27 13:30:00
1340890200,132.2899932861328,132.99000549316406,131.27999877929688,132.7899932861328,104.15594482421875,169242100,2012-06-28 13:30:00
1340976600,135.1999969482422,136.27000427246094,134.85000610351562,136.10000610351562,106.75215911865234,212250900,2012-06-29 13:30:00
1341235800,136.47999572753906,136.64999389648438,135.52000427246094,136.50999450683594,107.0737075805664,129524500,2012-07-02 13:30:00
1341322200,136.47999572753906,137.50999450683594,136.33999633789062,137.41000366210938,107.77967834472656,80450000,2012-07-03 13:30:00
1341495000,136.89999389648438,137.8000030517578,136.2899932861328,136.7899932861328,107.29339599609375,126177500,2012-07-05 13:30:00
1341581400,135.47000122070312,135.77000427246094,134.85000610351562,135.49000549316406,106.27373504638672,151192100,2012-07-06 13:30:00
1341840600,135.3800048828125,135.57000732421875,134.6999969482422,135.32000732421875,106.140380859375,103780500,2012-07-09 13:30:00
1341927000,136.00999450683594,136.22999572753906,133.67999267578125,134.13999938964844,105.21479797363281,167884800,2012-07-10 13:30:00
1342013400,134.2100067138672,134.60000610351562,133.3800048828125,134.16000366210938,105.23050689697266,141733400,2012-07-11 13:30:00
1342099800,133.3800048828125,134.22999572753906,132.60000610351562,133.50999450683594,104.72066497802734,143583200,2012-07-12 13:30:00
1342186200,133.86000061035156,135.88999938964844,133.83999633789062,135.75,106.47762298583984,129642600,2012-07-13 13:30:00
1342445400,135.44000244140625,135.8300018310547,134.89999389648438,135.42999267578125,106.22663116455078,97525200,2012-07-16 13:30:00
1342531800,135.97000122070312,136.63999938964844,134.5500030517578,136.36000061035156,106.95606994628906,138860300,2012-07-17 13:30:00
1342618200,136.0399932861328,137.63999938964844,135.9600067138672,137.3699951171875,107.74833679199219,113349700,2012-07-18 13:30:00
1342704600,137.64999389648438,138.17999267578125,137.2100067138672,137.72999572753906,108.03069305419922,129847300,2012-07-19 13:30:00
1342791000,136.9499969482422,137.16000366210938,136.32000732421875,136.47000122070312,107.04238891601562,142904500,2012-07-20 13:30:00
1343050200,134.47000122070312,136.3800048828125,133.83999633789062,135.08999633789062,105.95994567871094,145210900,2012-07-23 13:30:00
1343136600,135.19000244140625,135.25,133.02999877929688,133.92999267578125,105.05007934570312,173301200,2012-07-24 13:30:00
1343223000,134.2100067138672,134.55999755859375,133.25,133.9600067138672,105.0736312866211,129122300,2012-07-25 13:30:00
1343309400,135.88999938964844,136.4600067138672,135.25999450683594,136.1699981689453,106.80706787109375,156526500,2012-07-26 13:30:00
1343395800,136.88999938964844,139.07000732421875,136.13999938964844,138.67999267578125,108.7758560180664,236768900,2012-07-27 13:30:00
1343655000,138.52000427246094,139.33999633789062,138.27000427246094,138.67999267578125,108.7758560180664,106782000,2012-07-30 13:30:00
1343741400,138.49000549316406,138.8699951171875,137.7100067138672,137.7100067138672,108.01502227783203,120575900,2012-07-31 13:30:00
1343827800,138.6999969482422,138.72999572753906,137.39999389648438,137.58999633789062,107.9208755493164,138293800,2012-08-01 13:30:00
1343914200,136.5500030517578,137.57000732421875,135.5800018310547,136.63999938964844,107.17571258544922,199556600,2012-08-02 13:30:00
1344000600,138.55999755859375,139.63999938964844,136.67999267578125,139.35000610351562,109.30135345458984,157825000,2012-08-03 13:30:00
1344259800,139.72000122070312,140.1699981689453,139.55999755859375,139.6199951171875,109.51315307617188,86326200,2012-08-06 13:30:00
1344346200,140.17999267578125,140.9199981689453,140.02999877929688,140.32000732421875,110.06218719482422,109545100,2012-08-07 13:30:00
1344432600,139.85000610351562,140.64999389648438,139.80999755859375,140.49000549316406,110.19556427001953,89754700,2012-08-08 13:30:00
1344519000,140.2899932861328,140.88999938964844,140.14999389648438,140.61000061035156,110.2896499633789,90291700,2012-08-09 13:30:00
1344605400,140.0399932861328,140.88999938964844,139.80999755859375,140.83999633789062,110.47004699707031,99792700,2012-08-10 13:30:00
1344864600,140.60000610351562,140.83999633789062,140.0399932861328,140.77000427246094,110.41514587402344,79426900,2012-08-13 13:30:00
1344951000,141.2899932861328,141.3800048828125,140.3699951171875,140.7899932861328,110.43087005615234,102379400,2012-08-14 13:30:00
1345037400,140.63999938964844,141.19000244140625,140.5500030517578,140.9499969482422,110.55632781982422,71085900,2012-08-15 13:30:00
1345123800,141.14999389648438,142.16000366210938,140.8000030517578,141.99000549316406,111.37211608886719,112014200,2012-08-16 13:30:00
1345210200,142.22999572753906,142.3000030517578,141.86000061035156,142.17999267578125,111.52110290527344,90813700,2012-08-17 13:30:00
1345469400,141.97999572753906,142.22000122070312,141.58999633789062,142.19000244140625,111.52894592285156,78255700,2012-08-20 13:30:00
1345555800,142.5399932861328,143.08999633789062,141.4499969482422,141.75999450683594,111.19165802001953,105581100,2012-08-21 13:30:00
1345642200,141.39999389648438,142.0500030517578,141.07000732421875,141.82000732421875,111.23876953125,133243500,2012-08-22 13:30:00
1345728600,141.47000122070312,141.47999572753906,140.44000244140625,140.66000366210938,110.32890319824219,111466400,2012-08-23 13:30:00
1345815000,140.30999755859375,141.8300018310547,140.22000122070312,141.50999450683594,110.99559783935547,99481200,2012-08-24 13:30:00
1346074200,141.88999938964844,142.0800018310547,141.33999633789062,141.5399932861328,111.01911163330078,68785900,2012-08-27 13:30:00
1346160600,141.17999267578125,141.83999633789062,140.97000122070312,141.39999389648438,110.90933990478516,75689600,2012-08-28 13:30:00
1346247000,141.52000427246094,141.88999938964844,141.1199951171875,141.50999450683594,110.99559783935547,65421300,2012-08-29 13:30:00
1346333400,140.89999389648438,140.94000244140625,140.19000244140625,140.49000549316406,110.19556427001953,96589900,2012-08-30 13:30:00
1346419800,141.2899932861328,141.82000732421875,140.36000061035156,141.16000366210938,110.7210464477539,151970400,2012-08-31 13:30:00
1346765400,141.0399932861328,141.4600067138672,140.1300048828125,141.02999877929688,110.6191177368164,120226200,2012-09-04 13:30:00
1346851800,141.08999633789062,141.47000122070312,140.6300048828125,140.91000366210938,110.52499389648438,100660300,2012-09-05 13:30:00
1346938200,141.75999450683594,143.77999877929688,141.75,143.77000427246094,112.76825714111328,158272500,2012-09-06 13:30:00
1347024600,144.00999450683594,144.38999938964844,143.8800048828125,144.3300018310547,113.20748138427734,107272100,2012-09-07 13:30:00
1347283800,144.19000244140625,144.44000244140625,143.4600067138672,143.50999450683594,112.56429290771484,86458500,2012-09-10 13:30:00
1347370200,143.60000610351562,144.3699951171875,143.55999755859375,143.91000366210938,112.87805938720703,88760000,2012-09-11 13:30:00
1347456600,144.38999938964844,144.5500030517578,143.89999389648438,144.38999938964844,113.25454711914062,87640900,2012-09-12 13:30:00
1347543000,144.3699951171875,147.0399932861328,143.99000549316406,146.58999633789062,114.98016357421875,225470200,2012-09-13 13:30:00
1347629400,146.8800048828125,148.11000061035156,146.75999450683594,147.24000549316406,115.4900131225586,169777000,2012-09-14 13:30:00
1347888600,146.94000244140625,147.19000244140625,146.3699951171875,146.74000549316406,115.09783172607422,119427800,2012-09-17 13:30:00
1347975000,146.49000549316406,146.80999755859375,146.25,146.6199951171875,115.00366973876953,98326600,2012-09-18 13:30:00
1348061400,146.7899932861328,147.1699981689453,146.41000366210938,146.6999969482422,115.06645202636719,128318300,2012-09-19 13:30:00
1348147800,146.02999877929688,146.7899932861328,145.6300048828125,146.7100067138672,115.07430267333984,154009800,2012-09-20 13:30:00
1348234200,146.63999938964844,146.6699981689453,145.80999755859375,145.8699951171875,115.02619934082031,108737500,2012-09-21 13:30:00
1348493400,145.14999389648438,145.97999572753906,145.0399932861328,145.64999389648438,114.85265350341797,95682000,2012-09-24 13:30:00
1348579800,145.9600067138672,146.24000549316406,144.05999755859375,144.10000610351562,113.63043212890625,133165200,2012-09-25 13:30:00
1348666200,144.07000732421875,144.11000061035156,142.9499969482422,143.2899932861328,112.9917221069336,146502200,2012-09-26 13:30:00
1348752600,143.88999938964844,144.97000122070312,143.50999450683594,144.63999938964844,114.05625915527344,111830300,2012-09-27 13:30:00
1348839000,144.08999633789062,144.55999755859375,143.4600067138672,143.97000122070312,113.5279541015625,150696100,2012-09-28 13:30:00
1349098200,144.52000427246094,145.69000244140625,144.00999450683594,144.35000610351562,113.82756805419922,135911200,2012-10-01 13:30:00
1349184600,144.9199981689453,145.14999389648438,143.8300018310547,144.5,113.94586181640625,113422200,2012-10-02 13:30:00
1349271000,144.88999938964844,145.42999267578125,144.1300048828125,145.08999633789062,114.41114807128906,121283100,2012-10-03 13:30:00
1349357400,145.63999938964844,146.33999633789062,145.44000244140625,146.1300048828125,115.2312240600586,124311600,2012-10-04 13:30:00
1349443800,146.91000366210938,147.16000366210938,145.6999969482422,146.13999938964844,115.23908996582031,124842100,2012-10-05 13:30:00
1349703000,145.60000610351562,146.1199951171875,145.30999755859375,145.63999938964844,114.84484100341797,78415400,2012-10-08 13:30:00
1349789400,145.52999877929688,145.64999389648438,144.14999389648438,144.1999969482422,113.70933532714844,148872900,2012-10-09 13:30:00
1349875800,144.17999267578125,144.32000732421875,143.08999633789062,143.27999877929688,112.98383331298828,124247500,2012-10-10 13:30:00
1349962200,144.27999877929688,144.49000549316406,143.3300018310547,143.36000061035156,113.04692840576172,123601500,2012-10-11 13:30:00
1350048600,143.4600067138672,143.9499969482422,142.5800018310547,142.88999938964844,112.67630767822266,124181900,2012-10-12 13:30:00
1350307800,143.22999572753906,144.22999572753906,142.77000427246094,144.0800018310547,113.61469268798828,107689100,2012-10-15 13:30:00
1350394200,144.75999450683594,145.63999938964844,144.66000366210938,145.5399932861328,114.76592254638672,108815500,2012-10-16 13:30:00
1350480600,145.63999938964844,146.32000732421875,145.4199981689453,146.1999969482422,115.28644561767578,128834100,2012-10-17 13:30:00
1350567000,145.82000732421875,146.52000427246094,145.3300018310547,145.82000732421875,114.98677825927734,148108500,2012-10-18 13:30:00
1350653400,145.5500030517578,145.55999755859375,143.0500030517578,143.38999938964844,113.07057189941406,185645200,2012-10-19 13:30:00
1350912600,143.14999389648438,143.6699981689453,142.27999877929688,143.41000366210938,113.08634185791016,125578600,2012-10-22 13:30:00
1350999000,141.86000061035156,142.05999755859375,140.8300018310547,141.4199981689453,111.51713562011719,192056300,2012-10-23 13:30:00
1351085400,141.92999267578125,142.10000610351562,140.8000030517578,141.02000427246094,111.20169830322266,120179400,2012-10-24 13:30:00
1351171800,142.02000427246094,142.27999877929688,140.57000732421875,141.42999267578125,111.52503204345703,134457400,2012-10-25 13:30:00
1351258200,141.3000030517578,141.83999633789062,140.38999938964844,141.35000610351562,111.46190643310547,146023500,2012-10-26 13:30:00
1351690200,141.85000610351562,142.02999877929688,140.67999267578125,141.35000610351562,111.46190643310547,103438500,2012-10-31 13:30:00
1351776600,141.64999389648438,143.00999450683594,141.52000427246094,142.8300018310547,112.62894439697266,100995600,2012-11-01 13:30:00
1351863000,143.67999267578125,143.72000122070312,141.41000366210938,141.55999755859375,111.62751007080078,137702200,2012-11-02 13:30:00
1352125800,141.35000610351562,142.1699981689453,140.92999267578125,141.85000610351562,111.85621643066406,98378500,2012-11-05 14:30:00
1352212200,142.27999877929688,143.52000427246094,142.1300048828125,142.9600067138672,112.73151397705078,107068100,2012-11-06 14:30:00
1352298600,141.66000366210938,141.67999267578125,139.05999755859375,139.72000122070312,110.17655944824219,264304500,2012-11-07 14:30:00
1352385000,139.6999969482422,140.41000366210938,137.92999267578125,138.0399932861328,108.8518295288086,181517300,2012-11-08 14:30:00
1352471400,137.6199951171875,139.44000244140625,137.5500030517578,138.16000366210938,108.94646453857422,201055300,2012-11-09 14:30:00
1352730600,138.58999633789062,138.80999755859375,137.9600067138672,138.27000427246094,109.033203125,97677500,2012-11-12 14:30:00
1352817000,137.5399932861328,139.25,137.36000061035156,137.7899932861328,108.65470123291016,123018300,2012-11-13 14:30:00
1352903400,138.2100067138672,138.42999267578125,135.6199951171875,135.92999267578125,107.1880111694336,191505000,2012-11-14 14:30:00
1352989800,135.97999572753906,136.49000549316406,135.17999267578125,135.6999969482422,107.0066146850586,178128400,2012-11-15 14:30:00
1353076200,135.89999389648438,136.63999938964844,134.6999969482422,136.3699951171875,107.5349349975586,239483900,2012-11-16 14:30:00
1353335400,137.89999389648438,139.14999389648438,136.41000366210938,139.1300048828125,109.7113265991211,151495800,2012-11-19 14:30:00
1353421800,138.91000366210938,139.4199981689453,138.0800018310547,139.19000244140625,109.75865173339844,119807400,2012-11-20 14:30:00
1353508200,139.30999755859375,139.57000732421875,139.02999877929688,139.4499969482422,109.96369171142578,81710800,2012-11-21 14:30:00
1353681000,140.1300048828125,141.39999389648438,140.0399932861328,141.35000610351562,111.46190643310547,65409200,2012-11-23 14:30:00
1353940200,140.64999389648438,141.36000061035156,140.19000244140625,141.0500030517578,111.22537994384766,100124400,2012-11-26 14:30:00
1354026600,140.91000366210938,141.38999938964844,140.24000549316406,140.3300018310547,110.65760803222656,128646200,2012-11-27 14:30:00
1354113000,139.75999450683594,141.5399932861328,139.0,141.4600067138672,111.54865264892578,177086500,2012-11-28 14:30:00
1354199400,141.99000549316406,142.50999450683594,141.3699951171875,142.1199951171875,112.06912231445312,151085900,2012-11-29 14:30:00
1354285800,142.13999938964844,142.4199981689453,141.66000366210938,142.14999389648438,112.09276580810547,136568300,2012-11-30 14:30:00
1354545000,142.8000030517578,142.9199981689453,141.33999633789062,141.4499969482422,111.54078674316406,124656300,2012-12-03 14:30:00
1354631400,141.44000244140625,141.8699951171875,140.8699951171875,141.25,111.3830795288086,127512200,2012-12-04 14:30:00
1354717800,141.3699951171875,142.16000366210938,140.3699951171875,141.5,111.5801773071289,147300500,2012-12-05 14:30:00
1354804200,141.3699951171875,142.0399932861328,141.16000366210938,141.97999572753906,111.95873260498047,103220600,2012-12-06 14:30:00
1354890600,142.52999877929688,142.69000244140625,141.6699981689453,142.41000366210938,112.29779052734375,108726400,2012-12-07 14:30:00
1355149800,142.2100067138672,142.80999755859375,142.14999389648438,142.47000122070312,112.34508514404297,98840700,2012-12-10 14:30:00
1355236200,143.05999755859375,144.11000061035156,142.99000549316406,143.44000244140625,113.11000061035156,152570400,2012-12-11 14:30:00
1355322600,144.0,144.5500030517578,143.30999755859375,143.50999450683594,113.16516876220703,145880100,2012-12-12 14:30:00
1355409000,143.4199981689453,143.8300018310547,142.27000427246094,142.6300048828125,112.47126770019531,135715000,2012-12-13 14:30:00
1355495400,142.32000732421875,142.5800018310547,141.8800048828125,142.10000610351562,112.0533447265625,137701700,2012-12-14 14:30:00
1355754600,142.47000122070312,143.85000610351562,142.42999267578125,143.77000427246094,113.3702163696289,143238200,2012-12-17 14:30:00
1355841000,144.0,145.5,143.7899932861328,145.3699951171875,114.63194274902344,177762800,2012-12-18 14:30:00
1355927400,145.52999877929688,145.5800018310547,144.24000549316406,144.2899932861328,113.78026580810547,150895400,2012-12-19 14:30:00
1356013800,144.3800048828125,145.13999938964844,143.97999572753906,145.1199951171875,114.43478393554688,168487000,2012-12-20 14:30:00
1356100200,142.1699981689453,144.08999633789062,141.94000244140625,142.7899932861328,113.39601135253906,245883800,2012-12-21 14:30:00
1356359400,142.47999572753906,142.55999755859375,142.19000244140625,142.35000610351562,113.04660034179688,53874600,2012-12-24 14:30:00
1356532200,142.63999938964844,142.7100067138672,141.35000610351562,141.75,112.57009887695312,106947700,2012-12-26 14:30:00
1356618600,141.7899932861328,142.0800018310547,139.9199981689453,141.55999755859375,112.4192123413086,167920600,2012-12-27 14:30:00
1356705000,140.63999938964844,141.4199981689453,139.8699951171875,140.02999877929688,111.2042007446289,148806700,2012-12-28 14:30:00
1356964200,139.66000366210938,142.55999755859375,139.5399932861328,142.41000366210938,113.0942611694336,243935200,2012-12-31 14:30:00
1357137000,145.11000061035156,146.14999389648438,144.72999572753906,146.05999755859375,115.99288177490234,192059000,2013-01-02 14:30:00
1357223400,145.99000549316406,146.3699951171875,145.33999633789062,145.72999572753906,115.73078918457031,144761800,2013-01-03 14:30:00
1357309800,145.97000122070312,146.61000061035156,145.6699981689453,146.3699951171875,116.23905944824219,116817700,2013-01-04 14:30:00
1357569000,145.85000610351562,146.11000061035156,145.42999267578125,145.97000122070312,115.92142486572266,110002500,2013-01-07 14:30:00
1357655400,145.7100067138672,145.91000366210938,144.97999572753906,145.5500030517578,115.58785247802734,121265100,2013-01-08 14:30:00
1357741800,145.8699951171875,146.32000732421875,145.63999938964844,145.9199981689453,115.88168334960938,90745600,2013-01-09 14:30:00
1357828200,146.72999572753906,147.08999633789062,145.97000122070312,147.0800018310547,116.8029556274414,130735400,2013-01-10 14:30:00
1357914600,147.0399932861328,147.14999389648438,146.61000061035156,147.07000732421875,116.79499053955078,113917300,2013-01-11 14:30:00
1358173800,146.88999938964844,147.07000732421875,146.42999267578125,146.97000122070312,116.71553039550781,89567200,2013-01-14 14:30:00
1358260200,146.2899932861328,147.2100067138672,146.1999969482422,147.07000732421875,116.79499053955078,93172600,2013-01-15 14:30:00
1358346600,146.77000427246094,147.27999877929688,146.61000061035156,147.0500030517578,116.77909851074219,104849500,2013-01-16 14:30:00
1358433000,147.6999969482422,148.4199981689453,147.14999389648438,148.0,117.53352355957031,133833500,2013-01-17 14:30:00
1358519400,147.97000122070312,148.49000549316406,147.42999267578125,148.3300018310547,117.7955551147461,169906000,2013-01-18 14:30:00
1358865000,148.3300018310547,149.1300048828125,147.97999572753906,149.1300048828125,118.43089294433594,111797300,2013-01-22 14:30:00
1358951400,149.1300048828125,149.5,148.86000061035156,149.3699951171875,118.62150573730469,104596100,2013-01-23 14:30:00
1359037800,149.14999389648438,150.13999938964844,149.00999450683594,149.41000366210938,118.65323638916016,146426400,2013-01-24 14:30:00
1359124200,149.8800048828125,150.25,149.3699951171875,150.25,119.32038116455078,147211600,2013-01-25 14:30:00
1359383400,150.2899932861328,150.3300018310547,149.50999450683594,150.07000732421875,119.17741394042969,113357700,2013-01-28 14:30:00
1359469800,149.77000427246094,150.85000610351562,149.6699981689453,150.66000366210938,119.6459732055664,105694400,2013-01-29 14:30:00
1359556200,150.63999938964844,150.94000244140625,149.92999267578125,150.07000732421875,119.17741394042969,137447700,2013-01-30 14:30:00
1359642600,149.88999938964844,150.3800048828125,149.60000610351562,149.6999969482422,118.88355255126953,108975800,2013-01-31 14:30:00
1359729000,150.64999389648438,151.4199981689453,150.38999938964844,151.24000549316406,120.10655975341797,131173000,2013-02-01 14:30:00
1359988200,150.32000732421875,151.27000427246094,149.42999267578125,149.5399932861328,118.75653076171875,159073600,2013-02-04 14:30:00
1360074600,150.35000610351562,151.47999572753906,150.2899932861328,151.0500030517578,119.95567321777344,113912400,2013-02-05 14:30:00
1360161000,150.52000427246094,151.25999450683594,150.41000366210938,151.16000366210938,120.04304504394531,138762800,2013-02-06 14:30:00
1360247400,151.2100067138672,151.35000610351562,149.86000061035156,150.9600067138672,119.88422393798828,162490000,2013-02-07 14:30:00
1360333800,151.22000122070312,151.88999938964844,151.22000122070312,151.8000030517578,120.5512924194336,103133700,2013-02-08 14:30:00
1360593000,151.74000549316406,151.89999389648438,151.38999938964844,151.77000427246094,120.52745819091797,73775000,2013-02-11 14:30:00
1360679400,151.77999877929688,152.3000030517578,151.61000061035156,152.02000427246094,120.72599029541016,65392700,2013-02-12 14:30:00
1360765800,152.3300018310547,152.61000061035156,151.72000122070312,152.14999389648438,120.82925415039062,82322600,2013-02-13 14:30:00
1360852200,151.69000244140625,152.47000122070312,151.52000427246094,152.2899932861328,120.9404067993164,80834300,2013-02-14 14:30:00
1360938600,152.42999267578125,152.58999633789062,151.5500030517578,152.11000061035156,120.79744720458984,215226500,2013-02-15 14:30:00
1361284200,152.3699951171875,153.27999877929688,152.16000366210938,153.25,121.70279693603516,95105400,2013-02-19 14:30:00
1361370600,153.13999938964844,153.19000244140625,151.25999450683594,151.33999633789062,120.18595123291016,160574800,2013-02-20 14:30:00
1361457000,150.9600067138672,151.4199981689453,149.94000244140625,150.4199981689453,119.45536041259766,183257000,2013-02-21 14:30:00
1361543400,151.14999389648438,151.88999938964844,150.49000549316406,151.88999938964844,120.6227798461914,106356600,2013-02-22 14:30:00
1361802600,152.6300048828125,152.86000061035156,149.0,149.0,118.32771301269531,245824800,2013-02-25 14:30:00
1361889000,149.72000122070312,150.1999969482422,148.72999572753906,150.02000427246094,119.13768005371094,186596200,2013-02-26 14:30:00
1361975400,149.88999938964844,152.3300018310547,149.75999450683594,151.91000366210938,120.63860321044922,150781900,2013-02-27 14:30:00
1362061800,151.89999389648438,152.8699951171875,151.41000366210938,151.61000061035156,120.40040588378906,126866000,2013-02-28 14:30:00
1362148200,151.08999633789062,152.33999633789062,150.41000366210938,152.11000061035156,120.79744720458984,170634800,2013-03-01 14:30:00
1362407400,151.75999450683594,152.9199981689453,151.52000427246094,152.9199981689453,121.44073486328125,99010200,2013-03-04 14:30:00
1362493800,153.66000366210938,154.6999969482422,153.63999938964844,154.2899932861328,122.52871704101562,121431900,2013-03-05 14:30:00
1362580200,154.83999633789062,154.9199981689453,154.16000366210938,154.5,122.69548797607422,94469900,2013-03-06 14:30:00
1362666600,154.6999969482422,154.97999572753906,154.52000427246094,154.77999877929688,122.91786193847656,86101400,2013-03-07 14:30:00
1362753000,155.4600067138672,155.64999389648438,154.66000366210938,155.44000244140625,123.44198608398438,123477800,2013-03-08 14:30:00
1363008600,155.32000732421875,156.0399932861328,155.1300048828125,156.02999877929688,123.9105224609375,83746800,2013-03-11 13:30:00
1363095000,155.9199981689453,156.10000610351562,155.2100067138672,155.67999267578125,123.63252258300781,105755800,2013-03-12 13:30:00
1363181400,155.75999450683594,156.1199951171875,155.22999572753906,155.89999389648438,123.80726623535156,92550900,2013-03-13 13:30:00
1363267800,156.30999755859375,156.8000030517578,155.91000366210938,156.72999572753906,124.46643829345703,126329900,2013-03-14 13:30:00
1363354200,155.85000610351562,156.0399932861328,155.30999755859375,155.8300018310547,124.3021011352539,138601100,2013-03-15 13:30:00
1363613400,154.33999633789062,155.63999938964844,154.1999969482422,154.97000122070312,123.61612701416016,126704300,2013-03-18 13:30:00
1363699800,155.3000030517578,155.50999450683594,153.58999633789062,154.61000061035156,123.32894134521484,167567300,2013-03-19 13:30:00
1363786200,155.52000427246094,155.9499969482422,155.25999450683594,155.69000244140625,124.19042205810547,113759300,2013-03-20 13:30:00
1363872600,154.75999450683594,155.63999938964844,154.10000610351562,154.36000061035156,123.12953186035156,128605000,2013-03-21 13:30:00
1363959000,154.85000610351562,155.60000610351562,154.72999572753906,155.60000610351562,124.11862182617188,111163600,2013-03-22 13:30:00
1364218200,156.00999450683594,156.27000427246094,154.35000610351562,154.9499969482422,123.60013580322266,151322300,2013-03-25 13:30:00
1364304600,155.58999633789062,156.22999572753906,155.4199981689453,156.19000244140625,124.58932495117188,86856600,2013-03-26 13:30:00
1364391000,155.25999450683594,156.24000549316406,155.0,156.19000244140625,124.58932495117188,99950600,2013-03-27 13:30:00
1364477400,156.08999633789062,156.85000610351562,155.75,156.6699981689453,124.97213745117188,102932800,2013-03-28 13:30:00
1364823000,156.58999633789062,156.91000366210938,155.6699981689453,156.0500030517578,124.47762298583984,99194100,2013-04-01 13:30:00
1364909400,156.61000061035156,157.2100067138672,156.3699951171875,156.82000732421875,125.09182739257812,101504300,2013-04-02 13:30:00
1364995800,156.91000366210938,157.02999877929688,154.82000732421875,155.22999572753906,123.82347869873047,154167400,2013-04-03 13:30:00
1365082200,155.42999267578125,156.1699981689453,155.08999633789062,155.86000061035156,124.32606506347656,131885000,2013-04-04 13:30:00
1365168600,153.9499969482422,155.35000610351562,153.77000427246094,155.16000366210938,123.76770782470703,159666000,2013-04-05 13:30:00
1365427800,155.27000427246094,156.22000122070312,154.75,156.2100067138672,124.60527801513672,86571200,2013-04-08 13:30:00
1365514200,156.5,157.32000732421875,155.97999572753906,156.75,125.03597259521484,101922200,2013-04-09 13:30:00
1365600600,157.1699981689453,158.8699951171875,157.1300048828125,158.6699981689453,126.56756591796875,135711100,2013-04-10 13:30:00
1365687000,158.6999969482422,159.7100067138672,158.5399932861328,159.19000244140625,126.98226165771484,110142500,2013-04-11 13:30:00
1365773400,158.67999267578125,159.0399932861328,157.9199981689453,158.8000030517578,126.67119598388672,116359900,2013-04-12 13:30:00
1366032600,158.0,158.1300048828125,155.10000610351562,155.1199951171875,123.73573303222656,217259000,2013-04-15 13:30:00
1366119000,156.2899932861328,157.49000549316406,155.91000366210938,157.41000366210938,125.56245422363281,147507800,2013-04-16 13:30:00
1366205400,156.2899932861328,156.32000732421875,154.27999877929688,155.11000061035156,123.72775268554688,226834800,2013-04-17 13:30:00
1366291800,155.3699951171875,155.41000366210938,153.5500030517578,154.13999938964844,122.95401000976562,167583200,2013-04-18 13:30:00
1366378200,154.5,155.5500030517578,154.1199951171875,155.47999572753906,124.0229263305664,149687600,2013-04-19 13:30:00
1366637400,155.77999877929688,156.5399932861328,154.75,156.1699981689453,124.57328796386719,106553500,2013-04-22 13:30:00
1366723800,156.9499969482422,157.92999267578125,156.1699981689453,157.77999877929688,125.85753631591797,166141300,2013-04-23 13:30:00
1366810200,157.8300018310547,158.3000030517578,157.5399932861328,157.8800048828125,125.9373779296875,96781200,2013-04-24 13:30:00
1366896600,158.33999633789062,159.27000427246094,158.10000610351562,158.52000427246094,126.44790649414062,131060600,2013-04-25 13:30:00
1366983000,158.3300018310547,158.60000610351562,157.72999572753906,158.24000549316406,126.22454071044922,95918800,2013-04-26 13:30:00
1367242200,158.6699981689453,159.64999389648438,158.4199981689453,159.3000030517578,127.070068359375,88572800,2013-04-29 13:30:00
1367328600,159.27000427246094,159.72000122070312,158.61000061035156,159.67999267578125,127.37317657470703,116010700,2013-04-30 13:30:00
1367415000,159.3300018310547,159.41000366210938,158.10000610351562,158.27999877929688,126.25642395019531,138874200,2013-05-01 13:30:00
1367501400,158.67999267578125,159.88999938964844,158.52999877929688,159.75,127.42899322509766,96407600,2013-05-02 13:30:00
1367587800,161.13999938964844,161.8800048828125,159.77999877929688,161.3699951171875,128.7212371826172,144202300,2013-05-03 13:30:00
1367847000,161.49000549316406,162.00999450683594,161.4199981689453,161.77999877929688,129.0482940673828,66882100,2013-05-06 13:30:00
1367933400,162.1300048828125,162.64999389648438,161.6699981689453,162.60000610351562,129.70240783691406,90359200,2013-05-07 13:30:00
1368019800,162.4199981689453,163.38999938964844,162.3300018310547,163.33999633789062,130.29266357421875,97419200,2013-05-08 13:30:00
1368106200,163.27000427246094,163.6999969482422,162.47000122070312,162.8800048828125,129.9257354736328,106738600,2013-05-09 13:30:00
1368192600,162.99000549316406,163.5500030517578,162.50999450683594,163.41000366210938,130.34848022460938,103203000,2013-05-10 13:30:00
1368451800,163.1999969482422,163.80999755859375,162.82000732421875,163.5399932861328,130.4521942138672,81843200,2013-05-13 13:30:00
1368538200,163.6699981689453,165.35000610351562,163.6699981689453,165.22999572753906,131.8002471923828,119000900,2013-05-14 13:30:00
1368624600,164.9600067138672,166.4499969482422,164.91000366210938,166.1199951171875,132.51014709472656,120718500,2013-05-15 13:30:00
1368711000,165.77999877929688,166.36000061035156,165.08999633789062,165.33999633789062,131.88800048828125,109913600,2013-05-16 13:30:00
1368797400,165.9499969482422,167.0399932861328,165.72999572753906,166.94000244140625,133.164306640625,129801000,2013-05-17 13:30:00
1369056600,166.77999877929688,167.5800018310547,166.61000061035156,166.92999267578125,133.1562957763672,85071200,2013-05-20 13:30:00
1369143000,167.0800018310547,167.8000030517578,166.5,167.1699981689453,133.34776306152344,95804200,2013-05-21 13:30:00
1369229400,167.33999633789062,169.07000732421875,165.1699981689453,165.92999267578125,132.3585968017578,244031800,2013-05-22 13:30:00
1369315800,164.16000366210938,165.91000366210938,163.94000244140625,165.4499969482422,131.9757537841797,211064400,2013-05-23 13:30:00
1369402200,164.47000122070312,165.3800048828125,163.97999572753906,165.30999755859375,131.8641357421875,151573900,2013-05-24 13:30:00
1369747800,167.0399932861328,167.77999877929688,165.80999755859375,166.3000030517578,132.65382385253906,143679800,2013-05-28 13:30:00
1369834200,165.4199981689453,165.8000030517578,164.33999633789062,165.22000122070312,131.79229736328125,160363400,2013-05-29 13:30:00
1369920600,165.35000610351562,166.58999633789062,165.22000122070312,165.8300018310547,132.27891540527344,107793800,2013-05-30 13:30:00
1370007000,165.3699951171875,166.30999755859375,163.1300048828125,163.4499969482422,130.38038635253906,176850100,2013-05-31 13:30:00
1370266200,163.8300018310547,164.4600067138672,162.66000366210938,164.35000610351562,131.0983123779297,168390700,2013-06-03 13:30:00
1370352600,164.44000244140625,165.10000610351562,162.72999572753906,163.55999755859375,130.46812438964844,157631500,2013-06-04 13:30:00
1370439000,163.08999633789062,163.4199981689453,161.1300048828125,161.27000427246094,128.6414794921875,211737800,2013-06-05 13:30:00
1370525400,161.1999969482422,162.74000549316406,160.25,162.72999572753906,129.8060302734375,200225500,2013-06-06 13:30:00
1370611800,163.85000610351562,164.9499969482422,163.13999938964844,164.8000030517578,131.457275390625,188337800,2013-06-07 13:30:00
1370871000,165.30999755859375,165.39999389648438,164.3699951171875,164.8000030517578,131.457275390625,105667100,2013-06-10 13:30:00
1370957400,163.3000030517578,164.5399932861328,162.74000549316406,163.10000610351562,130.1011962890625,159505400,2013-06-11 13:30:00
1371043800,164.22000122070312,164.38999938964844,161.60000610351562,161.75,129.02432250976562,177361500,2013-06-12 13:30:00
1371130200,161.66000366210938,164.5,161.3000030517578,164.2100067138672,130.9866485595703,163587800,2013-06-13 13:30:00
1371216600,164.02999877929688,164.6699981689453,162.91000366210938,163.17999267578125,130.16502380371094,141197500,2013-06-14 13:30:00
1371475800,164.2899932861328,165.22000122070312,163.22000122070312,164.44000244140625,131.17010498046875,136295600,2013-06-17 13:30:00
1371562200,164.52999877929688,165.99000549316406,164.52000427246094,165.74000549316406,132.20704650878906,114695600,2013-06-18 13:30:00
1371648600,165.60000610351562,165.88999938964844,163.3800048828125,163.4499969482422,130.38038635253906,206149500,2013-06-19 13:30:00
1371735000,161.86000061035156,163.47000122070312,158.97999572753906,159.39999389648438,127.14981842041016,321255900,2013-06-20 13:30:00
1371821400,159.63999938964844,159.75999450683594,157.47000122070312,159.07000732421875,127.5579833984375,271956800,2013-06-21 13:30:00
1372080600,157.41000366210938,158.42999267578125,155.72999572753906,157.05999755859375,125.9461669921875,222329000,2013-06-24 13:30:00
1372167000,158.47999572753906,160.10000610351562,157.4199981689453,158.57000732421875,127.15705108642578,162262200,2013-06-25 13:30:00
1372253400,159.8699951171875,160.5,159.25,160.13999938964844,128.41607666015625,134848000,2013-06-26 13:30:00
1372339800,161.10000610351562,161.82000732421875,160.9499969482422,161.0800018310547,129.16981506347656,129483700,2013-06-27 13:30:00
1372426200,160.6300048828125,161.39999389648438,159.86000061035156,160.4199981689453,128.64053344726562,160402900,2013-06-28 13:30:00
1372685400,161.25999450683594,162.47999572753906,161.0800018310547,161.36000061035156,129.39431762695312,131954800,2013-07-01 13:30:00
1372771800,161.1199951171875,162.3000030517578,160.5,161.2100067138672,129.27401733398438,154863700,2013-07-02 13:30:00
1372858200,160.47999572753906,161.77000427246094,160.22000122070312,161.27999877929688,129.3301544189453,75216400,2013-07-03 13:30:00
1373031000,162.47000122070312,163.0800018310547,161.3000030517578,163.02000427246094,130.72547912597656,122416900,2013-07-05 13:30:00
1373290200,163.86000061035156,164.38999938964844,163.0800018310547,163.9499969482422,131.4713134765625,108092500,2013-07-08 13:30:00
1373376600,164.97999572753906,165.3300018310547,164.27000427246094,165.1300048828125,132.41749572753906,119298000,2013-07-09 13:30:00
1373463000,164.97000122070312,165.75,164.6300048828125,165.19000244140625,132.465576171875,121410100,2013-07-10 13:30:00
1373549400,167.11000061035156,167.61000061035156,165.17999267578125,167.44000244140625,134.2698516845703,135592200,2013-07-11 13:30:00
1373635800,167.38999938964844,167.92999267578125,167.1300048828125,167.50999450683594,134.3260498046875,104212700,2013-07-12 13:30:00
1373895000,167.97000122070312,168.38999938964844,167.67999267578125,168.14999389648438,134.83921813964844,69450600,2013-07-15 13:30:00
1373981400,168.25999450683594,168.36000061035156,167.07000732421875,167.52000427246094,134.33404541015625,88702100,2013-07-16 13:30:00
1374067800,168.16000366210938,168.47999572753906,167.72999572753906,167.9499969482422,134.67880249023438,92873900,2013-07-17 13:30:00
1374154200,168.30999755859375,169.27000427246094,168.1999969482422,168.8699951171875,135.4165802001953,103620100,2013-07-18 13:30:00
1374240600,168.52000427246094,169.22999572753906,168.30999755859375,169.1699981689453,135.65716552734375,103831700,2013-07-19 13:30:00
1374499800,169.41000366210938,169.74000549316406,169.00999450683594,169.5,135.9217987060547,79428600,2013-07-22 13:30:00
1374586200,169.8000030517578,169.8300018310547,169.0500030517578,169.13999938964844,135.63311767578125,80829700,2013-07-23 13:30:00
1374672600,169.7899932861328,169.86000061035156,168.17999267578125,168.52000427246094,135.13587951660156,112914000,2013-07-24 13:30:00
1374759000,168.22000122070312,169.0800018310547,167.94000244140625,168.92999267578125,135.46473693847656,111088600,2013-07-25 13:30:00
1374845400,168.22000122070312,169.16000366210938,167.52000427246094,169.11000061035156,135.60897827148438,107814600,2013-07-26 13:30:00
1375104600,168.67999267578125,169.05999755859375,168.11000061035156,168.58999633789062,135.1920166015625,79695000,2013-07-29 13:30:00
1375191000,169.10000610351562,169.27999877929688,168.19000244140625,168.58999633789062,135.1920166015625,85209600,2013-07-30 13:30:00
1375277400,168.94000244140625,169.85000610351562,168.49000549316406,168.7100067138672,135.2882843017578,142388700,2013-07-31 13:30:00
1375363800,169.99000549316406,170.80999755859375,169.89999389648438,170.66000366210938,136.8519744873047,110438400,2013-08-01 13:30:00
1375450200,170.27999877929688,170.97000122070312,170.0500030517578,170.9499969482422,137.08457946777344,91116700,2013-08-02 13:30:00
1375709400,170.57000732421875,170.9600067138672,170.35000610351562,170.6999969482422,136.8840789794922,54072700,2013-08-05 13:30:00
1375795800,170.3699951171875,170.74000549316406,169.35000610351562,169.72999572753906,136.10618591308594,87495000,2013-08-06 13:30:00
1375882200,169.19000244140625,169.42999267578125,168.5500030517578,169.17999267578125,135.66514587402344,84854700,2013-08-07 13:30:00
1375968600,169.97999572753906,170.17999267578125,168.92999267578125,169.8000030517578,136.16238403320312,102181300,2013-08-08 13:30:00
1376055000,169.5800018310547,170.10000610351562,168.72000122070312,169.30999755859375,135.7694091796875,91757700,2013-08-09 13:30:00
1376314200,168.4600067138672,169.30999755859375,168.3800048828125,169.11000061035156,135.60897827148438,68593300,2013-08-12 13:30:00
1376400600,169.41000366210938,169.89999389648438,168.41000366210938,169.61000061035156,136.01004028320312,80806000,2013-08-13 13:30:00
1376487000,169.52999877929688,169.8000030517578,168.6999969482422,168.74000549316406,135.3123016357422,79829200,2013-08-14 13:30:00
1376573400,167.41000366210938,167.42999267578125,166.08999633789062,166.3800048828125,133.41986083984375,152931800,2013-08-15 13:30:00
1376659800,166.05999755859375,166.6300048828125,165.5,165.8300018310547,132.97882080078125,130868200,2013-08-16 13:30:00
1376919000,165.63999938964844,166.2100067138672,164.75999450683594,164.77000427246094,132.1287841796875,96437600,2013-08-19 13:30:00
1377005400,165.0399932861328,166.1999969482422,164.86000061035156,165.5800018310547,132.77830505371094,89294400,2013-08-20 13:30:00
1377091800,165.1199951171875,166.02999877929688,164.19000244140625,164.55999755859375,131.9603729248047,159530500,2013-08-21 13:30:00
1377178200,164.89999389648438,166.3000030517578,164.88999938964844,166.05999755859375,133.16326904296875,101471400,2013-08-22 13:30:00
1377264600,166.5500030517578,166.8300018310547,165.77000427246094,166.6199951171875,133.61227416992188,90888900,2013-08-23 13:30:00
1377523800,166.7899932861328,167.3000030517578,165.88999938964844,166.0,133.1151580810547,89702100,2013-08-26 13:30:00
1377610200,164.36000061035156,166.0,163.2100067138672,163.3300018310547,130.9740447998047,158619400,2013-08-27 13:30:00
1377696600,163.25999450683594,164.49000549316406,163.0500030517578,163.91000366210938,131.4391632080078,108113000,2013-08-28 13:30:00
1377783000,163.5500030517578,165.0399932861328,163.39999389648438,164.1699981689453,131.64768981933594,119200500,2013-08-29 13:30:00
1377869400,164.50999450683594,164.52999877929688,163.1699981689453,163.64999389648438,131.23068237304688,134928900,2013-08-30 13:30:00
1378215000,165.22999572753906,165.5800018310547,163.6999969482422,164.38999938964844,131.8240509033203,142375100,2013-09-03 13:30:00
1378301400,164.42999267578125,166.02999877929688,164.1300048828125,165.75,132.9146728515625,97389400,2013-09-04 13:30:00
1378387800,165.85000610351562,166.39999389648438,165.72999572753906,165.9600067138672,133.08303833007812,63090500,2013-09-05 13:30:00
1378474200,166.50999450683594,166.97999572753906,164.47999572753906,166.0399932861328,133.147216796875,159756500,2013-09-06 13:30:00
1378733400,166.4499969482422,167.72999572753906,166.4499969482422,167.6300048828125,134.42222595214844,87559300,2013-09-09 13:30:00
1378819800,168.63999938964844,168.89999389648438,168.25999450683594,168.8699951171875,135.4165802001953,105847200,2013-09-10 13:30:00
1378906200,168.63999938964844,169.39999389648438,168.35000610351562,169.39999389648438,135.8415985107422,94545900,2013-09-11 13:30:00
1378992600,169.33999633789062,169.55999755859375,168.72000122070312,168.9499969482422,135.480712890625,83209000,2013-09-12 13:30:00
1379079000,169.1300048828125,169.4600067138672,168.74000549316406,169.3300018310547,135.78549194335938,72727800,2013-09-13 13:30:00
1379338200,171.16000366210938,171.24000549316406,170.0399932861328,170.30999755859375,136.57131958007812,106299200,2013-09-16 13:30:00
1379424600,170.4600067138672,171.11000061035156,170.4600067138672,171.07000732421875,137.18080139160156,82523300,2013-09-17 13:30:00
1379511000,171.00999450683594,173.52000427246094,170.5800018310547,173.0500030517578,138.7685089111328,203460600,2013-09-18 13:30:00
1379597400,173.52000427246094,173.60000610351562,172.58999633789062,172.75999450683594,138.53594970703125,146616900,2013-09-19 13:30:00
1379683800,172.3300018310547,172.3300018310547,170.5800018310547,170.72000122070312,137.56736755371094,132867100,2013-09-20 13:30:00
1379943000,170.49000549316406,170.64999389648438,169.38999938964844,169.92999267578125,136.93077087402344,104616500,2013-09-23 13:30:00
1380029400,169.89999389648438,170.52999877929688,169.2100067138672,169.52999877929688,136.6084747314453,106333100,2013-09-24 13:30:00
1380115800,169.63999938964844,169.97999572753906,168.88999938964844,169.0399932861328,136.21360778808594,117306500,2013-09-25 13:30:00
1380202200,169.32000732421875,170.1699981689453,169.0500030517578,169.69000244140625,136.73744201660156,77146900,2013-09-26 13:30:00
1380288600,168.83999633789062,169.13999938964844,168.47000122070312,168.91000366210938,136.10890197753906,99141800,2013-09-27 13:30:00
1380547800,167.47999572753906,168.5399932861328,167.14999389648438,168.00999450683594,135.3836212158203,143937000,2013-09-30 13:30:00
1380634200,168.13999938964844,169.5,167.97000122070312,169.33999633789062,136.4553680419922,127160000,2013-10-01 13:30:00
1380720600,168.35000610351562,169.33999633789062,167.8300018310547,169.17999267578125,136.326416015625,113350000,2013-10-02 13:30:00
1380807000,168.7899932861328,168.94000244140625,166.83999633789062,167.6199951171875,135.0693359375,176698000,2013-10-03 13:30:00
1380893400,167.75,169.05999755859375,167.52999877929688,168.88999938964844,136.0927276611328,96878000,2013-10-04 13:30:00
1381152600,167.4199981689453,168.4499969482422,167.25,167.42999267578125,134.9163055419922,96295000,2013-10-07 13:30:00
1381239000,167.39999389648438,167.6199951171875,165.36000061035156,165.47999572753906,133.34494018554688,178015000,2013-10-08 13:30:00
1381325400,165.8000030517578,166.1999969482422,164.52999877929688,165.60000610351562,133.4416961669922,168973000,2013-10-09 13:30:00
1381411800,167.2899932861328,169.25999450683594,167.22999572753906,169.1699981689453,136.31842041015625,195955000,2013-10-10 13:30:00
1381498200,168.91000366210938,170.32000732421875,168.77000427246094,170.25999450683594,137.19671630859375,105040000,2013-10-11 13:30:00
1381757400,169.2100067138672,171.0800018310547,169.0800018310547,170.94000244140625,137.74462890625,112106000,2013-10-14 13:30:00
1381843800,170.50999450683594,171.14999389648438,169.47000122070312,169.6999969482422,136.74551391601562,155485000,2013-10-15 13:30:00
1381930200,170.72000122070312,172.16000366210938,170.63999938964844,172.07000732421875,138.6551513671875,161676000,2013-10-16 13:30:00
1382016600,171.3699951171875,173.32000732421875,171.33999633789062,173.22000122070312,139.5819091796875,129389000,2013-10-17 13:30:00
1382103000,173.86000061035156,174.50999450683594,173.50999450683594,174.38999938964844,140.52467346191406,138316000,2013-10-18 13:30:00
1382362200,174.4499969482422,174.75,174.00999450683594,174.39999389648438,140.53274536132812,104104000,2013-10-21 13:30:00
1382448600,174.91000366210938,175.92999267578125,174.42999267578125,175.41000366210938,141.34666442871094,126663000,2013-10-22 13:30:00
1382535000,174.80999755859375,174.88999938964844,173.9600067138672,174.57000732421875,140.66978454589844,105484000,2013-10-23 13:30:00
1382621400,174.9199981689453,175.3699951171875,174.50999450683594,175.14999389648438,141.1371612548828,70350000,2013-10-24 13:30:00
1382707800,175.50999450683594,176.0,175.1699981689453,175.9499969482422,141.78175354003906,93625000,2013-10-25 13:30:00
1382967000,175.88999938964844,176.47000122070312,175.6999969482422,176.22999572753906,142.0074005126953,84979000,2013-10-28 13:30:00
1383053400,176.6300048828125,177.24000549316406,176.3800048828125,177.1699981689453,142.76483154296875,87401000,2013-10-29 13:30:00
1383139800,177.3800048828125,177.50999450683594,175.66000366210938,176.2899932861328,142.0557861328125,140002000,2013-10-30 13:30:00
1383226200,176.14999389648438,176.88999938964844,175.52999877929688,175.7899932861328,141.65280151367188,133795000,2013-10-31 13:30:00
1383312600,176.02000427246094,176.61000061035156,175.22000122070312,176.2100067138672,141.99130249023438,142805000,2013-11-01 13:30:00
1383575400,176.69000244140625,176.89999389648438,175.97999572753906,176.8300018310547,142.49090576171875,85677000,2013-11-04 14:30:00
1383661800,176.13999938964844,176.75,175.57000732421875,176.27000427246094,142.0396270751953,85825000,2013-11-05 14:30:00
1383748200,177.02999877929688,177.5,176.5399932861328,177.1699981689453,142.76483154296875,87348000,2013-11-06 14:30:00
1383834600,177.5,177.63999938964844,174.75999450683594,174.92999267578125,140.9598388671875,157000000,2013-11-07 14:30:00
1383921000,174.8699951171875,177.30999755859375,174.85000610351562,177.2899932861328,142.86154174804688,136713000,2013-11-08 14:30:00
1384180200,177.1199951171875,177.52999877929688,176.91000366210938,177.32000732421875,142.8857421875,62614000,2013-11-11 14:30:00
1384266600,176.94000244140625,177.36000061035156,176.3699951171875,176.9600067138672,142.5956268310547,83990000,2013-11-12 14:30:00
1384353000,176.08999633789062,178.42999267578125,176.08999633789062,178.3800048828125,143.7399139404297,103844000,2013-11-13 14:30:00
1384439400,178.5399932861328,179.4199981689453,178.25,179.27000427246094,144.45700073242188,103435000,2013-11-14 14:30:00
1384525800,179.55999755859375,180.1199951171875,179.3300018310547,180.0500030517578,145.08555603027344,102818000,2013-11-15 14:30:00
1384785000,180.35000610351562,180.5,179.02000427246094,179.4199981689453,144.5779266357422,104796000,2013-11-18 14:30:00
1384871400,179.3300018310547,179.8699951171875,178.72000122070312,179.02999877929688,144.26370239257812,93891000,2013-11-19 14:30:00
1384957800,179.38999938964844,179.92999267578125,177.97999572753906,178.47000122070312,143.81240844726562,124909000,2013-11-20 14:30:00
1385044200,178.97000122070312,180.0500030517578,178.86000061035156,179.91000366210938,144.9727325439453,92841000,2013-11-21 14:30:00
1385130600,179.97999572753906,180.8300018310547,179.77000427246094,180.80999755859375,145.69801330566406,81296000,2013-11-22 14:30:00
1385389800,181.1300048828125,181.1699981689453,180.3699951171875,180.6300048828125,145.5529327392578,79486000,2013-11-25 14:30:00
1385476200,180.72000122070312,181.22000122070312,180.41000366210938,180.67999267578125,145.59324645996094,86994000,2013-11-26 14:30:00
1385562600,180.8699951171875,181.24000549316406,180.64999389648438,181.1199951171875,145.94775390625,58800000,2013-11-27 14:30:00
1385735400,181.32000732421875,181.75,180.8000030517578,181.0,145.8510284423828,55870900,2013-11-29 14:30:00
1385994600,181.08999633789062,181.42999267578125,180.25,180.52999877929688,145.47230529785156,99726000,2013-12-02 14:30:00
1386081000,179.94000244140625,180.38999938964844,179.1699981689453,179.75,144.8438720703125,116563000,2013-12-03 14:30:00
1386167400,179.10000610351562,180.47999572753906,178.35000610351562,179.72999572753906,144.82772827148438,123033000,2013-12-04 14:30:00
1386253800,179.41000366210938,179.74000549316406,178.77000427246094,178.94000244140625,144.19110107421875,106934000,2013-12-05 14:30:00
1386340200,180.6699981689453,181.11000061035156,180.14999389648438,180.94000244140625,145.802734375,127728000,2013-12-06 14:30:00
1386599400,181.47000122070312,181.6699981689453,181.16000366210938,181.39999389648438,146.1733856201172,70124000,2013-12-09 14:30:00
1386685800,180.97999572753906,181.36000061035156,180.63999938964844,180.75,145.64962768554688,80976000,2013-12-10 14:30:00
1386772200,180.82000732421875,180.85000610351562,178.5,178.72000122070312,144.01382446289062,130591000,2013-12-11 14:30:00
1386858600,178.63999938964844,178.86000061035156,177.75999450683594,178.1300048828125,143.53848266601562,115565000,2013-12-12 14:30:00
1386945000,178.5,178.66000366210938,177.77000427246094,178.11000061035156,143.52227783203125,107808000,2013-12-13 14:30:00
1387204200,178.9499969482422,179.80999755859375,178.89999389648438,179.22000122070312,144.41677856445312,96195000,2013-12-16 14:30:00
1387290600,179.3800048828125,179.41000366210938,178.25,178.64999389648438,143.95741271972656,89886000,2013-12-17 14:30:00
1387377000,178.9199981689453,181.72999572753906,177.32000732421875,181.6999969482422,146.4152069091797,234906000,2013-12-18 14:30:00
1387463400,181.17999267578125,181.6999969482422,180.7100067138672,181.49000549316406,146.2459259033203,136531200,2013-12-19 14:30:00
1387549800,180.69000244140625,181.99000549316406,180.57000732421875,181.55999755859375,147.0966339111328,197087000,2013-12-20 14:30:00
1387809000,182.4499969482422,182.63999938964844,182.07000732421875,182.52999877929688,147.8824920654297,85598000,2013-12-23 14:30:00
1387895400,182.5399932861328,183.00999450683594,182.52999877929688,182.92999267578125,148.20657348632812,45368800,2013-12-24 14:30:00
1388068200,183.33999633789062,183.9600067138672,183.32000732421875,183.86000061035156,148.9600830078125,63365000,2013-12-26 14:30:00
1388154600,184.10000610351562,184.17999267578125,183.66000366210938,183.85000610351562,148.95193481445312,61814000,2013-12-27 14:30:00
1388413800,183.8699951171875,184.02000427246094,183.5800018310547,183.82000732421875,148.92767333984375,56857000,2013-12-30 14:30:00
1388500200,184.07000732421875,184.69000244140625,183.92999267578125,184.69000244140625,149.6324920654297,86119900,2013-12-31 14:30:00
1388673000,183.97999572753906,184.07000732421875,182.47999572753906,182.9199981689453,148.19842529296875,119636900,2014-01-02 14:30:00
1388759400,183.22999572753906,183.60000610351562,182.6300048828125,182.88999938964844,148.17413330078125,81390600,2014-01-03 14:30:00
1389018600,183.49000549316406,183.55999755859375,182.0800018310547,182.36000061035156,147.7447967529297,108028200,2014-01-06 14:30:00
1389105000,183.08999633789062,183.7899932861328,182.9499969482422,183.47999572753906,148.65216064453125,86144200,2014-01-07 14:30:00
1389191400,183.4499969482422,183.8300018310547,182.88999938964844,183.52000427246094,148.68455505371094,96582300,2014-01-08 14:30:00
1389277800,184.11000061035156,184.1300048828125,182.8000030517578,183.63999938964844,148.78179931640625,90683400,2014-01-09 14:30:00
1389364200,183.9499969482422,184.22000122070312,183.00999450683594,184.13999938964844,149.18690490722656,102026400,2014-01-10 14:30:00
1389623400,183.6699981689453,184.17999267578125,181.33999633789062,181.69000244140625,147.20196533203125,149892000,2014-01-13 14:30:00
1389709800,182.2899932861328,183.77000427246094,181.9499969482422,183.6699981689453,148.80618286132812,105016100,2014-01-14 14:30:00
1389796200,184.10000610351562,184.94000244140625,183.7100067138672,184.66000366210938,149.60821533203125,98525800,2014-01-15 14:30:00
1389882600,184.27999877929688,184.66000366210938,183.8300018310547,184.4199981689453,149.4137725830078,72290600,2014-01-16 14:30:00
1389969000,184.10000610351562,184.4499969482422,183.32000732421875,183.63999938964844,148.78179931640625,107848700,2014-01-17 14:30:00
1390314600,184.6999969482422,184.77000427246094,183.0500030517578,184.17999267578125,149.21925354003906,88621200,2014-01-21 14:30:00
1390401000,184.49000549316406,184.57000732421875,183.91000366210938,184.3000030517578,149.3165283203125,61270900,2014-01-22 14:30:00
1390487400,183.3699951171875,183.39999389648438,181.82000732421875,182.7899932861328,148.0930938720703,132496900,2014-01-23 14:30:00
1390573800,181.60000610351562,181.66000366210938,178.8300018310547,178.88999938964844,144.93345642089844,208677100,2014-01-24 14:30:00
1390833000,179.05999755859375,179.52000427246094,177.1199951171875,178.00999450683594,144.22047424316406,180843100,2014-01-27 14:30:00
1390919400,178.13999938964844,179.3000030517578,178.1199951171875,179.07000732421875,145.07925415039062,110463200,2014-01-28 14:30:00
1391005800,177.5800018310547,178.5500030517578,176.8800048828125,177.35000610351562,143.68580627441406,216597300,2014-01-29 14:30:00
1391092200,178.8300018310547,179.80999755859375,178.25999450683594,179.22999572753906,145.20887756347656,118938100,2014-01-30 14:30:00
1391178600,177.00999450683594,179.2899932861328,176.9199981689453,178.17999267578125,144.3582000732422,194677900,2014-01-31 14:30:00
1391437800,177.97000122070312,178.3699951171875,173.8300018310547,174.1699981689453,141.10940551757812,254837100,2014-02-03 14:30:00
1391524200,174.9499969482422,175.83999633789062,174.11000061035156,175.38999938964844,142.09774780273438,165012400,2014-02-04 14:30:00
1391610600,174.77999877929688,175.55999755859375,173.7100067138672,175.1699981689453,141.91957092285156,164230500,2014-02-05 14:30:00
1391697000,175.5800018310547,177.47999572753906,175.22000122070312,177.47999572753906,143.79112243652344,132877600,2014-02-06 14:30:00
1391783400,178.30999755859375,179.8699951171875,177.72999572753906,179.67999267578125,145.57342529296875,170787200,2014-02-07 14:30:00
1392042600,179.6999969482422,180.07000732421875,179.2100067138672,180.00999450683594,145.84088134765625,92218800,2014-02-10 14:30:00
1392129000,180.16000366210938,182.44000244140625,180.0399932861328,181.97999572753906,147.4368896484375,117814100,2014-02-11 14:30:00
1392215400,182.25,182.8300018310547,181.7100067138672,182.07000732421875,147.50979614257812,94717700,2014-02-12 14:30:00
1392301800,180.83999633789062,183.1999969482422,180.8300018310547,183.00999450683594,148.27139282226562,100542200,2014-02-13 14:30:00
1392388200,182.83999633789062,184.36000061035156,182.6699981689453,184.02000427246094,149.08966064453125,96498400,2014-02-14 14:30:00
1392733800,184.17999267578125,184.49000549316406,183.64999389648438,184.24000549316406,149.26791381835938,80460900,2014-02-18 14:30:00
1392820200,183.75999450683594,184.9499969482422,182.8699951171875,183.02000427246094,148.27951049804688,126524300,2014-02-19 14:30:00
1392906600,183.27000427246094,184.52000427246094,182.60000610351562,184.10000610351562,149.15452575683594,104998100,2014-02-20 14:30:00
1392993000,184.4499969482422,184.88999938964844,183.8000030517578,183.88999938964844,148.9843292236328,118116400,2014-02-21 14:30:00
1393252200,184.27999877929688,186.14999389648438,184.1999969482422,184.91000366210938,149.8107452392578,114063900,2014-02-24 14:30:00
1393338600,185.05999755859375,185.58999633789062,184.22999572753906,184.83999633789062,149.75405883789062,117085000,2014-02-25 14:30:00
1393425000,185.11000061035156,185.60000610351562,184.3300018310547,184.85000610351562,149.7621612548828,98677200,2014-02-26 14:30:00
1393511400,184.5800018310547,185.8699951171875,184.3699951171875,185.82000732421875,150.54798889160156,93880800,2014-02-27 14:30:00
1393597800,185.7899932861328,187.14999389648438,185.0500030517578,186.2899932861328,150.9287567138672,150842000,2014-02-28 14:30:00
1393857000,184.64999389648438,185.4499969482422,183.75,184.97999572753906,149.8674774169922,167748500,2014-03-03 14:30:00
1393943400,186.7899932861328,187.97999572753906,186.75,187.5800018310547,151.9739227294922,167545900,2014-03-04 14:30:00
1394029800,187.74000549316406,188.07000732421875,187.4499969482422,187.75,152.11166381835938,88376900,2014-03-05 14:30:00
1394116200,188.2100067138672,188.61000061035156,187.77999877929688,188.17999267578125,152.46002197265625,82516500,2014-03-06 14:30:00
1394202600,188.9600067138672,188.9600067138672,187.42999267578125,188.25999450683594,152.52484130859375,114513500,2014-03-07 14:30:00
1394458200,187.97000122070312,188.22999572753906,187.0800018310547,188.16000366210938,152.44387817382812,74939200,2014-03-10 13:30:00
1394544600,188.44000244140625,188.7100067138672,186.8000030517578,187.22999572753906,151.6903533935547,99009100,2014-03-11 13:30:00
1394631000,186.32000732421875,187.35000610351562,185.89999389648438,187.27999877929688,151.73085021972656,104824400,2014-03-12 13:30:00
1394717400,187.83999633789062,187.99000549316406,184.66000366210938,185.17999267578125,150.02947998046875,155014300,2014-03-13 13:30:00
1394803800,184.85000610351562,185.8000030517578,184.44000244140625,184.66000366210938,149.60821533203125,153919600,2014-03-14 13:30:00
1395063000,185.58999633789062,186.77000427246094,185.50999450683594,186.3300018310547,150.96119689941406,98359500,2014-03-17 13:30:00
1395149400,186.7100067138672,187.91000366210938,186.50999450683594,187.66000366210938,152.0387420654297,101804600,2014-03-18 13:30:00
1395235800,187.67999267578125,187.94000244140625,185.47000122070312,186.66000366210938,151.22854614257812,176267300,2014-03-19 13:30:00
1395322200,186.25,187.88999938964844,185.9199981689453,187.75,152.11166381835938,117241000,2014-03-20 13:30:00
1395408600,187.7100067138672,189.02000427246094,186.02999877929688,186.1999969482422,151.5216827392578,163128000,2014-03-21 13:30:00
1395667800,186.83999633789062,187.07000732421875,184.6199951171875,185.42999267578125,150.89508056640625,121411000,2014-03-24 13:30:00
1395754200,186.3699951171875,186.94000244140625,185.27000427246094,186.30999755859375,151.6112060546875,103852000,2014-03-25 13:30:00
1395840600,187.0399932861328,187.33999633789062,184.9199981689453,184.97000122070312,150.52076721191406,119843000,2014-03-26 13:30:00
1395927000,184.75,185.33999633789062,183.89999389648438,184.5800018310547,150.20339965820312,142383000,2014-03-27 13:30:00
1396013400,185.11000061035156,186.4199981689453,185.0,185.49000549316406,150.9438018798828,101642000,2014-03-28 13:30:00
1396272600,186.6699981689453,187.3000030517578,185.52000427246094,187.00999450683594,152.18081665039062,99745000,2014-03-31 13:30:00
1396359000,187.6199951171875,188.36000061035156,187.0,188.25,153.1898956298828,89193000,2014-04-01 13:30:00
1396445400,188.49000549316406,189.1300048828125,188.13999938964844,188.8800048828125,153.70249938964844,78774000,2014-04-02 13:30:00
1396531800,189.1699981689453,189.22000122070312,188.0500030517578,188.6300048828125,153.49913024902344,77435000,2014-04-03 13:30:00
1396618200,189.66000366210938,189.6999969482422,186.10000610351562,186.39999389648438,151.6844024658203,169381000,2014-04-04 13:30:00
1396877400,185.9499969482422,186.25999450683594,183.9600067138672,184.33999633789062,150.0081024169922,140803000,2014-04-07 13:30:00
1396963800,184.25999450683594,185.39999389648438,183.58999633789062,185.10000610351562,150.62652587890625,112660000,2014-04-08 13:30:00
1397050200,185.60000610351562,187.14999389648438,185.05999755859375,187.08999633789062,152.245849609375,100254000,2014-04-09 13:30:00
1397136600,187.0800018310547,187.1699981689453,182.92999267578125,183.16000366210938,149.04786682128906,172959000,2014-04-10 13:30:00
1397223000,182.13999938964844,183.4199981689453,181.30999755859375,181.50999450683594,147.70518493652344,167251000,2014-04-11 13:30:00
1397482200,182.92999267578125,183.3699951171875,181.44000244140625,182.94000244140625,148.868896484375,132382000,2014-04-14 13:30:00
1397568600,183.32000732421875,184.3300018310547,181.50999450683594,184.1999969482422,149.89410400390625,157093000,2014-04-15 13:30:00
1397655000,185.47000122070312,186.13999938964844,184.64999389648438,186.1300048828125,151.46469116210938,105197000,2014-04-16 13:30:00
1397741400,185.8800048828125,186.91000366210938,185.55999755859375,186.38999938964844,151.67633056640625,105255000,2014-04-17 13:30:00
1398087000,186.44000244140625,187.10000610351562,186.2100067138672,187.0399932861328,152.20526123046875,68329000,2014-04-21 13:30:00
1398173400,187.22999572753906,188.39999389648438,187.1300048828125,187.88999938964844,152.89688110351562,85790000,2014-04-22 13:30:00
1398259800,187.82000732421875,187.9199981689453,187.3000030517578,187.4499969482422,152.53884887695312,73869000,2014-04-23 13:30:00
1398346200,188.3699951171875,188.38999938964844,186.92999267578125,187.8300018310547,152.84811401367188,88170000,2014-04-24 13:30:00
1398432600,187.22000122070312,187.3300018310547,185.8699951171875,186.2899932861328,151.5948486328125,100380000,2014-04-25 13:30:00
1398691800,187.0500030517578,187.69000244140625,184.9600067138672,186.8800048828125,152.07501220703125,135121000,2014-04-28 13:30:00
1398778200,187.47999572753906,188.0399932861328,187.0800018310547,187.75,152.78306579589844,84098000,2014-04-29 13:30:00
1398864600,187.44000244140625,188.5,187.17999267578125,188.30999755859375,153.2387237548828,101508000,2014-04-30 13:30:00
1398951000,188.22000122070312,188.83999633789062,187.72999572753906,188.3300018310547,153.25498962402344,93019000,2014-05-01 13:30:00
1399037400,188.30999755859375,189.13999938964844,187.77999877929688,188.05999755859375,153.03526306152344,98122000,2014-05-02 13:30:00
1399296600,187.13999938964844,188.5500030517578,186.6199951171875,188.4199981689453,153.32823181152344,75883000,2014-05-05 13:30:00
1399383000,188.0,188.1300048828125,186.74000549316406,186.77999877929688,151.99365234375,85454000,2014-05-06 13:30:00
1399469400,187.41000366210938,187.97000122070312,186.00999450683594,187.8800048828125,152.88876342773438,106500000,2014-05-07 13:30:00
1399555800,187.7100067138672,189.0500030517578,187.0800018310547,187.67999267578125,152.72605895996094,93618000,2014-05-08 13:30:00
1399642200,187.7100067138672,188.0399932861328,186.8300018310547,187.9600067138672,152.95388793945312,83679000,2014-05-09 13:30:00
1399901400,188.8000030517578,189.8800048828125,188.0,189.7899932861328,154.44305419921875,86940000,2014-05-12 13:30:00
1399987800,190.0399932861328,190.4199981689453,189.77000427246094,189.9600067138672,154.58139038085938,66454000,2014-05-13 13:30:00
1400074200,189.7899932861328,189.8800048828125,188.7899932861328,189.05999755859375,153.8490447998047,72367000,2014-05-14 13:30:00
1400160600,188.67999267578125,188.72000122070312,186.47999572753906,187.39999389648438,152.4981689453125,154956000,2014-05-15 13:30:00
1400247000,187.50999450683594,188.1300048828125,186.72000122070312,188.0500030517578,153.02711486816406,97458000,2014-05-16 13:30:00
1400506200,187.69000244140625,188.88999938964844,187.52000427246094,188.74000549316406,153.58859252929688,63839000,2014-05-19 13:30:00
1400592600,188.64999389648438,188.6699981689453,187.07000732421875,187.5500030517578,152.62020874023438,111644000,2014-05-20 13:30:00
1400679000,188.08999633789062,189.22000122070312,188.05999755859375,189.1300048828125,153.90602111816406,89093000,2014-05-21 13:30:00
1400765400,189.17999267578125,189.97999572753906,188.86000061035156,189.58999633789062,154.28028869628906,61549000,2014-05-22 13:30:00
1400851800,189.75999450683594,190.47999572753906,189.58999633789062,190.35000610351562,154.8988037109375,61092800,2014-05-23 13:30:00
1401197400,191.05999755859375,191.5800018310547,190.9499969482422,191.52000427246094,155.85092163085938,72010000,2014-05-27 13:30:00
1401283800,191.52000427246094,191.82000732421875,191.05999755859375,191.3800048828125,155.7369384765625,66723000,2014-05-28 13:30:00
1401370200,191.82000732421875,192.39999389648438,191.3300018310547,192.3699951171875,156.5425567626953,64377000,2014-05-29 13:30:00
1401456600,192.19000244140625,192.8000030517578,192.02999877929688,192.67999267578125,156.79483032226562,76316000,2014-05-30 13:30:00
1401715800,192.9499969482422,192.99000549316406,191.97000122070312,192.89999389648438,156.97384643554688,64656000,2014-06-02 13:30:00
1401802200,192.42999267578125,192.89999389648438,192.25,192.8000030517578,156.89248657226562,65047000,2014-06-03 13:30:00
1401888600,192.47000122070312,193.3000030517578,192.27000427246094,193.19000244140625,157.20980834960938,55529000,2014-06-04 13:30:00
1401975000,193.41000366210938,194.64999389648438,192.6999969482422,194.4499969482422,158.23516845703125,92103000,2014-06-05 13:30:00
1402061400,194.8699951171875,195.42999267578125,194.77999877929688,195.3800048828125,158.9919891357422,78696000,2014-06-06 13:30:00
1402320600,195.35000610351562,196.0500030517578,195.1699981689453,195.5800018310547,159.15476989746094,65119000,2014-06-09 13:30:00
1402407000,195.33999633789062,195.63999938964844,194.9199981689453,195.60000610351562,159.17095947265625,57129000,2014-06-10 13:30:00
1402493400,194.89999389648438,195.1199951171875,194.47999572753906,194.9199981689453,158.61766052246094,68772000,2014-06-11 13:30:00
1402579800,194.69000244140625,194.8000030517578,193.11000061035156,193.5399932861328,157.4947052001953,106350000,2014-06-12 13:30:00
1402666200,193.9199981689453,194.32000732421875,193.3000030517578,194.1300048828125,157.9747772216797,82017000,2014-06-13 13:30:00
1402925400,193.88999938964844,194.6999969482422,193.66000366210938,194.2899932861328,158.1049346923828,87424000,2014-06-16 13:30:00
1403011800,194.02000427246094,194.97000122070312,193.80999755859375,194.8300018310547,158.54446411132812,84834000,2014-06-17 13:30:00
1403098200,194.8300018310547,196.3699951171875,194.39999389648438,196.25999450683594,159.70806884765625,105267000,2014-06-18 13:30:00
1403184600,196.42999267578125,196.60000610351562,195.8000030517578,196.47999572753906,159.88706970214844,85929000,2014-06-19 13:30:00
1403271000,196.02999877929688,196.10000610351562,195.6999969482422,195.94000244140625,160.21168518066406,100587000,2014-06-20 13:30:00
1403530200,195.99000549316406,196.0500030517578,195.52000427246094,195.8800048828125,160.16262817382812,70611000,2014-06-23 13:30:00
1403616600,195.52999877929688,196.5,194.47999572753906,194.6999969482422,159.1977996826172,96237000,2014-06-24 13:30:00
1403703000,194.2899932861328,195.77999877929688,194.25,195.5800018310547,159.91738891601562,82782000,2014-06-25 13:30:00
1403789400,195.61000061035156,195.6300048828125,194.1300048828125,195.44000244140625,159.80287170410156,84312000,2014-06-26 13:30:00
1403875800,194.97999572753906,195.8800048828125,194.88999938964844,195.82000732421875,160.1135711669922,71445100,2014-06-27 13:30:00
1404135000,195.6999969482422,196.1699981689453,195.52999877929688,195.72000122070312,160.0318145751953,70201200,2014-06-30 13:30:00
1404221400,196.1999969482422,197.6300048828125,196.1300048828125,197.02999877929688,161.1029510498047,90470000,2014-07-01 13:30:00
1404307800,197.0500030517578,197.47999572753906,196.9600067138672,197.22999572753906,161.2664337158203,52475000,2014-07-02 13:30:00
1404394200,197.7899932861328,198.2899932861328,197.63999938964844,198.1999969482422,162.05958557128906,52938800,2014-07-03 13:30:00
1404739800,197.82000732421875,197.97999572753906,197.22000122070312,197.50999450683594,161.49546813964844,61696000,2014-07-07 13:30:00
1404826200,197.14999389648438,197.22000122070312,195.75999450683594,196.24000549316406,160.4569854736328,108143000,2014-07-08 13:30:00
1404912600,196.72999572753906,197.3000030517578,196.30999755859375,197.1199951171875,161.176513671875,72992000,2014-07-09 13:30:00
1404999000,195.22000122070312,196.86000061035156,195.05999755859375,196.33999633789062,160.5387420654297,99040000,2014-07-10 13:30:00
1405085400,196.22000122070312,196.75,195.77999877929688,196.61000061035156,160.7595672607422,64243000,2014-07-11 13:30:00
1405344600,197.61000061035156,197.86000061035156,197.44000244140625,197.60000610351562,161.56900024414062,58658000,2014-07-14 13:30:00
1405431000,197.72000122070312,198.10000610351562,196.36000061035156,197.22999572753906,161.2664337158203,111307000,2014-07-15 13:30:00
1405517400,198.11000061035156,198.25999450683594,197.4199981689453,197.9600067138672,161.86338806152344,79986400,2014-07-16 13:30:00
1405603800,197.35000610351562,198.10000610351562,195.42999267578125,195.7100067138672,160.023681640625,145398000,2014-07-17 13:30:00
1405690200,196.35000610351562,197.91000366210938,196.24000549316406,197.7100067138672,161.65899658203125,124330000,2014-07-18 13:30:00
1405949400,197.08999633789062,197.5,196.42999267578125,197.33999633789062,161.35638427734375,67592000,2014-07-21 13:30:00
1406035800,198.00999450683594,198.55999755859375,197.8699951171875,198.1999969482422,162.05958557128906,67678000,2014-07-22 13:30:00
1406122200,198.5,198.85000610351562,198.10000610351562,198.63999938964844,162.4193878173828,65612000,2014-07-23 13:30:00
1406208600,198.8300018310547,199.05999755859375,198.4499969482422,198.64999389648438,162.42750549316406,56888000,2014-07-24 13:30:00
1406295000,198.08999633789062,198.25999450683594,197.3300018310547,197.72000122070312,161.66714477539062,76837000,2014-07-25 13:30:00
1406554200,197.75999450683594,198.08999633789062,196.6199951171875,197.8000030517578,161.73255920410156,69259000,2014-07-28 13:30:00
1406640600,198.1699981689453,198.4499969482422,196.9199981689453,196.9499969482422,161.0375213623047,80466000,2014-07-29 13:30:00
1406727000,197.64999389648438,197.91000366210938,196.16000366210938,196.97999572753906,161.06207275390625,104222000,2014-07-30 13:30:00
1406813400,195.61000061035156,195.77999877929688,192.97000122070312,193.08999633789062,157.8813934326172,183479000,2014-07-31 13:30:00
1406899800,192.55999755859375,193.75999450683594,191.57000732421875,192.5,157.39895629882812,189261000,2014-08-01 13:30:00
1407159000,192.8699951171875,194.3000030517578,192.0500030517578,193.88999938964844,158.5354766845703,91340000,2014-08-04 13:30:00
1407245400,193.10000610351562,193.60000610351562,191.30999755859375,192.00999450683594,156.9983367919922,152690000,2014-08-05 13:30:00
1407331800,191.11000061035156,192.88999938964844,191.0800018310547,192.07000732421875,157.04736328125,94818000,2014-08-06 13:30:00
1407418200,192.94000244140625,193.1300048828125,190.5500030517578,191.02999877929688,156.19703674316406,135733000,2014-08-07 13:30:00
1407504600,191.4600067138672,193.3699951171875,190.9499969482422,193.24000549316406,158.00401306152344,117014000,2014-08-08 13:30:00
1407763800,193.97000122070312,194.66000366210938,193.7100067138672,193.8000030517578,158.46192932128906,74544000,2014-08-11 13:30:00
1407850200,193.61000061035156,194.14999389648438,192.94000244140625,193.52999877929688,158.2411346435547,73632000,2014-08-12 13:30:00
1407936600,194.2899932861328,195.05999755859375,193.9600067138672,194.83999633789062,159.3123016357422,69047000,2014-08-13 13:30:00
1408023000,195.16000366210938,195.75999450683594,194.97999572753906,195.75999450683594,160.0645751953125,57371000,2014-08-14 13:30:00
1408109400,196.47000122070312,196.64999389648438,194.30999755859375,195.72000122070312,160.0318145751953,139951000,2014-08-15 13:30:00
1408368600,196.8000030517578,197.4499969482422,196.69000244140625,197.36000061035156,161.3727264404297,75424000,2014-08-18 13:30:00
1408455000,197.83999633789062,198.5399932861328,197.44000244140625,198.38999938964844,162.2150115966797,59135000,2014-08-19 13:30:00
1408541400,198.1199951171875,199.16000366210938,198.0800018310547,198.9199981689453,162.64833068847656,72763000,2014-08-20 13:30:00
1408627800,199.08999633789062,199.75999450683594,198.92999267578125,199.5,163.12255859375,67791000,2014-08-21 13:30:00
1408714200,199.33999633789062,199.69000244140625,198.74000549316406,199.19000244140625,162.869140625,76107000,2014-08-22 13:30:00
1408973400,200.13999938964844,200.58999633789062,199.14999389648438,200.1999969482422,163.69496154785156,63855000,2014-08-25 13:30:00
1409059800,200.3300018310547,200.82000732421875,200.27999877929688,200.3300018310547,163.8012237548828,47298000,2014-08-26 13:30:00
1409146200,200.42999267578125,200.57000732421875,199.94000244140625,200.25,163.7357940673828,47874000,2014-08-27 13:30:00
1409232600,199.58999633789062,200.27000427246094,199.38999938964844,200.13999938964844,163.64588928222656,58330000,2014-08-28 13:30:00
1409319000,200.4499969482422,200.72999572753906,199.82000732421875,200.7100067138672,164.1118927001953,65907000,2014-08-29 13:30:00
1409664600,200.97000122070312,201.0,199.86000061035156,200.61000061035156,164.03021240234375,72426000,2014-09-02 13:30:00
1409751000,201.3800048828125,201.41000366210938,200.22000122070312,200.5,163.9402618408203,57462000,2014-09-03 13:30:00
1409837400,200.83999633789062,201.5800018310547,199.66000366210938,200.2100067138672,163.7030792236328,85236000,2014-09-04 13:30:00
1409923800,200.1699981689453,201.19000244140625,199.41000366210938,201.11000061035156,164.4390411376953,102177000,2014-09-05 13:30:00
1410183000,200.9199981689453,201.2100067138672,200.0,200.58999633789062,164.01380920410156,64146000,2014-09-08 13:30:00
1410269400,200.41000366210938,200.5500030517578,198.91000366210938,199.32000732421875,162.97540283203125,88591000,2014-09-09 13:30:00
1410355800,199.42999267578125,200.1999969482422,198.77000427246094,200.07000732421875,163.588623046875,67251000,2014-09-10 13:30:00
1410442200,199.27000427246094,200.3300018310547,199.1199951171875,200.3000030517578,163.77670288085938,66774400,2014-09-11 13:30:00
1410528600,200.10000610351562,200.1199951171875,198.55999755859375,199.1300048828125,162.82005310058594,117409300,2014-09-12 13:30:00
1410787800,199.16000366210938,199.32000732421875,198.3800048828125,198.97999572753906,162.6973876953125,76401000,2014-09-15 13:30:00
1410874200,198.61000061035156,200.83999633789062,198.5,200.47999572753906,163.92388916015625,116201000,2014-09-16 13:30:00
1410960600,200.77000427246094,201.67999267578125,199.75,200.75,164.1446075439453,151266000,2014-09-17 13:30:00
1411047000,201.36000061035156,201.85000610351562,201.10000610351562,201.82000732421875,165.01956176757812,94990000,2014-09-18 13:30:00
1411133400,201.52000427246094,201.89999389648438,200.2899932861328,200.6999969482422,164.870849609375,121649000,2014-09-19 13:30:00
1411392600,200.35000610351562,200.3800048828125,198.72999572753906,199.14999389648438,163.59756469726562,125553000,2014-09-22 13:30:00
1411479000,198.42999267578125,199.25999450683594,197.9499969482422,198.00999450683594,162.66107177734375,111393000,2014-09-23 13:30:00
1411565400,198.0399932861328,199.69000244140625,197.52000427246094,199.55999755859375,163.93438720703125,107276000,2014-09-24 13:30:00
1411651800,199.0399932861328,199.0500030517578,196.27000427246094,196.33999633789062,161.2892303466797,150300000,2014-09-25 13:30:00
1411738200,196.6999969482422,198.38999938964844,196.4199981689453,197.89999389648438,162.5707244873047,103547000,2014-09-26 13:30:00
1411997400,196.1999969482422,197.88999938964844,196.0500030517578,197.5399932861328,162.27499389648438,95112000,2014-09-29 13:30:00
1412083800,197.69000244140625,198.3000030517578,196.61000061035156,197.02000427246094,161.8478240966797,131302000,2014-09-30 13:30:00
1412170200,196.6999969482422,196.77000427246094,193.91000366210938,194.35000610351562,159.6544952392578,177798000,2014-10-01 13:30:00
1412256600,194.17999267578125,195.05999755859375,192.35000610351562,194.3800048828125,159.6791229248047,157285000,2014-10-02 13:30:00
1412343000,195.67999267578125,196.94000244140625,195.0800018310547,196.52000427246094,161.43704223632812,121569000,2014-10-03 13:30:00
1412602200,197.33999633789062,197.60000610351562,195.5800018310547,196.2899932861328,161.24806213378906,104778000,2014-10-06 13:30:00
1412688600,195.27999877929688,195.72000122070312,193.22000122070312,193.25999450683594,158.75904846191406,147913000,2014-10-07 13:30:00
1412775000,193.3699951171875,196.9199981689453,192.36000061035156,196.63999938964844,161.53567504882812,186461000,2014-10-08 13:30:00
1412861400,196.3300018310547,196.60000610351562,192.5800018310547,192.74000549316406,158.3319091796875,210705000,2014-10-09 13:30:00
1412947800,192.69000244140625,193.64999389648438,190.49000549316406,190.5399932861328,156.52467346191406,221909000,2014-10-10 13:30:00
1413207000,190.4600067138672,191.14999389648438,187.3000030517578,187.41000366210938,153.95338439941406,230939000,2014-10-13 13:30:00
1413293400,188.4199981689453,189.82000732421875,187.0399932861328,187.6999969482422,154.1916046142578,215847000,2014-10-14 13:30:00
1413379800,185.16000366210938,187.69000244140625,181.9199981689453,186.42999267578125,153.14830017089844,380715000,2014-10-15 13:30:00
1413466200,183.05999755859375,187.5800018310547,182.88999938964844,186.27000427246094,153.01690673828125,270391000,2014-10-16 13:30:00
1413552600,188.4199981689453,189.75,187.6199951171875,188.47000122070312,154.82415771484375,214625000,2014-10-17 13:30:00
1413811800,188.1300048828125,190.4499969482422,188.07000732421875,190.3000030517578,156.3274688720703,130011000,2014-10-20 13:30:00
1413898200,191.67999267578125,194.1999969482422,191.47999572753906,194.07000732421875,159.42442321777344,154949000,2014-10-21 13:30:00
1413984600,194.41000366210938,194.91000366210938,192.61000061035156,192.69000244140625,158.29078674316406,151822000,2014-10-22 13:30:00
1414071000,194.6199951171875,196.1999969482422,194.25999450683594,194.92999267578125,160.13088989257812,154944000,2014-10-23 13:30:00
1414157400,195.25,196.49000549316406,194.49000549316406,196.42999267578125,161.36312866210938,117927000,2014-10-24 13:30:00
1414416600,195.72999572753906,196.4499969482422,195.02999877929688,196.16000366210938,161.14137268066406,82954000,2014-10-27 13:30:00
1414503000,196.82000732421875,198.4199981689453,196.72999572753906,198.41000366210938,162.9896697998047,106736000,2014-10-28 13:30:00
1414589400,198.5500030517578,199.1199951171875,196.8000030517578,198.11000061035156,162.74319458007812,142557000,2014-10-29 13:30:00
1414675800,197.5800018310547,199.9499969482422,197.39999389648438,199.3800048828125,163.78656005859375,113330000,2014-10-30 13:30:00
1414762200,201.77999877929688,201.82000732421875,200.77000427246094,201.66000366210938,165.65945434570312,146903000,2014-10-31 13:30:00
1415025000,201.9199981689453,202.4499969482422,201.30999755859375,201.77000427246094,165.74981689453125,93600000,2014-11-03 14:30:00
1415111400,201.22999572753906,201.60000610351562,200.05999755859375,201.07000732421875,165.17481994628906,93343000,2014-11-04 14:30:00
1415197800,202.5399932861328,202.58999633789062,201.4499969482422,202.33999633789062,166.21803283691406,91709000,2014-11-05 14:30:00
1415284200,202.38999938964844,203.25999450683594,201.63999938964844,203.14999389648438,166.88345336914062,107089000,2014-11-06 14:30:00
1415370600,203.1699981689453,203.60000610351562,202.61000061035156,203.33999633789062,167.03958129882812,89540000,2014-11-07 14:30:00
1415629800,203.3800048828125,204.0399932861328,203.1300048828125,203.97999572753906,167.56524658203125,66319000,2014-11-10 14:30:00
1415716200,204.05999755859375,204.30999755859375,203.64999389648438,204.17999267578125,167.7295684814453,54499400,2014-11-11 14:30:00
1415802600,203.35000610351562,204.24000549316406,203.30999755859375,203.9600067138672,167.54888916015625,90120300,2014-11-12 14:30:00
1415889000,204.16000366210938,204.8300018310547,203.2100067138672,204.19000244140625,167.73777770996094,85357900,2014-11-13 14:30:00
1415975400,204.10000610351562,204.49000549316406,203.72000122070312,204.24000549316406,167.7788543701172,80417500,2014-11-14 14:30:00
1416234600,203.85000610351562,204.5800018310547,203.64999389648438,204.3699951171875,167.8856658935547,80441000,2014-11-17 14:30:00
1416321000,204.44000244140625,205.9199981689453,204.44000244140625,205.5500030517578,168.8550262451172,76068100,2014-11-18 14:30:00
1416407400,205.30999755859375,205.5500030517578,204.3000030517578,205.22000122070312,168.58392333984375,82373000,2014-11-19 14:30:00
1416493800,204.25999450683594,205.7100067138672,204.17999267578125,205.5800018310547,168.87969970703125,72840300,2014-11-20 14:30:00
1416580200,207.63999938964844,207.83999633789062,205.97999572753906,206.67999267578125,169.7832794189453,142327300,2014-11-21 14:30:00
1416839400,207.1699981689453,207.38999938964844,206.91000366210938,207.25999450683594,170.25978088378906,65880800,2014-11-24 14:30:00
1416925800,207.5399932861328,207.7899932861328,206.8000030517578,207.11000061035156,170.13661193847656,79108300,2014-11-25 14:30:00
1417012200,207.2899932861328,207.75999450683594,207.02999877929688,207.63999938964844,170.5718994140625,62167800,2014-11-26 14:30:00
1417185000,207.49000549316406,207.8699951171875,206.91000366210938,207.1999969482422,170.21046447753906,57890100,2014-11-28 14:30:00
1417444200,206.39999389648438,206.5399932861328,205.3800048828125,205.75999450683594,169.0275421142578,103968400,2014-12-01 14:30:00
1417530600,205.80999755859375,207.33999633789062,205.77999877929688,207.08999633789062,170.12008666992188,74507200,2014-12-02 14:30:00
1417617000,207.3000030517578,208.14999389648438,207.10000610351562,207.88999938964844,170.77734375,68952000,2014-12-03 14:30:00
1417703400,207.5399932861328,208.27000427246094,206.6999969482422,207.66000366210938,170.58834838867188,91316600,2014-12-04 14:30:00
1417789800,207.8699951171875,208.47000122070312,207.5500030517578,208.0,170.86767578125,91025500,2014-12-05 14:30:00
1418049000,207.52000427246094,208.1199951171875,205.92999267578125,206.61000061035156,169.72579956054688,108588200,2014-12-08 14:30:00
1418135400,204.3699951171875,206.60000610351562,203.91000366210938,206.47000122070312,169.61077880859375,125180100,2014-12-09 14:30:00
1418221800,205.91000366210938,205.97999572753906,202.92999267578125,203.16000366210938,166.89170837402344,159856400,2014-12-10 14:30:00
1418308200,203.8800048828125,206.19000244140625,203.7100067138672,204.19000244140625,167.73777770996094,159012800,2014-12-11 14:30:00
1418394600,202.63999938964844,203.82000732421875,200.85000610351562,200.88999938964844,165.0269012451172,202330200,2014-12-12 14:30:00
1418653800,201.97999572753906,202.52999877929688,198.77999877929688,199.50999450683594,163.89329528808594,189965800,2014-12-15 14:30:00
1418740200,198.5800018310547,202.39999389648438,197.86000061035156,197.91000366210938,162.5789337158203,259543800,2014-12-16 14:30:00
1418826600,198.44000244140625,202.33999633789062,198.2899932861328,201.7899932861328,165.76632690429688,253910100,2014-12-17 14:30:00
1418913000,204.74000549316406,212.97000122070312,203.9199981689453,206.77999877929688,169.8654327392578,257633900,2014-12-18 14:30:00
1418999400,206.42999267578125,207.3300018310547,205.61000061035156,206.52000427246094,170.5882568359375,245084600,2014-12-19 14:30:00
1419258600,206.75,207.47000122070312,206.4600067138672,207.47000122070312,171.3729248046875,148318900,2014-12-22 14:30:00
1419345000,208.1699981689453,208.22999572753906,207.39999389648438,207.75,171.60418701171875,122167900,2014-12-23 14:30:00
1419431400,208.02000427246094,208.33999633789062,207.72000122070312,207.77000427246094,171.62071228027344,42963400,2014-12-24 14:30:00
1419604200,208.30999755859375,208.85000610351562,208.25,208.44000244140625,172.17413330078125,57326700,2014-12-26 14:30:00
1419863400,208.22000122070312,208.97000122070312,208.13999938964844,208.72000122070312,172.40541076660156,79643900,2014-12-29 14:30:00
1419949800,208.2100067138672,208.3699951171875,207.50999450683594,207.60000610351562,171.48028564453125,73540800,2014-12-30 14:30:00
1420036200,207.99000549316406,208.19000244140625,205.38999938964844,205.5399932861328,169.77870178222656,130333800,2014-12-31 14:30:00
1420209000,206.3800048828125,206.8800048828125,204.17999267578125,205.42999267578125,169.68785095214844,121465900,2015-01-02 14:30:00
1420468200,204.1699981689453,204.3699951171875,201.35000610351562,201.72000122070312,166.62332153320312,169632600,2015-01-05 14:30:00
1420554600,202.08999633789062,202.72000122070312,198.86000061035156,199.82000732421875,165.05393981933594,209151400,2015-01-06 14:30:00
1420641000,201.4199981689453,202.72000122070312,200.8800048828125,202.30999755859375,167.11070251464844,125346700,2015-01-07 14:30:00
1420727400,204.00999450683594,206.16000366210938,203.99000549316406,205.89999389648438,170.0760955810547,147217800,2015-01-08 14:30:00
1420813800,206.39999389648438,206.4199981689453,203.50999450683594,204.25,168.713134765625,158567300,2015-01-09 14:30:00
1421073000,204.41000366210938,204.60000610351562,201.9199981689453,202.64999389648438,167.39149475097656,144396100,2015-01-12 14:30:00
1421159400,204.1199951171875,205.47999572753906,200.50999450683594,202.0800018310547,166.92068481445312,214553300,2015-01-13 14:30:00
1421245800,199.64999389648438,201.10000610351562,198.57000732421875,200.86000061035156,165.91297912597656,192991100,2015-01-14 14:30:00
1421332200,201.6300048828125,202.00999450683594,198.8800048828125,199.02000427246094,164.39306640625,176613900,2015-01-15 14:30:00
1421418600,198.77000427246094,201.82000732421875,198.5500030517578,201.6300048828125,166.54901123046875,211879600,2015-01-16 14:30:00
1421764200,202.39999389648438,202.72000122070312,200.1699981689453,202.05999755859375,166.90419006347656,130991100,2015-01-20 14:30:00
1421850600,201.5,203.66000366210938,200.94000244140625,203.0800018310547,167.74668884277344,122942700,2015-01-21 14:30:00
1421937000,203.99000549316406,206.25999450683594,202.3300018310547,206.10000610351562,170.24127197265625,174356000,2015-01-22 14:30:00
1422023400,205.7899932861328,206.10000610351562,204.80999755859375,204.97000122070312,169.30787658691406,117516800,2015-01-23 14:30:00
1422282600,204.7100067138672,205.55999755859375,203.85000610351562,205.4499969482422,169.70437622070312,92009700,2015-01-26 14:30:00
1422369000,202.97000122070312,204.1199951171875,201.74000549316406,202.74000549316406,167.4658966064453,134044600,2015-01-27 14:30:00
1422455400,204.1699981689453,204.2899932861328,199.91000366210938,200.13999938964844,165.3182373046875,168514300,2015-01-28 14:30:00
1422541800,200.3800048828125,202.3000030517578,198.67999267578125,201.99000549316406,166.8463592529297,173585400,2015-01-29 14:30:00
1422628200,200.57000732421875,202.1699981689453,199.1300048828125,199.4499969482422,164.74827575683594,197729700,2015-01-30 14:30:00
1422887400,200.0500030517578,202.02999877929688,197.86000061035156,201.9199981689453,166.78854370117188,163107000,2015-02-02 14:30:00
1422973800,203.0,204.85000610351562,202.5500030517578,204.83999633789062,169.20050048828125,124212900,2015-02-03 14:30:00
1423060200,203.9199981689453,205.3800048828125,203.50999450683594,204.05999755859375,168.5561981201172,134306700,2015-02-04 14:30:00
1423146600,204.86000061035156,206.3000030517578,204.77000427246094,206.1199951171875,170.2577667236328,97953200,2015-02-05 14:30:00
1423233000,206.55999755859375,207.24000549316406,204.9199981689453,205.5500030517578,169.78697204589844,125672000,2015-02-06 14:30:00
1423492200,204.77000427246094,205.63999938964844,204.13999938964844,204.6300048828125,169.0270538330078,87219000,2015-02-09 14:30:00
1423578600,205.8800048828125,207.1199951171875,204.67999267578125,206.80999755859375,170.8277587890625,96164200,2015-02-10 14:30:00
1423665000,206.61000061035156,207.4499969482422,205.8300018310547,206.92999267578125,170.92689514160156,91087800,2015-02-11 14:30:00
1423751400,207.88999938964844,208.99000549316406,206.97000122070312,208.9199981689453,172.57064819335938,97545900,2015-02-12 14:30:00
1423837800,209.07000732421875,209.83999633789062,208.75999450683594,209.77999877929688,173.281005859375,93670400,2015-02-13 14:30:00
1424183400,209.39999389648438,210.32000732421875,209.10000610351562,210.11000061035156,173.55357360839844,76968200,2015-02-17 14:30:00
1424269800,209.66000366210938,210.22000122070312,209.33999633789062,210.1300048828125,173.57009887695312,80652900,2015-02-18 14:30:00
1424356200,209.41000366210938,210.4199981689453,209.24000549316406,209.97999572753906,173.44618225097656,91462500,2015-02-19 14:30:00
1424442600,209.47999572753906,211.3300018310547,208.72999572753906,211.24000549316406,174.48699951171875,140896400,2015-02-20 14:30:00
1424701800,210.94000244140625,211.2100067138672,210.47999572753906,211.2100067138672,174.4622039794922,74411100,2015-02-23 14:30:00
1424788200,211.1199951171875,212.0500030517578,210.75999450683594,211.80999755859375,174.95779418945312,72472300,2015-02-24 14:30:00
1424874600,211.66000366210938,212.24000549316406,211.22000122070312,211.6300048828125,174.80911254882812,73061700,2015-02-25 14:30:00
1424961000,211.52000427246094,211.7100067138672,210.64999389648438,211.3800048828125,174.60260009765625,72697900,2015-02-26 14:30:00
1425047400,211.25999450683594,211.5800018310547,210.60000610351562,210.66000366210938,174.00790405273438,108076000,2015-02-27 14:30:00
1425306600,210.77999877929688,212.05999755859375,210.72000122070312,211.99000549316406,175.10650634765625,87491400,2015-03-02 14:30:00
1425393000,211.47000122070312,212.0500030517578,210.0800018310547,211.1199951171875,174.38787841796875,110325800,2015-03-03 14:30:00
1425479400,210.39999389648438,210.49000549316406,209.05999755859375,210.22999572753906,173.65274047851562,114497200,2015-03-04 14:30:00
1425565800,210.6199951171875,210.8000030517578,209.85000610351562,210.4600067138672,173.84271240234375,76873000,2015-03-05 14:30:00
1425652200,209.4199981689453,209.94000244140625,207.10000610351562,207.5,171.397705078125,188128000,2015-03-06 14:30:00
1425907800,207.74000549316406,208.7899932861328,207.5500030517578,208.36000061035156,172.10804748535156,89818900,2015-03-09 13:30:00
1425994200,206.7100067138672,206.80999755859375,204.92999267578125,204.97999572753906,169.31613159179688,157121300,2015-03-10 13:30:00
1426080600,205.2899932861328,205.5,204.39999389648438,204.5,168.91969299316406,110145700,2015-03-11 13:30:00
1426167000,205.25999450683594,207.17999267578125,205.1999969482422,207.10000610351562,171.0673370361328,93993500,2015-03-12 13:30:00
1426253400,206.77000427246094,207.92999267578125,204.5800018310547,205.8300018310547,170.0182342529297,162410900,2015-03-13 13:30:00
1426512600,206.7100067138672,208.69000244140625,205.86000061035156,208.5800018310547,172.2898406982422,136099200,2015-03-16 13:30:00
1426599000,207.69000244140625,208.4199981689453,206.97999572753906,207.9600067138672,171.77767944335938,94510400,2015-03-17 13:30:00
1426685400,207.38999938964844,211.27000427246094,206.6199951171875,210.4600067138672,173.84271240234375,228808500,2015-03-18 13:30:00
1426771800,209.9600067138672,210.47000122070312,209.02999877929688,209.5,173.04969787597656,117917300,2015-03-19 13:30:00
1426858200,209.7100067138672,211.02000427246094,209.49000549316406,210.41000366210938,174.57720947265625,177715100,2015-03-20 13:30:00
1427117400,210.4199981689453,211.11000061035156,210.0,210.0,174.2370147705078,71784500,2015-03-23 13:30:00
1427203800,209.85000610351562,210.39999389648438,208.74000549316406,208.82000732421875,173.25804138183594,77805300,2015-03-24 13:30:00
1427290200,209.07000732421875,209.35000610351562,205.7100067138672,205.75999450683594,170.7190704345703,159521700,2015-03-25 13:30:00
1427376600,204.9600067138672,206.3699951171875,204.1199951171875,205.27000427246094,170.3125457763672,153067200,2015-03-26 13:30:00
1427463000,205.1300048828125,205.9499969482422,204.89999389648438,205.74000549316406,170.70245361328125,118939000,2015-03-27 13:30:00
1427722200,206.97999572753906,208.61000061035156,206.9600067138672,208.25,172.78500366210938,96180400,2015-03-30 13:30:00
1427808600,207.25999450683594,208.10000610351562,206.36000061035156,206.42999267578125,171.2750244140625,126768700,2015-03-31 13:30:00
1427895000,206.38999938964844,206.4199981689453,204.50999450683594,205.6999969482422,170.66932678222656,137303600,2015-04-01 13:30:00
1427981400,205.6199951171875,206.97999572753906,205.39999389648438,206.44000244140625,171.28334045410156,86900900,2015-04-02 13:30:00
1428327000,205.3699951171875,208.4499969482422,205.2100067138672,207.8300018310547,172.43655395507812,114368200,2015-04-06 13:30:00
1428413400,207.86000061035156,208.75999450683594,207.24000549316406,207.27999877929688,171.9803009033203,81236300,2015-04-07 13:30:00
1428499800,207.5500030517578,208.50999450683594,207.0800018310547,207.97999572753906,172.56097412109375,89351900,2015-04-08 13:30:00
1428586200,207.77999877929688,209.17999267578125,207.19000244140625,208.89999389648438,173.3243865966797,85548900,2015-04-09 13:30:00
1428672600,209.1999969482422,210.08999633789062,208.9600067138672,210.0399932861328,174.2701873779297,72722900,2015-04-10 13:30:00
1428931800,209.8699951171875,210.6300048828125,209.02999877929688,209.08999633789062,173.4819793701172,74436600,2015-04-13 13:30:00
1429018200,208.85000610351562,209.7100067138672,208.10000610351562,209.49000549316406,173.81385803222656,75099900,2015-04-14 13:30:00
1429104600,210.0500030517578,211.0399932861328,209.9499969482422,210.42999267578125,174.59376525878906,99529300,2015-04-15 13:30:00
1429191000,210.02999877929688,210.97999572753906,209.7899932861328,210.3699951171875,174.5440216064453,68934900,2015-04-16 13:30:00
1429277400,208.94000244140625,209.22999572753906,207.00999450683594,207.9499969482422,172.53614807128906,191113200,2015-04-17 13:30:00
1429536600,209.05999755859375,210.25,208.9600067138672,209.85000610351562,174.11251831054688,92189500,2015-04-20 13:30:00
1429623000,210.6699981689453,210.86000061035156,209.24000549316406,209.60000610351562,173.9051971435547,72559800,2015-04-21 13:30:00
1429709400,210.00999450683594,210.85000610351562,208.89999389648438,210.6300048828125,174.7597198486328,78264600,2015-04-22 13:30:00
1429795800,210.14999389648438,211.94000244140625,210.00999450683594,211.16000366210938,175.19949340820312,102585900,2015-04-23 13:30:00
1429882200,211.66000366210938,211.97000122070312,211.11000061035156,211.64999389648438,175.60598754882812,61327400,2015-04-24 13:30:00
1430141400,212.3300018310547,212.47999572753906,210.5399932861328,210.77000427246094,174.8759002685547,79358100,2015-04-27 13:30:00
1430227800,210.74000549316406,211.5,209.3300018310547,211.44000244140625,175.4318084716797,86863500,2015-04-28 13:30:00
1430314200,210.3699951171875,211.2899932861328,209.60000610351562,210.57000732421875,174.70997619628906,125684900,2015-04-29 13:30:00
1430400600,209.8800048828125,210.35000610351562,207.6199951171875,208.4600067138672,172.95925903320312,161304900,2015-04-30 13:30:00
1430487000,209.39999389648438,210.77000427246094,209.27999877929688,210.72000122070312,174.8343505859375,103399700,2015-05-01 13:30:00
1430746200,211.22999572753906,212.02000427246094,211.10000610351562,211.32000732421875,175.33224487304688,70927200,2015-05-04 13:30:00
1430832600,211.02999877929688,211.4600067138672,208.72999572753906,208.89999389648438,173.3243865966797,113326200,2015-05-05 13:30:00
1430919000,209.55999755859375,209.92999267578125,206.75999450683594,208.0399932861328,172.6107635498047,135060200,2015-05-06 13:30:00
1431005400,207.9199981689453,209.3800048828125,207.52000427246094,208.8699951171875,173.2995147705078,88244900,2015-05-07 13:30:00
1431091800,210.8800048828125,211.86000061035156,210.77999877929688,211.6199951171875,175.5811767578125,155877300,2015-05-08 13:30:00
1431351000,211.57000732421875,211.88999938964844,210.52000427246094,210.61000061035156,174.74310302734375,75708100,2015-05-11 13:30:00
1431437400,209.61000061035156,210.6300048828125,208.6199951171875,209.97999572753906,174.22039794921875,119727600,2015-05-12 13:30:00
1431523800,210.47000122070312,211.22000122070312,209.74000549316406,210.02000427246094,174.25364685058594,94667900,2015-05-13 13:30:00
1431610200,211.24000549316406,212.32000732421875,210.91000366210938,212.2100067138672,176.07069396972656,95934000,2015-05-14 13:30:00
1431696600,212.44000244140625,212.61000061035156,211.86000061035156,212.44000244140625,176.2615509033203,76510100,2015-05-15 13:30:00
1431955800,212.24000549316406,213.39999389648438,212.16000366210938,213.10000610351562,176.80908203125,74549700,2015-05-18 13:30:00
1432042200,213.24000549316406,213.57000732421875,212.69000244140625,213.02999877929688,176.7510528564453,72114600,2015-05-19 13:30:00
1432128600,213.14999389648438,213.77999877929688,212.5,212.8800048828125,176.62655639648438,76857500,2015-05-20 13:30:00
1432215000,212.7100067138672,213.75,212.50999450683594,213.5,177.14093017578125,64764600,2015-05-21 13:30:00
1432301400,213.0399932861328,213.5399932861328,212.91000366210938,212.99000549316406,176.7178955078125,57433500,2015-05-22 13:30:00
1432647000,212.39999389648438,212.91000366210938,210.1999969482422,210.6999969482422,174.8177947998047,124308600,2015-05-26 13:30:00
1432733400,211.25,212.97999572753906,210.75999450683594,212.6999969482422,176.4772186279297,93214000,2015-05-27 13:30:00
1432819800,212.3300018310547,212.58999633789062,211.6300048828125,212.4600067138672,176.27809143066406,74974600,2015-05-28 13:30:00
1432906200,212.3800048828125,212.42999267578125,210.82000732421875,211.13999938964844,175.18287658691406,124919600,2015-05-29 13:30:00
1433165400,211.94000244140625,212.33999633789062,210.6199951171875,211.57000732421875,175.5396728515625,93338800,2015-06-01 13:30:00
1433251800,211.02000427246094,212.19000244140625,210.27000427246094,211.36000061035156,175.36541748046875,91531000,2015-06-02 13:30:00
1433338200,212.0,212.6699981689453,211.3300018310547,211.9199981689453,175.8300323486328,87820900,2015-06-03 13:30:00
1433424600,211.07000732421875,211.86000061035156,209.75,210.1300048828125,174.34487915039062,151882800,2015-06-04 13:30:00
1433511000,209.9499969482422,210.5800018310547,208.97999572753906,209.77000427246094,174.0461883544922,121704700,2015-06-05 13:30:00
1433770200,209.63999938964844,209.82000732421875,208.38999938964844,208.47999572753906,172.9759063720703,89063300,2015-06-08 13:30:00
1433856600,208.4499969482422,209.10000610351562,207.69000244140625,208.4499969482422,172.95098876953125,105034700,2015-06-09 13:30:00
1433943000,209.3699951171875,211.41000366210938,209.3000030517578,210.9499969482422,175.02520751953125,134551300,2015-06-10 13:30:00
1434029400,211.47999572753906,212.08999633789062,211.1999969482422,211.6300048828125,175.58941650390625,73876400,2015-06-11 13:30:00
1434115800,210.63999938964844,211.47999572753906,209.67999267578125,210.00999450683594,174.24533081054688,135382400,2015-06-12 13:30:00
1434375000,208.63999938964844,209.4499969482422,207.7899932861328,209.11000061035156,173.49864196777344,124384200,2015-06-15 13:30:00
1434461400,208.92999267578125,210.35000610351562,208.72000122070312,210.25,174.44444274902344,85308200,2015-06-16 13:30:00
1434547800,210.58999633789062,211.32000732421875,209.36000061035156,210.58999633789062,174.7265625,126708600,2015-06-17 13:30:00
1434634200,211.30999755859375,213.33999633789062,210.6300048828125,212.77999877929688,176.5436248779297,165867900,2015-06-18 13:30:00
1434720600,211.4600067138672,211.5500030517578,210.36000061035156,210.80999755859375,175.75985717773438,130478700,2015-06-19 13:30:00
1434979800,211.91000366210938,212.58999633789062,211.63999938964844,211.88999938964844,176.6603240966797,70696000,2015-06-22 13:30:00
1435066200,212.13999938964844,212.44000244140625,211.57000732421875,212.0399932861328,176.78536987304688,68476800,2015-06-23 13:30:00
1435152600,211.72000122070312,212.1699981689453,210.47000122070312,210.5,175.50144958496094,92307300,2015-06-24 13:30:00
1435239000,211.10000610351562,211.25,209.77000427246094,209.86000061035156,174.9678497314453,97107400,2015-06-25 13:30:00
1435325400,210.2899932861328,210.5800018310547,209.16000366210938,209.82000732421875,174.9344940185547,104174800,2015-06-26 13:30:00
1435584600,208.0500030517578,209.8300018310547,205.3300018310547,205.4199981689453,171.26605224609375,202621300,2015-06-29 13:30:00
1435671000,207.25999450683594,207.32000732421875,205.27999877929688,205.85000610351562,171.6245574951172,182925100,2015-06-30 13:30:00
1435757400,207.72999572753906,208.02999877929688,206.55999755859375,207.5,173.00021362304688,135979900,2015-07-01 13:30:00
1435843800,208.07000732421875,208.27000427246094,206.80999755859375,207.30999755859375,172.84181213378906,104373700,2015-07-02 13:30:00
1436189400,205.77000427246094,207.64999389648438,205.52999877929688,206.72000122070312,172.34982299804688,117975400,2015-07-06 13:30:00
1436275800,206.9600067138672,208.1699981689453,204.11000061035156,208.02000427246094,173.43377685546875,173820200,2015-07-07 13:30:00
1436362200,206.4199981689453,206.75999450683594,204.25,204.52999877929688,170.5240020751953,164020100,2015-07-08 13:30:00
1436448600,207.0399932861328,207.35000610351562,204.77000427246094,204.89999389648438,170.8324737548828,144113100,2015-07-09 13:30:00
1436535000,207.2899932861328,207.97999572753906,204.9499969482422,207.47999572753906,172.9835205078125,129456900,2015-07-10 13:30:00
1436794200,208.99000549316406,209.89999389648438,208.94000244140625,209.77000427246094,174.8927764892578,106069400,2015-07-13 13:30:00
1436880600,209.72000122070312,211.0500030517578,209.64999389648438,210.67999267578125,175.65150451660156,81709600,2015-07-14 13:30:00
1436967000,210.72999572753906,211.27999877929688,210.0399932861328,210.61000061035156,175.5930938720703,97914100,2015-07-15 13:30:00
1437053400,211.8699951171875,212.3000030517578,211.5800018310547,212.3000030517578,177.00216674804688,106683300,2015-07-16 13:30:00
1437139800,212.2899932861328,212.5500030517578,211.8000030517578,212.47999572753906,177.1522216796875,89030000,2015-07-17 13:30:00
1437399000,212.75,213.17999267578125,212.2100067138672,212.58999633789062,177.24392700195312,70446800,2015-07-20 13:30:00
1437485400,212.42999267578125,212.74000549316406,211.38999938964844,211.75,176.54359436035156,77965000,2015-07-21 13:30:00
1437571800,210.92999267578125,211.77000427246094,210.88999938964844,211.3699951171875,176.22674560546875,88667900,2015-07-22 13:30:00
1437658200,211.52999877929688,211.64999389648438,209.75,210.17999267578125,175.234619140625,90509100,2015-07-23 13:30:00
1437744600,210.3000030517578,210.3699951171875,207.60000610351562,208.0,173.41714477539062,117755000,2015-07-24 13:30:00
1438003800,206.94000244140625,207.5500030517578,206.25999450683594,206.7899932861328,172.40821838378906,132361100,2015-07-27 13:30:00
1438090200,207.7899932861328,209.5,206.8000030517578,209.3300018310547,174.5259552001953,123544800,2015-07-28 13:30:00
1438176600,209.47999572753906,211.0399932861328,209.30999755859375,210.77000427246094,175.72653198242188,105791300,2015-07-29 13:30:00
1438263000,210.16000366210938,211.02000427246094,209.4199981689453,210.82000732421875,175.76820373535156,91304400,2015-07-30 13:30:00
1438349400,211.4199981689453,211.4499969482422,210.16000366210938,210.5,175.50144958496094,103266900,2015-07-31 13:30:00
1438608600,210.4600067138672,210.52999877929688,208.64999389648438,209.7899932861328,174.90943908691406,113965700,2015-08-03 13:30:00
1438695000,209.6999969482422,210.25,208.8000030517578,209.3800048828125,174.56765747070312,81820800,2015-08-04 13:30:00
1438781400,210.4499969482422,211.30999755859375,209.72999572753906,210.07000732421875,175.14292907714844,85786800,2015-08-05 13:30:00
1438867800,210.2899932861328,210.4199981689453,207.64999389648438,208.35000610351562,173.7089385986328,116030800,2015-08-06 13:30:00
1438954200,208.16000366210938,208.33999633789062,206.8699951171875,207.9499969482422,173.37539672851562,117858000,2015-08-07 13:30:00
1439213400,209.27999877929688,210.6699981689453,209.27999877929688,210.57000732421875,175.55979919433594,80270700,2015-08-10 13:30:00
1439299800,208.97000122070312,209.47000122070312,207.75999450683594,208.6699981689453,173.97567749023438,126081400,2015-08-11 13:30:00
1439386200,207.11000061035156,209.13999938964844,205.36000061035156,208.9199981689453,174.18414306640625,172123700,2015-08-12 13:30:00
1439472600,208.72999572753906,209.5500030517578,208.00999450683594,208.66000366210938,173.96734619140625,89383300,2015-08-13 13:30:00
1439559000,208.42999267578125,209.50999450683594,208.25999450683594,209.4199981689453,174.60098266601562,72786500,2015-08-14 13:30:00
1439818200,208.7100067138672,210.58999633789062,208.16000366210938,210.58999633789062,175.5764617919922,79072600,2015-08-17 13:30:00
1439904600,210.25999450683594,210.67999267578125,209.6999969482422,209.97999572753906,175.06784057617188,71692700,2015-08-18 13:30:00
1439991000,209.08999633789062,210.00999450683594,207.35000610351562,208.32000732421875,173.68386840820312,172946000,2015-08-19 13:30:00
1440077400,206.50999450683594,208.2899932861328,203.89999389648438,203.97000122070312,170.05714416503906,194327900,2015-08-20 13:30:00
1440163800,201.72999572753906,203.94000244140625,197.52000427246094,197.8300018310547,164.93800354003906,346588500,2015-08-21 13:30:00
1440423000,187.49000549316406,197.47999572753906,182.39999389648438,189.5,157.9929656982422,507244300,2015-08-24 13:30:00
1440509400,195.42999267578125,195.4499969482422,186.9199981689453,187.27000427246094,156.13369750976562,369833100,2015-08-25 13:30:00
1440595800,192.0800018310547,194.7899932861328,188.3699951171875,194.4600067138672,162.1283416748047,339257000,2015-08-26 13:30:00
1440682200,197.02000427246094,199.4199981689453,195.2100067138672,199.27000427246094,166.13856506347656,274143900,2015-08-27 13:30:00
1440768600,198.5,199.83999633789062,197.9199981689453,199.27999877929688,166.14691162109375,160414400,2015-08-28 13:30:00
1441027800,198.11000061035156,199.1300048828125,197.00999450683594,197.6699981689453,164.8046112060547,163298800,2015-08-31 13:30:00
1441114200,193.1199951171875,194.77000427246094,190.72999572753906,191.77000427246094,159.8855438232422,256000400,2015-09-01 13:30:00
1441200600,194.6199951171875,195.4600067138672,192.4199981689453,195.41000366210938,162.92034912109375,160269300,2015-09-02 13:30:00
1441287000,196.25999450683594,198.0500030517578,194.9600067138672,195.5500030517578,163.03704833984375,152087800,2015-09-03 13:30:00
1441373400,192.85000610351562,193.86000061035156,191.61000061035156,192.58999633789062,160.56919860839844,207081000,2015-09-04 13:30:00
1441719000,195.94000244140625,197.61000061035156,195.1699981689453,197.42999267578125,164.60452270507812,116025700,2015-09-08 13:30:00
1441805400,199.32000732421875,199.47000122070312,194.35000610351562,194.7899932861328,162.40341186523438,149347700,2015-09-09 13:30:00
1441891800,194.55999755859375,197.22000122070312,194.25,195.85000610351562,163.28720092773438,158611100,2015-09-10 13:30:00
1441978200,195.3800048828125,196.82000732421875,194.52999877929688,196.74000549316406,164.0292510986328,119691200,2015-09-11 13:30:00
1442237400,196.9499969482422,197.00999450683594,195.42999267578125,196.00999450683594,163.42056274414062,79452000,2015-09-14 13:30:00
1442323800,196.61000061035156,198.99000549316406,195.9600067138672,198.4600067138672,165.46327209472656,113806200,2015-09-15 13:30:00
1442410200,198.82000732421875,200.41000366210938,198.41000366210938,200.17999267578125,166.89730834960938,99581600,2015-09-16 13:30:00
1442496600,200.02000427246094,202.88999938964844,199.27999877929688,199.72999572753906,166.52198791503906,276046600,2015-09-17 13:30:00
1442583000,195.7100067138672,198.67999267578125,194.9600067138672,195.4499969482422,163.80091857910156,223657500,2015-09-18 13:30:00
1442842200,196.44000244140625,197.67999267578125,195.2100067138672,196.4600067138672,164.6473846435547,105726200,2015-09-21 13:30:00
1442928600,193.8800048828125,194.4600067138672,192.55999755859375,193.91000366210938,162.51023864746094,153890900,2015-09-22 13:30:00
1443015000,194.11000061035156,194.6699981689453,192.91000366210938,193.60000610351562,162.25042724609375,92790600,2015-09-23 13:30:00
1443101400,192.14999389648438,193.4499969482422,190.55999755859375,192.89999389648438,161.6637420654297,159378800,2015-09-24 13:30:00
1443187800,194.63999938964844,195.0,191.80999755859375,192.85000610351562,161.6219024658203,155054800,2015-09-25 13:30:00
1443447000,191.77999877929688,191.91000366210938,187.63999938964844,188.00999450683594,157.5656280517578,178515900,2015-09-28 13:30:00
1443533400,188.27000427246094,189.74000549316406,186.92999267578125,188.1199951171875,157.65777587890625,159045600,2015-09-29 13:30:00
1443619800,190.3699951171875,191.8300018310547,189.44000244140625,191.6300048828125,160.59945678710938,163452000,2015-09-30 13:30:00
1443706200,192.0800018310547,192.49000549316406,189.82000732421875,192.1300048828125,161.01849365234375,131079000,2015-10-01 13:30:00
1443792600,189.77000427246094,195.02999877929688,189.1199951171875,195.0,163.42372131347656,211003300,2015-10-02 13:30:00
1444051800,196.4600067138672,198.74000549316406,196.3300018310547,198.47000122070312,166.33181762695312,126320800,2015-10-05 13:30:00
1444138200,198.30999755859375,198.97999572753906,197.0,197.7899932861328,165.76194763183594,110274500,2015-10-06 13:30:00
1444224600,198.89999389648438,199.8300018310547,197.47999572753906,199.41000366210938,167.11961364746094,124307300,2015-10-07 13:30:00
1444311000,198.9499969482422,201.5500030517578,198.58999633789062,201.2100067138672,168.62820434570312,153055200,2015-10-08 13:30:00
1444397400,201.3800048828125,201.89999389648438,200.5800018310547,201.3300018310547,168.72869873046875,107069200,2015-10-09 13:30:00
1444656600,201.4199981689453,201.75999450683594,200.91000366210938,201.52000427246094,168.88795471191406,56395600,2015-10-12 13:30:00
1444743000,200.64999389648438,202.16000366210938,200.0500030517578,200.25,167.8236083984375,88038700,2015-10-13 13:30:00
1444829400,200.17999267578125,200.8699951171875,198.94000244140625,199.2899932861328,167.01907348632812,99106200,2015-10-14 13:30:00
1444915800,200.0800018310547,202.36000061035156,199.63999938964844,202.35000610351562,169.5835723876953,134142200,2015-10-15 13:30:00
1445002200,202.8300018310547,203.2899932861328,201.9199981689453,203.27000427246094,170.35459899902344,114580100,2015-10-16 13:30:00
1445261400,202.5,203.3699951171875,202.1300048828125,203.3699951171875,170.4384002685547,76523900,2015-10-19 13:30:00
1445347800,202.85000610351562,203.83999633789062,202.5500030517578,203.11000061035156,170.2205047607422,78448500,2015-10-20 13:30:00
1445434200,203.61000061035156,203.7899932861328,201.64999389648438,201.85000610351562,169.1645050048828,102038000,2015-10-21 13:30:00
1445520600,202.97999572753906,205.50999450683594,201.85000610351562,205.25999450683594,172.0222625732422,174911700,2015-10-22 13:30:00
1445607000,207.25,207.9499969482422,206.3000030517578,207.50999450683594,173.9080047607422,144442300,2015-10-23 13:30:00
1445866200,207.3000030517578,207.3699951171875,206.55999755859375,207.0,173.4805908203125,69033000,2015-10-26 13:30:00
1445952600,206.1999969482422,207.0,205.7899932861328,206.60000610351562,173.14535522460938,77905800,2015-10-27 13:30:00
1446039000,207.0,208.97999572753906,206.2100067138672,208.9499969482422,175.1147918701172,135906700,2015-10-28 13:30:00
1446125400,208.35000610351562,209.27000427246094,208.2100067138672,208.8300018310547,175.01426696777344,90525500,2015-10-29 13:30:00
1446211800,209.05999755859375,209.44000244140625,207.74000549316406,207.92999267578125,174.25999450683594,131076900,2015-10-30 13:30:00
1446474600,208.32000732421875,210.6199951171875,208.1699981689453,210.38999938964844,176.32162475585938,86270800,2015-11-02 14:30:00
1446561000,209.97000122070312,211.66000366210938,209.6999969482422,211.0,176.83287048339844,95246100,2015-11-03 14:30:00
1446647400,211.35000610351562,211.5,209.72000122070312,210.36000061035156,176.29652404785156,96224500,2015-11-04 14:30:00
1446733800,210.42999267578125,210.97999572753906,209.08999633789062,210.14999389648438,176.1204833984375,78408700,2015-11-05 14:30:00
1446820200,209.74000549316406,210.32000732421875,208.4600067138672,210.0399932861328,176.02830505371094,110471500,2015-11-06 14:30:00
1447079400,209.30999755859375,209.49000549316406,206.9499969482422,208.0800018310547,174.38563537597656,131008700,2015-11-09 14:30:00
1447165800,207.50999450683594,208.60000610351562,207.19000244140625,208.55999755859375,174.7879638671875,75874600,2015-11-10 14:30:00
1447252200,208.8800048828125,208.94000244140625,207.66000366210938,207.74000549316406,174.10076904296875,67846000,2015-11-11 14:30:00
1447338600,206.5,207.05999755859375,204.82000732421875,204.83999633789062,171.67031860351562,121315200,2015-11-12 14:30:00
1447425000,204.35000610351562,204.6699981689453,202.44000244140625,202.5399932861328,169.74270629882812,153577100,2015-11-13 14:30:00
1447684200,202.32000732421875,205.69000244140625,202.17999267578125,205.6199951171875,172.3240203857422,117645200,2015-11-16 14:30:00
1447770600,205.99000549316406,207.0399932861328,204.8800048828125,205.47000122070312,172.1983184814453,121123700,2015-11-17 14:30:00
1447857000,206.0399932861328,208.89999389648438,205.99000549316406,208.72999572753906,174.93040466308594,121342500,2015-11-18 14:30:00
1447943400,208.58999633789062,209.0500030517578,208.1999969482422,208.5500030517578,174.7795867919922,88220500,2015-11-19 14:30:00
1448029800,209.4499969482422,210.1199951171875,208.86000061035156,209.30999755859375,175.41651916503906,94011500,2015-11-20 14:30:00
1448289000,209.3800048828125,209.97999572753906,208.52000427246094,209.07000732421875,175.21539306640625,64931200,2015-11-23 14:30:00
1448375400,207.8699951171875,209.8300018310547,207.41000366210938,209.35000610351562,175.45005798339844,98874400,2015-11-24 14:30:00
1448461800,209.5,209.74000549316406,209.00999450683594,209.32000732421875,175.42489624023438,51980100,2015-11-25 14:30:00
1448634600,209.42999267578125,209.8000030517578,208.86000061035156,209.55999755859375,175.62608337402344,37317800,2015-11-27 14:30:00
1448893800,209.75,209.88999938964844,208.55999755859375,208.69000244140625,174.8968963623047,112822700,2015-11-30 14:30:00
1448980200,209.44000244140625,210.82000732421875,209.11000061035156,210.67999267578125,176.56468200683594,97858400,2015-12-01 14:30:00
1449066600,210.6199951171875,211.0,208.22999572753906,208.52999877929688,174.76283264160156,108441300,2015-12-02 14:30:00
1449153000,208.8300018310547,209.14999389648438,204.75,205.61000061035156,172.31565856933594,166224200,2015-12-03 14:30:00
1449239400,205.61000061035156,209.97000122070312,205.61000061035156,209.6199951171875,175.67626953125,192913900,2015-12-04 14:30:00
1449498600,209.22999572753906,209.72999572753906,207.1999969482422,208.35000610351562,174.61199951171875,102027100,2015-12-07 14:30:00
1449585000,206.49000549316406,208.2899932861328,205.77999877929688,206.9499969482422,173.43865966796875,103372400,2015-12-08 14:30:00
1449671400,206.19000244140625,208.67999267578125,204.17999267578125,205.33999633789062,172.0894317626953,162401500,2015-12-09 14:30:00
1449757800,205.4199981689453,207.42999267578125,205.13999938964844,205.8699951171875,172.5335235595703,116128900,2015-12-10 14:30:00
1449844200,203.35000610351562,204.13999938964844,201.50999450683594,201.8800048828125,169.18966674804688,211173300,2015-12-11 14:30:00
1450103400,202.07000732421875,203.0500030517578,199.9499969482422,202.89999389648438,170.0444793701172,182385200,2015-12-14 14:30:00
1450189800,204.6999969482422,206.11000061035156,202.8699951171875,205.02999877929688,171.82962036132812,154069600,2015-12-15 14:30:00
1450276200,206.3699951171875,208.38999938964844,204.8000030517578,208.02999877929688,174.3437957763672,197017000,2015-12-16 14:30:00
1450362600,208.39999389648438,208.47999572753906,204.83999633789062,204.86000061035156,171.6870880126953,173092500,2015-12-17 14:30:00
1450449000,202.77000427246094,202.92999267578125,199.8300018310547,200.02000427246094,168.6285400390625,251393500,2015-12-18 14:30:00
1450708200,201.41000366210938,201.8800048828125,200.08999633789062,201.6699981689453,170.01956176757812,99094300,2015-12-21 14:30:00
1450794600,202.72000122070312,203.85000610351562,201.5500030517578,203.5,171.5623016357422,111026200,2015-12-22 14:30:00
1450881000,204.69000244140625,206.07000732421875,204.5800018310547,206.02000427246094,173.6868438720703,110987200,2015-12-23 14:30:00
1450967400,205.72000122070312,206.3300018310547,205.4199981689453,205.67999267578125,173.40016174316406,48539600,2015-12-24 14:30:00
1451313000,204.86000061035156,205.25999450683594,203.94000244140625,205.2100067138672,173.00396728515625,65899900,2015-12-28 14:30:00
1451399400,206.50999450683594,207.7899932861328,206.47000122070312,207.39999389648438,174.85028076171875,92640700,2015-12-29 14:30:00
1451485800,207.11000061035156,207.2100067138672,205.75999450683594,205.92999267578125,173.6109619140625,63317700,2015-12-30 14:30:00
1451572200,205.1300048828125,205.88999938964844,203.8699951171875,203.8699951171875,171.8743133544922,114877900,2015-12-31 14:30:00
1451917800,200.49000549316406,201.02999877929688,198.58999633789062,201.02000427246094,169.47158813476562,222353500,2016-01-04 14:30:00
1452004200,201.39999389648438,201.89999389648438,200.0500030517578,201.36000061035156,169.75819396972656,110845800,2016-01-05 14:30:00
1452090600,198.33999633789062,200.05999755859375,197.60000610351562,198.82000732421875,167.6168212890625,152112600,2016-01-06 14:30:00
1452177000,195.3300018310547,197.44000244140625,193.58999633789062,194.0500030517578,163.595458984375,213436100,2016-01-07 14:30:00
1452263400,195.19000244140625,195.85000610351562,191.5800018310547,191.9199981689453,161.79969787597656,209817200,2016-01-08 14:30:00
1452522600,193.00999450683594,193.41000366210938,189.82000732421875,192.11000061035156,161.9598846435547,187941300,2016-01-11 14:30:00
1452609000,193.82000732421875,194.5500030517578,191.13999938964844,193.66000366210938,163.2666778564453,172330500,2016-01-12 14:30:00
1452695400,194.4499969482422,194.86000061035156,188.3800048828125,188.8300018310547,159.19468688964844,221168900,2016-01-13 14:30:00
1452781800,189.5500030517578,193.25999450683594,187.66000366210938,191.92999267578125,161.80812072753906,240795600,2016-01-14 14:30:00
1452868200,186.77000427246094,188.75999450683594,185.52000427246094,187.80999755859375,158.3347625732422,324846400,2016-01-15 14:30:00
1453213800,189.9600067138672,190.11000061035156,186.1999969482422,188.05999755859375,158.54554748535156,195244400,2016-01-19 14:30:00
1453300200,185.02999877929688,187.5,181.02000427246094,185.64999389648438,156.5137481689453,286547800,2016-01-20 14:30:00
1453386600,186.2100067138672,188.8699951171875,184.63999938964844,186.69000244140625,157.39051818847656,195772900,2016-01-21 14:30:00
1453473000,189.77999877929688,190.75999450683594,188.8800048828125,190.52000427246094,160.6194305419922,168319600,2016-01-22 14:30:00
1453732200,189.9199981689453,190.14999389648438,187.41000366210938,187.63999938964844,158.1914825439453,130371700,2016-01-25 14:30:00
1453818600,188.4199981689453,190.52999877929688,188.02000427246094,190.1999969482422,160.34962463378906,141036800,2016-01-26 14:30:00
1453905000,189.5800018310547,191.55999755859375,187.05999755859375,188.1300048828125,158.6045379638672,185681700,2016-01-27 14:30:00
1453991400,189.9600067138672,190.1999969482422,187.16000366210938,189.11000061035156,159.43072509765625,143798800,2016-01-28 14:30:00
1454077800,190.02000427246094,193.8800048828125,189.8800048828125,193.72000122070312,163.31719970703125,210529300,2016-01-29 14:30:00
1454337000,192.52999877929688,194.5800018310547,191.83999633789062,193.64999389648438,163.25823974609375,136061600,2016-02-01 14:30:00
1454423400,191.9600067138672,191.97000122070312,189.5399932861328,190.16000366210938,160.31593322753906,182564900,2016-02-02 14:30:00
1454509800,191.41000366210938,191.77999877929688,187.10000610351562,191.3000030517578,161.2770538330078,205054900,2016-02-03 14:30:00
1454596200,190.7100067138672,192.75,189.9600067138672,191.60000610351562,161.5299835205078,139531800,2016-02-04 14:30:00
1454682600,190.99000549316406,191.6699981689453,187.1999969482422,187.9499969482422,158.45281982421875,180788300,2016-02-05 14:30:00
1454941800,185.77000427246094,186.1199951171875,182.8000030517578,185.4199981689453,156.3198699951172,191526700,2016-02-08 14:30:00
1455028200,183.36000061035156,186.94000244140625,183.1999969482422,185.42999267578125,156.3282928466797,184513100,2016-02-09 14:30:00
1455114600,186.41000366210938,188.33999633789062,185.1199951171875,185.27000427246094,156.1934356689453,148214100,2016-02-10 14:30:00
1455201000,182.33999633789062,184.10000610351562,181.08999633789062,182.86000061035156,154.16160583496094,219058900,2016-02-11 14:30:00
1455287400,184.9600067138672,186.64999389648438,183.9600067138672,186.6300048828125,157.33999633789062,127632400,2016-02-12 14:30:00
1455633000,188.77000427246094,189.80999755859375,187.6300048828125,189.77999877929688,159.99557495117188,120250700,2016-02-16 14:30:00
1455719400,191.16000366210938,193.32000732421875,191.00999450683594,192.8800048828125,162.60903930664062,136009500,2016-02-17 14:30:00
1455805800,193.1999969482422,193.27000427246094,191.72000122070312,192.08999633789062,161.94305419921875,102343000,2016-02-18 14:30:00
1455892200,191.1699981689453,192.17999267578125,190.4499969482422,192.0,161.86717224121094,114793000,2016-02-19 14:30:00
1456151400,193.8699951171875,194.9499969482422,193.7899932861328,194.77999877929688,164.21083068847656,103640300,2016-02-22 14:30:00
1456237800,194.0,194.32000732421875,192.17999267578125,192.32000732421875,162.13693237304688,111455300,2016-02-23 14:30:00
1456324200,190.6300048828125,193.52999877929688,189.32000732421875,193.1999969482422,162.87881469726562,150812200,2016-02-24 14:30:00
1456410600,193.72999572753906,195.5500030517578,192.8300018310547,195.5399932861328,164.85159301757812,110728300,2016-02-25 14:30:00
1456497000,196.57000732421875,196.67999267578125,194.89999389648438,195.08999633789062,164.47218322753906,129833700,2016-02-26 14:30:00
1456756200,195.11000061035156,196.22999572753906,193.3300018310547,193.55999755859375,163.1823272705078,125918100,2016-02-29 14:30:00
1456842600,195.00999450683594,198.2100067138672,194.4499969482422,198.11000061035156,167.01824951171875,141799700,2016-03-01 14:30:00
1456929000,197.74000549316406,199.05999755859375,197.25,199.0,167.76858520507812,102415000,2016-03-02 14:30:00
1457015400,198.7899932861328,199.8000030517578,198.11000061035156,199.77999877929688,168.42617797851562,95172200,2016-03-03 14:30:00
1457101800,200.00999450683594,201.35000610351562,199.02999877929688,200.42999267578125,168.97410583496094,129293600,2016-03-04 14:30:00
1457361000,199.33999633789062,201.07000732421875,199.25,200.58999633789062,169.1090087890625,100219000,2016-03-07 14:30:00
1457447400,199.32000732421875,199.9199981689453,198.2100067138672,198.39999389648438,167.2627716064453,123974900,2016-03-08 14:30:00
1457533800,199.36000061035156,199.7899932861328,198.42999267578125,199.3800048828125,168.08895874023438,94801200,2016-03-09 14:30:00
1457620200,199.9600067138672,201.07000732421875,197.3800048828125,199.5399932861328,168.22381591796875,156838700,2016-03-10 14:30:00
1457706600,201.25999450683594,202.80999755859375,199.52000427246094,202.75999450683594,170.9384765625,137964500,2016-03-11 14:30:00
1457962200,202.16000366210938,203.0399932861328,201.77000427246094,202.5,170.71932983398438,73612000,2016-03-14 13:30:00
1458048600,201.36000061035156,202.52999877929688,201.0500030517578,202.1699981689453,170.44105529785156,93169100,2016-03-15 13:30:00
1458135000,201.60000610351562,203.82000732421875,201.5500030517578,203.33999633789062,171.427490234375,129303200,2016-03-16 13:30:00
1458221400,203.24000549316406,205.22999572753906,202.77000427246094,204.6300048828125,172.51499938964844,134278500,2016-03-17 13:30:00
1458307800,204.1699981689453,204.77999877929688,203.8000030517578,204.3800048828125,173.19290161132812,138372400,2016-03-18 13:30:00
1458567000,204.07000732421875,204.94000244140625,203.8000030517578,204.6699981689453,173.43865966796875,72926700,2016-03-21 13:30:00
1458653400,203.75999450683594,205.22999572753906,203.57000732421875,204.55999755859375,173.345458984375,97471900,2016-03-22 13:30:00
1458739800,204.11000061035156,204.3300018310547,203.00999450683594,203.2100067138672,172.20147705078125,81052500,2016-03-23 13:30:00
1458826200,202.0,203.16000366210938,201.74000549316406,203.1199951171875,172.1251220703125,84360900,2016-03-24 13:30:00
1459171800,203.61000061035156,203.86000061035156,202.7100067138672,203.24000549316406,172.22686767578125,62408200,2016-03-28 13:30:00
1459258200,202.75999450683594,205.25,202.39999389648438,205.1199951171875,173.81997680664062,92922900,2016-03-29 13:30:00
1459344600,206.3000030517578,206.8699951171875,205.58999633789062,206.02000427246094,174.58262634277344,86365300,2016-03-30 13:30:00
1459431000,205.91000366210938,206.41000366210938,205.3300018310547,205.52000427246094,174.15896606445312,94584100,2016-03-31 13:30:00
1459517400,204.35000610351562,207.13999938964844,203.97999572753906,206.9199981689453,175.34532165527344,114423500,2016-04-01 13:30:00
1459776600,206.8300018310547,207.07000732421875,205.88999938964844,206.25,174.77752685546875,63497000,2016-04-04 13:30:00
1459863000,204.6699981689453,206.25999450683594,203.88999938964844,204.19000244140625,173.0319366455078,99662200,2016-04-05 13:30:00
1459949400,204.19000244140625,206.49000549316406,203.97999572753906,206.4199981689453,174.921630859375,91839800,2016-04-06 13:30:00
1460035800,205.13999938964844,205.55999755859375,203.08999633789062,203.9499969482422,172.8284912109375,113859000,2016-04-07 13:30:00
1460122200,205.33999633789062,205.85000610351562,203.8699951171875,204.5,173.2946319580078,95040600,2016-04-08 13:30:00
1460381400,205.25,206.07000732421875,203.91000366210938,204.02000427246094,172.88778686523438,83757500,2016-04-11 13:30:00
1460467800,204.22000122070312,206.25,203.6999969482422,205.9199981689453,174.4979248046875,115350600,2016-04-12 13:30:00
1460554200,207.0,208.10000610351562,206.83999633789062,208.0,176.26052856445312,96336400,2016-04-13 13:30:00
1460640600,208.07000732421875,208.60000610351562,207.60000610351562,208.00999450683594,176.26901245117188,65212900,2016-04-14 13:30:00
1460727000,208.00999450683594,208.1699981689453,207.39999389648438,207.77999877929688,176.07408142089844,75761600,2016-04-15 13:30:00
1460986200,207.77999877929688,209.27999877929688,207.0,209.24000549316406,177.31129455566406,82531000,2016-04-18 13:30:00
1461072600,209.74000549316406,210.1999969482422,208.94000244140625,209.89999389648438,177.87062072753906,88316100,2016-04-19 13:30:00
1461159000,209.9499969482422,210.9199981689453,209.38999938964844,210.10000610351562,178.04006958007812,81100300,2016-04-20 13:30:00
1461245400,210.1199951171875,210.25,208.64999389648438,208.97000122070312,177.0824737548828,85695000,2016-04-21 13:30:00
1461331800,208.5500030517578,209.2899932861328,207.91000366210938,208.97000122070312,177.0824737548828,99251700,2016-04-22 13:30:00
1461591000,208.25999450683594,208.66000366210938,207.5399932861328,208.61000061035156,176.77743530273438,66166500,2016-04-25 13:30:00
1461677400,209.0399932861328,209.52000427246094,208.36000061035156,208.9199981689453,177.04014587402344,75864200,2016-04-26 13:30:00
1461763800,208.47000122070312,209.80999755859375,208.0500030517578,209.35000610351562,177.40451049804688,77329400,2016-04-27 13:30:00
1461850200,208.4600067138672,209.75999450683594,206.9600067138672,207.4499969482422,175.79443359375,97216200,2016-04-28 13:30:00
1461936600,206.72000122070312,207.1300048828125,205.02999877929688,206.3300018310547,174.8453826904297,142424100,2016-04-29 13:30:00
1462195800,206.9199981689453,208.17999267578125,206.41000366210938,207.97000122070312,176.23509216308594,62188000,2016-05-02 13:30:00
1462282200,206.52000427246094,206.8000030517578,205.27999877929688,206.16000366210938,174.70135498046875,106422100,2016-05-03 13:30:00
1462368600,204.99000549316406,205.85000610351562,204.4199981689453,205.00999450683594,173.726806640625,92243800,2016-05-04 13:30:00
1462455000,205.55999755859375,205.97999572753906,204.47000122070312,204.97000122070312,173.69288635253906,67619200,2016-05-05 13:30:00
1462541400,204.05999755859375,205.77000427246094,203.8800048828125,205.72000122070312,174.3284454345703,89315000,2016-05-06 13:30:00
1462800600,205.57000732421875,206.39999389648438,205.36000061035156,205.88999938964844,174.4725341796875,74374900,2016-05-09 13:30:00
1462887000,206.72000122070312,208.47000122070312,206.63999938964844,208.4499969482422,176.64183044433594,77472200,2016-05-10 13:30:00
1462973400,207.91000366210938,208.5399932861328,206.5,206.5,174.9894256591797,81727000,2016-05-11 13:30:00
1463059800,207.2899932861328,207.49000549316406,205.3699951171875,206.55999755859375,175.04025268554688,89586300,2016-05-12 13:30:00
1463146200,206.2100067138672,206.86000061035156,204.3800048828125,204.75999450683594,173.51492309570312,96474600,2016-05-13 13:30:00
1463405400,204.9600067138672,207.33999633789062,204.88999938964844,206.77999877929688,175.22666931152344,77486800,2016-05-16 13:30:00
1463491800,206.4600067138672,206.8000030517578,204.22999572753906,204.85000610351562,173.59120178222656,114924900,2016-05-17 13:30:00
1463578200,204.44000244140625,206.3000030517578,203.6300048828125,204.91000366210938,173.64199829101562,120062100,2016-05-18 13:30:00
1463664600,204.05999755859375,204.5399932861328,202.77999877929688,204.1999969482422,173.04034423828125,115430500,2016-05-19 13:30:00
1463751000,204.9199981689453,206.10000610351562,204.86000061035156,205.49000549316406,174.13352966308594,104990400,2016-05-20 13:30:00
1464010200,205.50999450683594,205.83999633789062,204.99000549316406,205.2100067138672,173.8963165283203,58682600,2016-05-23 13:30:00
1464096600,206.1699981689453,208.24000549316406,206.13999938964844,207.8699951171875,176.1503448486328,93537800,2016-05-24 13:30:00
1464183000,208.6699981689453,209.77000427246094,207.8699951171875,209.27999877929688,177.3451690673828,76621400,2016-05-25 13:30:00
1464269400,209.44000244140625,209.7100067138672,208.97000122070312,209.33999633789062,177.39608764648438,55280700,2016-05-26 13:30:00
1464355800,209.52999877929688,210.25,209.47000122070312,210.24000549316406,178.15870666503906,64211200,2016-05-27 13:30:00
1464701400,210.55999755859375,210.69000244140625,209.17999267578125,209.83999633789062,177.81971740722656,109879400,2016-05-31 13:30:00
1464787800,209.1199951171875,210.47999572753906,208.88999938964844,210.27000427246094,178.18409729003906,69936200,2016-06-01 13:30:00
1464874200,209.8000030517578,210.92999267578125,209.24000549316406,210.91000366210938,178.72650146484375,63044700,2016-06-02 13:30:00
1464960600,210.25,210.69000244140625,208.86000061035156,210.27999877929688,178.19259643554688,101757100,2016-06-03 13:30:00
1465219800,210.6999969482422,211.77000427246094,210.50999450683594,211.35000610351562,179.09933471679688,64887000,2016-06-06 13:30:00
1465306200,211.52999877929688,212.33999633789062,211.5,211.67999267578125,179.37892150878906,60974800,2016-06-07 13:30:00
1465392600,211.83999633789062,212.52000427246094,211.69000244140625,212.3699951171875,179.96368408203125,66170900,2016-06-08 13:30:00
1465479000,211.50999450683594,212.22000122070312,211.19000244140625,212.0800018310547,179.7179412841797,73786900,2016-06-09 13:30:00
1465565400,210.4600067138672,210.86000061035156,209.42999267578125,210.07000732421875,178.01467895507812,113829200,2016-06-10 13:30:00
1465824600,209.36000061035156,210.3699951171875,208.35000610351562,208.4499969482422,176.64183044433594,117751200,2016-06-13 13:30:00
1465911000,208.0,208.74000549316406,206.9199981689453,208.0399932861328,176.2943878173828,125059300,2016-06-14 13:30:00
1465997400,208.0399932861328,209.36000061035156,207.52999877929688,207.75,176.04867553710938,109124500,2016-06-15 13:30:00
1466083800,207.75,208.57000732421875,205.58999633789062,208.3699951171875,176.5740203857422,149533100,2016-06-16 13:30:00
1466170200,207.1699981689453,207.1999969482422,205.75,206.52000427246094,175.91648864746094,117055700,2016-06-17 13:30:00
1466429400,208.82000732421875,209.61000061035156,207.75,207.85000610351562,177.04940795898438,82789600,2016-06-20 13:30:00
1466515800,208.3000030517578,208.9199981689453,207.77999877929688,208.44000244140625,177.55194091796875,72461700,2016-06-21 13:30:00
1466602200,208.64999389648438,209.5,207.92999267578125,208.10000610351562,177.26231384277344,95560500,2016-06-22 13:30:00
1466688600,209.80999755859375,210.8699951171875,209.27000427246094,210.80999755859375,179.57070922851562,102731400,2016-06-23 13:30:00
1466775000,203.6300048828125,210.85000610351562,202.72000122070312,203.24000549316406,173.12252807617188,333444400,2016-06-24 13:30:00
1467034200,201.58999633789062,201.60000610351562,198.64999389648438,199.60000610351562,170.02197265625,230775800,2016-06-27 13:30:00
1467120600,201.47999572753906,203.22999572753906,201.1199951171875,203.1999969482422,173.08847045898438,159382400,2016-06-28 13:30:00
1467207000,204.83999633789062,206.92999267578125,204.72000122070312,206.66000366210938,176.0357208251953,137328600,2016-06-29 13:30:00
1467293400,207.2100067138672,209.5399932861328,206.55999755859375,209.47999572753906,178.43783569335938,165021900,2016-06-30 13:30:00
1467379800,209.47999572753906,210.49000549316406,209.2899932861328,209.9199981689453,178.81263732910156,106055300,2016-07-01 13:30:00
1467725400,208.9499969482422,209.0800018310547,207.7100067138672,208.41000366210938,177.52639770507812,109803700,2016-07-05 13:30:00
1467811800,207.8300018310547,209.8000030517578,207.05999755859375,209.66000366210938,178.5911407470703,96021500,2016-07-06 13:30:00
1467898200,209.8699951171875,210.64999389648438,208.6300048828125,209.52999877929688,178.48043823242188,85593800,2016-07-07 13:30:00
1467984600,211.0500030517578,212.94000244140625,210.77999877929688,212.64999389648438,181.13804626464844,133971000,2016-07-08 13:30:00
1468243800,213.19000244140625,214.07000732421875,212.9499969482422,213.39999389648438,181.77694702148438,73633900,2016-07-11 13:30:00
1468330200,214.52999877929688,215.3000030517578,213.42999267578125,214.9499969482422,183.09725952148438,101275600,2016-07-12 13:30:00
1468416600,215.44000244140625,215.4499969482422,214.35000610351562,214.9199981689453,183.07171630859375,87324100,2016-07-13 13:30:00
1468503000,216.39999389648438,216.6699981689453,215.66000366210938,216.1199951171875,184.09385681152344,91230900,2016-07-14 13:30:00
1468589400,216.77999877929688,217.00999450683594,215.30999755859375,215.8300018310547,183.84683227539062,107155400,2016-07-15 13:30:00
1468848600,215.97000122070312,216.60000610351562,215.6699981689453,216.41000366210938,184.3408966064453,58725900,2016-07-18 13:30:00
1468935000,215.9199981689453,216.22999572753906,215.6300048828125,216.19000244140625,184.1534881591797,54345700,2016-07-19 13:30:00
1469021400,216.19000244140625,217.3699951171875,216.19000244140625,217.08999633789062,184.92015075683594,58159500,2016-07-20 13:30:00
1469107800,216.9600067138672,217.22000122070312,215.75,216.27000427246094,184.22164916992188,67777300,2016-07-21 13:30:00
1469194200,216.41000366210938,217.3000030517578,216.10000610351562,217.24000549316406,185.0479278564453,62787500,2016-07-22 13:30:00
1469453400,217.0,217.05999755859375,215.97000122070312,216.64999389648438,184.54531860351562,55873100,2016-07-25 13:30:00
1469539800,216.52999877929688,217.1699981689453,215.75999450683594,216.75,184.63050842285156,70080500,2016-07-26 13:30:00
1469626200,217.19000244140625,217.27000427246094,215.6199951171875,216.52000427246094,184.43458557128906,84083900,2016-07-27 13:30:00
1469712600,216.2899932861328,217.11000061035156,215.75,216.77000427246094,184.6475830078125,65035700,2016-07-28 13:30:00
1469799000,216.4600067138672,217.5399932861328,216.1300048828125,217.1199951171875,184.9456787109375,79519400,2016-07-29 13:30:00
1470058200,217.19000244140625,217.64999389648438,216.41000366210938,216.94000244140625,184.79234313964844,73311400,2016-08-01 13:30:00
1470144600,216.64999389648438,216.8300018310547,214.57000732421875,215.5500030517578,183.60836791992188,92295500,2016-08-02 13:30:00
1470231000,215.47999572753906,216.25,215.1300048828125,216.17999267578125,184.14498901367188,53993600,2016-08-03 13:30:00
1470317400,216.30999755859375,216.77999877929688,214.25,216.41000366210938,184.3408966064453,46585500,2016-08-04 13:30:00
1470403800,216.41000366210938,218.22999572753906,216.41000366210938,218.17999267578125,185.8486328125,71892200,2016-08-05 13:30:00
1470663000,218.39999389648438,218.52000427246094,217.74000549316406,218.0500030517578,185.73789978027344,39906500,2016-08-08 13:30:00
1470749400,218.1300048828125,218.75999450683594,217.8000030517578,218.17999267578125,185.8486328125,51251700,2016-08-09 13:30:00
1470835800,218.30999755859375,218.39999389648438,217.22999572753906,217.63999938964844,185.3886260986328,57941100,2016-08-10 13:30:00
1470922200,218.25999450683594,218.94000244140625,217.9499969482422,218.64999389648438,186.2489471435547,72504300,2016-08-11 13:30:00
1471008600,218.2899932861328,218.7100067138672,217.99000549316406,218.4600067138672,186.08712768554688,61313500,2016-08-12 13:30:00
1471267800,218.88999938964844,219.5,218.8800048828125,219.08999633789062,186.623779296875,49813500,2016-08-15 13:30:00
1471354200,218.60000610351562,218.67999267578125,217.9600067138672,217.9600067138672,185.66123962402344,53213600,2016-08-16 13:30:00
1471440600,218.0,218.52999877929688,217.02000427246094,218.3699951171875,186.01046752929688,75134300,2016-08-17 13:30:00
1471527000,218.33999633789062,218.89999389648438,218.2100067138672,218.86000061035156,186.4278106689453,52989300,2016-08-18 13:30:00
1471613400,218.30999755859375,218.75,217.74000549316406,218.5399932861328,186.1552276611328,75443000,2016-08-19 13:30:00
1471872600,218.25999450683594,218.8000030517578,217.8300018310547,218.52999877929688,186.14674377441406,61368800,2016-08-22 13:30:00
1471959000,219.25,219.60000610351562,218.89999389648438,218.97000122070312,186.52157592773438,53399200,2016-08-23 13:30:00
1472045400,218.8000030517578,218.91000366210938,217.36000061035156,217.85000610351562,185.5675048828125,71728900,2016-08-24 13:30:00
1472131800,217.39999389648438,218.19000244140625,217.22000122070312,217.6999969482422,185.4397430419922,69224800,2016-08-25 13:30:00
1472218200,217.9199981689453,219.1199951171875,216.25,217.2899932861328,185.0905303955078,122506300,2016-08-26 13:30:00
1472477400,217.44000244140625,218.6699981689453,217.39999389648438,218.36000061035156,186.00196838378906,70502200,2016-08-29 13:30:00
1472563800,218.25999450683594,218.58999633789062,217.35000610351562,218.0,185.6952667236328,58114500,2016-08-30 13:30:00
1472650200,217.61000061035156,217.75,216.47000122070312,217.3800048828125,185.16709899902344,85269500,2016-08-31 13:30:00
1472736600,217.3699951171875,217.72999572753906,216.02999877929688,217.38999938964844,185.17562866210938,97844200,2016-09-01 13:30:00
1472823000,218.38999938964844,218.8699951171875,217.6999969482422,218.3699951171875,186.01046752929688,79293900,2016-09-02 13:30:00
1473168600,218.6999969482422,219.1199951171875,217.86000061035156,219.02999877929688,186.57266235351562,56702100,2016-09-06 13:30:00
1473255000,218.83999633789062,219.22000122070312,218.3000030517578,219.00999450683594,186.55563354492188,76554900,2016-09-07 13:30:00
1473341400,218.6199951171875,218.94000244140625,218.14999389648438,218.50999450683594,186.1297149658203,74102900,2016-09-08 13:30:00
1473427800,216.97000122070312,217.02999877929688,213.25,213.27999877929688,181.6746826171875,221589100,2016-09-09 13:30:00
1473687000,212.38999938964844,216.80999755859375,212.30999755859375,216.33999633789062,184.2813262939453,168110900,2016-09-12 13:30:00
1473773400,214.83999633789062,215.14999389648438,212.5,213.22999572753906,181.63214111328125,182828800,2016-09-13 13:30:00
1473859800,213.2899932861328,214.6999969482422,212.5,213.14999389648438,181.5640411376953,134185500,2016-09-14 13:30:00
1473946200,212.9600067138672,215.72999572753906,212.75,215.27999877929688,183.37835693359375,134427900,2016-09-15 13:30:00
1474032600,213.47999572753906,213.69000244140625,212.57000732421875,213.3699951171875,182.66949462890625,155236400,2016-09-16 13:30:00
1474291800,214.1300048828125,214.8800048828125,213.02999877929688,213.41000366210938,182.70375061035156,80250500,2016-09-19 13:30:00
1474378200,214.41000366210938,214.58999633789062,213.3800048828125,213.4199981689453,182.7122802734375,69665300,2016-09-20 13:30:00
1474464600,214.24000549316406,216.02999877929688,213.44000244140625,215.82000732421875,184.76699829101562,110284400,2016-09-21 13:30:00
1474551000,217.0,217.52999877929688,216.7100067138672,217.17999267578125,185.9313201904297,76678700,2016-09-22 13:30:00
1474637400,216.72000122070312,216.8800048828125,215.8800048828125,215.99000549316406,184.91250610351562,73630900,2016-09-23 13:30:00
1474896600,215.02000427246094,215.22999572753906,214.00999450683594,214.24000549316406,183.41429138183594,89827300,2016-09-26 13:30:00
1474983000,214.0500030517578,215.67999267578125,213.6199951171875,215.57000732421875,184.55294799804688,78494800,2016-09-27 13:30:00
1475069400,215.8300018310547,216.82000732421875,214.7100067138672,216.63999938964844,185.46896362304688,87411000,2016-09-28 13:30:00
1475155800,216.39999389648438,216.8699951171875,214.0399932861328,214.67999267578125,183.7909698486328,128070600,2016-09-29 13:30:00
1475242200,215.64999389648438,217.1199951171875,215.36000061035156,216.3000030517578,185.17791748046875,117202900,2016-09-30 13:30:00
1475501400,215.82000732421875,216.0399932861328,215.0399932861328,215.77999877929688,184.7327423095703,83512100,2016-10-03 13:30:00
1475587800,215.91000366210938,216.1699981689453,213.99000549316406,214.67999267578125,183.7909698486328,119948100,2016-10-04 13:30:00
1475674200,215.41000366210938,216.1300048828125,215.3300018310547,215.6300048828125,184.6043243408203,72816000,2016-10-05 13:30:00
1475760600,215.3699951171875,216.0399932861328,214.74000549316406,215.77999877929688,184.7327423095703,62927400,2016-10-06 13:30:00
1475847000,216.10000610351562,216.3000030517578,214.19000244140625,215.0399932861328,184.09918212890625,89788300,2016-10-07 13:30:00
1476106200,216.16000366210938,216.6999969482422,215.99000549316406,216.16000366210938,185.0580596923828,51855000,2016-10-10 13:30:00
1476192600,215.66000366210938,215.74000549316406,212.5800018310547,213.42999267578125,182.7208251953125,130367400,2016-10-11 13:30:00
1476279000,213.58999633789062,214.32000732421875,213.00999450683594,213.7100067138672,182.96060180664062,73866100,2016-10-12 13:30:00
1476365400,212.16000366210938,213.58999633789062,211.2100067138672,213.00999450683594,182.3612823486328,101357000,2016-10-13 13:30:00
1476451800,214.14999389648438,214.69000244140625,213.02999877929688,213.1199951171875,182.45542907714844,93346200,2016-10-14 13:30:00
1476711000,213.08999633789062,213.38999938964844,212.1699981689453,212.3800048828125,181.82191467285156,58275700,2016-10-17 13:30:00
1476797400,214.24000549316406,214.30999755859375,213.27000427246094,213.7100067138672,182.96060180664062,76869700,2016-10-18 13:30:00
1476883800,214.02000427246094,214.63999938964844,213.60000610351562,214.27999877929688,183.4485626220703,66519200,2016-10-19 13:30:00
1476970200,213.8699951171875,214.52999877929688,213.11000061035156,213.8800048828125,183.10610961914062,73639800,2016-10-20 13:30:00
1477056600,213.8800048828125,214.0800018310547,212.75999450683594,213.97999572753906,183.1917266845703,89089100,2016-10-21 13:30:00
1477315800,215.0,215.32000732421875,214.47999572753906,214.88999938964844,183.97079467773438,60146600,2016-10-24 13:30:00
1477402200,214.67999267578125,214.97999572753906,213.97999572753906,214.1699981689453,183.3543701171875,66542300,2016-10-25 13:30:00
1477488600,213.2100067138672,214.4199981689453,212.92999267578125,213.74000549316406,182.98622131347656,75705500,2016-10-26 13:30:00
1477575000,214.5800018310547,214.6199951171875,213.0800018310547,213.1699981689453,182.49822998046875,77220200,2016-10-27 13:30:00
1477661400,213.13999938964844,213.92999267578125,211.7100067138672,212.5399932861328,181.95895385742188,140623200,2016-10-28 13:30:00
1477920600,212.92999267578125,213.19000244140625,212.36000061035156,212.5500030517578,181.96749877929688,61272500,2016-10-31 13:30:00
1478007000,212.92999267578125,212.99000549316406,209.60000610351562,211.00999450683594,180.6490478515625,122781800,2016-11-01 13:30:00
1478093400,210.64999389648438,211.10000610351562,209.22999572753906,209.74000549316406,179.56179809570312,103330800,2016-11-02 13:30:00
1478179800,209.99000549316406,210.24000549316406,208.4600067138672,208.77999877929688,178.73988342285156,88939300,2016-11-03 13:30:00
1478266200,208.91000366210938,209.88999938964844,208.3800048828125,208.5500030517578,178.54295349121094,109122100,2016-11-04 13:30:00
1478529000,208.5500030517578,213.19000244140625,208.5500030517578,213.14999389648438,182.4811248779297,109794900,2016-11-07 14:30:00
1478615400,212.69000244140625,214.77000427246094,212.3800048828125,214.11000061035156,183.30303955078125,106772100,2016-11-08 14:30:00
1478701800,212.3699951171875,217.10000610351562,212.33999633789062,216.3800048828125,185.2463836669922,258429000,2016-11-09 14:30:00
1478788200,217.3000030517578,218.30999755859375,215.22000122070312,216.9199981689453,185.7086639404297,172113300,2016-11-10 14:30:00
1478874600,216.0800018310547,216.6999969482422,215.32000732421875,216.4199981689453,185.28060913085938,100552700,2016-11-11 14:30:00
1479133800,217.02999877929688,217.27000427246094,215.72000122070312,216.58999633789062,185.4261474609375,94580000,2016-11-14 14:30:00
1479220200,217.0399932861328,218.27999877929688,216.8000030517578,218.27999877929688,186.8730010986328,91652600,2016-11-15 14:30:00
1479306600,217.55999755859375,218.13999938964844,217.4199981689453,217.8699951171875,186.52200317382812,65617700,2016-11-16 14:30:00
1479393000,218.0500030517578,219.05999755859375,217.9199981689453,218.99000549316406,187.4808349609375,69797200,2016-11-17 14:30:00
1479479400,219.07000732421875,219.27000427246094,218.2899932861328,218.5,187.06138610839844,86265800,2016-11-18 14:30:00
1479738600,219.1699981689453,220.17999267578125,219.0,220.14999389648438,188.47393798828125,72402600,2016-11-21 14:30:00
1479825000,220.50999450683594,220.7899932861328,219.72999572753906,220.5800018310547,188.84210205078125,67429000,2016-11-22 14:30:00
1479911400,219.97999572753906,220.75999450683594,219.75,220.6999969482422,188.94479370117188,56620200,2016-11-23 14:30:00
1480084200,221.10000610351562,221.55999755859375,221.00999450683594,221.52000427246094,189.64683532714844,37872300,2016-11-25 14:30:00
1480343400,221.16000366210938,221.47999572753906,220.36000061035156,220.47999572753906,188.75648498535156,76572500,2016-11-28 14:30:00
1480429800,220.52000427246094,221.44000244140625,220.1699981689453,220.91000366210938,189.12461853027344,69886700,2016-11-29 14:30:00
1480516200,221.6300048828125,221.82000732421875,220.30999755859375,220.3800048828125,188.67086791992188,113291800,2016-11-30 14:30:00
1480602600,220.72999572753906,220.72999572753906,219.14999389648438,219.57000732421875,187.9774169921875,79040500,2016-12-01 14:30:00
1480689000,219.6699981689453,220.25,219.25999450683594,219.67999267578125,188.0715789794922,74840300,2016-12-02 14:30:00
1480948200,220.64999389648438,221.39999389648438,220.4199981689453,221.0,189.20169067382812,67837800,2016-12-05 14:30:00
1481034600,221.22000122070312,221.74000549316406,220.66000366210938,221.6999969482422,189.8009490966797,59877400,2016-12-06 14:30:00
1481121000,221.52000427246094,224.6699981689453,221.3800048828125,224.60000610351562,192.28366088867188,110738100,2016-12-07 14:30:00
1481207400,224.57000732421875,225.6999969482422,224.25999450683594,225.14999389648438,192.75445556640625,99714400,2016-12-08 14:30:00
1481293800,225.41000366210938,226.52999877929688,225.3699951171875,226.50999450683594,193.91885375976562,88005800,2016-12-09 14:30:00
1481553000,226.39999389648438,226.9600067138672,225.75999450683594,226.25,193.69625854492188,102016100,2016-12-12 14:30:00
1481639400,227.02000427246094,228.33999633789062,227.0,227.75999450683594,194.98899841308594,110477500,2016-12-13 14:30:00
1481725800,227.41000366210938,228.22999572753906,225.3699951171875,225.8800048828125,193.37948608398438,142501800,2016-12-14 14:30:00
1481812200,226.16000366210938,227.80999755859375,225.88999938964844,226.80999755859375,194.17568969726562,124972600,2016-12-15 14:30:00
1481898600,226.00999450683594,226.0800018310547,224.6699981689453,225.0399932861328,193.7958984375,156420200,2016-12-16 14:30:00
1482157800,225.25,226.02000427246094,225.0800018310547,225.52999877929688,194.2178955078125,90341100,2016-12-19 14:30:00
1482244200,226.14999389648438,226.57000732421875,225.8800048828125,226.39999389648438,194.96705627441406,89838800,2016-12-20 14:30:00
1482330600,226.25,226.4499969482422,225.77000427246094,225.77000427246094,194.4246063232422,67909000,2016-12-21 14:30:00
1482417000,225.60000610351562,225.74000549316406,224.9199981689453,225.3800048828125,194.08872985839844,56219100,2016-12-22 14:30:00
1482503400,225.42999267578125,225.72000122070312,225.2100067138672,225.7100067138672,194.3728790283203,36697800,2016-12-23 14:30:00
1482849000,226.02000427246094,226.72999572753906,226.0,226.27000427246094,194.8551788330078,42672500,2016-12-27 14:30:00
1482935400,226.57000732421875,226.58999633789062,224.27000427246094,224.39999389648438,193.2447509765625,64095000,2016-12-28 14:30:00
1483021800,224.47999572753906,224.88999938964844,223.83999633789062,224.35000610351562,193.20172119140625,48696100,2016-12-29 14:30:00
1483108200,224.72999572753906,224.8300018310547,222.72999572753906,223.52999877929688,192.49551391601562,108998300,2016-12-30 14:30:00
1483453800,225.0399932861328,225.8300018310547,223.8800048828125,225.24000549316406,193.96817016601562,91366500,2017-01-03 14:30:00
1483540200,225.6199951171875,226.75,225.61000061035156,226.5800018310547,195.12213134765625,78744400,2017-01-04 14:30:00
1483626600,226.27000427246094,226.5800018310547,225.47999572753906,226.39999389648438,194.96705627441406,78379000,2017-01-05 14:30:00
1483713000,226.52999877929688,227.75,225.89999389648438,227.2100067138672,195.66465759277344,71559900,2017-01-06 14:30:00
1483972200,226.91000366210938,227.07000732421875,226.4199981689453,226.4600067138672,195.018798828125,46939700,2017-01-09 14:30:00
1484058600,226.47999572753906,227.4499969482422,226.00999450683594,226.4600067138672,195.018798828125,63771900,2017-01-10 14:30:00
1484145000,226.36000061035156,227.10000610351562,225.58999633789062,227.10000610351562,195.5699005126953,74650000,2017-01-11 14:30:00
1484231400,226.5,226.75,224.9600067138672,226.52999877929688,195.07899475097656,72113200,2017-01-12 14:30:00
1484317800,226.72999572753906,227.39999389648438,226.69000244140625,227.0500030517578,195.52688598632812,62717900,2017-01-13 14:30:00
1484663400,226.30999755859375,226.77999877929688,225.8000030517578,226.25,194.83790588378906,61240800,2017-01-17 14:30:00
1484749800,226.5399932861328,226.8000030517578,225.89999389648438,226.75,195.26852416992188,54793300,2017-01-18 14:30:00
1484836200,226.83999633789062,227.0,225.41000366210938,225.91000366210938,194.54510498046875,66608800,2017-01-19 14:30:00
1484922600,226.6999969482422,227.30999755859375,225.97000122070312,226.74000549316406,195.2598876953125,129168600,2017-01-20 14:30:00
1485181800,226.74000549316406,226.80999755859375,225.27000427246094,226.14999389648438,194.75180053710938,75061600,2017-01-23 14:30:00
1485268200,226.39999389648438,228.0800018310547,226.27000427246094,227.60000610351562,196.00051879882812,95555300,2017-01-24 14:30:00
1485354600,228.6999969482422,229.57000732421875,228.50999450683594,229.57000732421875,197.6969451904297,84437700,2017-01-25 14:30:00
1485441000,229.39999389648438,229.7100067138672,229.00999450683594,229.3300018310547,197.49032592773438,59970700,2017-01-26 14:30:00
1485527400,229.4199981689453,229.58999633789062,228.75999450683594,228.97000122070312,197.18026733398438,59711100,2017-01-27 14:30:00
1485786600,228.1699981689453,228.1999969482422,226.41000366210938,227.5500030517578,195.95741271972656,79737300,2017-01-30 14:30:00
1485873000,226.97999572753906,227.60000610351562,226.32000732421875,227.52999877929688,195.94015502929688,75880800,2017-01-31 14:30:00
1485959400,227.52999877929688,228.58999633789062,226.94000244140625,227.6199951171875,196.01771545410156,79117700,2017-02-01 14:30:00
1486045800,227.6199951171875,228.10000610351562,226.82000732421875,227.77000427246094,196.14688110351562,69657600,2017-02-02 14:30:00
1486132200,228.82000732421875,229.5500030517578,228.4600067138672,229.33999633789062,197.49891662597656,80563200,2017-02-03 14:30:00
1486391400,228.8699951171875,229.3300018310547,228.5399932861328,228.92999267578125,197.14584350585938,57790100,2017-02-06 14:30:00
1486477800,229.3800048828125,229.66000366210938,228.72000122070312,228.94000244140625,197.1544189453125,57931200,2017-02-07 14:30:00
1486564200,228.94000244140625,229.38999938964844,228.30999755859375,229.24000549316406,197.41281127929688,51566200,2017-02-08 14:30:00
1486650600,229.24000549316406,230.9499969482422,229.24000549316406,230.60000610351562,198.58395385742188,65955200,2017-02-09 14:30:00
1486737000,231.0,231.77000427246094,230.6199951171875,231.50999450683594,199.36761474609375,66015900,2017-02-10 14:30:00
1486996200,232.0800018310547,233.07000732421875,232.0500030517578,232.77000427246094,200.45265197753906,55182100,2017-02-13 14:30:00
1487082600,232.55999755859375,233.7100067138672,232.16000366210938,233.6999969482422,201.25360107421875,71109000,2017-02-14 14:30:00
1487169000,233.4499969482422,235.13999938964844,233.38999938964844,234.9199981689453,202.30421447753906,86785800,2017-02-15 14:30:00
1487255400,234.9499969482422,235.16000366210938,233.85000610351562,234.72000122070312,202.13192749023438,84722400,2017-02-16 14:30:00
1487341800,233.9499969482422,235.08999633789062,233.92999267578125,235.08999633789062,202.4506072998047,77204100,2017-02-17 14:30:00
1487687400,235.52000427246094,236.69000244140625,235.50999450683594,236.49000549316406,203.65615844726562,88946100,2017-02-21 14:30:00
1487773800,236.02000427246094,236.5399932861328,235.8300018310547,236.27999877929688,203.4754180908203,62115200,2017-02-22 14:30:00
1487860200,236.8800048828125,236.89999389648438,235.55999755859375,236.44000244140625,203.6132049560547,74615900,2017-02-23 14:30:00
1487946600,235.4600067138672,236.7899932861328,235.41000366210938,236.74000549316406,203.87147521972656,82381600,2017-02-24 14:30:00
1488205800,236.63999938964844,237.30999755859375,236.35000610351562,237.11000061035156,204.19012451171875,56515400,2017-02-27 14:30:00
1488292200,236.6699981689453,236.9499969482422,236.02000427246094,236.47000122070312,203.63902282714844,96961900,2017-02-28 14:30:00
1488378600,238.38999938964844,240.32000732421875,238.3699951171875,239.77999877929688,206.48941040039062,149158200,2017-03-01 14:30:00
1488465000,239.55999755859375,239.57000732421875,238.2100067138672,238.27000427246094,205.18911743164062,70246000,2017-03-02 14:30:00
1488551400,238.1699981689453,238.61000061035156,237.72999572753906,238.4199981689453,205.31825256347656,81974300,2017-03-03 14:30:00
1488810600,237.5,238.1199951171875,237.00999450683594,237.7100067138672,204.70684814453125,55391500,2017-03-06 14:30:00
1488897000,237.36000061035156,237.77000427246094,236.75999450683594,237.0,204.0953826904297,65103700,2017-03-07 14:30:00
1488983400,237.33999633789062,237.63999938964844,236.39999389648438,236.55999755859375,203.71644592285156,78168800,2017-03-08 14:30:00
1489069800,236.6999969482422,237.24000549316406,235.74000549316406,236.86000061035156,203.97486877441406,90683900,2017-03-09 14:30:00
1489156200,237.97000122070312,238.02000427246094,236.58999633789062,237.69000244140625,204.68959045410156,81991700,2017-03-10 14:30:00
1489411800,237.6199951171875,237.86000061035156,237.24000549316406,237.80999755859375,204.79295349121094,57256800,2017-03-13 13:30:00
1489498200,237.17999267578125,237.24000549316406,236.19000244140625,236.89999389648438,204.00930786132812,59880800,2017-03-14 13:30:00
1489584600,237.55999755859375,239.44000244140625,237.2899932861328,238.9499969482422,205.77462768554688,96081800,2017-03-15 13:30:00
1489671000,239.11000061035156,239.1999969482422,238.10000610351562,238.47999572753906,205.3699493408203,78344000,2017-03-16 13:30:00
1489757400,237.75,237.97000122070312,237.02999877929688,237.02999877929688,205.00927734375,89002100,2017-03-17 13:30:00
1490016600,237.02999877929688,237.36000061035156,236.32000732421875,236.77000427246094,204.7843780517578,52537000,2017-03-20 13:30:00
1490103000,237.47000122070312,237.61000061035156,233.5800018310547,233.72999572753906,202.1550750732422,131809300,2017-03-21 13:30:00
1490189400,233.77000427246094,234.61000061035156,233.0500030517578,234.27999877929688,202.6307830810547,97569200,2017-03-22 13:30:00
1490275800,234.27999877929688,235.33999633789062,233.60000610351562,234.02999877929688,202.41455078125,100410300,2017-03-23 13:30:00
1490362200,234.3800048828125,235.0399932861328,232.9600067138672,233.86000061035156,202.2674560546875,112504900,2017-03-24 13:30:00
1490621400,231.92999267578125,233.9199981689453,231.61000061035156,233.6199951171875,202.05990600585938,87454500,2017-03-27 13:30:00
1490707800,233.27000427246094,235.80999755859375,233.13999938964844,235.32000732421875,203.5302734375,93483900,2017-03-28 13:30:00
1490794200,234.99000549316406,235.80999755859375,234.72999572753906,235.5399932861328,203.72055053710938,61950400,2017-03-29 13:30:00
1490880600,235.47000122070312,236.52000427246094,235.27000427246094,236.2899932861328,204.3692626953125,56737900,2017-03-30 13:30:00
1490967000,235.89999389648438,236.50999450683594,235.67999267578125,235.74000549316406,203.89352416992188,73733100,2017-03-31 13:30:00
1491226200,235.8000030517578,236.02999877929688,233.91000366210938,235.3300018310547,203.5388946533203,85546500,2017-04-03 13:30:00
1491312600,235.0,235.5800018310547,234.55999755859375,235.47999572753906,203.66867065429688,56466200,2017-04-04 13:30:00
1491399000,236.25999450683594,237.38999938964844,234.5399932861328,234.77999877929688,203.063232421875,108800600,2017-04-05 13:30:00
1491485400,234.94000244140625,236.0399932861328,234.42999267578125,235.44000244140625,203.63409423828125,69135800,2017-04-06 13:30:00
1491571800,235.14999389648438,236.0,234.63999938964844,235.1999969482422,203.4264678955078,74412300,2017-04-07 13:30:00
1491831000,235.36000061035156,236.25999450683594,234.72999572753906,235.33999633789062,203.5475616455078,67615300,2017-04-10 13:30:00
1491917400,234.89999389648438,235.17999267578125,233.33999633789062,235.05999755859375,203.305419921875,88045300,2017-04-11 13:30:00
1492003800,234.74000549316406,234.9600067138672,233.77000427246094,234.02999877929688,202.41455078125,81864400,2017-04-12 13:30:00
1492090200,233.63999938964844,234.49000549316406,232.50999450683594,232.50999450683594,201.09988403320312,92880400,2017-04-13 13:30:00
1492435800,233.11000061035156,234.57000732421875,232.8800048828125,234.57000732421875,202.88165283203125,68405400,2017-04-17 13:30:00
1492522200,233.72000122070312,234.49000549316406,233.0800018310547,233.8699951171875,202.276123046875,83225800,2017-04-18 13:30:00
1492608600,234.52000427246094,234.9499969482422,233.17999267578125,233.44000244140625,201.90426635742188,68699900,2017-04-19 13:30:00
1492695000,234.14999389648438,235.85000610351562,233.77999877929688,235.33999633789062,203.5475616455078,92572200,2017-04-20 13:30:00
1492781400,235.25,235.30999755859375,234.1300048828125,234.58999633789062,202.8988494873047,110389800,2017-04-21 13:30:00
1493040600,237.17999267578125,237.41000366210938,234.55999755859375,237.1699981689453,205.13038635253906,119209900,2017-04-24 13:30:00
1493127000,237.91000366210938,238.9499969482422,237.80999755859375,238.5500030517578,206.32391357421875,76698300,2017-04-25 13:30:00
1493213400,238.50999450683594,239.52999877929688,238.35000610351562,238.39999389648438,206.19418334960938,84702500,2017-04-26 13:30:00
1493299800,238.77000427246094,238.9499969482422,237.97999572753906,238.60000610351562,206.3671417236328,57410300,2017-04-27 13:30:00
1493386200,238.89999389648438,238.92999267578125,237.92999267578125,238.0800018310547,205.91741943359375,63532800,2017-04-28 13:30:00
1493645400,238.67999267578125,239.1699981689453,238.1999969482422,238.67999267578125,206.43637084960938,66882500,2017-05-01 13:30:00
1493731800,238.83999633789062,238.97999572753906,238.3000030517578,238.77000427246094,206.51416015625,57375700,2017-05-02 13:30:00
1493818200,238.77000427246094,238.8800048828125,237.6999969482422,238.47999572753906,206.26336669921875,73137700,2017-05-03 13:30:00
1493904600,238.8300018310547,238.9199981689453,237.77999877929688,238.75999450683594,206.50550842285156,61462700,2017-05-04 13:30:00
1493991000,239.19000244140625,239.72000122070312,238.67999267578125,239.6999969482422,207.3185272216797,62001300,2017-05-05 13:30:00
1494250200,239.75,239.9199981689453,239.1699981689453,239.66000366210938,207.28399658203125,48385700,2017-05-08 13:30:00
1494336600,239.9600067138672,240.19000244140625,239.0399932861328,239.44000244140625,207.09368896484375,51363200,2017-05-09 13:30:00
1494423000,239.38999938964844,239.8699951171875,239.14999389648438,239.8699951171875,207.46560668945312,54293800,2017-05-10 13:30:00
1494509400,239.35000610351562,239.57000732421875,238.1300048828125,239.3800048828125,207.0418243408203,62358300,2017-05-11 13:30:00
1494595800,239.08999633789062,239.42999267578125,238.6699981689453,238.97999572753906,206.69583129882812,53912700,2017-05-12 13:30:00
1494855000,239.47000122070312,240.44000244140625,239.4499969482422,240.3000030517578,207.8375244140625,61918900,2017-05-15 13:30:00
1494941400,240.63999938964844,240.6699981689453,239.6300048828125,240.0800018310547,207.64723205566406,51241800,2017-05-16 13:30:00
1495027800,240.0800018310547,240.0800018310547,235.75,235.82000732421875,203.9626922607422,172174100,2017-05-17 13:30:00
1495114200,235.72999572753906,237.75,235.42999267578125,236.77000427246094,204.7843780517578,107047700,2017-05-18 13:30:00
1495200600,237.3300018310547,239.0800018310547,237.27000427246094,238.30999755859375,206.1163787841797,115011400,2017-05-19 13:30:00
1495459800,238.89999389648438,239.7100067138672,238.82000732421875,239.52000427246094,207.16290283203125,61010600,2017-05-22 13:30:00
1495546200,239.9499969482422,240.24000549316406,239.50999450683594,240.0500030517578,207.6212615966797,48341700,2017-05-23 13:30:00
1495632600,240.32000732421875,240.72999572753906,239.92999267578125,240.61000061035156,208.10565185546875,46927700,2017-05-24 13:30:00
1495719000,241.1999969482422,242.0800018310547,240.9600067138672,241.75999450683594,209.1002655029297,64071700,2017-05-25 13:30:00
1495805400,241.5399932861328,241.89999389648438,241.4499969482422,241.7100067138672,209.0570526123047,46629900,2017-05-26 13:30:00
1496151000,241.33999633789062,241.7899932861328,241.16000366210938,241.5,208.87545776367188,35201900,2017-05-30 13:30:00
1496237400,241.83999633789062,241.8800048828125,240.63999938964844,241.44000244140625,208.8235321044922,91796000,2017-05-31 13:30:00
1496323800,241.97000122070312,243.3800048828125,241.63999938964844,243.36000061035156,210.48411560058594,68962000,2017-06-01 13:30:00
1496410200,243.4199981689453,244.35000610351562,243.0800018310547,244.1699981689453,211.1846923828125,88666100,2017-06-02 13:30:00
1496669400,243.97000122070312,244.3000030517578,243.75999450683594,243.99000549316406,211.02906799316406,44698800,2017-06-05 13:30:00
1496755800,243.33999633789062,243.97999572753906,243.1199951171875,243.2100067138672,210.3544158935547,50375400,2017-06-06 13:30:00
1496842200,243.60000610351562,243.9199981689453,242.8300018310547,243.66000366210938,210.74362182617188,54144300,2017-06-07 13:30:00
1496928600,243.77000427246094,244.3300018310547,243.1699981689453,243.77999877929688,210.8473663330078,65950700,2017-06-08 13:30:00
1497015000,244.08999633789062,245.00999450683594,241.9499969482422,243.41000366210938,210.52737426757812,132256400,2017-06-09 13:30:00
1497274200,243.1300048828125,243.4199981689453,242.3800048828125,243.36000061035156,210.48411560058594,86108100,2017-06-12 13:30:00
1497360600,243.97999572753906,244.61000061035156,243.5800018310547,244.5500030517578,211.5133819580078,60067000,2017-06-13 13:30:00
1497447000,244.86000061035156,244.8699951171875,243.2899932861328,244.24000549316406,211.2452392578125,78602300,2017-06-14 13:30:00
1497533400,242.67999267578125,243.91000366210938,242.36000061035156,243.77000427246094,210.83872985839844,66464900,2017-06-15 13:30:00
1497619800,242.77000427246094,242.8300018310547,241.6300048828125,242.63999938964844,210.8848114013672,84553100,2017-06-16 13:30:00
1497879000,243.58999633789062,244.72999572753906,243.47999572753906,244.66000366210938,212.64044189453125,65123800,2017-06-19 13:30:00
1497965400,244.25,244.25999450683594,242.99000549316406,243.00999450683594,211.2064208984375,56906400,2017-06-20 13:30:00
1498051800,243.4600067138672,243.58999633789062,242.41000366210938,242.9499969482422,211.1542510986328,55977600,2017-06-21 13:30:00
1498138200,242.9600067138672,243.52999877929688,242.63999938964844,242.83999633789062,211.05868530273438,44148100,2017-06-22 13:30:00
1498224600,242.91000366210938,243.50999450683594,242.47000122070312,243.1300048828125,211.3106689453125,66986800,2017-06-23 13:30:00
1498483800,243.89999389648438,244.3800048828125,243.0500030517578,243.2899932861328,211.44973754882812,56700500,2017-06-26 13:30:00
1498570200,243.0399932861328,243.3800048828125,241.30999755859375,241.3300018310547,209.74624633789062,82247700,2017-06-27 13:30:00
1498656600,242.5,243.72000122070312,242.22999572753906,243.49000549316406,211.62353515625,70042600,2017-06-28 13:30:00
1498743000,243.66000366210938,243.72000122070312,239.9600067138672,241.35000610351562,209.76361083984375,106949700,2017-06-29 13:30:00
1498829400,242.27999877929688,242.7100067138672,241.5800018310547,241.8000030517578,210.1547088623047,86820700,2017-06-30 13:30:00
1499088600,242.8800048828125,243.3800048828125,242.2100067138672,242.2100067138672,210.51109313964844,39153800,2017-07-03 13:30:00
1499261400,242.6300048828125,243.00999450683594,241.6999969482422,242.77000427246094,210.99783325195312,54427600,2017-07-05 13:30:00
1499347800,241.88999938964844,242.02999877929688,240.33999633789062,240.5500030517578,209.06832885742188,65400800,2017-07-06 13:30:00
1499434200,241.2100067138672,242.27999877929688,240.55999755859375,242.11000061035156,210.4241485595703,57972300,2017-07-07 13:30:00
1499693400,242.11000061035156,242.8000030517578,241.75999450683594,242.3699951171875,210.65013122558594,36663300,2017-07-10 13:30:00
1499779800,242.3699951171875,242.5500030517578,240.85000610351562,242.19000244140625,210.4936981201172,50354600,2017-07-11 13:30:00
1499866200,243.3000030517578,244.1999969482422,243.3000030517578,244.00999450683594,212.075439453125,59610400,2017-07-12 13:30:00
1499952600,244.02000427246094,244.5500030517578,243.75999450683594,244.4199981689453,212.43186950683594,39471600,2017-07-13 13:30:00
1500039000,244.4199981689453,245.97000122070312,244.30999755859375,245.55999755859375,213.42263793945312,60262700,2017-07-14 13:30:00
1500298200,245.47000122070312,245.91000366210938,245.3300018310547,245.52999877929688,213.39657592773438,33531900,2017-07-17 13:30:00
1500384600,245.05999755859375,245.72000122070312,244.6699981689453,245.66000366210938,213.5095672607422,42742500,2017-07-18 13:30:00
1500471000,246.02000427246094,247.0,246.00999450683594,246.99000549316406,214.66552734375,51034300,2017-07-19 13:30:00
1500557400,247.27999877929688,247.4199981689453,246.47000122070312,247.10000610351562,214.76112365722656,47135200,2017-07-20 13:30:00
1500643800,246.44000244140625,246.91000366210938,246.17999267578125,246.8800048828125,214.56988525390625,82340800,2017-07-21 13:30:00
1500903000,246.7899932861328,246.97999572753906,246.27999877929688,246.82000732421875,214.51780700683594,46622300,2017-07-24 13:30:00
1500989400,247.67999267578125,247.8000030517578,247.16000366210938,247.4199981689453,215.03921508789062,54915600,2017-07-25 13:30:00
1501075800,247.75,247.7899932861328,247.1300048828125,247.42999267578125,215.0479278564453,47575400,2017-07-26 13:30:00
1501162200,247.9600067138672,248.0,245.67999267578125,247.1999969482422,214.84799194335938,70766600,2017-07-27 13:30:00
1501248600,246.64999389648438,247.05999755859375,246.1300048828125,246.91000366210938,214.59596252441406,50088400,2017-07-28 13:30:00
1501507800,247.3699951171875,247.47999572753906,246.52999877929688,246.77000427246094,214.47430419921875,65838700,2017-07-31 13:30:00
1501594200,247.4600067138672,247.5,246.72000122070312,247.32000732421875,214.9523162841797,55050400,2017-08-01 13:30:00
1501680600,247.47000122070312,247.60000610351562,246.3699951171875,247.44000244140625,215.05665588378906,47211200,2017-08-02 13:30:00
1501767000,247.30999755859375,247.33999633789062,246.63999938964844,246.9600067138672,214.63943481445312,40856000,2017-08-03 13:30:00
1501853400,247.52000427246094,247.7899932861328,246.97000122070312,247.41000366210938,215.0305633544922,60191800,2017-08-04 13:30:00
1502112600,247.49000549316406,247.8699951171875,247.3699951171875,247.8699951171875,215.4303436279297,31995000,2017-08-07 13:30:00
1502199000,247.50999450683594,248.91000366210938,246.8300018310547,247.25999450683594,214.90016174316406,61719400,2017-08-08 13:30:00
1502285400,246.47000122070312,247.30999755859375,246.05999755859375,247.25,214.89149475097656,62632600,2017-08-09 13:30:00
1502371800,246.2899932861328,246.44000244140625,243.6999969482422,243.75999450683594,211.85818481445312,120479500,2017-08-10 13:30:00
1502458200,244.02000427246094,244.8000030517578,243.75,244.1199951171875,212.1710968017578,74869900,2017-08-11 13:30:00
1502717400,245.58999633789062,246.7899932861328,245.5500030517578,246.5399932861328,214.27439880371094,73291900,2017-08-14 13:30:00
1502803800,246.97999572753906,247.0,246.16000366210938,246.50999450683594,214.24830627441406,55242700,2017-08-15 13:30:00
1502890200,247.11000061035156,247.57000732421875,246.4499969482422,246.94000244140625,214.62203979492188,56715500,2017-08-16 13:30:00
1502976600,246.24000549316406,246.60000610351562,243.08999633789062,243.08999633789062,211.27590942382812,128490400,2017-08-17 13:30:00
1503063000,242.89999389648438,244.19000244140625,242.1999969482422,242.7100067138672,210.94566345214844,136748000,2017-08-18 13:30:00
1503322200,242.63999938964844,243.1999969482422,241.8300018310547,242.89999389648438,211.11073303222656,65469700,2017-08-21 13:30:00
1503408600,243.57000732421875,245.6199951171875,243.5500030517578,245.44000244140625,213.31837463378906,63140100,2017-08-22 13:30:00
1503495000,244.3300018310547,245.0500030517578,244.16000366210938,244.55999755859375,212.55348205566406,50203800,2017-08-23 13:30:00
1503581400,245.0,245.17999267578125,243.75,243.99000549316406,212.05816650390625,50741700,2017-08-24 13:30:00
1503667800,244.89999389648438,245.61000061035156,244.38999938964844,244.55999755859375,212.55348205566406,64445900,2017-08-25 13:30:00
1503927000,245.1699981689453,245.1999969482422,244.08999633789062,244.57000732421875,212.56222534179688,40565600,2017-08-28 13:30:00
1504013400,243.05999755859375,245.14999389648438,242.92999267578125,244.85000610351562,212.8055877685547,51135700,2017-08-29 13:30:00
1504099800,244.8300018310547,246.32000732421875,244.6199951171875,246.00999450683594,213.8137664794922,62030800,2017-08-30 13:30:00
1504186200,246.72000122070312,247.77000427246094,246.0500030517578,247.49000549316406,215.10006713867188,103803900,2017-08-31 13:30:00
1504272600,247.9199981689453,248.3300018310547,247.6699981689453,247.83999633789062,215.4042510986328,62007000,2017-09-01 13:30:00
1504618200,247.25999450683594,247.52000427246094,244.9499969482422,246.05999755859375,213.85719299316406,91398800,2017-09-05 13:30:00
1504704600,246.83999633789062,247.27999877929688,246.22999572753906,246.89999389648438,214.58726501464844,57916900,2017-09-06 13:30:00
1504791000,247.25,247.27000427246094,246.39999389648438,246.8699951171875,214.56118774414062,58034700,2017-09-07 13:30:00
1504877400,246.5399932861328,247.11000061035156,246.3000030517578,246.5800018310547,214.30918884277344,63832800,2017-09-08 13:30:00
1505136600,248.0399932861328,249.3000030517578,248.02000427246094,249.2100067138672,216.59498596191406,71364800,2017-09-11 13:30:00
1505223000,249.6300048828125,250.08999633789062,249.4199981689453,250.0500030517578,217.3250274658203,56896000,2017-09-12 13:30:00
1505309400,249.72000122070312,250.2100067138672,249.58999633789062,250.1699981689453,217.42930603027344,59228000,2017-09-13 13:30:00
1505395800,249.8000030517578,250.32000732421875,249.60000610351562,250.08999633789062,217.3598175048828,95446300,2017-09-14 13:30:00
1505482200,248.69000244140625,249.2899932861328,248.57000732421875,249.19000244140625,217.6523895263672,95432400,2017-09-15 13:30:00
1505741400,249.61000061035156,250.1199951171875,249.27999877929688,249.72000122070312,218.11532592773438,46235200,2017-09-18 13:30:00
1505827800,250.0,250.07000732421875,249.60000610351562,249.97000122070312,218.33364868164062,47108100,2017-09-19 13:30:00
1505914200,250.07000732421875,250.19000244140625,248.9199981689453,250.05999755859375,218.4123077392578,59574100,2017-09-20 13:30:00
1506000600,249.8800048828125,249.97999572753906,249.19000244140625,249.38999938964844,217.82713317871094,48211400,2017-09-21 13:30:00
1506087000,249.0500030517578,249.6300048828125,249.02000427246094,249.44000244140625,217.8708038330078,51214000,2017-09-22 13:30:00
1506346200,249.14999389648438,249.5500030517578,248.0800018310547,248.92999267578125,217.42530822753906,57064400,2017-09-25 13:30:00
1506432600,249.4199981689453,249.6999969482422,248.80999755859375,249.0800018310547,217.55630493164062,54082000,2017-09-26 13:30:00
1506519000,249.8800048828125,250.49000549316406,248.8699951171875,250.0500030517578,218.40357971191406,81001400,2017-09-27 13:30:00
1506605400,249.72999572753906,250.44000244140625,249.6300048828125,250.35000610351562,218.6656036376953,44778800,2017-09-28 13:30:00
1506691800,250.33999633789062,251.32000732421875,250.1300048828125,251.22999572753906,219.4342498779297,85578000,2017-09-29 13:30:00
1506951000,251.49000549316406,252.32000732421875,251.2899932861328,252.32000732421875,220.38629150390625,59023000,2017-10-02 13:30:00
1507037400,252.32000732421875,252.88999938964844,252.22999572753906,252.86000061035156,220.85792541503906,66810200,2017-10-03 13:30:00
1507123800,252.69000244140625,253.44000244140625,252.55999755859375,253.16000366210938,221.12001037597656,55953600,2017-10-04 13:30:00
1507210200,253.5399932861328,254.67999267578125,253.1999969482422,254.66000366210938,222.43017578125,63522800,2017-10-05 13:30:00
1507296600,254.14999389648438,254.6999969482422,253.85000610351562,254.3699951171875,222.1768341064453,80646000,2017-10-06 13:30:00
1507555800,254.6300048828125,254.6999969482422,253.64999389648438,253.9499969482422,221.8099822998047,35803100,2017-10-09 13:30:00
1507642200,254.60000610351562,255.0500030517578,253.97999572753906,254.6199951171875,222.3951873779297,43057400,2017-10-10 13:30:00
1507728600,254.50999450683594,255.02000427246094,254.32000732421875,255.02000427246094,222.74459838867188,47674300,2017-10-11 13:30:00
1507815000,254.66000366210938,255.05999755859375,254.3699951171875,254.63999938964844,222.41265869140625,47065100,2017-10-12 13:30:00
1507901400,255.13999938964844,255.27000427246094,254.63999938964844,254.9499969482422,222.68344116210938,54800400,2017-10-13 13:30:00
1508160600,255.2100067138672,255.50999450683594,254.82000732421875,255.2899932861328,222.9803466796875,38221700,2017-10-16 13:30:00
1508247000,255.22999572753906,255.52000427246094,254.97999572753906,255.47000122070312,223.1376190185547,31561000,2017-10-17 13:30:00
1508333400,255.89999389648438,255.9499969482422,255.5,255.72000122070312,223.35592651367188,40888300,2017-10-18 13:30:00
1508419800,254.8300018310547,255.8300018310547,254.35000610351562,255.7899932861328,223.41709899902344,61903800,2017-10-19 13:30:00
1508506200,256.70001220703125,257.1400146484375,255.77000427246094,257.1099853515625,224.57003784179688,89176400,2017-10-20 13:30:00
1508765400,257.4800109863281,257.510009765625,256.0199890136719,256.1099853515625,223.6966094970703,63915300,2017-10-23 13:30:00
1508851800,256.6000061035156,256.8299865722656,256.1499938964844,256.55999755859375,224.0896453857422,66935900,2017-10-24 13:30:00
1508938200,256.17999267578125,256.30999755859375,254.0,255.2899932861328,222.9803466796875,103715300,2017-10-25 13:30:00
1509024600,255.99000549316406,256.29998779296875,255.47999572753906,255.6199951171875,223.26861572265625,69798000,2017-10-26 13:30:00
1509111000,256.4700012207031,257.8900146484375,255.6300048828125,257.7099914550781,225.09410095214844,85562500,2017-10-27 13:30:00
1509370200,256.4700012207031,257.6000061035156,256.4100036621094,256.75,224.255615234375,54285700,2017-10-30 13:30:00
1509456600,257.17999267578125,257.44000244140625,256.80999755859375,257.1499938964844,224.60504150390625,60304800,2017-10-31 13:30:00
1509543000,258.0400085449219,258.42999267578125,257.07000732421875,257.489990234375,224.90196228027344,54202700,2017-11-01 13:30:00
1509629400,257.4100036621094,257.75,256.19000244140625,257.5899963378906,224.98931884765625,56449500,2017-11-02 13:30:00
1509715800,257.7699890136719,258.5,257.29998779296875,258.45001220703125,225.74049377441406,59589700,2017-11-03 13:30:00
1509978600,258.29998779296875,259.0,258.2200012207031,258.8500061035156,226.08981323242188,49652600,2017-11-06 14:30:00
1510065000,258.9700012207031,259.3500061035156,258.0899963378906,258.6700134277344,225.9326171875,57502200,2017-11-07 14:30:00
1510151400,258.4700012207031,259.2200012207031,258.1499938964844,259.1099853515625,226.31695556640625,50469600,2017-11-08 14:30:00
1510237800,257.7300109863281,258.3900146484375,256.3599853515625,258.1700134277344,225.4958953857422,95085500,2017-11-09 14:30:00
1510324200,257.7300109863281,258.2900085449219,257.3699951171875,258.0899963378906,225.42605590820312,59984700,2017-11-10 14:30:00
1510583400,257.30999755859375,258.5899963378906,257.2699890136719,258.3299865722656,225.6356201171875,50228600,2017-11-13 14:30:00
1510669800,257.4100036621094,257.8500061035156,256.5199890136719,257.7300109863281,225.1116180419922,61315200,2017-11-14 14:30:00
1510756200,256.6199951171875,257.2200012207031,255.6300048828125,256.44000244140625,223.98484802246094,80811500,2017-11-15 14:30:00
1510842600,257.5199890136719,259.0400085449219,257.4700012207031,258.6199951171875,225.8889617919922,67777000,2017-11-16 14:30:00
1510929000,258.2200012207031,258.5899963378906,257.7699890136719,257.8599853515625,225.22506713867188,75756800,2017-11-17 14:30:00
1511188200,258.1400146484375,258.5199890136719,257.8599853515625,258.29998779296875,225.60939025878906,48075500,2017-11-20 14:30:00
1511274600,259.17999267578125,260.20001220703125,258.260009765625,259.989990234375,227.08554077148438,69176800,2017-11-21 14:30:00
1511361000,260.0,260.1499938964844,259.57000732421875,259.760009765625,226.88465881347656,45033400,2017-11-22 14:30:00
1511533800,260.32000732421875,260.4800109863281,260.1600036621094,260.3599853515625,227.40869140625,27856500,2017-11-24 14:30:00
1511793000,260.4100036621094,260.75,260.0,260.2300109863281,227.29515075683594,52274900,2017-11-27 14:30:00
1511879400,260.760009765625,262.8999938964844,260.6499938964844,262.8699951171875,229.60104370117188,98971700,2017-11-28 14:30:00
1511965800,263.0199890136719,263.6300048828125,262.20001220703125,262.7099914550781,229.4613037109375,77512100,2017-11-29 14:30:00
1512052200,263.760009765625,266.04998779296875,263.6700134277344,265.010009765625,231.4702911376953,127894400,2017-11-30 14:30:00
1512138600,264.760009765625,265.30999755859375,260.760009765625,264.4599914550781,230.9898681640625,164390900,2017-12-01 14:30:00
1512397800,266.30999755859375,266.79998779296875,264.0799865722656,264.1400146484375,230.71031188964844,94040600,2017-12-04 14:30:00
1512484200,263.19000244140625,265.1499938964844,263.0400085449219,263.19000244140625,229.88063049316406,77994500,2017-12-05 14:30:00
1512570600,263.29998779296875,263.7300109863281,262.7099914550781,263.239990234375,229.92422485351562,75898600,2017-12-06 14:30:00
1512657000,264.07000732421875,264.42999267578125,262.94000244140625,264.07000732421875,230.64918518066406,77218600,2017-12-07 14:30:00
1512743400,265.1600036621094,265.5199890136719,264.0299987792969,265.510009765625,231.9069366455078,76563900,2017-12-08 14:30:00
1513002600,266.30999755859375,266.3800048828125,265.4800109863281,266.30999755859375,232.605712890625,83077500,2017-12-11 14:30:00
1513089000,267.2099914550781,267.32000732421875,266.3500061035156,266.7799987792969,233.01617431640625,85195800,2017-12-12 14:30:00
1513175400,267.05999755859375,267.55999755859375,266.6499938964844,266.75,232.9900360107422,102905400,2017-12-13 14:30:00
1513261800,267.0899963378906,267.2200012207031,265.6000061035156,265.6600036621094,232.0379638671875,100666700,2017-12-14 14:30:00
1513348200,265.45001220703125,267.0400085449219,265.3900146484375,266.510009765625,233.97019958496094,144610300,2017-12-15 14:30:00
1513607400,268.1000061035156,268.6000061035156,267.9800109863281,268.20001220703125,235.45387268066406,83653600,2017-12-18 14:30:00
1513693800,268.4800109863281,268.5299987792969,267.0899963378906,267.1700134277344,234.54971313476562,82382900,2017-12-19 14:30:00
1513780200,268.2699890136719,268.3299865722656,266.69000244140625,267.0299987792969,234.4267578125,76751500,2017-12-20 14:30:00
1513866600,267.739990234375,268.3900146484375,267.29998779296875,267.5799865722656,234.90960693359375,67032300,2017-12-21 14:30:00
1513953000,267.6000061035156,267.6400146484375,266.8999938964844,267.510009765625,234.84812927246094,78720900,2017-12-22 14:30:00
1514298600,267.04998779296875,267.44000244140625,266.8900146484375,267.19000244140625,234.56715393066406,45244400,2017-12-26 14:30:00
1514385000,267.3800048828125,267.7300109863281,267.010009765625,267.32000732421875,234.6813507080078,57751000,2017-12-27 14:30:00
1514471400,267.8900146484375,267.9200134277344,267.45001220703125,267.8699951171875,235.16419982910156,45116100,2017-12-28 14:30:00
1514557800,268.5299987792969,268.54998779296875,266.6400146484375,266.8599853515625,234.27748107910156,96007400,2017-12-29 14:30:00
1514903400,267.8399963378906,268.80999755859375,267.3999938964844,268.7699890136719,235.95425415039062,86655700,2018-01-02 14:30:00
1514989800,268.9599914550781,270.6400146484375,268.9599914550781,270.4700012207031,237.4467315673828,90070400,2018-01-03 14:30:00
1515076200,271.20001220703125,272.1600036621094,270.5400085449219,271.6099853515625,238.44757080078125,80636400,2018-01-04 14:30:00
1515162600,272.510009765625,273.55999755859375,271.95001220703125,273.4200134277344,240.0365447998047,83524000,2018-01-05 14:30:00
1515421800,273.30999755859375,274.1000061035156,272.9800109863281,273.9200134277344,240.4755401611328,57319200,2018-01-08 14:30:00
1515508200,274.3999938964844,275.25,274.0799865722656,274.5400085449219,241.01976013183594,57254000,2018-01-09 14:30:00
1515594600,273.67999267578125,274.4200134277344,272.9200134277344,274.1199951171875,240.6510467529297,69574300,2018-01-10 14:30:00
1515681000,274.75,276.1199951171875,274.55999755859375,276.1199951171875,242.40692138671875,62361500,2018-01-11 14:30:00
1515767400,276.4200134277344,278.1099853515625,276.0799865722656,277.9200134277344,243.98716735839844,90816100,2018-01-12 14:30:00
1516113000,279.3500061035156,280.0899963378906,276.17999267578125,276.9700012207031,243.15309143066406,106555100,2018-01-16 14:30:00
1516199400,278.0299987792969,280.04998779296875,276.9700012207031,279.6099853515625,245.47079467773438,113258800,2018-01-17 14:30:00
1516285800,279.4800109863281,279.9599914550781,278.5799865722656,279.1400146484375,245.05812072753906,100728000,2018-01-18 14:30:00
1516372200,279.79998779296875,280.4100036621094,279.1400146484375,280.4100036621094,246.17311096191406,140920100,2018-01-19 14:30:00
1516631400,280.1700134277344,282.69000244140625,280.1099853515625,282.69000244140625,248.17474365234375,91322400,2018-01-22 14:30:00
1516717800,282.739990234375,283.6199951171875,282.3699951171875,283.2900085449219,248.7014923095703,97084700,2018-01-23 14:30:00
1516804200,284.0199890136719,284.70001220703125,281.8399963378906,283.17999267578125,248.60488891601562,134816100,2018-01-24 14:30:00
1516890600,284.1600036621094,284.2699890136719,282.3999938964844,283.29998779296875,248.71026611328125,84587300,2018-01-25 14:30:00
1516977000,284.25,286.6300048828125,283.9599914550781,286.5799865722656,251.58981323242188,107743100,2018-01-26 14:30:00
1517236200,285.92999267578125,286.42999267578125,284.5,284.67999267578125,249.9217987060547,90118300,2018-01-29 14:30:00
1517322600,282.6000061035156,284.739990234375,281.2200012207031,281.760009765625,247.35836791992188,131796400,2018-01-30 14:30:00
1517409000,282.7300109863281,283.29998779296875,280.67999267578125,281.8999938964844,247.48114013671875,108364800,2018-01-31 14:30:00
1517495400,281.07000732421875,283.05999755859375,280.67999267578125,281.5799865722656,247.2002716064453,90102500,2018-02-01 14:30:00
1517581800,280.0799865722656,280.2300109863281,275.4100036621094,275.45001220703125,241.8187255859375,173174800,2018-02-02 14:30:00
1517841000,273.45001220703125,275.8500061035156,263.30999755859375,263.92999267578125,231.70523071289062,294681800,2018-02-05 14:30:00
1517927400,259.94000244140625,269.70001220703125,258.70001220703125,269.1300048828125,236.2703857421875,355026800,2018-02-06 14:30:00
1518013800,268.5,272.3599853515625,267.5799865722656,267.6700134277344,234.9886016845703,167376100,2018-02-07 14:30:00
1518100200,268.010009765625,268.1700134277344,257.5899963378906,257.6300048828125,226.17449951171875,246449500,2018-02-08 14:30:00
1518186600,260.79998779296875,263.6099853515625,252.9199981689453,261.5,229.5718994140625,283565300,2018-02-09 14:30:00
1518445800,263.8299865722656,267.010009765625,261.6600036621094,265.3399963378906,232.94305419921875,143736000,2018-02-12 14:30:00
1518532200,263.9700012207031,266.6199951171875,263.30999755859375,266.0,233.5225067138672,81223600,2018-02-13 14:30:00
1518618600,264.30999755859375,270.0,264.29998779296875,269.5899963378906,236.67417907714844,120735700,2018-02-14 14:30:00
1518705000,271.57000732421875,273.0400085449219,268.7699890136719,273.0299987792969,239.69412231445312,111200300,2018-02-15 14:30:00
1518791400,272.32000732421875,275.32000732421875,272.2699890136719,273.1099853515625,239.764404296875,160420100,2018-02-16 14:30:00
1519137000,272.0299987792969,273.6700134277344,270.5,271.3999938964844,238.26318359375,86369700,2018-02-20 14:30:00
1519223400,271.8999938964844,274.7200012207031,269.94000244140625,270.04998779296875,237.0779571533203,98883700,2018-02-21 14:30:00
1519309800,271.1000061035156,273.04998779296875,269.6400146484375,270.3999938964844,237.3852996826172,110511300,2018-02-22 14:30:00
1519396200,271.7900085449219,274.7099914550781,271.25,274.7099914550781,241.16905212402344,92766400,2018-02-23 14:30:00
1519655400,275.92999267578125,278.010009765625,275.260009765625,277.8999938964844,243.9695281982422,86491400,2018-02-26 14:30:00
1519741800,278.1099853515625,278.9200134277344,274.3599853515625,274.42999267578125,240.9232177734375,99099200,2018-02-27 14:30:00
1519828200,275.67999267578125,276.19000244140625,271.2900085449219,271.6499938964844,238.48265075683594,121907800,2018-02-28 14:30:00
1519914600,271.4100036621094,273.1700134277344,266.0,267.70001220703125,235.0149688720703,176855100,2018-03-01 14:30:00
1520001000,265.79998779296875,269.7200012207031,264.82000732421875,269.0799865722656,236.22647094726562,139083200,2018-03-02 14:30:00
1520260200,267.7300109863281,272.8900146484375,267.6099853515625,272.19000244140625,238.95669555664062,97307400,2018-03-05 14:30:00
1520346600,273.29998779296875,273.3900146484375,271.17999267578125,272.8800048828125,239.56246948242188,79213200,2018-03-06 14:30:00
1520433000,270.4200134277344,273.17999267578125,270.20001220703125,272.7799987792969,239.47471618652344,87063500,2018-03-07 14:30:00
1520519400,273.54998779296875,274.239990234375,272.4200134277344,274.1000061035156,240.6334991455078,66901200,2018-03-08 14:30:00
1520605800,275.70001220703125,278.8699951171875,275.3399963378906,278.8699951171875,244.82115173339844,113625300,2018-03-09 14:30:00
1520861400,279.20001220703125,279.9100036621094,278.0799865722656,278.5199890136719,244.51380920410156,71924800,2018-03-12 13:30:00
1520947800,279.8399963378906,280.4100036621094,276.0299987792969,276.7200012207031,242.93374633789062,91968900,2018-03-13 13:30:00
1521034200,277.80999755859375,278.0199890136719,274.6700134277344,275.29998779296875,241.6868896484375,105895100,2018-03-14 13:30:00
1521120600,275.8800048828125,276.6099853515625,274.42999267578125,275.0,241.42359924316406,83433000,2018-03-15 13:30:00
1521207000,274.5,275.3900146484375,274.1400146484375,274.20001220703125,241.6854705810547,100343700,2018-03-16 13:30:00
1521466200,273.3500061035156,274.3999938964844,268.6199951171875,270.489990234375,238.4153594970703,109208400,2018-03-19 13:30:00
1521552600,270.94000244140625,271.6700134277344,270.17999267578125,270.95001220703125,238.82078552246094,59757300,2018-03-20 13:30:00
1521639000,270.8999938964844,273.2699890136719,270.19000244140625,270.42999267578125,238.3625030517578,78709600,2018-03-21 13:30:00
1521725400,267.9100036621094,268.8699951171875,263.3599853515625,263.6700134277344,232.40411376953125,148785900,2018-03-22 13:30:00
1521811800,264.1700134277344,264.5400085449219,257.8299865722656,258.04998779296875,227.4504852294922,183534800,2018-03-23 13:30:00
1522071000,262.1300048828125,265.42999267578125,259.4100036621094,265.1099853515625,233.67327880859375,141956100,2018-03-26 13:30:00
1522157400,266.1700134277344,266.7699890136719,258.8399963378906,260.6000061035156,229.6981201171875,129941400,2018-03-27 13:30:00
1522243800,260.75,262.6400146484375,258.5799865722656,259.8299865722656,229.01939392089844,146452300,2018-03-28 13:30:00
1522330200,261.1199951171875,265.260009765625,259.8399963378906,263.1499938964844,231.94566345214844,111601600,2018-03-29 13:30:00
1522675800,262.54998779296875,263.1300048828125,254.6699981689453,257.4700012207031,226.93927001953125,186286300,2018-04-02 13:30:00
1522762200,258.8699951171875,261.30999755859375,256.8399963378906,260.7699890136719,229.84796142578125,119956900,2018-04-03 13:30:00
1522848600,256.75,264.3599853515625,256.6000061035156,263.55999755859375,232.30711364746094,123715300,2018-04-04 13:30:00
1522935000,265.54998779296875,266.6400146484375,264.32000732421875,265.6400146484375,234.1404571533203,82652600,2018-04-05 13:30:00
1523021400,263.4200134277344,265.1099853515625,258.0,259.7200012207031,228.92245483398438,179521200,2018-04-06 13:30:00
1523280600,261.3699951171875,264.8399963378906,259.94000244140625,261.0,230.05064392089844,105442900,2018-04-09 13:30:00
1523367000,264.2699890136719,266.0400085449219,262.9800109863281,265.1499938964844,233.7085723876953,103529000,2018-04-10 13:30:00
1523453400,263.4700012207031,265.6400146484375,263.3900146484375,263.760009765625,232.4834442138672,91140200,2018-04-11 13:30:00
1523539800,265.260009765625,267.0,265.05999755859375,265.92999267578125,234.3960418701172,68890500,2018-04-12 13:30:00
1523626200,267.4100036621094,267.5400085449219,264.010009765625,265.1499938964844,233.7085723876953,85079200,2018-04-13 13:30:00
1523885400,267.0,268.20001220703125,266.07000732421875,267.3299865722656,235.63011169433594,63405300,2018-04-16 13:30:00
1523971800,269.3299865722656,270.8699951171875,268.75,270.19000244140625,238.15089416503906,64682000,2018-04-17 13:30:00
1524058200,270.69000244140625,271.29998779296875,269.8699951171875,270.3900146484375,238.3271484375,57303900,2018-04-18 13:30:00
1524144600,269.6499938964844,269.8800048828125,267.7200012207031,268.8900146484375,237.00506591796875,77655900,2018-04-19 13:30:00
1524231000,268.80999755859375,269.05999755859375,265.6099853515625,266.6099853515625,234.9954071044922,99953100,2018-04-20 13:30:00
1524490200,267.260009765625,267.8900146484375,265.3500061035156,266.57000732421875,234.96017456054688,65558000,2018-04-23 13:30:00
1524576600,267.7300109863281,267.9800109863281,261.2799987792969,262.9800109863281,231.7958984375,112885500,2018-04-24 13:30:00
1524663000,262.9100036621094,264.1300048828125,260.8500061035156,263.6300048828125,232.3688507080078,103840900,2018-04-25 13:30:00
1524749400,264.7900085449219,267.25,264.2900085449219,266.30999755859375,234.73101806640625,67731900,2018-04-26 13:30:00
1524835800,267.0,267.3399963378906,265.5,266.55999755859375,234.951416015625,57053600,2018-04-27 13:30:00
1525095000,267.260009765625,267.8900146484375,264.42999267578125,264.510009765625,233.1444549560547,82182300,2018-04-30 13:30:00
1525181400,263.8699951171875,265.1000061035156,262.1099853515625,264.9800109863281,233.55870056152344,74203400,2018-05-01 13:30:00
1525267800,264.760009765625,265.67999267578125,262.760009765625,263.20001220703125,231.9897918701172,86368900,2018-05-02 13:30:00
1525354200,262.260009765625,263.3599853515625,259.04998779296875,262.6199951171875,231.47862243652344,136311500,2018-05-03 13:30:00
1525440600,261.5199890136719,266.7900085449219,261.1499938964844,266.0199890136719,234.4753875732422,91222100,2018-05-04 13:30:00
1525699800,266.8900146484375,268.0199890136719,266.1099853515625,266.9200134277344,235.26870727539062,55304900,2018-05-07 13:30:00
1525786200,266.5,267.3299865722656,265.1499938964844,266.9200134277344,235.26870727539062,67499200,2018-05-08 13:30:00
1525872600,267.67999267578125,269.8699951171875,267.0899963378906,269.5,237.542724609375,59666100,2018-05-09 13:30:00
1525959000,270.3399963378906,272.3900146484375,270.2200012207031,272.0199890136719,239.76390075683594,72063900,2018-05-10 13:30:00
1526045400,272.1600036621094,273.1499938964844,271.5799865722656,272.8500061035156,240.4955596923828,59871500,2018-05-11 13:30:00
1526304600,273.3399963378906,274.0799865722656,272.3599853515625,272.9800109863281,240.61009216308594,54790600,2018-05-14 13:30:00
1526391000,271.5899963378906,271.6099853515625,270.0299987792969,271.1000061035156,238.95303344726562,87036100,2018-05-15 13:30:00
1526477400,271.1400146484375,272.760009765625,271.1099853515625,272.239990234375,239.957763671875,53942600,2018-05-16 13:30:00
1526563800,271.94000244140625,273.2300109863281,271.1300048828125,272.010009765625,239.75514221191406,56536400,2018-05-17 13:30:00
1526650200,271.6199951171875,272.0299987792969,270.92999267578125,271.3299865722656,239.15576171875,64368000,2018-05-18 13:30:00
1526909400,273.010009765625,273.9800109863281,272.57000732421875,273.3699951171875,240.9538116455078,58025900,2018-05-21 13:30:00
1526995800,273.9599914550781,274.25,272.239990234375,272.6099853515625,240.283935546875,52966400,2018-05-22 13:30:00
1527082200,271.1700134277344,273.3900146484375,270.989990234375,273.3599853515625,240.94500732421875,64694200,2018-05-23 13:30:00
1527168600,272.9100036621094,273.2200012207031,270.7799987792969,272.79998779296875,240.4514617919922,76043800,2018-05-24 13:30:00
1527255000,272.1499938964844,272.8599853515625,271.5799865722656,272.1499938964844,239.8784637451172,56374800,2018-05-25 13:30:00
1527600600,270.30999755859375,271.1700134277344,267.760009765625,269.0199890136719,237.1196746826172,115908600,2018-05-29 13:30:00
1527687000,270.5,273.1099853515625,270.4200134277344,272.6099853515625,240.283935546875,69678400,2018-05-30 13:30:00
1527773400,272.1499938964844,272.489990234375,270.260009765625,270.94000244140625,238.8119354248047,93519900,2018-05-31 13:30:00
1527859800,272.4100036621094,273.94000244140625,272.3299865722656,273.6000061035156,241.1565399169922,71258400,2018-06-01 13:30:00
1528119000,274.5299987792969,275.19000244140625,274.260009765625,274.8999938964844,242.3024139404297,45385200,2018-06-04 13:30:00
1528205400,275.04998779296875,275.5299987792969,274.17999267578125,275.1000061035156,242.47869873046875,51135000,2018-06-05 13:30:00
1528291800,275.7900085449219,277.5199890136719,275.0899963378906,277.3999938964844,244.5059356689453,62732200,2018-06-06 13:30:00
1528378200,277.95001220703125,278.2799987792969,276.3399963378906,277.3699951171875,244.47955322265625,72969400,2018-06-07 13:30:00
1528464600,276.8500061035156,278.25,276.6600036621094,278.19000244140625,245.2022705078125,72139700,2018-06-08 13:30:00
1528723800,278.44000244140625,279.3699951171875,278.30999755859375,278.55999755859375,245.52842712402344,58892500,2018-06-11 13:30:00
1528810200,279.0299987792969,279.3299865722656,278.19000244140625,278.9200134277344,245.84573364257812,72329000,2018-06-12 13:30:00
1528896600,279.19000244140625,279.4800109863281,277.79998779296875,278.0299987792969,245.06126403808594,79070600,2018-06-13 13:30:00
1528983000,279.010009765625,279.3299865722656,278.05999755859375,278.7300109863281,245.6783447265625,77097600,2018-06-14 13:30:00
1529069400,276.6000061035156,277.510009765625,275.3500061035156,277.1300048828125,245.36489868164062,120041600,2018-06-15 13:30:00
1529328600,275.489990234375,276.70001220703125,274.95001220703125,276.55999755859375,244.8601837158203,52917600,2018-06-18 13:30:00
1529415000,274.0,275.75,273.5299987792969,275.5,243.92164611816406,97531500,2018-06-19 13:30:00
1529501400,276.2699890136719,276.7200012207031,275.5899963378906,275.9700012207031,244.33779907226562,53785500,2018-06-20 13:30:00
1529587800,275.9599914550781,275.9800109863281,273.67999267578125,274.239990234375,242.80609130859375,71061400,2018-06-21 13:30:00
1529674200,275.6600036621094,275.7900085449219,274.489990234375,274.739990234375,243.24876403808594,54898500,2018-06-22 13:30:00
1529933400,273.44000244140625,273.6199951171875,269.1000061035156,271.0,239.93746948242188,137854200,2018-06-25 13:30:00
1530019800,271.6400146484375,272.55999755859375,270.7900085449219,271.6000061035156,240.4686737060547,68547400,2018-06-26 13:30:00
1530106200,272.260009765625,273.8699951171875,269.17999267578125,269.3500061035156,238.4766387939453,105110700,2018-06-27 13:30:00
1530192600,269.2900085449219,271.75,268.489990234375,270.8900146484375,239.84007263183594,76650500,2018-06-28 13:30:00
1530279000,272.1199951171875,273.6600036621094,271.1499938964844,271.2799987792969,240.1853790283203,97592500,2018-06-29 13:30:00
1530538200,269.510009765625,272.0400085449219,269.239990234375,271.8599853515625,240.69888305664062,63554800,2018-07-02 13:30:00
1530624600,272.8699951171875,272.9800109863281,270.4200134277344,270.8999938964844,239.8489532470703,42187100,2018-07-03 13:30:00
1530797400,272.1700134277344,273.17999267578125,270.9599914550781,273.1099853515625,241.80560302734375,56925900,2018-07-05 13:30:00
1530883800,273.1400146484375,275.8399963378906,272.7099914550781,275.4200134277344,243.850830078125,66493700,2018-07-06 13:30:00
1531143000,276.54998779296875,277.9599914550781,276.5,277.8999938964844,246.04656982421875,50550400,2018-07-09 13:30:00
1531229400,278.4100036621094,279.010009765625,278.0799865722656,278.8999938964844,246.93191528320312,51966800,2018-07-10 13:30:00
1531315800,277.1499938964844,278.0400085449219,276.5199890136719,276.8599853515625,245.12576293945312,77054700,2018-07-11 13:30:00
1531402200,278.2799987792969,279.42999267578125,277.6000061035156,279.3699951171875,247.34814453125,60124700,2018-07-12 13:30:00
1531488600,279.1700134277344,279.92999267578125,278.6600036621094,279.5899963378906,247.54287719726562,48216000,2018-07-13 13:30:00
1531747800,279.6400146484375,279.79998779296875,278.8399963378906,279.3399963378906,247.32154846191406,48201000,2018-07-16 13:30:00
1531834200,278.4700012207031,280.9100036621094,278.4100036621094,280.4700012207031,248.322021484375,52315500,2018-07-17 13:30:00
1531920600,280.55999755859375,281.17999267578125,280.05999755859375,281.05999755859375,248.8443603515625,44593500,2018-07-18 13:30:00
1532007000,280.30999755859375,280.739990234375,279.4599914550781,280.0,247.90589904785156,61412100,2018-07-19 13:30:00
1532093400,279.7699890136719,280.4800109863281,279.5,279.67999267578125,247.62255859375,82337700,2018-07-20 13:30:00
1532352600,279.45001220703125,280.42999267578125,279.05999755859375,280.20001220703125,248.08291625976562,47047600,2018-07-23 13:30:00
1532439000,281.7900085449219,282.55999755859375,280.6300048828125,281.6099853515625,249.3312530517578,68026900,2018-07-24 13:30:00
1532525400,281.3299865722656,284.3699951171875,281.2799987792969,284.010009765625,251.4562530517578,78882900,2018-07-25 13:30:00
1532611800,283.20001220703125,284.1099853515625,283.0899963378906,283.3399963378906,250.86309814453125,57919500,2018-07-26 13:30:00
1532698200,283.7099914550781,283.82000732421875,280.3800048828125,281.4200134277344,249.16307067871094,76768700,2018-07-27 13:30:00
1532957400,281.510009765625,281.69000244140625,279.3599853515625,279.95001220703125,247.8616485595703,63742500,2018-07-30 13:30:00
1533043800,280.80999755859375,282.0199890136719,280.3800048828125,281.3299865722656,249.0834503173828,68570500,2018-07-31 13:30:00
1533130200,281.55999755859375,282.1300048828125,280.1300048828125,280.8599853515625,248.66729736328125,53853300,2018-08-01 13:30:00
1533216600,279.3900146484375,282.5799865722656,279.1600036621094,282.3900146484375,250.0219268798828,63426400,2018-08-02 13:30:00
1533303000,282.5299987792969,283.6600036621094,282.3299865722656,283.6000061035156,251.09326171875,53935400,2018-08-03 13:30:00
1533562200,283.6400146484375,284.989990234375,283.20001220703125,284.6400146484375,252.0139923095703,39400900,2018-08-06 13:30:00
1533648600,285.3900146484375,286.010009765625,285.239990234375,285.5799865722656,252.8462371826172,43196600,2018-08-07 13:30:00
1533735000,285.3900146484375,285.9100036621094,284.94000244140625,285.4599914550781,252.739990234375,42114600,2018-08-08 13:30:00
1533821400,285.5299987792969,285.9700012207031,284.9200134277344,285.07000732421875,252.39476013183594,35717000,2018-08-09 13:30:00
1533907800,283.45001220703125,284.05999755859375,282.3599853515625,283.1600036621094,250.70359802246094,77076000,2018-08-10 13:30:00
1534167000,283.4700012207031,284.1600036621094,281.7699890136719,282.1000061035156,249.76519775390625,65732900,2018-08-13 13:30:00
1534253400,282.9200134277344,284.1700134277344,282.4800109863281,283.8999938964844,251.35879516601562,43842000,2018-08-14 13:30:00
1534339800,282.3800048828125,282.5400085449219,280.1600036621094,281.7799987792969,249.4818115234375,102925400,2018-08-15 13:30:00
1534426200,283.3999938964844,285.0400085449219,283.3599853515625,284.05999755859375,251.50050354003906,69967900,2018-08-16 13:30:00
1534512600,283.8299865722656,285.55999755859375,283.3699951171875,285.05999755859375,252.3859405517578,65618500,2018-08-17 13:30:00
1534771800,285.57000732421875,285.9700012207031,285.05999755859375,285.6700134277344,252.92591857910156,39807500,2018-08-20 13:30:00
1534858200,286.25,287.30999755859375,285.7099914550781,286.3399963378906,253.5191650390625,67272000,2018-08-21 13:30:00
1534944600,285.8800048828125,286.760009765625,285.5799865722656,286.1700134277344,253.3686981201172,44993300,2018-08-22 13:30:00
1535031000,285.9700012207031,286.94000244140625,285.42999267578125,285.7900085449219,253.03219604492188,49204900,2018-08-23 13:30:00
1535117400,286.44000244140625,287.6700134277344,286.3800048828125,287.510009765625,254.5550994873047,57487400,2018-08-24 13:30:00
1535376600,288.8599853515625,289.8999938964844,288.67999267578125,289.7799987792969,256.5648193359375,57072400,2018-08-27 13:30:00
1535463000,290.29998779296875,290.4200134277344,289.3999938964844,289.9200134277344,256.6888427734375,46943500,2018-08-28 13:30:00
1535549400,290.1600036621094,291.739990234375,289.8900146484375,291.4800109863281,258.0700378417969,61485500,2018-08-29 13:30:00
1535635800,290.94000244140625,291.3599853515625,289.6300048828125,290.29998779296875,257.025146484375,61229500,2018-08-30 13:30:00
1535722200,289.8399963378906,290.80999755859375,289.2900085449219,290.30999755859375,257.0341491699219,66140800,2018-08-31 13:30:00
1536067800,289.8399963378906,290.2099914550781,288.67999267578125,289.80999755859375,256.59136962890625,57594400,2018-09-04 13:30:00
1536154200,289.4100036621094,289.6400146484375,287.8900146484375,289.0299987792969,255.9008026123047,72452400,2018-09-05 13:30:00
1536240600,289.1499938964844,289.489990234375,287.0,288.1600036621094,255.13052368164062,65909900,2018-09-06 13:30:00
1536327000,286.9800109863281,288.70001220703125,286.7099914550781,287.6000061035156,254.63478088378906,73524800,2018-09-07 13:30:00
1536586200,288.739990234375,289.0400085449219,287.8800048828125,288.1000061035156,255.07740783691406,50210900,2018-09-10 13:30:00
1536672600,287.3699951171875,289.54998779296875,286.9800109863281,289.04998779296875,255.91845703125,50530500,2018-09-11 13:30:00
1536759000,289.05999755859375,289.79998779296875,288.2300109863281,289.1199951171875,255.9805145263672,59810800,2018-09-12 13:30:00
1536845400,290.32000732421875,291.0400085449219,290.0,290.8299865722656,257.4945068359375,51034200,2018-09-13 13:30:00
1536931800,291.05999755859375,291.2699890136719,290.0,290.8800048828125,257.5387878417969,55079900,2018-09-14 13:30:00
1537191000,290.82000732421875,290.8599853515625,289.0299987792969,289.3399963378906,256.17529296875,68244000,2018-09-17 13:30:00
1537277400,289.5799865722656,291.5799865722656,289.54998779296875,290.9100036621094,257.5653991699219,61930400,2018-09-18 13:30:00
1537363800,290.9700012207031,291.69000244140625,290.8299865722656,291.2200012207031,257.8398132324219,49080600,2018-09-19 13:30:00
1537450200,292.6400146484375,293.94000244140625,291.239990234375,293.5799865722656,259.9292907714844,100360600,2018-09-20 13:30:00
1537536600,293.0899963378906,293.2200012207031,291.80999755859375,291.989990234375,259.69189453125,105479700,2018-09-21 13:30:00
1537795800,291.3399963378906,291.5,290.3699951171875,291.0199890136719,258.8291320800781,53409600,2018-09-24 13:30:00
1537882200,291.5299987792969,291.6499938964844,290.4800109863281,290.75,258.5889587402344,44370000,2018-09-25 13:30:00
1537968600,290.9100036621094,292.239990234375,289.4100036621094,289.8800048828125,257.8151550292969,79739700,2018-09-26 13:30:00
1538055000,290.4100036621094,291.9100036621094,290.1000061035156,290.69000244140625,258.5356140136719,59249500,2018-09-27 13:30:00
1538141400,289.989990234375,291.2799987792969,289.95001220703125,290.7200012207031,258.5623474121094,70091400,2018-09-28 13:30:00
1538400600,292.1099853515625,292.92999267578125,290.9800109863281,291.7300109863281,259.4605407714844,62078900,2018-10-01 13:30:00
1538487000,291.55999755859375,292.3599853515625,291.1400146484375,291.55999755859375,259.3094787597656,47258200,2018-10-02 13:30:00
1538573400,292.739990234375,293.2099914550781,291.32000732421875,291.7200012207031,259.45172119140625,64694600,2018-10-03 13:30:00
1538659800,291.17999267578125,291.239990234375,287.6600036621094,289.44000244140625,257.4239501953125,111545900,2018-10-04 13:30:00
1538746200,289.69000244140625,290.2699890136719,286.2200012207031,287.82000732421875,255.9831085205078,105951700,2018-10-05 13:30:00
1539005400,287.04998779296875,288.2200012207031,285.5,287.82000732421875,255.9831085205078,87742200,2018-10-08 13:30:00
1539091800,287.3900146484375,288.8599853515625,286.7699890136719,287.3999938964844,255.6094970703125,74339000,2018-10-09 13:30:00
1539178200,286.8299865722656,286.9100036621094,277.8800048828125,278.29998779296875,247.51611328125,214731000,2018-10-10 13:30:00
1539264600,277.0799865722656,278.8999938964844,270.3599853515625,272.1700134277344,242.06417846679688,274840500,2018-10-11 13:30:00
1539351000,276.7699890136719,277.0899963378906,272.3699951171875,275.95001220703125,245.426025390625,183186500,2018-10-12 13:30:00
1539610200,275.54998779296875,277.0400085449219,274.29998779296875,274.3999938964844,244.0475311279297,102263700,2018-10-15 13:30:00
1539696600,276.6000061035156,280.82000732421875,276.07000732421875,280.3999938964844,249.38385009765625,118255800,2018-10-16 13:30:00
1539783000,280.44000244140625,281.1499938964844,277.55999755859375,280.45001220703125,249.42832946777344,110626000,2018-10-17 13:30:00
1539869400,279.3999938964844,280.07000732421875,274.9700012207031,276.3999938964844,245.8262939453125,134557500,2018-10-18 13:30:00
1539955800,277.1300048828125,279.29998779296875,275.4700012207031,276.25,245.69287109375,139901600,2018-10-19 13:30:00
1540215000,277.0,277.3599853515625,274.4100036621094,275.010009765625,244.59010314941406,82415800,2018-10-22 13:30:00
1540301400,270.95001220703125,274.8699951171875,268.6099853515625,273.6099853515625,243.3449249267578,146352700,2018-10-23 13:30:00
1540387800,273.3299865722656,273.760009765625,264.70001220703125,265.32000732421875,235.97190856933594,177806700,2018-10-24 13:30:00
1540474200,267.3800048828125,271.80999755859375,266.2300109863281,270.0799865722656,240.2053985595703,138061500,2018-10-25 13:30:00
1540560600,265.9200134277344,271.0,262.2900085449219,265.3299865722656,235.9807891845703,201574600,2018-10-26 13:30:00
1540819800,268.79998779296875,270.25,259.8500061035156,263.8599853515625,234.67335510253906,160749100,2018-10-29 13:30:00
1540906200,263.6700134277344,268.1199951171875,263.1199951171875,267.7699890136719,238.15089416503906,157116000,2018-10-30 13:30:00
1540992600,270.6499938964844,273.2300109863281,270.1199951171875,270.6300048828125,240.69461059570312,128296300,2018-10-31 13:30:00
1541079000,271.6000061035156,273.7300109863281,270.3800048828125,273.510009765625,243.25599670410156,99495000,2018-11-01 13:30:00
1541165400,274.75,275.2300109863281,269.5899963378906,271.8900146484375,241.81520080566406,122634100,2018-11-02 13:30:00
1541428200,272.44000244140625,274.010009765625,271.3500061035156,273.3900146484375,243.14930725097656,65622500,2018-11-05 14:30:00
1541514600,273.32000732421875,275.29998779296875,273.25,275.1199951171875,244.6879119873047,60085900,2018-11-06 14:30:00
1541601000,277.55999755859375,281.1000061035156,277.0799865722656,281.010009765625,249.92636108398438,102752100,2018-11-07 14:30:00
1541687400,280.1099853515625,281.2200012207031,279.2200012207031,280.5,249.47279357910156,65584900,2018-11-08 14:30:00
1541773800,279.0299987792969,279.239990234375,276.17999267578125,277.760009765625,247.0359344482422,98812600,2018-11-09 14:30:00
1542033000,277.19000244140625,277.4599914550781,271.989990234375,272.57000732421875,242.42001342773438,99673600,2018-11-12 14:30:00
1542119400,273.0899963378906,275.3299865722656,271.25,272.05999755859375,241.96633911132812,98176600,2018-11-13 14:30:00
1542205800,274.1600036621094,274.6099853515625,268.45001220703125,270.20001220703125,240.3120880126953,125335900,2018-11-14 14:30:00
1542292200,268.7799987792969,273.5400085449219,267.010009765625,273.0199890136719,242.82015991210938,135101400,2018-11-15 14:30:00
1542378600,271.7900085449219,274.75,271.2099914550781,273.7300109863281,243.45159912109375,126668000,2018-11-16 14:30:00
1542637800,273.04998779296875,273.3800048828125,268.07000732421875,269.1000061035156,239.33377075195312,103061700,2018-11-19 14:30:00
1542724200,265.3599853515625,267.0,263.1499938964844,264.1199951171875,234.90463256835938,136021300,2018-11-20 14:30:00
1542810600,265.8599853515625,267.1499938964844,265.010009765625,265.0199890136719,235.70506286621094,75563700,2018-11-21 14:30:00
1542983400,263.17999267578125,264.82000732421875,263.07000732421875,263.25,234.13087463378906,42807900,2018-11-23 14:30:00
1543242600,265.7799987792969,267.75,265.3399963378906,267.5,237.9107666015625,79981400,2018-11-26 14:30:00
1543329000,266.3399963378906,268.3999938964844,265.6600036621094,268.3999938964844,238.71121215820312,75502400,2018-11-27 14:30:00
1543415400,269.6000061035156,274.5799865722656,268.3299865722656,274.5799865722656,244.20751953125,127629600,2018-11-28 14:30:00
1543501800,273.7099914550781,275.54998779296875,272.42999267578125,273.9800109863281,243.67404174804688,82346400,2018-11-29 14:30:00
1543588200,273.80999755859375,276.2799987792969,273.45001220703125,275.6499938964844,245.15919494628906,98204200,2018-11-30 14:30:00
1543847400,280.2799987792969,280.3999938964844,277.510009765625,279.29998779296875,248.40554809570312,103176300,2018-12-03 14:30:00
1543933800,278.3699951171875,278.8500061035156,269.8999938964844,270.25,240.3566131591797,177986000,2018-12-04 14:30:00
1544106600,265.9200134277344,269.9700012207031,262.44000244140625,269.8399963378906,239.99188232421875,204185400,2018-12-06 14:30:00
1544193000,269.4599914550781,271.2200012207031,262.6300048828125,263.57000732421875,234.41546630859375,161018900,2018-12-07 14:30:00
1544452200,263.3699951171875,265.1600036621094,258.6199951171875,264.07000732421875,234.8601531982422,151445900,2018-12-10 14:30:00
1544538600,267.6600036621094,267.8699951171875,262.4800109863281,264.1300048828125,234.9134979248047,121504400,2018-12-11 14:30:00
1544625000,267.4700012207031,269.0,265.3699951171875,265.4599914550781,236.09640502929688,97976700,2018-12-12 14:30:00
1544711400,266.5199890136719,267.489990234375,264.1199951171875,265.3699951171875,236.0164031982422,96662700,2018-12-13 14:30:00
1544797800,262.9599914550781,264.0299987792969,259.8500061035156,260.4700012207031,231.65838623046875,116961100,2018-12-14 14:30:00
1545057000,259.3999938964844,260.6499938964844,253.52999877929688,255.36000061035156,227.11358642578125,165492300,2018-12-17 14:30:00
1545143400,257.20001220703125,257.95001220703125,253.27999877929688,255.0800018310547,226.86459350585938,134515100,2018-12-18 14:30:00
1545229800,255.1699981689453,259.3999938964844,249.35000610351562,251.25999450683594,223.4671630859375,214992800,2018-12-19 14:30:00
1545316200,249.86000061035156,251.6199951171875,244.64999389648438,247.1699981689453,219.82955932617188,252053400,2018-12-20 14:30:00
1545402600,246.74000549316406,249.7100067138672,239.97999572753906,240.6999969482422,215.32534790039062,255345600,2018-12-21 14:30:00
1545661800,239.0399932861328,240.83999633789062,234.27000427246094,234.33999633789062,209.6358184814453,147311600,2018-12-24 14:30:00
1545834600,235.97000122070312,246.17999267578125,233.75999450683594,246.17999267578125,220.2276611328125,218485400,2018-12-26 14:30:00
1545921000,242.57000732421875,248.2899932861328,238.9600067138672,248.07000732421875,221.91836547851562,186267300,2018-12-27 14:30:00
1546007400,249.5800018310547,251.39999389648438,246.4499969482422,247.75,221.6321258544922,153100200,2018-12-28 14:30:00
1546266600,249.55999755859375,250.19000244140625,247.47000122070312,249.9199981689453,223.5733184814453,144299400,2018-12-31 14:30:00
1546439400,245.97999572753906,251.2100067138672,245.9499969482422,250.17999267578125,223.80593872070312,126925200,2019-01-02 14:30:00
1546525800,248.22999572753906,248.57000732421875,243.6699981689453,244.2100067138672,218.46533203125,144140700,2019-01-03 14:30:00
1546612200,247.58999633789062,253.11000061035156,247.1699981689453,252.38999938964844,225.78298950195312,142628800,2019-01-04 14:30:00
1546871400,252.69000244140625,255.9499969482422,251.69000244140625,254.3800048828125,227.56320190429688,103139100,2019-01-07 14:30:00
1546957800,256.82000732421875,257.30999755859375,254.0,256.7699890136719,229.7012176513672,102512600,2019-01-08 14:30:00
1547044200,257.55999755859375,258.9100036621094,256.19000244140625,257.9700012207031,230.7747802734375,95006600,2019-01-09 14:30:00
1547130600,256.260009765625,259.1600036621094,255.5,258.8800048828125,231.58880615234375,96823900,2019-01-10 14:30:00
1547217000,257.67999267578125,259.010009765625,257.0299987792969,258.9800109863281,231.6782684326172,73858100,2019-01-11 14:30:00
1547476200,256.8599853515625,258.29998779296875,256.4100036621094,257.3999938964844,230.2648468017578,70908200,2019-01-14 14:30:00
1547562600,257.82000732421875,260.70001220703125,257.80999755859375,260.3500061035156,232.9038543701172,85208300,2019-01-15 14:30:00
1547649000,260.8299865722656,261.9700012207031,260.6000061035156,260.9800109863281,233.4674530029297,77636700,2019-01-16 14:30:00
1547735400,260.010009765625,263.9200134277344,259.9599914550781,262.9599914550781,235.2386932373047,96118400,2019-01-17 14:30:00
1547821800,264.9800109863281,266.9800109863281,263.0,266.4599914550781,238.3697509765625,127900300,2019-01-18 14:30:00
1548167400,264.82000732421875,265.05999755859375,261.05999755859375,262.8599853515625,235.1492462158203,115531200,2019-01-22 14:30:00
1548253800,264.010009765625,264.7900085449219,260.6600036621094,263.4100036621094,235.6411895751953,86030300,2019-01-23 14:30:00
1548340200,263.2099914550781,264.20001220703125,262.0799865722656,263.54998779296875,235.76646423339844,59204100,2019-01-24 14:30:00
1548426600,265.6099853515625,266.70001220703125,263.6600036621094,265.7799987792969,237.7614288330078,96883400,2019-01-25 14:30:00
1548685800,263.3900146484375,263.8299865722656,261.7900085449219,263.760009765625,235.954345703125,85613700,2019-01-28 14:30:00
1548772200,263.9200134277344,264.54998779296875,262.4800109863281,263.4100036621094,235.6411895751953,66136300,2019-01-29 14:30:00
1548858600,265.1000061035156,268.5199890136719,264.25,267.5799865722656,239.3716583251953,92473700,2019-01-30 14:30:00
1548945000,267.510009765625,270.4700012207031,267.2699890136719,269.92999267578125,241.47389221191406,104012100,2019-01-31 14:30:00
1549031400,270.1499938964844,271.20001220703125,269.17999267578125,270.05999755859375,241.59022521972656,85782500,2019-02-01 14:30:00
1549290600,270.1099853515625,272.0299987792969,269.3599853515625,271.9599914550781,243.2898406982422,60744800,2019-02-04 14:30:00
1549377000,272.44000244140625,273.44000244140625,271.8800048828125,273.1000061035156,244.30972290039062,79552800,2019-02-05 14:30:00
1549463400,272.7900085449219,273.3399963378906,271.9200134277344,272.739990234375,243.98770141601562,58347800,2019-02-06 14:30:00
1549549800,270.94000244140625,271.54998779296875,268.2900085449219,270.1400146484375,241.6617431640625,95482000,2019-02-07 14:30:00
1549636200,268.75,270.5799865722656,267.8299865722656,270.4700012207031,241.9569854736328,75788900,2019-02-08 14:30:00
1549895400,271.20001220703125,271.489990234375,270.0299987792969,270.6199951171875,242.0911865234375,68021400,2019-02-11 14:30:00
1549981800,272.4200134277344,274.5199890136719,272.3399963378906,274.1000061035156,245.20425415039062,72270200,2019-02-12 14:30:00
1550068200,275.0299987792969,275.92999267578125,274.55999755859375,274.989990234375,246.00048828125,65277200,2019-02-13 14:30:00
1550154600,273.7799987792969,275.6400146484375,272.8699951171875,274.3800048828125,245.45486450195312,83234400,2019-02-14 14:30:00
1550241000,276.3599853515625,277.4100036621094,276.1300048828125,277.3699951171875,248.12954711914062,97088700,2019-02-15 14:30:00
1550586600,276.4800109863281,278.5799865722656,276.4700012207031,277.8500061035156,248.5589599609375,59120800,2019-02-19 14:30:00
1550673000,277.80999755859375,278.9200134277344,277.25,278.4100036621094,249.05992126464844,76610800,2019-02-20 14:30:00
1550759400,277.70001220703125,278.1000061035156,276.3500061035156,277.4200134277344,248.17434692382812,64214700,2019-02-21 14:30:00
1550845800,278.1099853515625,279.3599853515625,277.3999938964844,279.1400146484375,249.71298217773438,78114600,2019-02-22 14:30:00
1551105000,280.7300109863281,281.30999755859375,279.42999267578125,279.5199890136719,250.05288696289062,69030700,2019-02-25 14:30:00
1551191400,279.1300048828125,280.29998779296875,278.8999938964844,279.32000732421875,249.8739471435547,56844100,2019-02-26 14:30:00
1551277800,278.5199890136719,279.5899963378906,277.4800109863281,279.20001220703125,249.76670837402344,56921600,2019-02-27 14:30:00
1551364200,278.9599914550781,279.45001220703125,278.32000732421875,278.67999267578125,249.3014678955078,69268300,2019-02-28 14:30:00
1551450600,280.44000244140625,280.8800048828125,278.82000732421875,280.4200134277344,250.8582000732422,78880500,2019-03-01 14:30:00
1551709800,281.6000061035156,281.8699951171875,276.8399963378906,279.3999938964844,249.9456329345703,106494600,2019-03-04 14:30:00
1551796200,279.5400085449219,279.760009765625,278.4100036621094,279.0199890136719,249.6056365966797,59114600,2019-03-05 14:30:00
1551882600,279.1499938964844,279.1600036621094,276.9700012207031,277.3299865722656,248.09375,75039800,2019-03-06 14:30:00
1551969000,276.8299865722656,276.989990234375,274.07000732421875,275.010009765625,246.01840209960938,94885100,2019-03-07 14:30:00
1552055400,272.94000244140625,274.6499938964844,272.4200134277344,274.4599914550781,245.52633666992188,85795800,2019-03-08 14:30:00
1552311000,275.260009765625,278.6199951171875,275.2300109863281,278.44000244140625,249.0868377685547,65098900,2019-03-11 13:30:00
1552397400,279.05999755859375,280.07000732421875,278.8500061035156,279.489990234375,250.0260772705078,79667500,2019-03-12 13:30:00
1552483800,280.4800109863281,282.3800048828125,280.29998779296875,281.3399963378906,251.68101501464844,80639200,2019-03-13 13:30:00
1552570200,281.3699951171875,281.8399963378906,280.6700134277344,281.1600036621094,251.52003479003906,67518400,2019-03-14 13:30:00
1552656600,280.5400085449219,282.2099914550781,280.3299865722656,281.30999755859375,252.76272583007812,81309000,2019-03-15 13:30:00
1552915800,281.54998779296875,282.6600036621094,281.29998779296875,282.3299865722656,253.67918395996094,62199800,2019-03-18 13:30:00
1553002200,283.510009765625,284.3599853515625,281.4100036621094,282.3999938964844,253.74203491210938,90268100,2019-03-19 13:30:00
1553088600,282.1600036621094,283.5,280.32000732421875,281.54998779296875,252.97828674316406,84609200,2019-03-20 13:30:00
1553175000,280.6400146484375,285.17999267578125,280.5899963378906,284.7300109863281,255.83563232421875,79550400,2019-03-21 13:30:00
1553261400,283.2200012207031,283.79998779296875,279.17999267578125,279.25,250.91177368164062,122659300,2019-03-22 13:30:00
1553520600,278.8699951171875,280.19000244140625,277.6400146484375,279.0400085449219,250.72312927246094,85575200,2019-03-25 13:30:00
1553607000,280.989990234375,282.17999267578125,279.55999755859375,281.1199951171875,252.5919952392578,68125900,2019-03-26 13:30:00
1553693400,281.1099853515625,281.760009765625,277.92999267578125,279.6499938964844,251.2711181640625,72224700,2019-03-27 13:30:00
1553779800,280.3500061035156,281.2099914550781,279.07000732421875,280.7099914550781,252.22354125976562,56238500,2019-03-28 13:30:00
1553866200,282.3900146484375,282.8399963378906,281.1400146484375,282.4800109863281,253.8140411376953,82186800,2019-03-29 13:30:00
1554125400,284.70001220703125,286.1600036621094,284.3999938964844,285.8299865722656,256.8240051269531,77617900,2019-04-01 13:30:00
1554211800,286.0400085449219,286.2300109863281,285.0899963378906,285.9700012207031,256.9498291015625,40070400,2019-04-02 13:30:00
1554298200,287.32000732421875,287.760009765625,285.75,286.4200134277344,257.3541564941406,68243200,2019-04-03 13:30:00
1554384600,286.7799987792969,287.4599914550781,286.010009765625,287.17999267578125,258.0369873046875,48997500,2019-04-04 13:30:00
1554471000,287.9200134277344,288.6300048828125,287.6000061035156,288.57000732421875,259.2860412597656,58621700,2019-04-05 13:30:00
1554730200,288.1000061035156,288.9100036621094,287.3699951171875,288.7900085449219,259.4836730957031,53566300,2019-04-08 13:30:00
1554816600,287.7200012207031,288.0799865722656,286.70001220703125,287.30999755859375,258.15380859375,66142300,2019-04-09 13:30:00
1554903000,287.7699890136719,288.3900146484375,287.30999755859375,288.2900085449219,259.034423828125,52601500,2019-04-10 13:30:00
1554989400,288.8299865722656,288.8399963378906,287.5799865722656,288.2099914550781,258.9623718261719,55093100,2019-04-11 13:30:00
1555075800,290.0,290.4700012207031,288.260009765625,290.1600036621094,260.714599609375,69727800,2019-04-12 13:30:00
1555335000,290.239990234375,290.3500061035156,289.0799865722656,289.9700012207031,260.54388427734375,49596700,2019-04-15 13:30:00
1555421400,290.95001220703125,291.010009765625,289.5,290.1600036621094,260.714599609375,52153200,2019-04-16 13:30:00
1555507800,291.3999938964844,291.42999267578125,288.989990234375,289.45001220703125,260.0767517089844,58268300,2019-04-17 13:30:00
1555594200,290.1000061035156,290.32000732421875,288.6600036621094,290.0199890136719,260.5887756347656,68708500,2019-04-18 13:30:00
1555939800,289.1700134277344,290.44000244140625,289.07000732421875,290.2699890136719,260.8134460449219,40160100,2019-04-22 13:30:00
1556026200,290.67999267578125,293.1400146484375,290.4200134277344,292.8800048828125,263.15863037109375,52246600,2019-04-23 13:30:00
1556112600,292.7900085449219,293.1600036621094,292.07000732421875,292.2300109863281,262.5745849609375,50392900,2019-04-24 13:30:00
1556199000,292.1199951171875,292.7799987792969,290.7300109863281,292.04998779296875,262.4127502441406,57770900,2019-04-25 13:30:00
1556285400,292.1000061035156,293.489990234375,291.239990234375,293.4100036621094,263.6347351074219,50916400,2019-04-26 13:30:00
1556544600,293.510009765625,294.45001220703125,293.4100036621094,293.8699951171875,264.04815673828125,57197700,2019-04-29 13:30:00
1556631000,293.489990234375,294.3399963378906,291.9200134277344,294.0199890136719,264.1827697753906,81111700,2019-04-30 13:30:00
1556717400,294.7200012207031,294.95001220703125,291.79998779296875,291.80999755859375,262.1971740722656,71671900,2019-05-01 13:30:00
1556803800,291.67999267578125,292.70001220703125,289.5199890136719,291.17999267578125,261.631103515625,65030200,2019-05-02 13:30:00
1556890200,292.82000732421875,294.3399963378906,291.29998779296875,294.0299987792969,264.1917419433594,56543700,2019-05-03 13:30:00
1557149400,289.25,293.30999755859375,288.8999938964844,292.82000732421875,263.1047058105469,107198100,2019-05-06 13:30:00
1557235800,290.1499938964844,290.80999755859375,285.80999755859375,287.92999267578125,258.7108459472656,144729900,2019-05-07 13:30:00
1557322200,287.5299987792969,289.42999267578125,286.8699951171875,287.5299987792969,258.35150146484375,91568300,2019-05-08 13:30:00
1557408600,285.2300109863281,287.3299865722656,283.29998779296875,286.6600036621094,257.56976318359375,103471100,2019-05-09 13:30:00
1557495000,285.6199951171875,288.94000244140625,282.29998779296875,288.1000061035156,258.8636474609375,112429300,2019-05-10 13:30:00
1557754200,282.4200134277344,283.489990234375,279.92999267578125,280.8599853515625,252.35836791992188,127290500,2019-05-13 13:30:00
1557840600,281.989990234375,285.1000061035156,281.8500061035156,283.3999938964844,254.64060974121094,77003200,2019-05-14 13:30:00
1557927000,281.5899963378906,285.7699890136719,281.3599853515625,285.05999755859375,256.1321105957031,73956400,2019-05-15 13:30:00
1558013400,285.8399963378906,289.2099914550781,285.760009765625,287.70001220703125,258.5042724609375,76749600,2019-05-16 13:30:00
1558099800,285.1400146484375,288.6000061035156,285.1199951171875,285.8399963378906,256.8329772949219,100353000,2019-05-17 13:30:00
1558359000,284.05999755859375,285.9599914550781,283.1199951171875,283.95001220703125,255.13479614257812,62877600,2019-05-20 13:30:00
1558445400,285.8299865722656,286.92999267578125,285.54998779296875,286.510009765625,257.43511962890625,46847100,2019-05-21 13:30:00
1558531800,285.45001220703125,286.69000244140625,285.1000061035156,285.6300048828125,256.6443176269531,49482500,2019-05-22 13:30:00
1558618200,283.1600036621094,283.2099914550781,280.57000732421875,282.1400146484375,253.50848388671875,98733800,2019-05-23 13:30:00
1558704600,283.739990234375,284.20001220703125,282.0899963378906,282.7799987792969,254.0835723876953,55268100,2019-05-24 13:30:00
1559050200,283.0899963378906,284.1499938964844,280.1300048828125,280.1499938964844,251.72042846679688,70029400,2019-05-28 13:30:00
1559136600,278.9100036621094,279.3599853515625,276.7099914550781,278.2699890136719,250.03118896484375,104972900,2019-05-29 13:30:00
1559223000,279.1099853515625,280.0400085449219,277.80999755859375,279.0299987792969,250.71405029296875,62523800,2019-05-30 13:30:00
1559309400,276.20001220703125,277.1199951171875,275.239990234375,275.2699890136719,247.33558654785156,86862800,2019-05-31 13:30:00
1559568600,275.30999755859375,276.54998779296875,273.0899963378906,274.57000732421875,246.7066650390625,96428000,2019-06-03 13:30:00
1559655000,277.1199951171875,280.67999267578125,276.6199951171875,280.5299987792969,252.0618133544922,77231900,2019-06-04 13:30:00
1559741400,282.3299865722656,282.989990234375,280.32000732421875,282.9599914550781,254.24520874023438,71169700,2019-06-05 13:30:00
1559827800,283.2900085449219,285.54998779296875,282.57000732421875,284.79998779296875,255.89854431152344,69430400,2019-06-06 13:30:00
1559914200,285.92999267578125,288.8500061035156,285.739990234375,287.6499938964844,258.4592590332031,74272200,2019-06-07 13:30:00
1560173400,289.3699951171875,290.82000732421875,288.8699951171875,288.9700012207031,259.6453857421875,60799100,2019-06-10 13:30:00
1560259800,290.989990234375,291.3999938964844,288.17999267578125,288.8999938964844,259.5824279785156,58641300,2019-06-11 13:30:00
1560346200,288.6400146484375,289.260009765625,287.82000732421875,288.3900146484375,259.1241760253906,47096300,2019-06-12 13:30:00
1560432600,289.3999938964844,289.9800109863281,288.6199951171875,289.5799865722656,260.19342041015625,48945200,2019-06-13 13:30:00
1560519000,289.260009765625,289.92999267578125,288.4100036621094,289.260009765625,259.9059143066406,52324700,2019-06-14 13:30:00
1560778200,289.5199890136719,290.2200012207031,289.17999267578125,289.3699951171875,260.0047607421875,39205700,2019-06-17 13:30:00
1560864600,291.3900146484375,293.57000732421875,290.989990234375,292.3999938964844,262.7272644042969,85434800,2019-06-18 13:30:00
1560951000,292.54998779296875,293.6499938964844,291.4700012207031,293.05999755859375,263.3203125,78674400,2019-06-19 13:30:00
1561037400,296.0400085449219,296.30999755859375,293.1300048828125,295.8599853515625,265.83612060546875,116570000,2019-06-20 13:30:00
1561123800,294.1300048828125,295.5199890136719,293.760009765625,294.0,265.44964599609375,83309500,2019-06-21 13:30:00
1561383000,294.2300109863281,294.5799865722656,293.4700012207031,293.6400146484375,265.124755859375,47582700,2019-06-24 13:30:00
1561469400,293.70001220703125,293.7300109863281,290.6400146484375,290.760009765625,262.52435302734375,82028700,2019-06-25 13:30:00
1561555800,291.75,292.30999755859375,290.3500061035156,290.4700012207031,262.26251220703125,51584900,2019-06-26 13:30:00
1561642200,291.30999755859375,292.05999755859375,290.8900146484375,291.5,263.1925048828125,40355200,2019-06-27 13:30:00
1561728600,292.5799865722656,293.54998779296875,292.010009765625,293.0,264.546875,59350900,2019-06-28 13:30:00
1561987800,296.67999267578125,296.9200134277344,294.3299865722656,295.6600036621094,266.9486389160156,78705600,2019-07-01 13:30:00
1562074200,295.6099853515625,296.489990234375,294.67999267578125,296.42999267578125,267.64373779296875,61504500,2019-07-02 13:30:00
1562160600,297.17999267578125,298.82000732421875,297.0199890136719,298.79998779296875,269.7835998535156,40898900,2019-07-03 13:30:00
1562333400,297.44000244140625,298.6400146484375,296.010009765625,298.4599914550781,269.4765930175781,51677300,2019-07-05 13:30:00
1562592600,297.010009765625,298.260009765625,296.2200012207031,296.82000732421875,267.9958801269531,45841800,2019-07-08 13:30:00
1562679000,295.5400085449219,297.5199890136719,295.4800109863281,297.19000244140625,268.3299560546875,41101300,2019-07-09 13:30:00
1562765400,298.3699951171875,299.6600036621094,297.7799987792969,298.6099853515625,269.6120910644531,58448500,2019-07-10 13:30:00
1562851800,299.32000732421875,299.5799865722656,298.20001220703125,299.30999755859375,270.244140625,50826100,2019-07-11 13:30:00
1562938200,299.8500061035156,300.7300109863281,299.510009765625,300.6499938964844,271.4539489746094,40326000,2019-07-12 13:30:00
1563197400,301.1300048828125,301.1300048828125,300.19000244140625,300.75,271.5442810058594,33900000,2019-07-15 13:30:00
1563283800,300.6499938964844,300.8800048828125,299.44000244140625,299.7799987792969,270.6684875488281,36650100,2019-07-16 13:30:00
1563370200,299.75,299.92999267578125,297.739990234375,297.739990234375,268.8265380859375,36036300,2019-07-17 13:30:00
1563456600,297.19000244140625,299.25,296.70001220703125,298.8299865722656,269.8106689453125,51392600,2019-07-18 13:30:00
1563543000,300.0400085449219,300.07000732421875,296.9800109863281,297.1700134277344,268.3118591308594,58678600,2019-07-19 13:30:00
1563802200,297.6099853515625,298.5,297.0400085449219,297.8999938964844,268.97100830078125,43638100,2019-07-22 13:30:00
1563888600,299.1400146484375,300.0299987792969,298.2200012207031,300.0299987792969,270.8941650390625,44564500,2019-07-23 13:30:00
1563975000,299.19000244140625,301.44000244140625,299.0899963378906,301.44000244140625,272.1672668457031,47213200,2019-07-24 13:30:00
1564061400,300.94000244140625,301.0,299.1099853515625,300.0,270.8670654296875,55394100,2019-07-25 13:30:00
1564147800,300.760009765625,302.2300109863281,300.6199951171875,302.010009765625,272.68182373046875,45084100,2019-07-26 13:30:00
1564407000,301.8800048828125,302.010009765625,300.8500061035156,301.4599914550781,272.185302734375,38126500,2019-07-29 13:30:00
1564493400,299.9100036621094,301.1700134277344,299.489990234375,300.7200012207031,271.51708984375,45849000,2019-07-30 13:30:00
1564579800,300.989990234375,301.20001220703125,295.20001220703125,297.42999267578125,268.546630859375,104245200,2019-07-31 13:30:00
1564666200,297.6000061035156,300.8699951171875,293.9599914550781,294.8399963378906,266.2082214355469,142646600,2019-08-01 13:30:00
1564752600,293.8500061035156,294.1199951171875,290.8999938964844,292.6199951171875,264.20367431640625,116749700,2019-08-02 13:30:00
1565011800,288.0899963378906,288.2099914550781,281.7200012207031,283.82000732421875,256.2582702636719,178745400,2019-08-05 13:30:00
1565098200,285.9100036621094,288.0400085449219,284.2799987792969,287.79998779296875,259.8518371582031,120711700,2019-08-06 13:30:00
1565184600,284.3999938964844,288.82000732421875,282.0400085449219,287.9700012207031,260.00531005859375,140572300,2019-08-07 13:30:00
1565271000,289.6199951171875,293.6199951171875,289.010009765625,293.6199951171875,265.106689453125,87713900,2019-08-08 13:30:00
1565357400,292.5799865722656,293.239990234375,289.6499938964844,291.6199951171875,263.3009033203125,93730000,2019-08-09 13:30:00
1565616600,289.9599914550781,291.6099853515625,287.0199890136719,288.07000732421875,260.0955810546875,65527600,2019-08-12 13:30:00
1565703000,287.739990234375,294.1499938964844,287.3599853515625,292.54998779296875,264.1405334472656,94299800,2019-08-13 13:30:00
1565789400,288.07000732421875,288.739990234375,283.760009765625,283.8999938964844,256.33056640625,135622100,2019-08-14 13:30:00
1565875800,284.8800048828125,285.6400146484375,282.3900146484375,284.6499938964844,257.0076904296875,99556600,2019-08-15 13:30:00
1565962200,286.4800109863281,289.3299865722656,284.7099914550781,288.8500061035156,260.7998352050781,83018300,2019-08-16 13:30:00
1566221400,292.19000244140625,293.0799865722656,291.44000244140625,292.3299865722656,263.9419250488281,53571800,2019-08-19 13:30:00
1566307800,291.7699890136719,292.3599853515625,289.95001220703125,290.0899963378906,261.91943359375,51596400,2019-08-20 13:30:00
1566394200,292.4800109863281,292.8599853515625,291.7200012207031,292.45001220703125,264.0502624511719,49524700,2019-08-21 13:30:00
1566480600,293.2300109863281,293.92999267578125,290.3999938964844,292.3599853515625,263.968994140625,51666400,2019-08-22 13:30:00
1566567000,290.9200134277344,292.760009765625,283.4700012207031,284.8500061035156,257.18829345703125,149161500,2019-08-23 13:30:00
1566826200,287.2699890136719,288.0,285.5799865722656,288.0,260.0323486328125,72423800,2019-08-26 13:30:00
1566912600,289.5400085449219,289.95001220703125,286.0299987792969,286.8699951171875,259.0120849609375,66668900,2019-08-27 13:30:00
1566999000,286.1400146484375,289.07000732421875,285.25,288.8900146484375,260.8360290527344,59696700,2019-08-28 13:30:00
1567085400,291.7200012207031,293.1600036621094,290.6099853515625,292.5799865722656,264.1676025390625,57899400,2019-08-29 13:30:00
1567171800,294.2200012207031,294.239990234375,291.4200134277344,292.45001220703125,264.0502624511719,62901200,2019-08-30 13:30:00
1567517400,290.57000732421875,291.5799865722656,289.2699890136719,290.739990234375,262.50628662109375,69101400,2019-09-03 13:30:00
1567603800,293.1400146484375,294.05999755859375,292.30999755859375,294.0400085449219,265.48583984375,46887300,2019-09-04 13:30:00
1567690200,296.7900085449219,298.8299865722656,294.0,297.82000732421875,268.8987731933594,83258100,2019-09-05 13:30:00
1567776600,298.1700134277344,298.760009765625,297.4200134277344,298.04998779296875,269.1064147949219,49584300,2019-09-06 13:30:00
1568035800,299.1400146484375,299.239990234375,297.1600036621094,298.20001220703125,269.2419128417969,51260300,2019-09-09 13:30:00
1568122200,297.3599853515625,298.20001220703125,295.9700012207031,298.1300048828125,269.1786804199219,57947100,2019-09-10 13:30:00
1568208600,298.4700012207031,300.3399963378906,297.75,300.25,271.0928039550781,68821100,2019-09-11 13:30:00
1568295000,301.25,302.4599914550781,300.4100036621094,301.2900085449219,272.03179931640625,72908700,2019-09-12 13:30:00
1568381400,301.7799987792969,302.1700134277344,300.67999267578125,301.0899963378906,271.8512268066406,62104800,2019-09-13 13:30:00
1568640600,299.8399963378906,301.1400146484375,299.45001220703125,300.1600036621094,271.0115051269531,58191200,2019-09-16 13:30:00
1568727000,299.94000244140625,301.0199890136719,299.75,300.9200134277344,271.69775390625,41475500,2019-09-17 13:30:00
1568813400,300.489990234375,301.2200012207031,298.239990234375,301.1000061035156,271.8603210449219,73375800,2019-09-18 13:30:00
1568899800,301.5299987792969,302.6300048828125,300.7099914550781,301.0799865722656,271.8421936035156,76560500,2019-09-19 13:30:00
1568986200,300.3599853515625,300.6700134277344,297.4100036621094,298.2799987792969,270.5577697753906,89565000,2019-09-20 13:30:00
1569245400,297.54998779296875,299.0,297.2699890136719,298.2099914550781,270.49420166015625,43476800,2019-09-23 13:30:00
1569331800,299.4100036621094,299.8399963378906,294.80999755859375,295.8699951171875,268.37176513671875,94869400,2019-09-24 13:30:00
1569418200,295.9599914550781,298.1099853515625,294.3299865722656,297.6199951171875,269.9591979980469,71854000,2019-09-25 13:30:00
1569504600,297.6300048828125,297.8599853515625,295.45001220703125,297.0,269.3967590332031,56179700,2019-09-26 13:30:00
1569591000,297.8299865722656,297.95001220703125,293.69000244140625,295.3999938964844,267.9454345703125,84746600,2019-09-27 13:30:00
1569850200,295.9700012207031,297.54998779296875,295.9200134277344,296.7699890136719,269.1881408691406,51662400,2019-09-30 13:30:00
1569936600,297.739990234375,298.4599914550781,293.0,293.239990234375,265.9862060546875,88242400,2019-10-01 13:30:00
1570023000,291.5,291.510009765625,286.6400146484375,288.05999755859375,261.28759765625,122539500,2019-10-02 13:30:00
1570109400,287.80999755859375,290.45001220703125,284.82000732421875,290.4200134277344,263.4283447265625,85278800,2019-10-03 13:30:00
1570195800,291.1400146484375,294.6300048828125,291.0799865722656,294.3500061035156,266.9930114746094,65091200,2019-10-04 13:30:00
1570455000,293.4700012207031,295.260009765625,292.7699890136719,293.0799865722656,265.8410949707031,59610500,2019-10-07 13:30:00
1570541400,291.0400085449219,291.8500061035156,288.489990234375,288.5299987792969,261.7139587402344,95708100,2019-10-08 13:30:00
1570627800,290.75,292.29998779296875,290.05999755859375,291.2699890136719,264.1994323730469,62359400,2019-10-09 13:30:00
1570714200,291.17999267578125,294.2099914550781,291.0,293.239990234375,265.9862060546875,55296300,2019-10-10 13:30:00
1570800600,296.2699890136719,298.739990234375,296.1400146484375,296.2799987792969,268.7436828613281,98720400,2019-10-11 13:30:00
1571059800,295.92999267578125,296.6700134277344,295.57000732421875,295.95001220703125,268.4443359375,40394800,2019-10-14 13:30:00
1571146200,297.1000061035156,299.70001220703125,296.9700012207031,298.8800048828125,271.1020812988281,46754500,2019-10-15 13:30:00
1571232600,298.3699951171875,299.1600036621094,297.9200134277344,298.3999938964844,270.6667175292969,48928200,2019-10-16 13:30:00
1571319000,299.67999267578125,300.239990234375,298.5199890136719,299.2799987792969,271.4648742675781,45736600,2019-10-17 13:30:00
1571405400,298.69000244140625,299.3999938964844,297.0299987792969,297.9700012207031,270.2766418457031,64304000,2019-10-18 13:30:00
1571664600,299.4200134277344,300.2099914550781,298.94000244140625,299.989990234375,272.10888671875,39048600,2019-10-21 13:30:00
1571751000,300.5799865722656,300.8999938964844,298.9100036621094,299.010009765625,271.219970703125,48594700,2019-10-22 13:30:00
1571837400,298.7300109863281,299.94000244140625,298.5,299.8800048828125,272.00909423828125,34352200,2019-10-23 13:30:00
1571923800,300.9100036621094,301.07000732421875,299.4599914550781,300.3699951171875,272.4535827636719,35453100,2019-10-24 13:30:00
1572010200,299.739990234375,302.20001220703125,299.67999267578125,301.6000061035156,273.5691833496094,45205400,2019-10-25 13:30:00
1572269400,302.94000244140625,303.8500061035156,302.9100036621094,303.29998779296875,275.11114501953125,42147000,2019-10-28 13:30:00
1572355800,303.0,304.2300109863281,302.8599853515625,303.2099914550781,275.02960205078125,44284900,2019-10-29 13:30:00
1572442200,303.42999267578125,304.54998779296875,301.989990234375,304.1400146484375,275.8731994628906,49643900,2019-10-30 13:30:00
1572528600,304.1300048828125,304.1300048828125,301.7300109863281,303.3299865722656,275.1383972167969,69053800,2019-10-31 13:30:00
1572615000,304.9200134277344,306.19000244140625,304.739990234375,306.1400146484375,277.68731689453125,71141500,2019-11-01 13:30:00
1572877800,307.8500061035156,308.0,306.9599914550781,307.3699951171875,278.8029479980469,60606900,2019-11-04 14:30:00
1572964200,307.5899963378906,307.9200134277344,306.7099914550781,307.0299987792969,278.49456787109375,42933200,2019-11-05 14:30:00
1573050600,307.0299987792969,307.3999938964844,306.05999755859375,307.1000061035156,278.55804443359375,46487100,2019-11-06 14:30:00
1573137000,308.57000732421875,309.6499938964844,307.6600036621094,308.17999267578125,279.5377502441406,54272300,2019-11-07 14:30:00
1573223400,307.79998779296875,309.0,307.0299987792969,308.94000244140625,280.22705078125,49032100,2019-11-08 14:30:00
1573482600,307.4200134277344,308.5400085449219,307.2699890136719,308.3500061035156,279.6918640136719,35797300,2019-11-11 14:30:00
1573569000,308.75,309.989990234375,308.1499938964844,309.0,280.2814636230469,46484600,2019-11-12 14:30:00
1573655400,307.9100036621094,309.5400085449219,307.6600036621094,309.1000061035156,280.3721923828125,53917700,2019-11-13 14:30:00
1573741800,308.7900085449219,309.6400146484375,308.0899963378906,309.54998779296875,280.7803039550781,51219900,2019-11-14 14:30:00
1573828200,311.0199890136719,311.8399963378906,310.260009765625,311.7900085449219,282.8121643066406,62023600,2019-11-15 14:30:00
1574087400,311.5299987792969,312.2799987792969,311.0299987792969,312.0199890136719,283.02081298828125,49228000,2019-11-18 14:30:00
1574173800,312.67999267578125,312.69000244140625,311.2200012207031,311.92999267578125,282.9391784667969,67804700,2019-11-19 14:30:00
1574260200,311.2799987792969,311.8500061035156,309.05999755859375,310.7699890136719,281.8869934082031,79406200,2019-11-20 14:30:00
1574346600,310.8900146484375,311.010009765625,309.3900146484375,310.2699890136719,281.4334411621094,54664700,2019-11-21 14:30:00
1574433000,311.0899963378906,311.239990234375,309.8500061035156,310.9599914550781,282.0593566894531,44850200,2019-11-22 14:30:00
1574692200,311.9800109863281,313.3699951171875,311.9800109863281,313.3699951171875,284.2453308105469,48647200,2019-11-25 14:30:00
1574778600,313.4100036621094,314.2799987792969,313.05999755859375,314.0799865722656,284.8893127441406,37569000,2019-11-26 14:30:00
1574865000,314.6099853515625,315.4800109863281,314.3699951171875,315.4800109863281,286.1591796875,44444600,2019-11-27 14:30:00
1575037800,314.8599853515625,315.1300048828125,314.05999755859375,314.30999755859375,285.0980224609375,36592700,2019-11-29 14:30:00
1575297000,314.5899963378906,314.6600036621094,311.1700134277344,311.6400146484375,282.67608642578125,75767800,2019-12-02 14:30:00
1575383400,308.6499938964844,309.6400146484375,307.1300048828125,309.54998779296875,280.7803039550781,73941700,2019-12-03 14:30:00
1575469800,310.70001220703125,312.1199951171875,310.32000732421875,311.4599914550781,282.5128479003906,49080000,2019-12-04 14:30:00
1575556200,312.2300109863281,312.25,310.5799865722656,312.0199890136719,283.02081298828125,40709000,2019-12-05 14:30:00
1575642600,314.1199951171875,315.30999755859375,314.1099853515625,314.8699951171875,285.6059265136719,48927000,2019-12-06 14:30:00
1575901800,314.44000244140625,315.17999267578125,313.79998779296875,313.8800048828125,284.70794677734375,34838500,2019-12-09 14:30:00
1575988200,313.82000732421875,314.54998779296875,312.80999755859375,313.5299987792969,284.39044189453125,52649800,2019-12-10 14:30:00
1576074600,314.0299987792969,314.70001220703125,313.44000244140625,314.4200134277344,285.19769287109375,53429100,2019-12-11 14:30:00
1576161000,314.42999267578125,317.989990234375,314.1700134277344,317.1300048828125,287.6558532714844,96389600,2019-12-12 14:30:00
1576247400,316.8699951171875,318.6700134277344,316.0199890136719,317.32000732421875,287.8282470703125,81503900,2019-12-13 14:30:00
1576506600,319.2200012207031,320.1499938964844,317.25,319.5,289.8056640625,82749700,2019-12-16 14:30:00
1576593000,319.9200134277344,320.25,319.4800109863281,319.57000732421875,289.8691711425781,61097700,2019-12-17 14:30:00
1576679400,320.0,320.25,319.5299987792969,319.5899963378906,289.88726806640625,48133000,2019-12-18 14:30:00
1576765800,319.79998779296875,320.9800109863281,319.5199890136719,320.8999938964844,291.075439453125,85310500,2019-12-19 14:30:00
1576852200,320.4599914550781,321.9700012207031,319.3900146484375,320.7300109863281,292.35162353515625,147142100,2019-12-20 14:30:00
1577111400,321.5899963378906,321.6499938964844,321.05999755859375,321.2200012207031,292.7982177734375,52990000,2019-12-23 14:30:00
1577197800,321.4700012207031,321.5199890136719,320.8999938964844,321.2300109863281,292.807373046875,20270000,2019-12-24 14:30:00
1577370600,321.6499938964844,322.95001220703125,321.6400146484375,322.94000244140625,294.3659973144531,30911200,2019-12-26 14:30:00
1577457000,323.739990234375,323.79998779296875,322.2799987792969,322.8599853515625,294.29302978515625,42528800,2019-12-27 14:30:00
1577716200,322.95001220703125,323.1000061035156,320.54998779296875,321.0799865722656,292.670654296875,49729100,2019-12-30 14:30:00
1577802600,320.5299987792969,322.1300048828125,320.1499938964844,321.8599853515625,293.38153076171875,57077300,2019-12-31 14:30:00
1577975400,323.5400085449219,324.8900146484375,322.5299987792969,324.8699951171875,296.125244140625,59151200,2020-01-02 14:30:00
1578061800,321.1600036621094,323.6400146484375,321.1000061035156,322.4100036621094,293.88299560546875,77709700,2020-01-03 14:30:00
1578321000,320.489990234375,323.7300109863281,320.3599853515625,323.6400146484375,295.0040588378906,55653900,2020-01-06 14:30:00
1578407400,323.0199890136719,323.5400085449219,322.239990234375,322.7300109863281,294.17474365234375,40496400,2020-01-07 14:30:00
1578493800,322.94000244140625,325.7799987792969,322.6700134277344,324.45001220703125,295.74249267578125,68296000,2020-01-08 14:30:00
1578580200,326.1600036621094,326.7300109863281,325.5199890136719,326.6499938964844,297.7478332519531,48473300,2020-01-09 14:30:00
1578666600,327.2900085449219,327.4599914550781,325.20001220703125,325.7099914550781,296.8909606933594,53029300,2020-01-10 14:30:00
1578925800,326.3900146484375,327.9599914550781,325.9200134277344,327.95001220703125,298.9327087402344,47086800,2020-01-13 14:30:00
1579012200,327.4700012207031,328.6199951171875,326.8399963378906,327.45001220703125,298.4770202636719,62832800,2020-01-14 14:30:00
1579098600,327.3500061035156,329.0199890136719,327.260009765625,328.19000244140625,299.15155029296875,72056600,2020-01-15 14:30:00
1579185000,329.70001220703125,330.9200134277344,329.45001220703125,330.9200134277344,301.6399230957031,54050300,2020-01-16 14:30:00
1579271400,331.70001220703125,332.17999267578125,330.8500061035156,331.95001220703125,302.57879638671875,95846000,2020-01-17 14:30:00
1579617000,330.8999938964844,332.17999267578125,330.82000732421875,331.29998779296875,301.9862976074219,77742400,2020-01-21 14:30:00
1579703400,332.239990234375,332.95001220703125,331.1700134277344,331.3399963378906,302.0227966308594,48914900,2020-01-22 14:30:00
1579789800,330.6300048828125,332.1700134277344,329.4100036621094,331.7200012207031,302.36920166015625,51963000,2020-01-23 14:30:00
1579876200,332.44000244140625,332.5299987792969,327.3599853515625,328.7699890136719,299.6802978515625,87578400,2020-01-24 14:30:00
1580135400,323.0299987792969,325.1199951171875,322.6600036621094,323.5,294.8765563964844,84062500,2020-01-27 14:30:00
1580221800,325.05999755859375,327.8500061035156,323.6000061035156,326.8900146484375,297.9665222167969,63834000,2020-01-28 14:30:00
1580308200,328.3800048828125,328.6300048828125,326.3999938964844,326.6199951171875,297.7203674316406,53888900,2020-01-29 14:30:00
1580394600,324.3599853515625,327.9100036621094,323.5400085449219,327.67999267578125,298.68658447265625,75491800,2020-01-30 14:30:00
1580481000,327.0,327.1700134277344,320.7300109863281,321.7300109863281,293.26312255859375,113845600,2020-01-31 14:30:00
1580740200,323.3500061035156,326.1600036621094,323.2200012207031,324.1199951171875,295.4415588378906,69083000,2020-02-03 14:30:00
1580826600,328.07000732421875,330.010009765625,327.7200012207031,329.05999755859375,299.9444885253906,62573200,2020-02-04 14:30:00
1580913000,332.2699890136719,333.0899963378906,330.6700134277344,332.8599853515625,303.4082946777344,65951100,2020-02-05 14:30:00
1580999400,333.9100036621094,334.19000244140625,332.79998779296875,333.9800109863281,304.4292907714844,50359700,2020-02-06 14:30:00
1581085800,332.82000732421875,333.989990234375,331.6000061035156,332.20001220703125,302.8067932128906,64139400,2020-02-07 14:30:00
1581345000,331.2300109863281,334.75,331.19000244140625,334.67999267578125,305.0673522949219,42070000,2020-02-10 14:30:00
1581431400,336.1600036621094,337.0199890136719,334.67999267578125,335.260009765625,305.5959167480469,54864500,2020-02-11 14:30:00
1581517800,336.8299865722656,337.6499938964844,336.42999267578125,337.4200134277344,307.5648498535156,43992700,2020-02-12 14:30:00
1581604200,335.8599853515625,338.1199951171875,335.55999755859375,337.05999755859375,307.2366943359375,54501900,2020-02-13 14:30:00
1581690600,337.510009765625,337.7300109863281,336.20001220703125,337.6000061035156,307.7289123535156,64582200,2020-02-14 14:30:00
1582036200,336.510009765625,337.6700134277344,335.2099914550781,336.7300109863281,306.9359130859375,57226200,2020-02-18 14:30:00
1582122600,337.7900085449219,339.0799865722656,337.4800109863281,338.3399963378906,308.4034423828125,48814700,2020-02-19 14:30:00
1582209000,337.739990234375,338.6400146484375,333.67999267578125,336.95001220703125,307.1364440917969,74163400,2020-02-20 14:30:00
1582295400,335.4700012207031,335.80999755859375,332.5799865722656,333.4800109863281,303.9734802246094,113788200,2020-02-21 14:30:00
1582554600,323.1400146484375,333.55999755859375,321.239990234375,322.4200134277344,293.89215087890625,161088400,2020-02-24 14:30:00
1582641000,323.94000244140625,324.6099853515625,311.69000244140625,312.6499938964844,284.98651123046875,218913200,2020-02-25 14:30:00
1582727400,314.17999267578125,318.1099853515625,310.70001220703125,311.5,283.9383544921875,194773800,2020-02-26 14:30:00
1582813800,305.4599914550781,311.55999755859375,297.510009765625,297.510009765625,271.1861267089844,284353500,2020-02-27 14:30:00
1582900200,288.70001220703125,297.8900146484375,285.5400085449219,296.260009765625,270.04669189453125,384975800,2020-02-28 14:30:00
1583159400,298.2099914550781,309.1600036621094,294.4599914550781,309.0899963378906,281.7415466308594,238703600,2020-03-02 14:30:00
1583245800,309.5,313.8399963378906,297.57000732421875,300.239990234375,273.6745300292969,300139100,2020-03-03 14:30:00
1583332200,306.1199951171875,313.1000061035156,303.3299865722656,312.8599853515625,285.177978515625,176613400,2020-03-04 14:30:00
1583418600,304.9800109863281,308.4700012207031,300.010009765625,302.4599914550781,275.6980895996094,186366800,2020-03-05 14:30:00
1583505000,293.1499938964844,298.7799987792969,290.2300109863281,297.4599914550781,271.140625,228667200,2020-03-06 14:30:00
1583760600,275.29998779296875,284.19000244140625,273.45001220703125,274.2300109863281,249.9658966064453,309417300,2020-03-09 13:30:00
1583847000,284.6400146484375,288.5199890136719,273.5,288.4200134277344,262.9004211425781,276444100,2020-03-10 13:30:00
1583933400,280.70001220703125,281.94000244140625,270.8800048828125,274.3599853515625,250.0843505859375,255316300,2020-03-11 13:30:00
1584019800,256.0,266.6600036621094,247.67999267578125,248.11000061035156,226.15708923339844,392220700,2020-03-12 13:30:00
1584106200,263.0899963378906,271.4800109863281,248.52000427246094,269.32000732421875,245.4904022216797,329566100,2020-03-13 13:30:00
1584365400,241.17999267578125,256.8999938964844,237.36000061035156,239.85000610351562,218.62791442871094,297240000,2020-03-16 13:30:00
1584451800,245.0399932861328,256.1700134277344,237.07000732421875,252.8000030517578,230.43211364746094,262070500,2020-03-17 13:30:00
1584538200,236.25,248.3699951171875,228.02000427246094,240.0,218.76467895507812,327597100,2020-03-18 13:30:00
1584624600,239.25,247.3800048828125,232.22000122070312,240.50999450683594,219.2295379638672,289322000,2020-03-19 13:30:00
1584711000,242.52999877929688,244.47000122070312,228.5,228.8000030517578,209.78196716308594,347158800,2020-03-20 13:30:00
1584970200,228.19000244140625,229.67999267578125,218.25999450683594,222.9499969482422,204.41824340820312,326025200,2020-03-23 13:30:00
1585056600,234.4199981689453,244.10000610351562,233.8000030517578,243.14999389648438,222.93923950195312,235494500,2020-03-24 13:30:00
1585143000,244.8699951171875,256.3500061035156,239.75,246.7899932861328,226.27662658691406,299430300,2020-03-25 13:30:00
1585229400,249.52000427246094,262.79998779296875,249.0500030517578,261.20001220703125,239.48886108398438,257632800,2020-03-26 13:30:00
1585315800,253.27000427246094,260.80999755859375,251.0500030517578,253.4199981689453,232.35557556152344,224341200,2020-03-27 13:30:00
1585575000,255.6999969482422,262.42999267578125,253.52999877929688,261.6499938964844,239.90145874023438,171369500,2020-03-30 13:30:00
1585661400,260.55999755859375,263.3299865722656,256.2200012207031,257.75,236.32565307617188,194881100,2020-03-31 13:30:00
1585747800,247.97999572753906,257.6600036621094,243.89999389648438,246.14999389648438,225.68988037109375,189554600,2020-04-01 13:30:00
1585834200,245.19000244140625,252.67999267578125,244.58999633789062,251.8300018310547,230.89772033691406,177660400,2020-04-02 13:30:00
1585920600,250.75999450683594,253.32000732421875,245.22000122070312,248.19000244140625,227.56027221679688,135561200,2020-04-03 13:30:00
1586179800,257.8399963378906,267.0,248.1699981689453,264.8599853515625,242.8446807861328,188061200,2020-04-06 13:30:00
1586266200,274.2099914550781,275.0299987792969,264.8900146484375,265.1300048828125,243.09219360351562,201427200,2020-04-07 13:30:00
1586352600,267.9599914550781,276.0,265.25,274.0299987792969,251.25245666503906,153774500,2020-04-08 13:30:00
1586439000,277.5799865722656,281.20001220703125,275.4700012207031,278.20001220703125,255.07583618164062,189999200,2020-04-09 13:30:00
1586784600,277.1400146484375,277.510009765625,271.4100036621094,275.6600036621094,252.7469940185547,114839100,2020-04-13 13:30:00
1586871000,280.9800109863281,284.8999938964844,275.510009765625,283.7900085449219,260.20111083984375,134143400,2020-04-14 13:30:00
1586957400,277.57000732421875,283.94000244140625,275.4599914550781,277.760009765625,254.67242431640625,121775000,2020-04-15 13:30:00
1587043800,279.1499938964844,280.0299987792969,275.760009765625,279.1000061035156,255.90101623535156,131798300,2020-04-16 13:30:00
1587130200,285.3800048828125,287.29998779296875,282.3999938964844,286.6400146484375,262.8143310546875,146684800,2020-04-17 13:30:00
1587389400,282.6099853515625,286.7900085449219,281.3500061035156,281.5899963378906,258.18408203125,100109300,2020-04-20 13:30:00
1587475800,276.7300109863281,278.0400085449219,272.0199890136719,273.0400085449219,250.34478759765625,126385700,2020-04-21 13:30:00
1587562200,278.3500061035156,281.0,276.9100036621094,279.1000061035156,255.90101623535156,92951600,2020-04-22 13:30:00
1587648600,280.489990234375,283.94000244140625,278.75,279.0799865722656,255.88262939453125,104709700,2020-04-23 13:30:00
1587735000,280.7300109863281,283.70001220703125,278.5,282.9700012207031,259.4493713378906,85063200,2020-04-24 13:30:00
1587994200,285.1199951171875,288.2699890136719,284.6199951171875,287.04998779296875,263.190185546875,77896600,2020-04-27 13:30:00
1588080600,291.0199890136719,291.3999938964844,285.3999938964844,285.7300109863281,261.97998046875,105270000,2020-04-28 13:30:00
1588167000,291.5299987792969,294.8800048828125,290.4100036621094,293.2099914550781,268.83819580078125,118745600,2020-04-29 13:30:00
1588253400,291.7099914550781,293.32000732421875,288.5899963378906,290.4800109863281,266.33514404296875,122901700,2020-04-30 13:30:00
1588339800,285.30999755859375,290.6600036621094,281.5199890136719,282.7900085449219,259.2843017578125,125180000,2020-05-01 13:30:00
1588599000,280.739990234375,283.8999938964844,279.1300048828125,283.57000732421875,259.9994812011719,80873200,2020-05-04 13:30:00
1588685400,286.6400146484375,289.25,283.7099914550781,286.19000244140625,262.4017333984375,79569900,2020-05-05 13:30:00
1588771800,288.0400085449219,288.4599914550781,283.7799987792969,284.25,260.6229553222656,73632600,2020-05-06 13:30:00
1588858200,287.75,289.7799987792969,287.1300048828125,287.67999267578125,263.76788330078125,75250400,2020-05-07 13:30:00
1588944600,291.0899963378906,292.95001220703125,289.8599853515625,292.44000244140625,268.1322021484375,76452400,2020-05-08 13:30:00
1589203800,290.3399963378906,294.0,289.8800048828125,292.5,268.1871337890625,79514200,2020-05-11 13:30:00
1589290200,293.7900085449219,294.239990234375,286.5199890136719,286.6700134277344,262.8418273925781,95870800,2020-05-12 13:30:00
1589376600,286.05999755859375,287.19000244140625,278.9599914550781,281.6000061035156,258.1932678222656,144721100,2020-05-13 13:30:00
1589463000,278.95001220703125,285.1099853515625,272.989990234375,284.9700012207031,261.2831115722656,121977900,2020-05-14 13:30:00
1589549400,282.3699951171875,286.3299865722656,281.3399963378906,286.2799987792969,262.4842224121094,111146300,2020-05-15 13:30:00
1589808600,293.04998779296875,296.75,292.70001220703125,295.0,270.4793701171875,119703800,2020-05-18 13:30:00
1589895000,294.3500061035156,296.2099914550781,291.95001220703125,291.9700012207031,267.7013244628906,95189300,2020-05-19 13:30:00
1589981400,295.82000732421875,297.8699951171875,295.57000732421875,296.92999267578125,272.2489929199219,85861700,2020-05-20 13:30:00
1590067800,296.7900085449219,297.6700134277344,293.69000244140625,294.8800048828125,270.36944580078125,78293900,2020-05-21 13:30:00
1590154200,294.57000732421875,295.6300048828125,293.2200012207031,295.44000244140625,270.8828125,63958200,2020-05-22 13:30:00
1590499800,301.92999267578125,302.19000244140625,295.4599914550781,299.0799865722656,274.22027587890625,88951400,2020-05-26 13:30:00
1590586200,302.1199951171875,303.57000732421875,296.8699951171875,303.5299987792969,278.3003845214844,104817400,2020-05-27 13:30:00
1590672600,304.6499938964844,306.8399963378906,302.239990234375,302.9700012207031,277.7869873046875,90405200,2020-05-28 13:30:00
1590759000,302.4599914550781,304.9599914550781,299.4700012207031,304.32000732421875,279.0247497558594,119090800,2020-05-29 13:30:00
1591018200,303.6199951171875,306.2099914550781,303.05999755859375,305.54998779296875,280.1524353027344,55758300,2020-06-01 13:30:00
1591104600,306.54998779296875,308.1300048828125,305.1000061035156,308.0799865722656,282.47210693359375,74267200,2020-06-02 13:30:00
1591191000,310.239990234375,313.2200012207031,309.94000244140625,312.17999267578125,286.2314453125,92567600,2020-06-03 13:30:00
1591277400,311.1099853515625,313.0,309.0799865722656,311.3599853515625,285.47955322265625,75794400,2020-06-04 13:30:00
1591363800,317.2300109863281,321.2699890136719,317.1600036621094,319.3399963378906,292.7962341308594,150524700,2020-06-05 13:30:00
1591623000,320.2200012207031,323.4100036621094,319.6300048828125,323.20001220703125,296.33538818359375,73641200,2020-06-08 13:30:00
1591709400,320.29998779296875,323.2799987792969,319.3599853515625,320.7900085449219,294.12567138671875,77479200,2020-06-09 13:30:00
1591795800,321.4200134277344,322.3900146484375,318.2200012207031,319.0,292.4845275878906,95000800,2020-06-10 13:30:00
1591882200,311.4599914550781,312.1499938964844,300.010009765625,300.6099853515625,275.623046875,209243600,2020-06-11 13:30:00
1591968600,308.239990234375,309.0799865722656,298.6000061035156,304.2099914550781,278.923828125,194678900,2020-06-12 13:30:00
1592227800,298.0199890136719,308.2799987792969,296.739990234375,307.04998779296875,281.5278015136719,135782700,2020-06-15 13:30:00
1592314200,315.4800109863281,315.6400146484375,307.6700134277344,312.9599914550781,286.9465026855469,137627500,2020-06-16 13:30:00
1592400600,314.07000732421875,314.3900146484375,310.8599853515625,311.6600036621094,285.754638671875,83398900,2020-06-17 13:30:00
1592487000,310.010009765625,312.29998779296875,309.510009765625,311.7799987792969,285.8646545410156,80828700,2020-06-18 13:30:00
1592573400,314.1700134277344,314.3800048828125,306.5299987792969,308.6400146484375,284.2309875488281,135549600,2020-06-19 13:30:00
1592832600,307.989990234375,311.04998779296875,306.75,310.6199951171875,286.05438232421875,74649400,2020-06-22 13:30:00
1592919000,313.489990234375,314.5,311.6099853515625,312.04998779296875,287.3712463378906,68471200,2020-06-23 13:30:00
1593005400,309.8399963378906,310.510009765625,302.1000061035156,304.0899963378906,280.0408020019531,132813500,2020-06-24 13:30:00
1593091800,303.4700012207031,307.6400146484375,301.2799987792969,307.3500061035156,283.04296875,89468000,2020-06-25 13:30:00
1593178200,306.1600036621094,306.3900146484375,299.4200134277344,300.04998779296875,276.3202819824219,127961000,2020-06-26 13:30:00
1593437400,301.4100036621094,304.6099853515625,298.92999267578125,304.4599914550781,280.38153076171875,79773300,2020-06-29 13:30:00
1593523800,303.989990234375,310.20001220703125,303.82000732421875,308.3599853515625,283.97308349609375,113394800,2020-06-30 13:30:00
1593610200,309.57000732421875,311.8900146484375,309.07000732421875,310.5199890136719,285.962158203125,72396500,2020-07-01 13:30:00
1593696600,314.239990234375,315.70001220703125,311.510009765625,312.2300109863281,287.5369873046875,69344200,2020-07-02 13:30:00
1594042200,316.3699951171875,317.67999267578125,315.55999755859375,317.04998779296875,291.9757385253906,61713800,2020-07-06 13:30:00
1594128600,315.3800048828125,317.5199890136719,313.3699951171875,313.7799987792969,288.96441650390625,82910000,2020-07-07 13:30:00
1594215000,314.6099853515625,316.29998779296875,312.70001220703125,316.17999267578125,291.17462158203125,54638600,2020-07-08 13:30:00
1594301400,316.8399963378906,317.1000061035156,310.67999267578125,314.3800048828125,289.51708984375,83354200,2020-07-09 13:30:00
1594387800,314.30999755859375,317.8800048828125,312.760009765625,317.5899963378906,292.4731140136719,57550400,2020-07-10 13:30:00
1594647000,320.1300048828125,322.7099914550781,314.1300048828125,314.8399963378906,289.9406433105469,102997500,2020-07-13 13:30:00
1594733400,313.29998779296875,319.760009765625,312.0,318.9200134277344,293.6979675292969,93657000,2020-07-14 13:30:00
1594819800,322.4100036621094,323.0400085449219,319.2699890136719,321.8500061035156,296.3962097167969,87196500,2020-07-15 13:30:00
1594906200,319.7900085449219,321.2799987792969,319.0899963378906,320.7900085449219,295.42010498046875,54622500,2020-07-16 13:30:00
1594992600,321.8800048828125,322.57000732421875,319.739990234375,321.7200012207031,296.2764587402344,62774900,2020-07-17 13:30:00
1595251800,321.42999267578125,325.1300048828125,320.6199951171875,324.32000732421875,298.6708679199219,56308800,2020-07-20 13:30:00
1595338200,326.45001220703125,326.92999267578125,323.94000244140625,325.010009765625,299.3062744140625,57292200,2020-07-21 13:30:00
1595424600,324.6199951171875,327.20001220703125,324.5,326.8599853515625,301.0099792480469,57792900,2020-07-22 13:30:00
1595511000,326.4700012207031,327.2300109863281,321.4800109863281,322.9599914550781,297.41839599609375,75738000,2020-07-23 13:30:00
1595597400,320.95001220703125,321.989990234375,319.25,320.8800048828125,295.50286865234375,73766600,2020-07-24 13:30:00
1595856600,321.6300048828125,323.4100036621094,320.7699890136719,323.2200012207031,297.6578674316406,48293000,2020-07-27 13:30:00
1595943000,322.42999267578125,323.6400146484375,320.8500061035156,321.1700134277344,295.7700500488281,57495000,2020-07-28 13:30:00
1596029400,322.1199951171875,325.7300109863281,322.0799865722656,325.1199951171875,299.4076843261719,48454200,2020-07-29 13:30:00
1596115800,321.8999938964844,324.4100036621094,319.6400146484375,323.9599914550781,298.3393249511719,61861700,2020-07-30 13:30:00
1596202200,325.8999938964844,326.6300048828125,321.3299865722656,326.5199890136719,300.6968688964844,84986800,2020-07-31 13:30:00
1596461400,328.32000732421875,329.6199951171875,327.7300109863281,328.7900085449219,302.7873229980469,53077900,2020-08-03 13:30:00
1596547800,327.8599853515625,330.05999755859375,327.8599853515625,330.05999755859375,303.9569396972656,41917900,2020-08-04 13:30:00
1596634200,331.4700012207031,332.3900146484375,331.17999267578125,332.1099853515625,305.8447570800781,42697700,2020-08-05 13:30:00
1596720600,331.4800109863281,334.4599914550781,331.1300048828125,334.3299865722656,307.8891296386719,43679400,2020-08-06 13:30:00
1596807000,333.2799987792969,334.8800048828125,332.29998779296875,334.57000732421875,308.1102600097656,57308300,2020-08-07 13:30:00
1597066200,335.05999755859375,335.7699890136719,332.9599914550781,335.57000732421875,309.03118896484375,44282100,2020-08-10 13:30:00
1597152600,336.8500061035156,337.5400085449219,332.010009765625,332.79998779296875,306.48028564453125,69601100,2020-08-11 13:30:00
1597239000,335.44000244140625,338.2799987792969,335.4100036621094,337.44000244140625,310.7532958984375,53774400,2020-08-12 13:30:00
1597325400,336.6099853515625,338.25,335.8299865722656,336.8299865722656,310.19146728515625,41816100,2020-08-13 13:30:00
1597411800,336.4100036621094,337.4200134277344,335.6199951171875,336.8399963378906,310.2006530761719,47260400,2020-08-14 13:30:00
1597671000,337.94000244140625,338.3399963378906,336.8500061035156,337.9100036621094,311.1860656738281,35481000,2020-08-17 13:30:00
1597757400,338.3399963378906,339.1000061035156,336.6099853515625,338.6400146484375,311.8583984375,38733900,2020-08-18 13:30:00
1597843800,339.04998779296875,339.6099853515625,336.6199951171875,337.2300109863281,310.5599670410156,68054200,2020-08-19 13:30:00
1597930200,335.3599853515625,338.79998779296875,335.2200012207031,338.2799987792969,311.5268249511719,42207800,2020-08-20 13:30:00
1598016600,337.9200134277344,339.7200012207031,337.54998779296875,339.4800109863281,312.6319274902344,55106600,2020-08-21 13:30:00
1598275800,342.1199951171875,343.0,339.45001220703125,342.9200134277344,315.7999267578125,48588700,2020-08-24 13:30:00
1598362200,343.5299987792969,344.2099914550781,342.2699890136719,344.1199951171875,316.9049072265625,38463400,2020-08-25 13:30:00
1598448600,344.760009765625,347.8599853515625,344.1700134277344,347.57000732421875,320.0820617675781,50790200,2020-08-26 13:30:00
1598535000,348.510009765625,349.8999938964844,346.5299987792969,348.3299865722656,320.7819519042969,58034100,2020-08-27 13:30:00
1598621400,349.44000244140625,350.7200012207031,348.1499938964844,350.5799865722656,322.8541564941406,48588900,2020-08-28 13:30:00
1598880600,350.3500061035156,351.29998779296875,349.05999755859375,349.30999755859375,321.68450927734375,66099200,2020-08-31 13:30:00
1598967000,350.2099914550781,352.7099914550781,349.239990234375,352.6000061035156,324.7143249511719,54908700,2020-09-01 13:30:00
1599053400,354.6700134277344,358.75,353.42999267578125,357.70001220703125,329.4110412597656,69540000,2020-09-02 13:30:00
1599139800,355.8699951171875,356.3800048828125,342.5899963378906,345.3900146484375,318.0745544433594,148011100,2020-09-03 13:30:00
1599226200,346.1300048828125,347.8299865722656,334.8699951171875,342.57000732421875,315.47747802734375,139156300,2020-09-04 13:30:00
1599571800,336.7099914550781,342.6400146484375,332.8800048828125,333.2099914550781,306.8577575683594,114465300,2020-09-08 13:30:00
1599658200,337.54998779296875,342.4599914550781,336.6099853515625,339.7900085449219,312.91741943359375,91462300,2020-09-09 13:30:00
1599744600,341.82000732421875,342.5299987792969,332.8500061035156,333.8900146484375,307.4839782714844,90569500,2020-09-10 13:30:00
1599831000,335.82000732421875,336.9700012207031,331.0,334.05999755859375,307.640625,84680200,2020-09-11 13:30:00
1600090200,337.489990234375,340.3800048828125,334.2200012207031,338.4599914550781,311.6926574707031,65605700,2020-09-14 13:30:00
1600176600,341.1199951171875,342.0199890136719,338.4700012207031,340.1700134277344,313.26739501953125,52920900,2020-09-15 13:30:00
1600263000,341.510009765625,343.05999755859375,338.5199890136719,338.82000732421875,312.024169921875,82096000,2020-09-16 13:30:00
1600349400,333.55999755859375,337.70001220703125,332.989990234375,335.8399963378906,309.27972412109375,91523300,2020-09-17 13:30:00
1600435800,335.3699951171875,335.489990234375,327.9700012207031,330.6499938964844,305.7191162109375,105877900,2020-09-18 13:30:00
1600695000,325.70001220703125,327.1300048828125,321.7300109863281,326.9700012207031,302.316650390625,99450800,2020-09-21 13:30:00
1600781400,328.57000732421875,330.8999938964844,325.8599853515625,330.29998779296875,305.3955383300781,63612100,2020-09-22 13:30:00
1600867800,330.8999938964844,331.20001220703125,322.1000061035156,322.6400146484375,298.31304931640625,93112200,2020-09-23 13:30:00
1600954200,321.2200012207031,326.79998779296875,319.79998779296875,323.5,299.1083068847656,76681300,2020-09-24 13:30:00
1601040600,322.5799865722656,329.5799865722656,321.6400146484375,328.7300109863281,303.9440002441406,71069400,2020-09-25 13:30:00
1601299800,333.2200012207031,334.9599914550781,332.1499938964844,334.19000244140625,308.99224853515625,64584600,2020-09-28 13:30:00
1601386200,333.9700012207031,334.7699890136719,331.6199951171875,332.3699951171875,307.30950927734375,51304000,2020-09-29 13:30:00
1601472600,333.0899963378906,338.2900085449219,332.8800048828125,334.8900146484375,309.6395263671875,104081100,2020-09-30 13:30:00
1601559000,337.69000244140625,338.739990234375,335.010009765625,337.0400085449219,311.6273498535156,88698700,2020-10-01 13:30:00
1601645400,331.70001220703125,337.010009765625,331.19000244140625,333.8399963378906,308.66864013671875,89431100,2020-10-02 13:30:00
1601904600,336.05999755859375,339.9599914550781,336.010009765625,339.760009765625,314.1422424316406,45713100,2020-10-05 13:30:00
1601991000,339.9100036621094,342.1700134277344,334.3800048828125,334.92999267578125,309.67645263671875,90128900,2020-10-06 13:30:00
1602077400,338.1199951171875,341.6300048828125,338.0899963378906,340.760009765625,315.0669250488281,56999600,2020-10-07 13:30:00
1602163800,342.8500061035156,343.8500061035156,341.8599853515625,343.7799987792969,317.8591613769531,45242500,2020-10-08 13:30:00
1602250200,345.55999755859375,347.3500061035156,344.8900146484375,346.8500061035156,320.69769287109375,59528600,2020-10-09 13:30:00
1602509400,349.5899963378906,354.0199890136719,349.05999755859375,352.42999267578125,325.8569641113281,80388500,2020-10-12 13:30:00
1602595800,352.2799987792969,352.4700012207031,349.0899963378906,350.1300048828125,323.73040771484375,73255500,2020-10-13 13:30:00
1602682200,350.75,351.92999267578125,347.1400146484375,347.92999267578125,321.6962890625,57727900,2020-10-14 13:30:00
1602768600,343.7099914550781,348.0199890136719,343.1300048828125,347.5,321.2987365722656,60357700,2020-10-15 13:30:00
1602855000,348.9599914550781,350.75,347.1000061035156,347.2900085449219,321.10455322265625,89501900,2020-10-16 13:30:00
1603114200,348.6499938964844,349.3299865722656,341.0400085449219,342.010009765625,316.22259521484375,68425600,2020-10-19 13:30:00
1603200600,343.4599914550781,346.8800048828125,342.6400146484375,343.3800048828125,317.4893493652344,60051900,2020-10-20 13:30:00
1603287000,343.3299865722656,345.6700134277344,342.3999938964844,342.7300109863281,316.8883361816406,63575000,2020-10-21 13:30:00
1603373400,342.9599914550781,345.239990234375,340.6499938964844,344.6099853515625,318.62652587890625,55399300,2020-10-22 13:30:00
1603459800,345.92999267578125,345.989990234375,343.1300048828125,345.7799987792969,319.7083740234375,49143900,2020-10-23 13:30:00
1603719000,342.1300048828125,342.9800109863281,335.6199951171875,339.3900146484375,313.8002014160156,91473000,2020-10-26 13:30:00
1603805400,339.760009765625,340.1199951171875,337.989990234375,338.2200012207031,312.7183532714844,65994100,2020-10-27 13:30:00
1603891800,332.1000061035156,338.25,326.1300048828125,326.6600036621094,302.030029296875,127094300,2020-10-28 13:30:00
1603978200,326.9100036621094,333.3999938964844,325.0899963378906,329.9800109863281,305.09967041015625,90597700,2020-10-29 13:30:00
1604064600,328.2799987792969,329.69000244140625,322.6000061035156,326.5400085449219,301.9190979003906,120287300,2020-10-30 13:30:00
1604327400,330.20001220703125,332.3599853515625,327.239990234375,330.20001220703125,305.3031005859375,86068300,2020-11-02 14:30:00
1604413800,333.69000244140625,338.25,330.2900085449219,336.0299987792969,310.6934509277344,93294200,2020-11-03 14:30:00
1604500200,340.8599853515625,347.94000244140625,339.5899963378906,343.5400085449219,317.63726806640625,126959700,2020-11-04 14:30:00
1604586600,349.239990234375,352.19000244140625,348.8599853515625,350.239990234375,323.8321228027344,82039700,2020-11-05 14:30:00
1604673000,349.92999267578125,351.510009765625,347.6499938964844,350.1600036621094,323.758056640625,74973000,2020-11-06 14:30:00
1604932200,363.9700012207031,364.3800048828125,354.05999755859375,354.55999755859375,327.826416015625,172304200,2020-11-09 14:30:00
1605018600,353.489990234375,355.17999267578125,350.510009765625,354.0400085449219,327.3456115722656,85552000,2020-11-10 14:30:00
1605105000,356.3999938964844,357.55999755859375,355.05999755859375,356.6700134277344,329.7773132324219,58649000,2020-11-11 14:30:00
1605191400,355.5799865722656,356.7200012207031,351.260009765625,353.2099914550781,326.5780944824219,67546200,2020-11-12 14:30:00
1605277800,355.2699890136719,358.8999938964844,354.7099914550781,358.1000061035156,331.09942626953125,62892200,2020-11-13 14:30:00
1605537000,360.9800109863281,362.7799987792969,359.5899963378906,362.57000732421875,335.23236083984375,74541100,2020-11-16 14:30:00
1605623400,359.9700012207031,361.9200134277344,358.3399963378906,360.6199951171875,333.42950439453125,66111000,2020-11-17 14:30:00
1605709800,360.9100036621094,361.5,356.239990234375,356.2799987792969,329.41668701171875,70591300,2020-11-18 14:30:00
1605796200,355.6000061035156,358.17999267578125,354.1499938964844,357.7799987792969,330.8036193847656,59940900,2020-11-19 14:30:00
1605882600,357.5,357.7200012207031,355.25,355.3299865722656,328.5382995605469,70417300,2020-11-20 14:30:00
1606141800,357.2799987792969,358.82000732421875,354.8699951171875,357.4599914550781,330.5076599121094,63230600,2020-11-23 14:30:00
1606228200,360.2099914550781,363.80999755859375,359.2900085449219,363.2200012207031,335.8334045410156,62415900,2020-11-24 14:30:00
1606314600,363.1300048828125,363.1600036621094,361.4800109863281,362.6600036621094,335.31561279296875,45330900,2020-11-25 14:30:00
1606487400,363.8399963378906,364.17999267578125,362.5799865722656,363.6700134277344,336.24945068359375,28514100,2020-11-27 14:30:00
1606746600,362.8299865722656,363.1199951171875,359.1700134277344,362.05999755859375,334.7608947753906,83872700,2020-11-30 14:30:00
1606833000,365.57000732421875,367.67999267578125,364.92999267578125,366.0199890136719,338.4222106933594,74231400,2020-12-01 14:30:00
1606919400,364.82000732421875,366.9599914550781,364.20001220703125,366.7900085449219,339.1342468261719,45927000,2020-12-02 14:30:00
1607005800,366.67999267578125,368.19000244140625,365.5,366.69000244140625,339.041748046875,62882000,2020-12-03 14:30:00
1607092200,367.32000732421875,369.8500061035156,367.2200012207031,369.8500061035156,341.96343994140625,50749900,2020-12-04 14:30:00
1607351400,369.0199890136719,369.6199951171875,367.7200012207031,369.0899963378906,341.26080322265625,48944300,2020-12-07 14:30:00
1607437800,367.7200012207031,370.7799987792969,367.6700134277344,370.1700134277344,342.2593994140625,42458900,2020-12-08 14:30:00
1607524200,370.8800048828125,371.04998779296875,365.95001220703125,366.8500061035156,339.1896667480469,74098300,2020-12-09 14:30:00
1607610600,365.3699951171875,367.8599853515625,364.42999267578125,366.7300109863281,339.07879638671875,57735400,2020-12-10 14:30:00
1607697000,364.8999938964844,366.739990234375,363.260009765625,366.29998779296875,338.6811828613281,57698600,2020-12-11 14:30:00
1607956200,368.6400146484375,369.79998779296875,364.4700012207031,364.6600036621094,337.1648254394531,69216200,2020-12-14 14:30:00
1608042600,367.3999938964844,369.5899963378906,365.9200134277344,369.5899963378906,341.72314453125,63865300,2020-12-15 14:30:00
1608129000,369.82000732421875,371.1600036621094,368.8699951171875,370.1700134277344,342.2593994140625,58420500,2020-12-16 14:30:00
1608215400,371.94000244140625,372.4599914550781,371.04998779296875,372.239990234375,344.1733093261719,64119500,2020-12-17 14:30:00
1608301800,370.9700012207031,371.1499938964844,367.0199890136719,369.17999267578125,342.7990417480469,136542300,2020-12-18 14:30:00
1608561000,364.9700012207031,378.4599914550781,362.0299987792969,367.8599853515625,341.5733947753906,96386700,2020-12-21 14:30:00
1608647400,368.2099914550781,368.3299865722656,366.0299987792969,367.239990234375,340.9977111816406,47949000,2020-12-22 14:30:00
1608733800,368.2799987792969,369.6199951171875,367.2200012207031,367.57000732421875,341.3041076660156,46201400,2020-12-23 14:30:00
1608820200,368.0799865722656,369.0299987792969,367.45001220703125,369.0,342.6319580078125,26457900,2020-12-24 14:30:00
1609165800,371.739990234375,372.5899963378906,371.07000732421875,372.1700134277344,345.575439453125,39000400,2020-12-28 14:30:00
1609252200,373.80999755859375,374.0,370.8299865722656,371.4599914550781,344.9161071777344,53680500,2020-12-29 14:30:00
1609338600,372.3399963378906,373.1000061035156,371.57000732421875,371.989990234375,345.4083557128906,49455300,2020-12-30 14:30:00
1609425000,371.7799987792969,374.6600036621094,371.2300109863281,373.8800048828125,347.1632385253906,78520700,2020-12-31 14:30:00
1609770600,375.30999755859375,375.45001220703125,364.82000732421875,368.7900085449219,342.4369201660156,110210800,2021-01-04 14:30:00
1609857000,368.1000061035156,372.5,368.04998779296875,371.3299865722656,344.79541015625,66426200,2021-01-05 14:30:00
1609943400,369.7099914550781,376.9800109863281,369.1199951171875,373.54998779296875,346.8567199707031,107997700,2021-01-06 14:30:00
1610029800,376.1000061035156,379.8999938964844,375.9100036621094,379.1000061035156,352.0102233886719,68766800,2021-01-07 14:30:00
1610116200,380.5899963378906,381.489990234375,377.1000061035156,381.260009765625,354.0158386230469,71677200,2021-01-08 14:30:00
1610375400,377.8500061035156,380.5799865722656,377.7200012207031,378.69000244140625,351.6295166015625,51034700,2021-01-11 14:30:00
1610461800,378.8900146484375,379.8599853515625,376.3599853515625,378.7699890136719,351.70367431640625,52547700,2021-01-12 14:30:00
1610548200,378.69000244140625,380.8599853515625,377.8500061035156,379.7900085449219,352.6509094238281,45303600,2021-01-13 14:30:00
1610634600,380.5899963378906,381.1300048828125,378.1000061035156,378.4599914550781,351.4159240722656,49989100,2021-01-14 14:30:00
1610721000,376.7200012207031,377.5799865722656,373.70001220703125,375.70001220703125,348.8531188964844,107160000,2021-01-15 14:30:00
1611066600,378.3399963378906,379.2300109863281,376.75,378.6499938964844,351.5924377441406,51233300,2021-01-19 14:30:00
1611153000,381.1099853515625,384.7900085449219,380.69000244140625,383.8900146484375,356.4579162597656,61836100,2021-01-20 14:30:00
1611239400,384.489990234375,384.95001220703125,383.25,384.239990234375,356.7829284667969,47840100,2021-01-21 14:30:00
1611325800,382.25,384.1300048828125,381.8399963378906,382.8800048828125,355.5201110839844,52860500,2021-01-22 14:30:00
1611585000,383.6700134277344,384.7699890136719,378.4599914550781,384.3900146484375,356.9221496582031,70402000,2021-01-25 14:30:00
1611671400,385.4100036621094,385.8500061035156,383.5400085449219,383.7900085449219,356.36505126953125,42665300,2021-01-26 14:30:00
1611757800,380.2200012207031,380.32000732421875,372.010009765625,374.4100036621094,347.6553039550781,123351100,2021-01-27 14:30:00
1611844200,376.3599853515625,381.92999267578125,375.8900146484375,377.6300048828125,350.6452331542969,94198100,2021-01-28 14:30:00
1611930600,375.6300048828125,376.6700134277344,368.2699890136719,370.07000732421875,343.6254577636719,126765100,2021-01-29 14:30:00
1612189800,373.7200012207031,377.3399963378906,370.3800048828125,376.2300109863281,349.3453063964844,75817600,2021-02-01 14:30:00
1612276200,379.6499938964844,383.2200012207031,376.32000732421875,381.54998779296875,354.28509521484375,64450700,2021-02-02 14:30:00
1612362600,382.44000244140625,383.70001220703125,380.4800109863281,381.8500061035156,354.5636291503906,52427100,2021-02-03 14:30:00
1612449000,382.9599914550781,386.239990234375,381.9700012207031,386.19000244140625,358.5936279296875,47142600,2021-02-04 14:30:00
1612535400,388.20001220703125,388.4700012207031,386.1400146484375,387.7099914550781,360.00494384765625,48669800,2021-02-05 14:30:00
1612794600,389.2699890136719,390.55999755859375,388.3500061035156,390.510009765625,362.6048889160156,38365200,2021-02-08 14:30:00
1612881000,389.6099853515625,390.8900146484375,389.1700134277344,390.25,362.3634033203125,35551100,2021-02-09 14:30:00
1612967400,392.1199951171875,392.2799987792969,387.5,390.0799865722656,362.2055969238281,59154400,2021-02-10 14:30:00
1613053800,391.239990234375,391.69000244140625,388.1000061035156,390.7099914550781,362.79052734375,42913300,2021-02-11 14:30:00
1613140200,389.8500061035156,392.8999938964844,389.7699890136719,392.6400146484375,364.5826721191406,50593300,2021-02-12 14:30:00
1613485800,393.9599914550781,394.1700134277344,391.5299987792969,392.29998779296875,364.26690673828125,50972400,2021-02-16 14:30:00
1613572200,390.4200134277344,392.6600036621094,389.3299865722656,392.3900146484375,364.3504333496094,52290600,2021-02-17 14:30:00
1613658600,389.5899963378906,391.5199890136719,387.739990234375,390.7200012207031,362.79986572265625,59712800,2021-02-18 14:30:00
1613745000,392.07000732421875,392.3800048828125,389.54998779296875,390.0299987792969,362.1591491699219,83241000,2021-02-19 14:30:00
1614004200,387.05999755859375,389.6199951171875,386.739990234375,387.0299987792969,359.37353515625,67414200,2021-02-22 14:30:00
1614090600,384.6600036621094,388.95001220703125,380.20001220703125,387.5,359.8099365234375,107284100,2021-02-23 14:30:00
1614177000,386.3299865722656,392.2300109863281,385.2699890136719,391.7699890136719,363.7748718261719,72433900,2021-02-24 14:30:00
1614263400,390.4100036621094,391.8800048828125,380.7799987792969,382.3299865722656,355.0093994140625,146670500,2021-02-25 14:30:00
1614349800,384.3500061035156,385.5799865722656,378.2300109863281,380.3599853515625,353.18017578125,152701600,2021-02-26 14:30:00
1614609000,385.5899963378906,390.9200134277344,380.57000732421875,389.5799865722656,361.7413330078125,105348800,2021-03-01 14:30:00
1614695400,389.82000732421875,390.07000732421875,386.0,386.5400085449219,358.91851806640625,79595300,2021-03-02 14:30:00
1614781800,385.7900085449219,386.8299865722656,381.30999755859375,381.4200134277344,354.1643371582031,119940200,2021-03-03 14:30:00
1614868200,381.2200012207031,384.0,371.8800048828125,376.70001220703125,349.78179931640625,183433000,2021-03-04 14:30:00
1614954600,380.4599914550781,384.760009765625,372.6400146484375,383.6300048828125,356.2164611816406,152039600,2021-03-05 14:30:00
1615213800,384.6600036621094,387.67999267578125,381.4200134277344,381.7200012207031,354.4429626464844,123149200,2021-03-08 14:30:00
1615300200,385.8500061035156,389.9100036621094,385.30999755859375,387.1700134277344,359.5035095214844,113633600,2021-03-09 14:30:00
1615386600,389.69000244140625,391.3999938964844,388.1700134277344,389.5799865722656,361.7413330078125,109899400,2021-03-10 14:30:00
1615473000,392.2300109863281,395.6499938964844,391.739990234375,393.5299987792969,365.4090576171875,86245000,2021-03-11 14:30:00
1615559400,392.07000732421875,394.2099914550781,391.20001220703125,394.05999755859375,365.90118408203125,64653600,2021-03-12 14:30:00
1615815000,394.3299865722656,396.69000244140625,392.0299987792969,396.4100036621094,368.083251953125,73427200,2021-03-15 13:30:00
1615901400,397.07000732421875,397.8299865722656,395.0799865722656,395.9100036621094,367.6189880371094,73722500,2021-03-16 13:30:00
1615987800,394.5299987792969,398.1199951171875,393.29998779296875,397.260009765625,368.8724670410156,97959300,2021-03-17 13:30:00
1616074200,394.4800109863281,396.7200012207031,390.75,391.4800109863281,363.5055847167969,115349100,2021-03-18 13:30:00
1616160600,389.8800048828125,391.57000732421875,387.1499938964844,389.4800109863281,362.83294677734375,113624500,2021-03-19 13:30:00
1616419800,390.0299987792969,394.07000732421875,389.9700012207031,392.5899963378906,365.7301940917969,73778600,2021-03-22 13:30:00
1616506200,391.9100036621094,393.4599914550781,388.6600036621094,389.5,362.8515930175781,90686600,2021-03-23 13:30:00
1616592600,391.0,392.75,387.4700012207031,387.5199890136719,361.007080078125,97588600,2021-03-24 13:30:00
1616679000,385.9800109863281,390.54998779296875,383.8999938964844,389.70001220703125,363.0379333496094,116128600,2021-03-25 13:30:00
1616765400,390.92999267578125,396.4100036621094,390.2900085449219,395.9800109863281,368.88824462890625,114409100,2021-03-26 13:30:00
1617024600,394.3999938964844,396.75,392.80999755859375,395.7799987792969,368.70184326171875,108107600,2021-03-29 13:30:00
1617111000,394.4200134277344,395.45001220703125,393.0199890136719,394.7300109863281,367.7237854003906,76262200,2021-03-30 13:30:00
1617197400,395.3399963378906,398.0,395.30999755859375,396.3299865722656,369.2142639160156,112734200,2021-03-31 13:30:00
1617283800,398.3999938964844,400.6700134277344,398.17999267578125,400.6099853515625,373.20147705078125,99682900,2021-04-01 13:30:00
1617629400,403.4599914550781,406.94000244140625,403.3800048828125,406.3599853515625,378.55804443359375,91684800,2021-04-05 13:30:00
1617715800,405.760009765625,407.239990234375,405.3999938964844,406.1199951171875,378.3345031738281,62021000,2021-04-06 13:30:00
1617802200,405.94000244140625,406.9599914550781,405.45001220703125,406.5899963378906,378.7723083496094,55836300,2021-04-07 13:30:00
1617888600,407.92999267578125,408.5799865722656,406.92999267578125,408.5199890136719,380.57025146484375,57863100,2021-04-08 13:30:00
1617975000,408.3900146484375,411.6700134277344,408.260009765625,411.489990234375,383.3370361328125,61104600,2021-04-09 13:30:00
1618234200,410.8500061035156,411.92999267578125,410.20001220703125,411.6400146484375,383.476806640625,56704900,2021-04-12 13:30:00
1618320600,411.5299987792969,413.5299987792969,411.1199951171875,412.8599853515625,384.61334228515625,56551000,2021-04-13 13:30:00
1618407000,412.8299865722656,413.9599914550781,410.8699951171875,411.45001220703125,383.29986572265625,61659900,2021-04-14 13:30:00
1618493400,413.739990234375,416.1600036621094,413.69000244140625,415.8699951171875,387.41741943359375,60229800,2021-04-15 13:30:00
1618579800,417.25,417.9100036621094,415.7300109863281,417.260009765625,388.7123107910156,82037300,2021-04-16 13:30:00
1618839000,416.260009765625,416.739990234375,413.7900085449219,415.2099914550781,386.8025817871094,78498500,2021-04-19 13:30:00
1618925400,413.9100036621094,415.0899963378906,410.5899963378906,412.1700134277344,383.9706115722656,81851800,2021-04-20 13:30:00
1619011800,411.510009765625,416.2900085449219,411.3599853515625,416.07000732421875,387.603759765625,66793000,2021-04-21 13:30:00
1619098200,415.8900146484375,416.7799987792969,411.1300048828125,412.2699890136719,384.06365966796875,97582800,2021-04-22 13:30:00
1619184600,412.8699951171875,418.25,412.7900085449219,416.739990234375,388.22796630859375,73209200,2021-04-23 13:30:00
1619443800,417.44000244140625,418.2200012207031,416.80999755859375,417.6099853515625,389.03839111328125,52182400,2021-04-26 13:30:00
1619530200,417.92999267578125,418.1400146484375,416.29998779296875,417.5199890136719,388.9544982910156,51303100,2021-04-27 13:30:00
1619616600,417.80999755859375,419.010009765625,416.8999938964844,417.3999938964844,388.8427734375,51238900,2021-04-28 13:30:00
1619703000,420.32000732421875,420.7200012207031,416.44000244140625,420.05999755859375,391.32073974609375,78544300,2021-04-29 13:30:00
1619789400,417.6300048828125,418.5400085449219,416.3399963378906,417.29998779296875,388.74957275390625,85527000,2021-04-30 13:30:00
1620048600,419.42999267578125,419.8399963378906,417.6700134277344,418.20001220703125,389.5880126953125,68128300,2021-05-03 13:30:00
1620135000,416.07000732421875,416.6000061035156,411.6700134277344,415.6199951171875,387.1846008300781,101591200,2021-05-04 13:30:00
1620221400,417.3800048828125,417.6300048828125,415.1499938964844,415.75,387.3055419921875,60162200,2021-05-05 13:30:00
1620307800,415.8299865722656,419.2099914550781,413.67999267578125,419.07000732421875,390.39849853515625,74321400,2021-05-06 13:30:00
1620394200,419.8900146484375,422.82000732421875,419.1600036621094,422.1199951171875,393.23980712890625,67733800,2021-05-07 13:30:00
1620653400,422.5,422.739990234375,417.80999755859375,417.94000244140625,389.3458251953125,81852400,2021-05-10 13:30:00
1620739800,413.1000061035156,415.2699890136719,410.05999755859375,414.2099914550781,385.8710021972656,116888000,2021-05-11 13:30:00
1620826200,411.2300109863281,412.5899963378906,404.0,405.4100036621094,377.67303466796875,134811000,2021-05-12 13:30:00
1620912600,407.07000732421875,412.3500061035156,407.0199890136719,410.2799987792969,382.20989990234375,106394000,2021-05-13 13:30:00
1620999000,413.2099914550781,417.489990234375,413.17999267578125,416.5799865722656,388.0788269042969,82201600,2021-05-14 13:30:00
1621258200,415.3900146484375,416.3900146484375,413.3599853515625,415.5199890136719,387.09130859375,65129200,2021-05-17 13:30:00
1621344600,415.79998779296875,416.05999755859375,411.7699890136719,411.94000244140625,383.75628662109375,59810200,2021-05-18 13:30:00
1621431000,406.9200134277344,411.04998779296875,405.3299865722656,410.8599853515625,382.750244140625,106467100,2021-05-19 13:30:00
1621517400,411.79998779296875,416.6300048828125,411.6700134277344,415.2799987792969,386.86773681640625,78022200,2021-05-20 13:30:00
1621603800,416.8699951171875,418.20001220703125,414.45001220703125,414.94000244140625,386.5510559082031,76578700,2021-05-21 13:30:00
1621863000,417.3399963378906,420.32000732421875,417.0799865722656,419.1700134277344,390.4916076660156,51376700,2021-05-24 13:30:00
1621949400,420.3299865722656,420.7099914550781,417.6199951171875,418.239990234375,389.625244140625,57451400,2021-05-25 13:30:00
1622035800,418.8699951171875,419.6099853515625,417.760009765625,419.07000732421875,390.39849853515625,43088600,2021-05-26 13:30:00
1622122200,420.1700134277344,420.7200012207031,418.989990234375,419.2900085449219,390.6034240722656,56707700,2021-05-27 13:30:00
1622208600,420.9700012207031,421.25,419.7900085449219,420.0400085449219,391.30206298828125,58520200,2021-05-28 13:30:00
1622554200,422.57000732421875,422.7200012207031,419.20001220703125,419.6700134277344,390.95745849609375,54216600,2021-06-01 13:30:00
1622640600,420.3699951171875,421.2300109863281,419.2900085449219,420.3299865722656,391.572265625,49097100,2021-06-02 13:30:00
1622727000,417.8500061035156,419.989990234375,416.2799987792969,418.7699890136719,390.11895751953125,58138800,2021-06-03 13:30:00
1622813400,420.75,422.9200134277344,418.8399963378906,422.6000061035156,393.68701171875,55938800,2021-06-04 13:30:00
1623072600,422.5899963378906,422.7799987792969,421.19000244140625,422.19000244140625,393.3050842285156,51555000,2021-06-07 13:30:00
1623159000,423.1099853515625,423.2099914550781,420.32000732421875,422.2799987792969,393.388916015625,47134300,2021-06-08 13:30:00
1623245400,423.17999267578125,423.260009765625,421.4100036621094,421.6499938964844,392.8019714355469,48436300,2021-06-09 13:30:00
1623331800,422.9599914550781,424.6300048828125,421.54998779296875,423.6099853515625,394.6278991699219,51020100,2021-06-10 13:30:00
1623418200,424.20001220703125,424.42999267578125,422.82000732421875,424.30999755859375,395.27996826171875,45570800,2021-06-11 13:30:00
1623677400,424.42999267578125,425.3699951171875,423.1000061035156,425.260009765625,396.1649169921875,42358500,2021-06-14 13:30:00
1623763800,425.4200134277344,425.4599914550781,423.5400085449219,424.4800109863281,395.4383544921875,51508500,2021-06-15 13:30:00
1623850200,424.6300048828125,424.8699951171875,419.9200134277344,422.1099853515625,393.23046875,80386100,2021-06-16 13:30:00
1623936600,421.6700134277344,423.0199890136719,419.32000732421875,421.9700012207031,393.1001281738281,90949700,2021-06-17 13:30:00
1624023000,417.0899963378906,417.8299865722656,414.70001220703125,414.9200134277344,387.7969970703125,118676300,2021-06-18 13:30:00
1624282200,416.79998779296875,421.05999755859375,415.92999267578125,420.8599853515625,393.3487548828125,72822000,2021-06-21 13:30:00
1624368600,420.8500061035156,424.0,420.0799865722656,423.1099853515625,395.4516296386719,57700300,2021-06-22 13:30:00
1624455000,423.19000244140625,424.04998779296875,422.510009765625,422.6000061035156,394.9749450683594,49445400,2021-06-23 13:30:00
1624541400,424.8900146484375,425.54998779296875,424.6199951171875,425.1000061035156,397.3115539550781,45110300,2021-06-24 13:30:00
1624627800,425.8999938964844,427.0899963378906,425.54998779296875,426.6099853515625,398.72283935546875,58129500,2021-06-25 13:30:00
1624887000,427.1700134277344,427.6499938964844,425.8900146484375,427.4700012207031,399.526611328125,53159600,2021-06-28 13:30:00
1624973400,427.8800048828125,428.55999755859375,427.1300048828125,427.70001220703125,399.7416076660156,35970500,2021-06-29 13:30:00
1625059800,427.2099914550781,428.7799987792969,427.17999267578125,428.05999755859375,400.0780029296875,64827900,2021-06-30 13:30:00
1625146200,428.8699951171875,430.6000061035156,428.79998779296875,430.42999267578125,402.2931213378906,53441000,2021-07-01 13:30:00
1625232600,431.6700134277344,434.1000061035156,430.5199890136719,433.7200012207031,405.3680114746094,57697700,2021-07-02 13:30:00
1625578200,433.7799987792969,434.010009765625,430.010009765625,432.92999267578125,404.6296691894531,68710400,2021-07-06 13:30:00
1625664600,433.6600036621094,434.760009765625,431.510009765625,434.4599914550781,406.05963134765625,63549500,2021-07-07 13:30:00
1625751000,428.7799987792969,431.7300109863281,427.5199890136719,430.9200134277344,402.7510986328125,97595200,2021-07-08 13:30:00
1625837400,432.5299987792969,435.8399963378906,430.7099914550781,435.5199890136719,407.0503845214844,76238600,2021-07-09 13:30:00
1626096600,435.42999267578125,437.3500061035156,434.9700012207031,437.0799865722656,408.5083923339844,52889600,2021-07-12 13:30:00
1626183000,436.239990234375,437.8399963378906,435.30999755859375,435.5899963378906,407.1158447265625,52911300,2021-07-13 13:30:00
1626269400,437.3999938964844,437.9200134277344,434.9100036621094,436.239990234375,407.7232971191406,64130400,2021-07-14 13:30:00
1626355800,434.80999755859375,435.5299987792969,432.7200012207031,434.75,406.3307800292969,55126400,2021-07-15 13:30:00
1626442200,436.010009765625,436.05999755859375,430.9200134277344,431.3399963378906,403.1435852050781,75874700,2021-07-16 13:30:00
1626701400,426.19000244140625,431.4100036621094,421.9700012207031,424.9700012207031,397.19000244140625,147987000,2021-07-19 13:30:00
1626787800,425.67999267578125,432.4200134277344,424.8299865722656,431.05999755859375,402.8818664550781,99608200,2021-07-20 13:30:00
1626874200,432.3399963378906,434.70001220703125,431.010009765625,434.54998779296875,406.1437683105469,64724400,2021-07-21 13:30:00
1626960600,434.739990234375,435.7200012207031,433.69000244140625,435.4599914550781,406.9942321777344,47878500,2021-07-22 13:30:00
1627047000,437.5199890136719,440.29998779296875,436.7900085449219,439.94000244140625,411.1814270019531,63766600,2021-07-23 13:30:00
1627306200,439.30999755859375,441.0299987792969,439.260009765625,441.0199890136719,412.19085693359375,43719200,2021-07-26 13:30:00
1627392600,439.9100036621094,439.94000244140625,435.989990234375,439.010009765625,410.312255859375,67397100,2021-07-27 13:30:00
1627479000,439.67999267578125,440.29998779296875,437.30999755859375,438.8299865722656,410.1439208984375,52472400,2021-07-28 13:30:00
1627565400,439.82000732421875,441.79998779296875,439.80999755859375,440.6499938964844,411.84503173828125,47435300,2021-07-29 13:30:00
1627651800,437.9100036621094,440.05999755859375,437.7699890136719,438.510009765625,409.8450012207031,68951200,2021-07-30 13:30:00
1627911000,440.3399963378906,440.92999267578125,437.2099914550781,437.5899963378906,408.9851379394531,58783300,2021-08-02 13:30:00
1627997400,438.44000244140625,441.2799987792969,436.1000061035156,441.1499938964844,412.3123474121094,58053900,2021-08-03 13:30:00
1628083800,439.7799987792969,441.1199951171875,438.7300109863281,438.9800109863281,410.2842102050781,46732200,2021-08-04 13:30:00
1628170200,440.2200012207031,441.8500061035156,439.8800048828125,441.760009765625,412.8824462890625,38969700,2021-08-05 13:30:00
1628256600,442.1000061035156,442.94000244140625,441.79998779296875,442.489990234375,413.5647277832031,46930000,2021-08-06 13:30:00
1628515800,442.4599914550781,442.79998779296875,441.30999755859375,442.1300048828125,413.2283020019531,41222600,2021-08-09 13:30:00
1628602200,442.6099853515625,443.44000244140625,441.8800048828125,442.67999267578125,413.7423095703125,43339300,2021-08-10 13:30:00
1628688600,443.82000732421875,443.8800048828125,442.6199951171875,443.7799987792969,414.7705078125,44034300,2021-08-11 13:30:00
1628775000,443.6199951171875,445.260009765625,442.6600036621094,445.1099853515625,416.0135192871094,38909400,2021-08-12 13:30:00
1628861400,445.5899963378906,445.94000244140625,445.07000732421875,445.9200134277344,416.7705383300781,39470300,2021-08-13 13:30:00
1629120600,444.5299987792969,447.1099853515625,442.8699951171875,446.9700012207031,417.75189208984375,73740000,2021-08-16 13:30:00
1629207000,444.239990234375,444.9599914550781,440.8500061035156,444.0400085449219,415.0133361816406,92673900,2021-08-17 13:30:00
1629293400,442.9599914550781,444.6300048828125,438.9200134277344,439.17999267578125,410.47113037109375,89351900,2021-08-18 13:30:00
1629379800,436.2699890136719,441.1400146484375,436.1199951171875,439.8599853515625,411.1066589355469,92812200,2021-08-19 13:30:00
1629466200,440.2300109863281,443.7099914550781,439.7099914550781,443.3599853515625,414.3778991699219,72008700,2021-08-20 13:30:00
1629725400,445.1600036621094,448.2300109863281,443.44000244140625,447.260009765625,418.0229797363281,54973000,2021-08-23 13:30:00
1629811800,447.9700012207031,448.5400085449219,447.4200134277344,447.9700012207031,418.6865539550781,38744700,2021-08-24 13:30:00
1629898200,448.1700134277344,449.4599914550781,447.7699890136719,448.9100036621094,419.5650634765625,40529700,2021-08-25 13:30:00
1629984600,448.6099853515625,448.8599853515625,446.1600036621094,446.260009765625,417.0882873535156,57829600,2021-08-26 13:30:00
1630071000,447.1199951171875,450.6499938964844,447.05999755859375,450.25,420.8175048828125,77235100,2021-08-27 13:30:00
1630330200,450.9700012207031,453.07000732421875,450.7099914550781,452.2300109863281,422.6680908203125,48357400,2021-08-30 13:30:00
1630416600,452.1300048828125,452.489990234375,450.9200134277344,451.55999755859375,422.0418395996094,59300200,2021-08-31 13:30:00
1630503000,452.55999755859375,453.1099853515625,451.54998779296875,451.79998779296875,422.26611328125,48721400,2021-09-01 13:30:00
1630589400,453.32000732421875,454.04998779296875,451.9100036621094,453.19000244140625,423.56536865234375,42501000,2021-09-02 13:30:00
1630675800,451.9800109863281,453.6300048828125,451.54998779296875,453.0799865722656,423.4624938964844,47170500,2021-09-03 13:30:00
1631021400,452.7099914550781,452.80999755859375,450.739990234375,451.4599914550781,421.9484558105469,51671500,2021-09-07 13:30:00
1631107800,450.8900146484375,451.6700134277344,448.8599853515625,450.9100036621094,421.4343566894531,56181900,2021-09-08 13:30:00
1631194200,450.70001220703125,452.57000732421875,448.7200012207031,448.9800109863281,419.6305236816406,57970400,2021-09-09 13:30:00
1631280600,451.0400085449219,451.489990234375,445.30999755859375,445.44000244140625,416.3219299316406,89948200,2021-09-10 13:30:00
1631539800,448.6400146484375,448.9200134277344,444.1099853515625,446.5799865722656,417.3874206542969,83738600,2021-09-13 13:30:00
1631626200,448.1199951171875,448.3399963378906,443.2200012207031,444.1700134277344,415.1349792480469,78197100,2021-09-14 13:30:00
1631712600,444.6199951171875,448.4100036621094,443.44000244140625,447.8800048828125,418.60235595703125,78792200,2021-09-15 13:30:00
1631799000,447.32000732421875,448.3599853515625,444.0199890136719,447.1700134277344,417.9388427734375,77786700,2021-09-16 13:30:00
1631885400,444.9200134277344,445.3699951171875,441.0199890136719,441.3999938964844,413.86773681640625,118425000,2021-09-17 13:30:00
1632144600,434.8800048828125,436.55999755859375,428.8599853515625,434.0400085449219,406.966796875,166445500,2021-09-20 13:30:00
1632231000,436.5299987792969,437.9100036621094,433.07000732421875,433.6300048828125,406.58233642578125,92526100,2021-09-21 13:30:00
1632317400,436.04998779296875,440.0299987792969,433.75,437.8599853515625,410.5484924316406,102350100,2021-09-22 13:30:00
1632403800,439.8500061035156,444.8900146484375,439.6000061035156,443.17999267578125,415.53662109375,76396000,2021-09-23 13:30:00
1632490200,441.44000244140625,444.6700134277344,441.2099914550781,443.9100036621094,416.2210998535156,62094800,2021-09-24 13:30:00
1632749400,442.80999755859375,444.04998779296875,441.8999938964844,442.6400146484375,415.0303649902344,61371100,2021-09-27 13:30:00
1632835800,439.69000244140625,440.0400085449219,432.94000244140625,433.7200012207031,406.6666564941406,130436300,2021-09-28 13:30:00
1632922200,435.19000244140625,437.0400085449219,433.8500061035156,434.45001220703125,407.3511657714844,82329200,2021-09-29 13:30:00
1633008600,436.0199890136719,436.7699890136719,428.7799987792969,429.1400146484375,402.3724060058594,140506000,2021-09-30 13:30:00
1633095000,430.9800109863281,436.0299987792969,427.2300109863281,434.239990234375,407.1542053222656,129240100,2021-10-01 13:30:00
1633354200,433.0,433.9599914550781,426.3599853515625,428.6400146484375,401.9035949707031,128570000,2021-10-04 13:30:00
1633440600,430.239990234375,435.489990234375,429.3900146484375,433.1000061035156,406.08538818359375,90682500,2021-10-05 13:30:00
1633527000,429.2699890136719,435.1199951171875,427.5400085449219,434.8999938964844,407.7731018066406,113032200,2021-10-06 13:30:00
1633613400,438.3900146484375,441.67999267578125,438.20001220703125,438.6600036621094,411.2986145019531,72437500,2021-10-07 13:30:00
1633699800,439.4800109863281,439.8900146484375,437.19000244140625,437.8599853515625,410.5484924316406,74557400,2021-10-08 13:30:00
1633959000,437.1600036621094,440.260009765625,434.6199951171875,434.69000244140625,407.576171875,65233300,2021-10-11 13:30:00
1634045400,435.6700134277344,436.1000061035156,432.7799987792969,433.6199951171875,406.5729675292969,71181200,2021-10-12 13:30:00
1634131800,434.7099914550781,436.04998779296875,431.5400085449219,435.17999267578125,408.03564453125,72974000,2021-10-13 13:30:00
1634218200,439.0799865722656,442.6600036621094,438.5799865722656,442.5,414.89910888671875,70236800,2021-10-14 13:30:00
1634304600,444.75,446.260009765625,444.0899963378906,445.8699951171875,418.058837890625,66260200,2021-10-15 13:30:00
1634563800,443.9700012207031,447.54998779296875,443.2699890136719,447.19000244140625,419.2965087890625,62213200,2021-10-18 13:30:00
1634650200,448.9200134277344,450.7099914550781,448.2699890136719,450.6400146484375,422.53131103515625,46996800,2021-10-19 13:30:00
1634736600,451.1300048828125,452.7300109863281,451.010009765625,452.4100036621094,424.1909484863281,49571600,2021-10-20 13:30:00
1634823000,451.7699890136719,453.8299865722656,451.30999755859375,453.5899963378906,425.2972717285156,41305400,2021-10-21 13:30:00
1634909400,453.1300048828125,454.6700134277344,451.04998779296875,453.1199951171875,424.85662841796875,58845100,2021-10-22 13:30:00
1635168600,454.2799987792969,455.8999938964844,452.3900146484375,455.54998779296875,427.13507080078125,45214500,2021-10-25 13:30:00
1635255000,457.20001220703125,458.489990234375,455.55999755859375,455.9599914550781,427.5194091796875,56075100,2021-10-26 13:30:00
1635341400,456.45001220703125,457.1600036621094,453.8599853515625,453.94000244140625,425.62548828125,72438000,2021-10-27 13:30:00
1635427800,455.4599914550781,458.3999938964844,455.45001220703125,458.32000732421875,429.7323303222656,51437900,2021-10-28 13:30:00
1635514200,455.8699951171875,459.55999755859375,455.55999755859375,459.25,430.60430908203125,70162400,2021-10-29 13:30:00
1635773400,460.29998779296875,460.70001220703125,458.20001220703125,460.0400085449219,431.34503173828125,48433600,2021-11-01 13:30:00
1635859800,460.2200012207031,462.2300109863281,460.0799865722656,461.8999938964844,433.0889587402344,48908400,2021-11-02 13:30:00
1635946200,461.29998779296875,465.1499938964844,460.8299865722656,464.7200012207031,435.7331237792969,52509800,2021-11-03 13:30:00
1636032600,465.3599853515625,467.0,464.989990234375,466.9100036621094,437.7864685058594,52847100,2021-11-04 13:30:00
1636119000,469.2799987792969,470.6499938964844,466.9200134277344,468.5299987792969,439.305419921875,66390600,2021-11-05 13:30:00
1636381800,469.70001220703125,470.2300109863281,468.20001220703125,468.92999267578125,439.680419921875,50405200,2021-11-08 14:30:00
1636468200,469.32000732421875,469.57000732421875,465.8800048828125,467.3800048828125,438.2271728515625,51149100,2021-11-09 14:30:00
1636554600,465.5799865722656,467.3800048828125,462.0400085449219,463.6199951171875,434.7016906738281,69429700,2021-11-10 14:30:00
1636641000,465.2099914550781,465.2900085449219,463.75,463.7699890136719,434.84234619140625,34848500,2021-11-11 14:30:00
1636727400,465.1199951171875,467.8599853515625,464.1099853515625,467.2699890136719,438.1239318847656,53466700,2021-11-12 14:30:00
1636986600,468.6400146484375,468.80999755859375,466.2300109863281,467.42999267578125,438.2739562988281,46980500,2021-11-15 14:30:00
1637073000,467.1499938964844,470.489990234375,467.07000732421875,469.2799987792969,440.0086975097656,48857500,2021-11-16 14:30:00
1637159400,469.0,469.19000244140625,467.4800109863281,468.1400146484375,438.9398193359375,47858300,2021-11-17 14:30:00
1637245800,469.239990234375,470.010009765625,466.3399963378906,469.7300109863281,440.43060302734375,50625600,2021-11-18 14:30:00
1637332200,469.6099853515625,470.94000244140625,468.5,468.8900146484375,439.6429748535156,57315600,2021-11-19 14:30:00
1637591400,470.8900146484375,473.5400085449219,467.3500061035156,467.57000732421875,438.4053955078125,72762000,2021-11-22 14:30:00
1637677800,467.2200012207031,469.1000061035156,464.45001220703125,468.19000244140625,438.9867248535156,73206500,2021-11-23 14:30:00
1637764200,466.05999755859375,469.57000732421875,465.19000244140625,469.44000244140625,440.15875244140625,61858800,2021-11-24 14:30:00
1637937000,462.3399963378906,463.8999938964844,457.7699890136719,458.9700012207031,430.3417663574219,112669600,2021-11-26 14:30:00
1638196200,464.07000732421875,466.55999755859375,461.7300109863281,464.6000061035156,435.62060546875,86268800,2021-11-29 14:30:00
1638282600,462.0,464.0299987792969,455.29998779296875,455.55999755859375,427.1444396972656,148559600,2021-11-30 14:30:00
1638369000,461.6400146484375,464.6700134277344,450.2900085449219,450.5,422.40008544921875,131939200,2021-12-01 14:30:00
1638455400,450.7300109863281,459.07000732421875,450.30999755859375,457.3999938964844,428.8696594238281,127637800,2021-12-02 14:30:00
1638541800,459.1700134277344,460.29998779296875,448.9200134277344,453.4200134277344,425.137939453125,137331600,2021-12-03 14:30:00
1638801000,456.1300048828125,460.7900085449219,453.55999755859375,458.7900085449219,430.1729431152344,98977500,2021-12-06 14:30:00
1638887400,464.4100036621094,468.8800048828125,458.6499938964844,468.2799987792969,439.07098388671875,95484700,2021-12-07 14:30:00
1638973800,468.70001220703125,470.0,466.8299865722656,469.5199890136719,440.23370361328125,72238800,2021-12-08 14:30:00
1639060200,468.1499938964844,469.6300048828125,466.1400146484375,466.3500061035156,437.2613830566406,61272600,2021-12-09 14:30:00
1639146600,469.2300109863281,470.8999938964844,466.510009765625,470.739990234375,441.3775634765625,77159800,2021-12-10 14:30:00
1639405800,470.19000244140625,470.55999755859375,466.2699890136719,466.57000732421875,437.4677429199219,87724700,2021-12-13 14:30:00
1639492200,463.0899963378906,465.739990234375,460.25,463.3599853515625,434.4579162597656,97264100,2021-12-14 14:30:00
1639578600,463.4200134277344,470.8599853515625,460.739990234375,470.6000061035156,441.2463684082031,116899300,2021-12-15 14:30:00
1639665000,472.57000732421875,472.8699951171875,464.79998779296875,466.45001220703125,437.355224609375,116568600,2021-12-16 14:30:00
1639751400,461.54998779296875,464.739990234375,458.05999755859375,459.8699951171875,432.7005310058594,135511600,2021-12-17 14:30:00
1640010600,454.4800109863281,455.3999938964844,451.1400146484375,454.9800109863281,428.0994567871094,107134800,2021-12-20 14:30:00
1640097000,458.6099853515625,463.2099914550781,456.30999755859375,463.05999755859375,435.70196533203125,69806300,2021-12-21 14:30:00
1640183400,462.7900085449219,467.80999755859375,462.5799865722656,467.69000244140625,440.0584411621094,58890200,2021-12-22 14:30:00
1640269800,468.75,472.19000244140625,468.6400146484375,470.6000061035156,442.79656982421875,56439700,2021-12-23 14:30:00
1640615400,472.05999755859375,477.30999755859375,472.010009765625,477.260009765625,449.0630798339844,56808600,2021-12-27 14:30:00
1640701800,477.7200012207031,478.80999755859375,476.05999755859375,476.8699951171875,448.69610595703125,47274600,2021-12-28 14:30:00
1640788200,476.9800109863281,478.55999755859375,475.9200134277344,477.4800109863281,449.2699890136719,54503000,2021-12-29 14:30:00
1640874600,477.92999267578125,479.0,475.6700134277344,476.1600036621094,448.02801513671875,55329000,2021-12-30 14:30:00
1640961000,475.6400146484375,476.8599853515625,474.6700134277344,474.9599914550781,446.8990173339844,65237400,2021-12-31 14:30:00
1641220200,476.29998779296875,477.8500061035156,473.8500061035156,477.7099914550781,449.4864196777344,72668200,2022-01-03 14:30:00
1641306600,479.2200012207031,479.9800109863281,475.5799865722656,477.54998779296875,449.3359375,71178700,2022-01-04 14:30:00
1641393000,477.1600036621094,477.9800109863281,468.2799987792969,468.3800048828125,440.7076721191406,104538900,2022-01-05 14:30:00
1641479400,467.8900146484375,470.82000732421875,465.42999267578125,467.94000244140625,440.293701171875,86858900,2022-01-06 14:30:00
1641565800,467.95001220703125,469.20001220703125,464.6499938964844,466.0899963378906,438.55291748046875,85111600,2022-01-07 14:30:00
1641825000,462.70001220703125,465.739990234375,456.6000061035156,465.510009765625,438.0072326660156,119362000,2022-01-10 14:30:00
1641911400,465.2300109863281,469.8500061035156,462.04998779296875,469.75,441.9967346191406,74303100,2022-01-11 14:30:00
1641997800,471.5899963378906,473.20001220703125,468.94000244140625,471.0199890136719,443.19171142578125,67605400,2022-01-12 14:30:00
1642084200,472.19000244140625,472.8800048828125,463.44000244140625,464.5299987792969,437.08514404296875,91173100,2022-01-13 14:30:00
1642170600,461.19000244140625,465.0899963378906,459.8999938964844,464.7200012207031,437.263916015625,95890900,2022-01-14 14:30:00
1642516200,459.739990234375,459.9599914550781,455.30999755859375,456.489990234375,429.5201721191406,109709100,2022-01-18 14:30:00
1642602600,458.1300048828125,459.6099853515625,451.4599914550781,451.75,425.0601806640625,109357600,2022-01-19 14:30:00
1642689000,453.75,458.739990234375,444.5,446.75,420.3555908203125,122379700,2022-01-20 14:30:00
1642775400,445.55999755859375,448.05999755859375,437.95001220703125,437.9800109863281,412.1037292480469,202271200,2022-01-21 14:30:00
1643034600,432.0299987792969,440.3800048828125,420.760009765625,439.8399963378906,413.8538513183594,251783900,2022-01-24 14:30:00
1643121000,433.05999755859375,439.7200012207031,427.1499938964844,434.4700012207031,408.8011474609375,167997300,2022-01-25 14:30:00
1643207400,440.7200012207031,444.0400085449219,428.8599853515625,433.3800048828125,407.7755126953125,186391100,2022-01-26 14:30:00
1643293800,438.260009765625,441.5899963378906,429.45001220703125,431.239990234375,405.7619323730469,149878300,2022-01-27 14:30:00
1643380200,432.67999267578125,442.0,427.82000732421875,441.95001220703125,415.8391418457031,164457400,2022-01-28 14:30:00
1643639400,441.239990234375,450.2799987792969,439.80999755859375,449.9100036621094,423.3289489746094,152251400,2022-01-31 14:30:00
1643725800,450.67999267578125,453.6300048828125,446.94000244140625,452.95001220703125,426.1893005371094,123155400,2022-02-01 14:30:00
1643812200,455.5,458.1199951171875,453.04998779296875,457.3500061035156,430.3293151855469,117361000,2022-02-02 14:30:00
1643898600,450.95001220703125,452.9700012207031,445.7099914550781,446.6000061035156,420.21441650390625,118024400,2022-02-03 14:30:00
1643985000,446.3500061035156,452.7799987792969,443.8299865722656,448.70001220703125,422.19036865234375,118454400,2022-02-04 14:30:00
1644244200,449.510009765625,450.989990234375,445.8500061035156,447.260009765625,420.8354797363281,84472900,2022-02-07 14:30:00
1644330600,446.7300109863281,451.9200134277344,445.2200012207031,450.94000244140625,424.2981262207031,81012000,2022-02-08 14:30:00
1644417000,455.2200012207031,457.8800048828125,455.010009765625,457.5400085449219,430.50811767578125,92589900,2022-02-09 14:30:00
1644503400,451.3399963378906,457.7099914550781,447.20001220703125,449.32000732421875,422.7737121582031,140103700,2022-02-10 14:30:00
1644589800,449.4100036621094,451.6099853515625,438.94000244140625,440.4599914550781,414.4372253417969,153214600,2022-02-11 14:30:00
1644849000,439.9200134277344,441.6000061035156,435.3399963378906,439.0199890136719,413.0823059082031,123006300,2022-02-14 14:30:00
1644935400,443.7300109863281,446.2799987792969,443.17999267578125,446.1000061035156,419.7440490722656,88482700,2022-02-15 14:30:00
1645021800,443.92999267578125,448.05999755859375,441.94000244140625,446.6000061035156,420.21441650390625,84863600,2022-02-16 14:30:00
1645108200,443.2200012207031,446.57000732421875,436.4200134277344,437.05999755859375,411.2380676269531,102259100,2022-02-17 14:30:00
1645194600,437.3299865722656,438.6600036621094,431.82000732421875,434.2300109863281,408.5753173828125,132642900,2022-02-18 14:30:00
1645540200,431.8900146484375,435.5,425.8599853515625,429.57000732421875,404.19061279296875,124391800,2022-02-22 14:30:00
1645626600,432.6600036621094,433.260009765625,421.3500061035156,421.95001220703125,397.0208740234375,132578000,2022-02-23 14:30:00
1645713000,411.0199890136719,428.760009765625,410.6400146484375,428.29998779296875,402.9956970214844,213942900,2022-02-24 14:30:00
1645799400,429.6099853515625,437.8399963378906,427.8599853515625,437.75,411.8873596191406,121804500,2022-02-25 14:30:00
1646058600,432.0299987792969,438.20001220703125,430.70001220703125,436.6300048828125,410.8334655761719,145615000,2022-02-28 14:30:00
1646145000,435.0400085449219,437.1700134277344,427.1099853515625,429.9800109863281,404.5763854980469,137785900,2022-03-01 14:30:00
1646231400,432.3699951171875,439.7200012207031,431.57000732421875,437.8900146484375,412.01904296875,117726500,2022-03-02 14:30:00
1646317800,440.4700012207031,441.1099853515625,433.79998779296875,435.7099914550781,409.9678649902344,105501700,2022-03-03 14:30:00
1646404200,431.75,433.3699951171875,427.8800048828125,432.1700134277344,406.6369934082031,113978200,2022-03-04 14:30:00
1646663400,431.54998779296875,432.29998779296875,419.3599853515625,419.42999267578125,394.6496276855469,137896600,2022-03-07 14:30:00
1646749800,419.6199951171875,427.2099914550781,415.1199951171875,416.25,391.65753173828125,164772700,2022-03-08 14:30:00
1646836200,425.1400146484375,429.510009765625,422.82000732421875,427.4100036621094,402.1582946777344,116990800,2022-03-09 14:30:00
1646922600,422.5199890136719,426.42999267578125,420.44000244140625,425.4800109863281,400.3423156738281,93972700,2022-03-10 14:30:00
1647009000,428.1199951171875,428.7699890136719,419.5299987792969,420.07000732421875,395.2519226074219,95636300,2022-03-11 14:30:00
1647264600,420.8900146484375,424.54998779296875,415.7900085449219,417.0,392.36322021484375,95729200,2022-03-14 13:30:00
1647351000,419.7699890136719,426.8399963378906,418.4200134277344,426.1700134277344,400.99151611328125,106219100,2022-03-15 13:30:00
1647437400,429.8900146484375,435.67999267578125,424.79998779296875,435.6199951171875,409.8832092285156,144954800,2022-03-16 13:30:00
1647523800,433.5899963378906,441.07000732421875,433.19000244140625,441.07000732421875,415.01123046875,102676900,2022-03-17 13:30:00
1647610200,438.0,444.8599853515625,437.2200012207031,444.5199890136719,419.55670166015625,106345500,2022-03-18 13:30:00
1647869400,444.3399963378906,446.4599914550781,440.67999267578125,444.3900146484375,419.4340515136719,88349800,2022-03-21 13:30:00
1647955800,445.8599853515625,450.5799865722656,445.8599853515625,449.5899963378906,424.34197998046875,74650400,2022-03-22 13:30:00
1648042200,446.9100036621094,448.489990234375,443.7099914550781,443.79998779296875,418.87713623046875,79426100,2022-03-23 13:30:00
1648128600,445.94000244140625,450.5,444.760009765625,450.489990234375,425.1913757324219,64736900,2022-03-24 13:30:00
1648215000,451.1600036621094,452.9800109863281,448.42999267578125,452.69000244140625,427.2679138183594,77101300,2022-03-25 13:30:00
1648474200,452.05999755859375,455.9100036621094,450.05999755859375,455.9100036621094,430.30706787109375,68529800,2022-03-28 13:30:00
1648560600,460.0199890136719,462.07000732421875,457.17999267578125,461.54998779296875,435.63031005859375,86581500,2022-03-29 13:30:00
1648647000,460.3399963378906,461.20001220703125,456.4700012207031,458.70001220703125,432.9404296875,79666900,2022-03-30 13:30:00
1648733400,457.8900146484375,458.760009765625,451.1600036621094,451.6400146484375,426.27691650390625,121699900,2022-03-31 13:30:00
1648819800,453.30999755859375,453.4599914550781,449.1400146484375,452.9200134277344,427.48504638671875,89048800,2022-04-01 13:30:00
1649079000,453.1300048828125,456.9100036621094,452.260009765625,456.79998779296875,431.1470947265625,59601000,2022-04-04 13:30:00
1649165400,455.2200012207031,457.8299865722656,449.82000732421875,451.0299987792969,425.7011413574219,74214500,2022-04-05 13:30:00
1649251800,446.8900146484375,448.92999267578125,443.4700012207031,446.5199890136719,421.44439697265625,106898000,2022-04-06 13:30:00
1649338200,445.5899963378906,450.69000244140625,443.5299987792969,448.7699890136719,423.5680847167969,78097200,2022-04-07 13:30:00
1649424600,447.9700012207031,450.6300048828125,445.94000244140625,447.57000732421875,422.4354248046875,79272700,2022-04-08 13:30:00
1649683800,444.1099853515625,445.0,439.3900146484375,439.9200134277344,415.215087890625,89770500,2022-04-11 13:30:00
1649770200,443.0799865722656,445.75,436.6499938964844,438.2900085449219,413.67657470703125,84363600,2022-04-12 13:30:00
1649856600,438.0299987792969,444.1099853515625,437.8399963378906,443.30999755859375,418.4146423339844,74070400,2022-04-13 13:30:00
1649943000,443.54998779296875,444.7300109863281,437.67999267578125,437.7900085449219,413.2046813964844,97869500,2022-04-14 13:30:00
1650288600,436.80999755859375,439.75,435.6099853515625,437.9700012207031,413.3746032714844,66002500,2022-04-18 13:30:00
1650375000,437.8599853515625,445.79998779296875,437.67999267578125,445.0400085449219,420.0474548339844,77821000,2022-04-19 13:30:00
1650461400,446.9200134277344,447.57000732421875,443.4800109863281,444.7099914550781,419.7360534667969,65224400,2022-04-20 13:30:00
1650547800,448.5400085449219,450.010009765625,437.1000061035156,438.05999755859375,413.4595947265625,85417300,2022-04-21 13:30:00
1650634200,436.9100036621094,438.0799865722656,425.44000244140625,426.0400085449219,402.1144714355469,132471800,2022-04-22 13:30:00
1650893400,423.6700134277344,428.69000244140625,418.8399963378906,428.510009765625,404.44586181640625,119647700,2022-04-25 13:30:00
1650979800,425.8299865722656,426.0400085449219,416.07000732421875,416.1000061035156,392.7327575683594,103996300,2022-04-26 13:30:00
1651066200,417.239990234375,422.9200134277344,415.010009765625,417.2699890136719,393.8370056152344,122030000,2022-04-27 13:30:00
1651152600,422.2900085449219,429.6400146484375,417.6000061035156,427.80999755859375,403.78509521484375,105449100,2022-04-28 13:30:00
1651239000,423.5899963378906,425.8699951171875,411.2099914550781,412.0,388.8629455566406,145491100,2022-04-29 13:30:00
1651498200,412.07000732421875,415.9200134277344,405.0199890136719,414.4800109863281,391.2037048339844,158312500,2022-05-02 13:30:00
1651584600,415.010009765625,418.92999267578125,413.3599853515625,416.3800048828125,392.99700927734375,100028200,2022-05-03 13:30:00
1651671000,417.0799865722656,429.6600036621094,413.7099914550781,429.05999755859375,404.9649353027344,144247900,2022-05-04 13:30:00
1651757400,424.54998779296875,425.0,409.44000244140625,413.80999755859375,390.57135009765625,172929100,2022-05-05 13:30:00
1651843800,411.1000061035156,414.79998779296875,405.7300109863281,411.3399963378906,388.24005126953125,151770800,2022-05-06 13:30:00
1652103000,405.1000061035156,406.4100036621094,396.5,398.1700134277344,375.80963134765625,155586100,2022-05-09 13:30:00
1652189400,404.489990234375,406.0799865722656,394.82000732421875,399.0899963378906,376.67803955078125,132497200,2022-05-10 13:30:00
1652275800,398.07000732421875,404.0400085449219,391.9599914550781,392.75,370.6940002441406,142361000,2022-05-11 13:30:00
1652362200,389.3699951171875,395.79998779296875,385.1499938964844,392.3399963378906,370.3070373535156,125090800,2022-05-12 13:30:00
1652448600,396.7099914550781,403.17999267578125,395.6099853515625,401.7200012207031,379.1603088378906,104174400,2022-05-13 13:30:00
1652707800,399.9800109863281,403.9700012207031,397.6000061035156,400.0899963378906,377.6217956542969,78622400,2022-05-16 13:30:00
1652794200,406.5299987792969,408.57000732421875,402.5799865722656,408.32000732421875,385.3896484375,83029700,2022-05-17 13:30:00
1652880600,403.5,403.79998779296875,390.54998779296875,391.8599853515625,369.85394287109375,117674500,2022-05-18 13:30:00
1652967000,388.6199951171875,394.1400146484375,387.1099853515625,389.4599914550781,367.5887756347656,98510700,2022-05-19 13:30:00
1653053400,393.25,397.0299987792969,380.5400085449219,389.6300048828125,367.7492370605469,131432200,2022-05-20 13:30:00
1653312600,392.8299865722656,397.7300109863281,390.3800048828125,396.9200134277344,374.62982177734375,76414900,2022-05-23 13:30:00
1653399000,392.55999755859375,395.1499938964844,386.9599914550781,393.8900146484375,371.7700500488281,91448800,2022-05-24 13:30:00
1653485400,392.30999755859375,399.45001220703125,391.8900146484375,397.3699951171875,375.0545959472656,91472900,2022-05-25 13:30:00
1653571800,398.6700134277344,407.0400085449219,398.45001220703125,405.30999755859375,382.548583984375,82168300,2022-05-26 13:30:00
1653658200,407.9100036621094,415.3800048828125,407.70001220703125,415.260009765625,391.9398498535156,84768700,2022-05-27 13:30:00
1654003800,413.54998779296875,416.4599914550781,410.0299987792969,412.92999267578125,389.7406921386719,95937000,2022-05-31 13:30:00
1654090200,415.1700134277344,416.239990234375,406.92999267578125,409.5899963378906,386.58831787109375,86585800,2022-06-01 13:30:00
1654176600,409.4200134277344,417.44000244140625,407.0400085449219,417.3900146484375,393.9503173828125,79609600,2022-06-02 13:30:00
1654263000,412.3999938964844,414.0400085449219,409.510009765625,410.5400085449219,387.4849853515625,71874300,2022-06-03 13:30:00
1654522200,414.7799987792969,416.6099853515625,410.54998779296875,411.7900085449219,388.66473388671875,57508900,2022-06-06 13:30:00
1654608600,408.1000061035156,416.2200012207031,407.6099853515625,415.739990234375,392.39288330078125,59272400,2022-06-07 13:30:00
1654695000,413.92999267578125,415.82000732421875,410.3800048828125,411.2200012207031,388.1267395019531,64350000,2022-06-08 13:30:00
1654781400,409.3399963378906,411.739990234375,401.44000244140625,401.44000244140625,378.8960266113281,86289800,2022-06-09 13:30:00
1654867800,394.8800048828125,395.7799987792969,389.75,389.79998779296875,367.9096374511719,132893900,2022-06-10 13:30:00
1655127000,379.8500061035156,381.80999755859375,373.29998779296875,375.0,353.9408264160156,170004900,2022-06-13 13:30:00
1655213400,376.8500061035156,377.94000244140625,370.5899963378906,373.8699951171875,352.8742370605469,104011800,2022-06-14 13:30:00
1655299800,377.3599853515625,383.8999938964844,372.1199951171875,379.20001220703125,357.9049987792969,125666800,2022-06-15 13:30:00
1655386200,370.510009765625,370.94000244140625,364.0799865722656,366.6499938964844,346.0597229003906,134473300,2022-06-16 13:30:00
1655472600,365.510009765625,369.3800048828125,362.1700134277344,365.8599853515625,346.8056945800781,111113900,2022-06-17 13:30:00
1655818200,371.8900146484375,376.5299987792969,371.80999755859375,375.07000732421875,355.5360412597656,76811900,2022-06-21 13:30:00
1655904600,370.6199951171875,378.7200012207031,370.17999267578125,374.3900146484375,354.8915710449219,90059400,2022-06-22 13:30:00
1655991000,376.6400146484375,378.8299865722656,372.8900146484375,378.05999755859375,358.37042236328125,79292100,2022-06-23 13:30:00
1656077400,381.3999938964844,390.0899963378906,381.3699951171875,390.0799865722656,369.7642822265625,98050300,2022-06-24 13:30:00
1656336600,391.04998779296875,391.3599853515625,387.44000244140625,388.5899963378906,368.35198974609375,66009600,2022-06-27 13:30:00
1656423000,390.2300109863281,393.1600036621094,380.5299987792969,380.6499938964844,360.8254699707031,86548900,2022-06-28 13:30:00
1656509400,381.2300109863281,382.2699890136719,378.4200134277344,380.3399963378906,360.5316162109375,65676000,2022-06-29 13:30:00
1656595800,376.239990234375,380.6600036621094,372.55999755859375,377.25,357.6025695800781,112508300,2022-06-30 13:30:00
1656682200,376.55999755859375,381.70001220703125,373.79998779296875,381.239990234375,361.384765625,74839700,2022-07-01 13:30:00
1657027800,375.8800048828125,381.9800109863281,372.8999938964844,381.9599914550781,362.0672302246094,81438000,2022-07-05 13:30:00
1657114200,382.1099853515625,385.8699951171875,379.6000061035156,383.25,363.2900390625,70426200,2022-07-06 13:30:00
1657200600,385.1199951171875,389.8299865722656,383.2699890136719,388.989990234375,368.7310485839844,64525900,2022-07-07 13:30:00
1657287000,387.2699890136719,390.6400146484375,385.6600036621094,388.6700134277344,368.42779541015625,72397800,2022-07-08 13:30:00
1657546200,385.8500061035156,386.8699951171875,383.5,384.2300109863281,364.218994140625,58366900,2022-07-11 13:30:00
1657632600,383.6499938964844,386.1600036621094,378.989990234375,380.8299865722656,360.9961242675781,62219200,2022-07-12 13:30:00
1657719000,375.1000061035156,381.9200134277344,374.6600036621094,378.8299865722656,359.1002502441406,84224600,2022-07-13 13:30:00
1657805400,373.6099853515625,379.04998779296875,371.0400085449219,377.9100036621094,358.2281799316406,89704800,2022-07-14 13:30:00
1657891800,382.54998779296875,385.25,380.5400085449219,385.1300048828125,365.0721130371094,79060400,2022-07-15 13:30:00
1658151000,388.3800048828125,389.0899963378906,380.6600036621094,381.95001220703125,362.05780029296875,63203600,2022-07-18 13:30:00
1658237400,386.0799865722656,392.8699951171875,385.3900146484375,392.2699890136719,371.84033203125,78506000,2022-07-19 13:30:00
1658323800,392.4700012207031,396.260009765625,391.0299987792969,394.7699890136719,374.2100524902344,71843800,2022-07-20 13:30:00
1658410200,394.1600036621094,398.8399963378906,391.6300048828125,398.7900085449219,378.0207214355469,64903900,2022-07-21 13:30:00
1658496600,398.9200134277344,400.17999267578125,392.75,395.0899963378906,374.513427734375,72197300,2022-07-22 13:30:00
1658755800,395.75,396.4700012207031,393.2099914550781,395.57000732421875,374.96844482421875,53631500,2022-07-25 13:30:00
1658842200,393.8399963378906,394.05999755859375,389.95001220703125,390.8900146484375,370.5321960449219,52946400,2022-07-26 13:30:00
1658928600,394.3599853515625,402.8800048828125,394.04998779296875,401.0400085449219,380.153564453125,82342100,2022-07-27 13:30:00
1659015000,401.8900146484375,406.79998779296875,398.1499938964844,406.07000732421875,384.9215393066406,73966600,2022-07-28 13:30:00
1659101400,407.5799865722656,413.0299987792969,406.7699890136719,411.989990234375,390.5332946777344,87003700,2022-07-29 13:30:00
1659360600,409.1499938964844,413.4100036621094,408.3999938964844,410.7699890136719,389.3768005371094,69997500,2022-08-01 13:30:00
1659447000,409.1199951171875,413.0,406.82000732421875,408.05999755859375,386.8079528808594,63435400,2022-08-02 13:30:00
1659533400,410.29998779296875,415.67999267578125,410.0,414.45001220703125,392.8652038574219,67820600,2022-08-03 13:30:00
1659619800,414.3699951171875,415.0899963378906,412.44000244140625,414.1700134277344,392.5997314453125,45656600,2022-08-04 13:30:00
1659706200,409.6600036621094,414.1499938964844,409.6000061035156,413.4700012207031,391.93621826171875,56814900,2022-08-05 13:30:00
1659965400,415.25,417.6199951171875,411.8299865722656,412.989990234375,391.4812316894531,53886100,2022-08-08 13:30:00
1660051800,412.2200012207031,412.75,410.2200012207031,411.3500061035156,389.9266052246094,44931800,2022-08-09 13:30:00
1660138200,418.7799987792969,420.1400146484375,416.7200012207031,419.989990234375,398.11663818359375,68665700,2022-08-10 13:30:00
1660224600,422.989990234375,424.95001220703125,419.2099914550781,419.989990234375,398.11663818359375,59489700,2022-08-11 13:30:00
1660311000,422.0299987792969,427.2099914550781,421.0299987792969,427.1000061035156,404.85638427734375,61694500,2022-08-12 13:30:00
1660570200,424.7699890136719,429.4100036621094,424.7099914550781,428.8599853515625,406.5246276855469,54048300,2022-08-15 13:30:00
1660656600,427.7300109863281,431.7300109863281,426.8800048828125,429.70001220703125,407.3209228515625,59289000,2022-08-16 13:30:00
1660743000,425.9100036621094,429.5,424.5400085449219,426.6499938964844,404.4296875,63563400,2022-08-17 13:30:00
1660829400,426.8599853515625,428.6099853515625,425.5,427.8900146484375,405.60516357421875,49023200,2022-08-18 13:30:00
1660915800,424.9800109863281,425.260009765625,421.2200012207031,422.1400146484375,400.15472412109375,68016900,2022-08-19 13:30:00
1661175000,417.04998779296875,417.2300109863281,412.3999938964844,413.3500061035156,391.82244873046875,77695600,2022-08-22 13:30:00
1661261400,412.8999938964844,415.4200134277344,411.7699890136719,412.3500061035156,390.8744812011719,49105200,2022-08-23 13:30:00
1661347800,412.1099853515625,415.1099853515625,411.3900146484375,413.6700134277344,392.1257629394531,49177800,2022-08-24 13:30:00
1661434200,415.239990234375,419.55999755859375,414.0899963378906,419.510009765625,397.66162109375,50942300,2022-08-25 13:30:00
1661520600,419.3900146484375,419.9599914550781,405.25,405.30999755859375,384.20111083984375,103087000,2022-08-26 13:30:00
1661779800,402.20001220703125,405.8399963378906,401.20001220703125,402.6300048828125,381.6607360839844,65370800,2022-08-29 13:30:00
1661866200,403.8500061035156,404.1000061035156,396.0,398.2099914550781,377.470947265625,85652400,2022-08-30 13:30:00
1661952600,399.92999267578125,401.239990234375,395.0400085449219,395.17999267578125,374.5987854003906,76029700,2022-08-31 13:30:00
1662039000,392.8900146484375,396.7799987792969,390.0400085449219,396.4200134277344,375.77410888671875,78740100,2022-09-01 13:30:00
1662125400,400.2799987792969,401.55999755859375,390.3299865722656,392.239990234375,371.8119201660156,99632100,2022-09-02 13:30:00
1662471000,393.1300048828125,394.1199951171875,388.4200134277344,390.760009765625,370.408935546875,76637400,2022-09-06 13:30:00
1662557400,390.42999267578125,398.5899963378906,390.20001220703125,397.7799987792969,377.0633239746094,70964200,2022-09-07 13:30:00
1662643800,395.3900146484375,400.8599853515625,394.1199951171875,400.3800048828125,379.5279235839844,80821700,2022-09-08 13:30:00
1662730200,402.739990234375,407.510009765625,402.4599914550781,406.6000061035156,385.4239501953125,76706900,2022-09-09 13:30:00
1662989400,408.7799987792969,411.7300109863281,408.4599914550781,410.9700012207031,389.56640625,69256300,2022-09-12 13:30:00
1663075800,401.8299865722656,403.1000061035156,391.9200134277344,393.1000061035156,372.6270446777344,122947100,2022-09-13 13:30:00
1663162200,394.4700012207031,396.20001220703125,391.1199951171875,394.6000061035156,374.0489501953125,85023700,2022-09-14 13:30:00
1663248600,392.9599914550781,395.9599914550781,388.7799987792969,390.1199951171875,369.8022155761719,87633800,2022-09-15 13:30:00
1663335000,384.1400146484375,386.25,382.1099853515625,385.55999755859375,366.9811096191406,103084800,2022-09-16 13:30:00
1663594200,382.260009765625,388.54998779296875,382.17999267578125,388.54998779296875,369.8270568847656,73278500,2022-09-19 13:30:00
1663680600,385.05999755859375,386.1199951171875,381.20001220703125,384.0899963378906,365.5819396972656,77274900,2022-09-20 13:30:00
1663767000,386.1099853515625,389.30999755859375,377.3800048828125,377.3900146484375,359.2048034667969,106746600,2022-09-21 13:30:00
1663853400,376.5799865722656,378.29998779296875,373.44000244140625,374.2200012207031,356.1875,89472600,2022-09-22 13:30:00
1663939800,370.5799865722656,370.6199951171875,363.2900085449219,367.95001220703125,350.2196960449219,122346900,2022-09-23 13:30:00
1664199000,366.4100036621094,370.2099914550781,363.0299987792969,364.30999755859375,346.7550048828125,92581200,2022-09-26 13:30:00
1664285400,368.0199890136719,370.3999938964844,360.8699951171875,363.3800048828125,345.8698425292969,108294100,2022-09-27 13:30:00
1664371800,364.3800048828125,372.29998779296875,362.6000061035156,370.5299987792969,352.6753845214844,110802200,2022-09-28 13:30:00
1664458200,366.80999755859375,367.1099853515625,359.70001220703125,362.7900085449219,345.3083190917969,112952300,2022-09-29 13:30:00
1664544600,361.79998779296875,365.9100036621094,357.0400085449219,357.17999267578125,339.9686279296875,153711200,2022-09-30 13:30:00
1664803800,361.0799865722656,368.54998779296875,359.2099914550781,366.6099853515625,348.9442138671875,89756500,2022-10-03 13:30:00
1664890200,372.3999938964844,378.0,366.57000732421875,377.9700012207031,359.7568054199219,103602800,2022-10-04 13:30:00
1664976600,373.3900146484375,379.4599914550781,370.95001220703125,377.0899963378906,358.919189453125,88065700,2022-10-05 13:30:00
1665063000,375.6199951171875,378.7200012207031,372.67999267578125,373.20001220703125,355.2167053222656,82333500,2022-10-06 13:30:00
1665149400,368.9700012207031,373.2900085449219,360.94000244140625,362.7900085449219,345.3083190917969,107789500,2022-10-07 13:30:00
1665408600,363.9599914550781,364.2099914550781,357.6700134277344,360.0199890136719,342.6717834472656,76042800,2022-10-10 13:30:00
1665495000,358.239990234375,363.0299987792969,355.7099914550781,357.739990234375,340.50164794921875,92482800,2022-10-11 13:30:00
1665581400,358.1700134277344,359.82000732421875,356.29998779296875,356.55999755859375,339.37847900390625,76991800,2022-10-12 13:30:00
1665667800,349.2099914550781,367.510009765625,348.1099853515625,365.9700012207031,348.3350524902344,147254500,2022-10-13 13:30:00
1665754200,368.54998779296875,370.260009765625,356.9599914550781,357.6300048828125,340.3969421386719,123737000,2022-10-14 13:30:00
1666013400,364.010009765625,367.9800109863281,357.2799987792969,366.82000732421875,349.1441345214844,93168200,2022-10-17 13:30:00
1666099800,375.1300048828125,375.45001220703125,367.5199890136719,371.1300048828125,353.2464294433594,97162900,2022-10-18 13:30:00
1666186200,368.989990234375,371.8500061035156,365.54998779296875,368.5,350.7431335449219,79746900,2022-10-19 13:30:00
1666272600,368.0299987792969,372.6700134277344,364.6099853515625,365.4100036621094,347.80206298828125,88283100,2022-10-20 13:30:00
1666359000,365.1199951171875,374.79998779296875,363.5400085449219,374.2900085449219,356.2541809082031,131038400,2022-10-21 13:30:00
1666618200,375.8900146484375,380.05999755859375,373.1099853515625,378.8699951171875,360.6134948730469,85436900,2022-10-24 13:30:00
1666704600,378.7900085449219,385.25,378.6700134277344,384.9200134277344,366.3719482421875,78846300,2022-10-25 13:30:00
1666791000,381.6199951171875,387.5799865722656,381.3500061035156,382.0199890136719,363.6116943359375,104087300,2022-10-26 13:30:00
1666877400,383.07000732421875,385.0,379.3299865722656,379.9800109863281,361.66998291015625,81971800,2022-10-27 13:30:00
1666963800,379.8699951171875,389.5199890136719,379.67999267578125,389.0199890136719,370.2744140625,100302000,2022-10-28 13:30:00
1667223000,386.44000244140625,388.3999938964844,385.260009765625,386.2099914550781,367.5997009277344,96631300,2022-10-31 13:30:00
1667309400,390.1400146484375,390.3900146484375,383.2900085449219,384.5199890136719,365.9911804199219,85407600,2022-11-01 13:30:00
1667395800,383.8999938964844,388.6300048828125,374.760009765625,374.8699951171875,356.8062438964844,126990400,2022-11-02 13:30:00
1667482200,371.4700012207031,374.20001220703125,368.7900085449219,371.010009765625,353.1321716308594,87100100,2022-11-03 13:30:00
1667568600,377.0,378.8699951171875,370.0,376.3500061035156,358.21490478515625,103505200,2022-11-04 13:30:00
1667831400,377.7099914550781,380.57000732421875,375.5299987792969,379.95001220703125,361.6414794921875,68286900,2022-11-07 14:30:00
1667917800,381.1099853515625,385.1199951171875,377.7200012207031,382.0,363.5926818847656,84641100,2022-11-08 14:30:00
1668004200,379.92999267578125,381.1400146484375,373.6099853515625,374.1300048828125,356.1018981933594,78495500,2022-11-09 14:30:00
1668090600,388.04998779296875,395.0400085449219,385.6400146484375,394.69000244140625,375.671142578125,141455800,2022-11-10 14:30:00
1668177000,395.5899963378906,399.3500061035156,393.6099853515625,398.510009765625,379.30706787109375,93839900,2022-11-11 14:30:00
1668436200,396.6600036621094,400.17999267578125,394.8299865722656,395.1199951171875,376.0804138183594,71903500,2022-11-14 14:30:00
1668522600,401.1499938964844,402.30999755859375,394.489990234375,398.489990234375,379.2879943847656,93194500,2022-11-15 14:30:00
1668609000,396.7799987792969,397.7799987792969,394.7900085449219,395.45001220703125,376.3945007324219,68508500,2022-11-16 14:30:00
1668695400,390.4599914550781,394.95001220703125,390.1400146484375,394.239990234375,375.2427978515625,74496300,2022-11-17 14:30:00
1668781800,397.739990234375,397.80999755859375,393.0400085449219,396.0299987792969,376.9466247558594,92922500,2022-11-18 14:30:00
1669041000,394.6400146484375,395.82000732421875,392.6600036621094,394.5899963378906,375.57598876953125,51243200,2022-11-21 14:30:00
1669127400,396.6300048828125,400.07000732421875,395.1499938964844,399.8999938964844,380.630126953125,60429000,2022-11-22 14:30:00
1669213800,399.54998779296875,402.92999267578125,399.30999755859375,402.4200134277344,383.0286865234375,68261600,2022-11-23 14:30:00
1669386600,401.8299865722656,402.9100036621094,401.5400085449219,402.3299865722656,382.9429626464844,30545400,2022-11-25 14:30:00
1669645800,399.0899963378906,400.80999755859375,395.1099853515625,395.9100036621094,376.8323974609375,67881600,2022-11-28 14:30:00
1669732200,396.04998779296875,397.29998779296875,393.29998779296875,395.2300109863281,376.1851806640625,52310000,2022-11-29 14:30:00
1669818600,395.489990234375,407.67999267578125,393.4800109863281,407.67999267578125,388.0351867675781,144566700,2022-11-30 14:30:00
1669905000,408.7699890136719,410.0,404.75,407.3800048828125,387.74957275390625,76398200,2022-12-01 14:30:00
1669991400,402.25,407.8599853515625,402.1400146484375,406.9100036621094,387.3023376464844,85342700,2022-12-02 14:30:00
1670250600,403.95001220703125,404.92999267578125,398.1700134277344,399.5899963378906,380.3350524902344,77289800,2022-12-05 14:30:00
1670337000,399.4200134277344,399.989990234375,391.6400146484375,393.8299865722656,374.8525695800781,77972200,2022-12-06 14:30:00
1670423400,392.94000244140625,395.6400146484375,391.9700012207031,393.1600036621094,374.21490478515625,65927900,2022-12-07 14:30:00
1670509800,395.1400146484375,397.3599853515625,393.2699890136719,396.239990234375,377.1464538574219,60737900,2022-12-08 14:30:00
1670596200,394.94000244140625,397.6199951171875,393.1499938964844,393.2799987792969,374.3291015625,81447700,2022-12-09 14:30:00
1670855400,394.1099853515625,398.95001220703125,393.4100036621094,398.95001220703125,379.7258605957031,75405800,2022-12-12 14:30:00
1670941800,410.2200012207031,410.489990234375,399.07000732421875,401.9700012207031,382.60040283203125,123782500,2022-12-13 14:30:00
1671028200,401.6099853515625,405.5,396.30999755859375,399.3999938964844,380.15423583984375,108111300,2022-12-14 14:30:00
1671114600,394.29998779296875,395.25,387.8900146484375,389.6300048828125,370.8550109863281,117705900,2022-12-15 14:30:00
1671201000,385.17999267578125,386.5799865722656,381.0400085449219,383.2699890136719,366.4765930175781,119858000,2022-12-16 14:30:00
1671460200,383.4700012207031,383.82000732421875,378.2799987792969,380.0199890136719,363.3689880371094,79878100,2022-12-19 14:30:00
1671546600,379.2300109863281,382.2300109863281,377.8500061035156,380.5400085449219,363.8662414550781,74427200,2022-12-20 14:30:00
1671633000,383.25,387.4100036621094,382.69000244140625,386.2300109863281,369.30694580078125,78167400,2022-12-21 14:30:00
1671719400,383.04998779296875,386.2099914550781,374.7699890136719,380.7200012207031,364.0382995605469,100120900,2022-12-22 14:30:00
1671805800,379.6499938964844,383.05999755859375,378.0299987792969,382.9100036621094,366.13238525390625,59857300,2022-12-23 14:30:00
1672151400,382.7900085449219,383.1499938964844,379.6499938964844,381.3999938964844,364.6885681152344,51638200,2022-12-27 14:30:00
1672237800,381.3299865722656,383.3900146484375,376.4200134277344,376.6600036621094,360.1562194824219,70911500,2022-12-28 14:30:00
1672324200,379.6300048828125,384.3500061035156,379.0799865722656,383.44000244140625,366.63916015625,66970900,2022-12-29 14:30:00
1672410600,380.6400146484375,382.5799865722656,378.42999267578125,382.42999267578125,365.67340087890625,84022200,2022-12-30 14:30:00
1672756200,384.3699951171875,386.42999267578125,377.8299865722656,380.82000732421875,364.1340026855469,74850700,2023-01-03 14:30:00
1672842600,383.17999267578125,385.8800048828125,380.0,383.760009765625,366.9451599121094,85934100,2023-01-04 14:30:00
1672929000,381.7200012207031,381.8399963378906,378.760009765625,379.3800048828125,362.7571105957031,76970500,2023-01-05 14:30:00
1673015400,382.6099853515625,389.25,379.4100036621094,388.0799865722656,371.07586669921875,104189600,2023-01-06 14:30:00
1673274600,390.3699951171875,393.70001220703125,387.6700134277344,387.8599853515625,370.865478515625,73978100,2023-01-09 14:30:00
1673361000,387.25,390.6499938964844,386.2699890136719,390.5799865722656,373.46630859375,65358100,2023-01-10 14:30:00
1673447400,392.2300109863281,395.6000061035156,391.3800048828125,395.5199890136719,378.1898498535156,68881100,2023-01-11 14:30:00
1673533800,396.6700134277344,398.489990234375,392.4200134277344,396.9599914550781,379.56683349609375,90157700,2023-01-12 14:30:00
1673620200,393.6199951171875,399.1000061035156,393.3399963378906,398.5,381.03924560546875,63903900,2023-01-13 14:30:00
1673965800,398.4800109863281,400.2300109863281,397.05999755859375,397.7699890136719,380.34124755859375,62677300,2023-01-17 14:30:00
1674052200,399.010009765625,400.1199951171875,391.2799987792969,391.489990234375,374.3363952636719,99632300,2023-01-18 14:30:00
1674138600,389.3599853515625,391.0799865722656,387.260009765625,388.6400146484375,371.61126708984375,86958900,2023-01-19 14:30:00
1674225000,390.1000061035156,396.0400085449219,388.3800048828125,395.8800048828125,378.53411865234375,91806400,2023-01-20 14:30:00
1674484200,396.7200012207031,402.6499938964844,395.7200012207031,400.6300048828125,383.0758972167969,84178800,2023-01-23 14:30:00
1674570600,398.8800048828125,401.1499938964844,397.6400146484375,400.20001220703125,382.664794921875,59524900,2023-01-24 14:30:00
1674657000,395.95001220703125,400.70001220703125,393.55999755859375,400.3500061035156,382.80816650390625,84800300,2023-01-25 14:30:00
1674743400,403.1300048828125,404.9200134277344,400.0299987792969,404.75,387.01544189453125,72287400,2023-01-26 14:30:00
1674829800,403.6600036621094,408.1600036621094,403.44000244140625,405.67999267578125,387.9046325683594,68346200,2023-01-27 14:30:00
1675089000,402.79998779296875,405.1300048828125,400.2799987792969,400.5899963378906,383.0377502441406,74202000,2023-01-30 14:30:00
1675175400,401.1300048828125,406.5299987792969,400.7699890136719,406.4800109863281,388.66961669921875,86811800,2023-01-31 14:30:00
1675261800,405.2099914550781,413.6700134277344,402.3500061035156,410.79998779296875,392.80035400390625,101459200,2023-02-01 14:30:00
1675348200,414.8599853515625,418.30999755859375,412.8800048828125,416.7799987792969,398.51824951171875,101654500,2023-02-02 14:30:00
1675434600,411.5899963378906,416.9700012207031,411.0899963378906,412.3500061035156,394.28240966796875,94736800,2023-02-03 14:30:00
1675693800,409.7900085449219,411.2900085449219,408.1000061035156,409.8299865722656,391.8728332519531,60295300,2023-02-06 14:30:00
1675780200,408.8699951171875,416.489990234375,407.57000732421875,415.19000244140625,396.9979553222656,90990700,2023-02-07 14:30:00
1675866600,413.1300048828125,414.5299987792969,409.92999267578125,410.6499938964844,392.65692138671875,76227500,2023-02-08 14:30:00
1675953000,414.4100036621094,414.57000732421875,405.80999755859375,407.0899963378906,389.2528991699219,78694900,2023-02-09 14:30:00
1676039400,405.8599853515625,408.44000244140625,405.010009765625,408.0400085449219,390.1612854003906,70769700,2023-02-10 14:30:00
1676298600,408.7200012207031,412.9700012207031,408.239990234375,412.8299865722656,394.7413635253906,64913500,2023-02-13 14:30:00
1676385000,411.239990234375,415.04998779296875,408.510009765625,412.6400146484375,394.5597229003906,88389300,2023-02-14 14:30:00
1676471400,410.3500061035156,414.05999755859375,409.4700012207031,413.9800109863281,395.8410949707031,61555700,2023-02-15 14:30:00
1676557800,408.7900085449219,412.9100036621094,408.1400146484375,408.2799987792969,390.3907775878906,76431500,2023-02-16 14:30:00
1676644200,406.05999755859375,407.510009765625,404.04998779296875,407.260009765625,389.41546630859375,89257800,2023-02-17 14:30:00
1676989800,403.05999755859375,404.1600036621094,398.82000732421875,399.0899963378906,381.6033935546875,82655900,2023-02-21 14:30:00
1677076200,399.5199890136719,401.1300048828125,397.0199890136719,398.5400085449219,381.07757568359375,83742300,2023-02-22 14:30:00
1677162600,401.55999755859375,402.20001220703125,396.25,400.6600036621094,383.1046142578125,96242400,2023-02-23 14:30:00
1677249000,395.4200134277344,397.25,393.6400146484375,396.3800048828125,379.0121765136719,108194400,2023-02-24 14:30:00
1677508200,399.8699951171875,401.2900085449219,396.75,397.7300109863281,380.3030700683594,80444700,2023-02-27 14:30:00
1677594600,397.2300109863281,399.2799987792969,396.1499938964844,396.260009765625,378.8974609375,96438600,2023-02-28 14:30:00
1677681000,395.4100036621094,396.69000244140625,393.3800048828125,394.739990234375,377.4440002441406,99706800,2023-03-01 14:30:00
1677767400,392.67999267578125,398.69000244140625,392.3299865722656,397.80999755859375,380.3794250488281,85127800,2023-03-02 14:30:00
1677853800,399.7099914550781,404.45001220703125,399.0299987792969,404.19000244140625,386.47998046875,90120000,2023-03-03 14:30:00
1678113000,405.04998779296875,407.45001220703125,404.010009765625,404.4700012207031,386.7477111816406,72795900,2023-03-06 14:30:00
1678199400,404.4200134277344,404.6700134277344,397.6300048828125,398.2699890136719,380.8193359375,108310600,2023-03-07 14:30:00
1678285800,398.3900146484375,399.7099914550781,396.5899963378906,398.9200134277344,381.4408874511719,74746600,2023-03-08 14:30:00
1678372200,399.739990234375,401.4800109863281,390.5299987792969,391.55999755859375,374.4034118652344,111945300,2023-03-09 14:30:00
1678458600,390.989990234375,393.1600036621094,384.32000732421875,385.9100036621094,369.00091552734375,189253000,2023-03-10 14:30:00
1678714200,381.80999755859375,390.3900146484375,380.6499938964844,385.3599853515625,368.4750061035156,157790000,2023-03-13 13:30:00
1678800600,390.5,393.45001220703125,387.04998779296875,391.7300109863281,374.5659484863281,149752400,2023-03-14 13:30:00
1678887000,385.8900146484375,389.489990234375,383.7099914550781,389.2799987792969,372.2232360839844,172996900,2023-03-15 13:30:00
1678973400,386.82000732421875,396.4700012207031,386.2900085449219,396.1099853515625,378.7539978027344,143254200,2023-03-16 13:30:00
1679059800,393.2200012207031,394.3999938964844,388.54998779296875,389.989990234375,374.3252868652344,140553400,2023-03-17 13:30:00
1679319000,390.79998779296875,394.1700134277344,390.07000732421875,393.739990234375,377.92474365234375,93055800,2023-03-20 13:30:00
1679405400,397.239990234375,399.4100036621094,395.5799865722656,398.9100036621094,382.8870849609375,91524200,2023-03-21 13:30:00
1679491800,398.7300109863281,402.489990234375,392.07000732421875,392.1099853515625,376.3602294921875,111746600,2023-03-22 13:30:00
1679578200,395.0899963378906,399.2900085449219,390.3500061035156,393.1700134277344,377.3776550292969,119351300,2023-03-23 13:30:00
1679664600,391.8399963378906,395.8399963378906,389.3999938964844,395.75,379.8540344238281,107682400,2023-03-24 13:30:00
1679923800,398.1199951171875,398.9200134277344,395.55999755859375,396.489990234375,380.56427001953125,74010400,2023-03-27 13:30:00
1680010200,395.7699890136719,396.489990234375,393.69000244140625,395.6000061035156,379.7100830078125,62871700,2023-03-28 13:30:00
1680096600,399.92999267578125,401.6000061035156,398.67999267578125,401.3500061035156,385.22906494140625,77497900,2023-03-29 13:30:00
1680183000,404.0899963378906,404.3500061035156,401.760009765625,403.70001220703125,387.4846496582031,69840000,2023-03-30 13:30:00
1680269400,404.6600036621094,409.70001220703125,404.54998779296875,409.3900146484375,392.94610595703125,112062600,2023-03-31 13:30:00
1680528600,408.8500061035156,411.3699951171875,408.44000244140625,410.95001220703125,394.4434509277344,67391100,2023-04-03 13:30:00
1680615000,411.6199951171875,411.9200134277344,407.239990234375,408.6700134277344,392.2550964355469,66601500,2023-04-04 13:30:00
1680701400,407.9100036621094,408.70001220703125,405.8800048828125,407.6000061035156,391.2280578613281,65200200,2023-04-05 13:30:00
1680787800,406.7699890136719,409.4800109863281,405.67999267578125,409.19000244140625,392.754150390625,63743300,2023-04-06 13:30:00
1681133400,406.6099853515625,409.69000244140625,405.9700012207031,409.6099853515625,393.1572570800781,63681000,2023-04-10 13:30:00
1681219800,410.260009765625,411.17999267578125,408.9200134277344,409.7200012207031,393.2628479003906,59297900,2023-04-11 13:30:00
1681306200,411.8699951171875,412.1700134277344,407.44000244140625,408.04998779296875,391.6599426269531,86420400,2023-04-12 13:30:00
1681392600,409.17999267578125,413.8399963378906,407.989990234375,413.4700012207031,396.8622131347656,85814800,2023-04-13 13:30:00
1681479000,412.80999755859375,415.0899963378906,410.05999755859375,412.4599914550781,395.89276123046875,78161500,2023-04-14 13:30:00
1681738200,412.3699951171875,413.9599914550781,411.0899963378906,413.94000244140625,397.3133850097656,66436400,2023-04-17 13:30:00
1681824600,415.5799865722656,415.7200012207031,412.7799987792969,414.2099914550781,397.57244873046875,63560000,2023-04-18 13:30:00
1681911000,412.2200012207031,415.0799865722656,412.1600036621094,414.1400146484375,397.5052490234375,55227300,2023-04-19 13:30:00
1681997400,411.2099914550781,413.70001220703125,410.2699890136719,411.8800048828125,395.3360900878906,75840400,2023-04-20 13:30:00
1682083800,412.19000244140625,412.67999267578125,410.1700134277344,412.20001220703125,395.643310546875,73457400,2023-04-21 13:30:00
1682343000,411.989990234375,413.07000732421875,410.6000061035156,412.6300048828125,396.0559997558594,64332100,2023-04-24 13:30:00
1682429400,410.5799865722656,411.1600036621094,406.0199890136719,406.0799865722656,389.7690124511719,97766700,2023-04-25 13:30:00
1682515800,406.7200012207031,407.8399963378906,403.7799987792969,404.3599853515625,388.1181640625,80447000,2023-04-26 13:30:00
1682602200,407.0,412.69000244140625,406.739990234375,412.4100036621094,395.8448486328125,92968400,2023-04-27 13:30:00
1682688600,411.489990234375,415.94000244140625,411.42999267578125,415.92999267578125,399.2234191894531,89433100,2023-04-28 13:30:00
1682947800,415.4700012207031,417.6199951171875,415.2699890136719,415.510009765625,398.8203125,62122300,2023-05-01 13:30:00
1683034200,414.7699890136719,414.82000732421875,407.82000732421875,410.8399963378906,394.337890625,103998500,2023-05-02 13:30:00
1683120600,411.3599853515625,413.8699951171875,407.7699890136719,408.0199890136719,391.63116455078125,91531800,2023-05-03 13:30:00
1683207000,406.92999267578125,407.2699890136719,403.739990234375,405.1300048828125,388.8572082519531,94901900,2023-05-04 13:30:00
1683293400,408.9100036621094,413.7200012207031,408.6400146484375,412.6300048828125,396.0559997558594,87891800,2023-05-05 13:30:00
1683552600,412.9700012207031,413.239990234375,411.2799987792969,412.739990234375,396.1615295410156,50046800,2023-05-08 13:30:00
1683639000,411.1300048828125,412.0899963378906,410.69000244140625,410.92999267578125,394.42425537109375,49220100,2023-05-09 13:30:00
1683725400,413.8800048828125,414.5400085449219,408.8699951171875,412.8500061035156,396.2671813964844,96142900,2023-05-10 13:30:00
1683811800,411.95001220703125,412.42999267578125,409.9700012207031,412.1300048828125,395.5760192871094,70157100,2023-05-11 13:30:00
1683898200,413.4200134277344,413.6400146484375,409.07000732421875,411.5899963378906,395.0577392578125,70481500,2023-05-12 13:30:00
1684157400,412.2200012207031,413.42999267578125,410.2300109863281,413.010009765625,396.4206848144531,54289400,2023-05-15 13:30:00
1684243800,411.8599853515625,412.82000732421875,410.239990234375,410.25,393.77154541015625,57705500,2023-05-16 13:30:00
1684330200,412.3500061035156,415.8599853515625,410.6400146484375,415.2300109863281,398.55157470703125,87287000,2023-05-17 13:30:00
1684416600,414.8999938964844,419.6700134277344,414.6700134277344,419.2300109863281,402.3908386230469,97177200,2023-05-18 13:30:00
1684503000,420.1700134277344,420.7200012207031,417.3500061035156,418.6199951171875,401.8052978515625,103793300,2023-05-19 13:30:00
1684762200,418.6400146484375,420.3900146484375,417.3500061035156,418.7900085449219,401.96856689453125,60745400,2023-05-22 13:30:00
1684848600,417.0799865722656,418.7200012207031,413.67999267578125,414.0899963378906,397.4573669433594,86383500,2023-05-23 13:30:00
1684935000,412.4200134277344,412.82000732421875,409.8800048828125,411.0899963378906,394.5778503417969,89213700,2023-05-24 13:30:00
1685021400,414.739990234375,416.1600036621094,412.4100036621094,414.6499938964844,397.9948425292969,90961600,2023-05-25 13:30:00
1685107800,415.3299865722656,420.7699890136719,415.25,420.0199890136719,403.14910888671875,93830000,2023-05-26 13:30:00
1685453400,422.0299987792969,422.5799865722656,418.739990234375,420.17999267578125,403.302734375,72216000,2023-05-30 13:30:00
1685539800,418.2799987792969,419.2200012207031,416.2200012207031,417.8500061035156,401.0663757324219,110811800,2023-05-31 13:30:00
1685626200,418.0899963378906,422.9200134277344,416.7900085449219,421.82000732421875,404.8768615722656,88865000,2023-06-01 13:30:00
1685712600,424.5,428.739990234375,423.95001220703125,427.9200134277344,410.7318420410156,91426200,2023-06-02 13:30:00
1685971800,428.2799987792969,429.6199951171875,426.3699951171875,427.1000061035156,409.94476318359375,65460200,2023-06-05 13:30:00
1686058200,426.6700134277344,428.5799865722656,425.989990234375,428.0299987792969,410.83734130859375,64022200,2023-06-06 13:30:00
1686144600,428.44000244140625,429.6199951171875,426.1099853515625,426.54998779296875,409.4168701171875,85373300,2023-06-07 13:30:00
1686231000,426.6199951171875,429.6000061035156,425.82000732421875,429.1300048828125,411.89324951171875,61952800,2023-06-08 13:30:00
1686317400,429.9599914550781,431.989990234375,428.8699951171875,429.8999938964844,412.63232421875,85742800,2023-06-09 13:30:00
1686576600,430.9200134277344,433.8800048828125,430.1700134277344,433.79998779296875,416.3756103515625,76104300,2023-06-12 13:30:00
1686663000,435.32000732421875,437.3299865722656,434.6300048828125,436.6600036621094,419.12078857421875,95899700,2023-06-13 13:30:00
1686749400,437.010009765625,439.05999755859375,433.5899963378906,437.17999267578125,419.61981201171875,100612100,2023-06-14 13:30:00
1686835800,436.3299865722656,443.8999938964844,436.2300109863281,442.6000061035156,424.8221740722656,110303100,2023-06-15 13:30:00
1686922200,443.0199890136719,443.6099853515625,438.9700012207031,439.4599914550781,423.3751220703125,114165800,2023-06-16 13:30:00
1687267800,437.45001220703125,438.3699951171875,435.0299987792969,437.17999267578125,421.1785888671875,76160400,2023-06-20 13:30:00
1687354200,436.1600036621094,436.989990234375,434.3299865722656,434.94000244140625,419.02056884765625,76982300,2023-06-21 13:30:00
1687440600,433.95001220703125,436.6199951171875,433.6000061035156,436.510009765625,420.5331726074219,70637200,2023-06-22 13:30:00
1687527000,432.92999267578125,435.05999755859375,432.4700012207031,433.2099914550781,417.3539123535156,92074500,2023-06-23 13:30:00
1687786200,432.6199951171875,434.6099853515625,431.19000244140625,431.44000244140625,415.64874267578125,72823600,2023-06-26 13:30:00
1687872600,432.3500061035156,436.80999755859375,431.8800048828125,436.1700134277344,420.20562744140625,72813700,2023-06-27 13:30:00
1687959000,435.04998779296875,437.44000244140625,434.4100036621094,436.3900146484375,420.4175720214844,75636000,2023-06-28 13:30:00
1688045400,435.9599914550781,438.2799987792969,435.5400085449219,438.1099853515625,422.0745544433594,67882300,2023-06-29 13:30:00
1688131800,441.44000244140625,444.29998779296875,441.1099853515625,443.2799987792969,427.0553283691406,104964000,2023-06-30 13:30:00
1688391000,442.9200134277344,444.0799865722656,442.6300048828125,443.7900085449219,427.5466613769531,32793400,2023-07-03 13:30:00
1688563800,441.9100036621094,443.8900146484375,441.8999938964844,443.1300048828125,426.91082763671875,58418400,2023-07-05 13:30:00
1688650200,439.4200134277344,440.1000061035156,437.05999755859375,439.6600036621094,423.5678405761719,80658300,2023-07-06 13:30:00
1688736600,438.6300048828125,442.6400146484375,438.29998779296875,438.54998779296875,422.49847412109375,86134200,2023-07-07 13:30:00
1688995800,438.17999267578125,439.8399963378906,437.5899963378906,439.6600036621094,423.5678405761719,62443500,2023-07-10 13:30:00
1689082200,440.45001220703125,442.9700012207031,439.44000244140625,442.4599914550781,426.26531982421875,64463800,2023-07-11 13:30:00
1689168600,446.3900146484375,447.4800109863281,444.9100036621094,446.0199890136719,429.695068359375,91924500,2023-07-12 13:30:00
1689255000,447.8999938964844,450.3800048828125,447.45001220703125,449.55999755859375,433.1054382324219,72425200,2023-07-13 13:30:00
1689341400,450.4800109863281,451.3599853515625,448.489990234375,449.2799987792969,432.83575439453125,69815800,2023-07-14 13:30:00
1689600600,449.1300048828125,451.92999267578125,449.0799865722656,450.8399963378906,434.338623046875,52680200,2023-07-17 13:30:00
1689687000,450.5,454.8599853515625,450.04998779296875,454.19000244140625,437.5660095214844,80668200,2023-07-18 13:30:00
1689773400,455.010009765625,456.42999267578125,454.1099853515625,455.20001220703125,438.5390625,65891700,2023-07-19 13:30:00
1689859800,454.1700134277344,455.1000061035156,451.44000244140625,452.17999267578125,435.62957763671875,70591600,2023-07-20 13:30:00
1689946200,453.9599914550781,454.1700134277344,452.1700134277344,452.17999267578125,435.62957763671875,71275600,2023-07-21 13:30:00
1690205400,453.3699951171875,455.0400085449219,452.29998779296875,454.20001220703125,437.57568359375,54023400,2023-07-24 13:30:00
1690291800,453.9200134277344,456.739990234375,453.8699951171875,455.44000244140625,438.770263671875,55191200,2023-07-25 13:30:00
1690378200,454.4700012207031,456.989990234375,453.3800048828125,455.510009765625,438.83770751953125,71052900,2023-07-26 13:30:00
1690464600,459.0199890136719,459.44000244140625,451.54998779296875,452.489990234375,435.92822265625,92194400,2023-07-27 13:30:00
1690551000,455.8800048828125,457.7799987792969,452.489990234375,456.9200134277344,440.1960754394531,80011800,2023-07-28 13:30:00
1690810200,457.4100036621094,458.1600036621094,456.04998779296875,457.7900085449219,441.03424072265625,62040400,2023-07-31 13:30:00
1690896600,456.2699890136719,457.25,455.489990234375,456.4800109863281,439.7721862792969,55291500,2023-08-01 13:30:00
1690983000,453.25,453.5199890136719,449.3500061035156,450.1300048828125,433.6546325683594,93933400,2023-08-02 13:30:00
1691069400,448.0400085449219,450.7900085449219,447.3699951171875,448.8399963378906,432.411865234375,64276100,2023-08-03 13:30:00
1691155800,450.7200012207031,452.8999938964844,446.2699890136719,446.80999755859375,430.4561462402344,100128900,2023-08-04 13:30:00
1691415000,448.7099914550781,450.8699951171875,447.989990234375,450.7099914550781,434.2134094238281,58357500,2023-08-07 13:30:00
1691501400,448.0799865722656,450.70001220703125,445.2699890136719,448.75,432.3251037597656,71361300,2023-08-08 13:30:00
1691587800,449.0299987792969,449.20001220703125,444.9599914550781,445.75,429.4349060058594,78789600,2023-08-09 13:30:00
1691674200,448.19000244140625,451.70001220703125,444.70001220703125,445.9100036621094,429.589111328125,93005500,2023-08-10 13:30:00
1691760600,443.9700012207031,446.70001220703125,443.3500061035156,445.6499938964844,429.33856201171875,68690900,2023-08-11 13:30:00
1692019800,444.70001220703125,448.1099853515625,444.3800048828125,448.1099853515625,431.70855712890625,47867400,2023-08-14 13:30:00
1692106200,446.2699890136719,446.6400146484375,442.29998779296875,442.8900146484375,426.6795654296875,75707500,2023-08-15 13:30:00
1692192600,442.4599914550781,444.17999267578125,439.5299987792969,439.6400146484375,423.548583984375,80107200,2023-08-16 13:30:00
1692279000,441.1600036621094,441.42999267578125,435.75,436.2900085449219,420.3211669921875,95711300,2023-08-17 13:30:00
1692365400,433.3699951171875,437.57000732421875,433.010009765625,436.5,420.5235290527344,98852000,2023-08-18 13:30:00
1692624600,437.54998779296875,440.1099853515625,435.32000732421875,439.3399963378906,423.259521484375,68719000,2023-08-21 13:30:00
1692711000,441.17999267578125,441.17999267578125,437.57000732421875,438.1499938964844,422.11309814453125,64994200,2023-08-22 13:30:00
1692797400,439.25,443.6700134277344,439.1000061035156,443.0299987792969,426.814453125,68441000,2023-08-23 13:30:00
1692883800,444.69000244140625,445.2200012207031,436.8599853515625,436.8900146484375,420.8992004394531,88517300,2023-08-24 13:30:00
1692970200,438.67999267578125,441.29998779296875,435.0,439.9700012207031,423.8664855957031,102325100,2023-08-25 13:30:00
1693229400,442.239990234375,443.3999938964844,439.9700012207031,442.760009765625,426.55438232421875,61595400,2023-08-28 13:30:00
1693315800,442.6499938964844,449.45001220703125,442.4599914550781,449.1600036621094,432.7201232910156,83081900,2023-08-29 13:30:00
1693402200,449.510009765625,451.6700134277344,448.7799987792969,451.010009765625,434.50238037109375,69053900,2023-08-30 13:30:00
1693488600,451.6499938964844,452.8299865722656,450.1600036621094,450.3500061035156,433.8665771484375,66084600,2023-08-31 13:30:00
1693575000,453.1700134277344,453.6700134277344,449.67999267578125,451.19000244140625,434.67578125,58944100,2023-09-01 13:30:00
1693920600,450.7300109863281,451.05999755859375,449.1700134277344,449.239990234375,432.7971496582031,55166200,2023-09-05 13:30:00
1694007000,448.3999938964844,448.510009765625,443.80999755859375,446.2200012207031,429.88775634765625,70758500,2023-09-06 13:30:00
1694093400,443.1099853515625,445.54998779296875,442.75,444.8500061035156,428.5678405761719,70355400,2023-09-07 13:30:00
1694179800,444.8999938964844,447.1099853515625,444.5299987792969,445.5199890136719,429.2133483886719,61659700,2023-09-08 13:30:00
1694439000,448.239990234375,448.7699890136719,446.4700012207031,448.45001220703125,432.03607177734375,60180100,2023-09-11 13:30:00
1694525400,446.95001220703125,448.5299987792969,445.3900146484375,445.989990234375,429.6661071777344,67565400,2023-09-12 13:30:00
1694611800,446.2200012207031,447.7099914550781,445.0799865722656,446.510009765625,430.1671142578125,60199300,2023-09-13 13:30:00
1694698200,449.07000732421875,451.0799865722656,447.7200012207031,450.3599853515625,433.87615966796875,83430800,2023-09-14 13:30:00
1694784600,447.1400146484375,447.4800109863281,442.9200134277344,443.3699951171875,428.64874267578125,111848900,2023-09-15 13:30:00
1695043800,443.04998779296875,444.9700012207031,442.55999755859375,443.6300048828125,428.9001159667969,55752200,2023-09-18 13:30:00
1695130200,442.67999267578125,443.2900085449219,439.94000244140625,442.7099914550781,428.0105895996094,66514600,2023-09-19 13:30:00
1695216600,444.010009765625,444.44000244140625,438.42999267578125,438.6400146484375,424.0757751464844,82562600,2023-09-20 13:30:00
1695303000,435.70001220703125,435.9700012207031,431.2300109863281,431.3900146484375,417.0664978027344,104095800,2023-09-21 13:30:00
1695389400,432.45001220703125,434.1000061035156,429.989990234375,430.4200134277344,416.1286926269531,100829700,2023-09-22 13:30:00
1695648600,429.1700134277344,432.2699890136719,428.7200012207031,432.2300109863281,417.87860107421875,70874500,2023-09-25 13:30:00
1695735000,429.0899963378906,429.82000732421875,425.0199890136719,425.8800048828125,411.73944091796875,96168400,2023-09-26 13:30:00
1695821400,427.0899963378906,427.6700134277344,422.2900085449219,426.04998779296875,411.9037780761719,104705800,2023-09-27 13:30:00
1695907800,425.4800109863281,430.25,424.8699951171875,428.5199890136719,414.29180908203125,92258300,2023-09-28 13:30:00
1695994200,431.6700134277344,431.8500061035156,425.9100036621094,427.4800109863281,413.28631591796875,115111300,2023-09-29 13:30:00
1696253400,426.6199951171875,428.6000061035156,424.4599914550781,427.30999755859375,413.1219482421875,83798600,2023-10-02 13:30:00
1696339800,425.05999755859375,427.3699951171875,420.17999267578125,421.5899963378906,407.59185791015625,103760600,2023-10-03 13:30:00
1696426200,422.07000732421875,425.42999267578125,420.55999755859375,424.6600036621094,410.5599670410156,87453000,2023-10-04 13:30:00
1696512600,424.3599853515625,425.3699951171875,421.1700134277344,424.5,410.4052734375,70142700,2023-10-05 13:30:00
1696599000,421.9700012207031,431.1300048828125,420.6000061035156,429.5400085449219,415.27789306640625,113273300,2023-10-06 13:30:00
1696858200,427.5799865722656,432.8800048828125,427.010009765625,432.2900085449219,417.93670654296875,80374400,2023-10-09 13:30:00
1696944600,432.94000244140625,437.2200012207031,432.5299987792969,434.5400085449219,420.11187744140625,78607300,2023-10-10 13:30:00
1697031000,435.6400146484375,436.5799865722656,433.17999267578125,436.32000732421875,421.8328552246094,62451700,2023-10-11 13:30:00
1697117400,436.95001220703125,437.3399963378906,431.2300109863281,433.6600036621094,419.2611389160156,81154200,2023-10-12 13:30:00
1697203800,435.2099914550781,436.45001220703125,429.8800048828125,431.5,417.1728515625,95143100,2023-10-13 13:30:00
1697463000,433.82000732421875,437.1400146484375,433.57000732421875,436.0400085449219,421.56207275390625,75433200,2023-10-16 13:30:00
1697549400,432.80999755859375,438.1400146484375,432.45001220703125,436.0199890136719,421.542724609375,75324700,2023-10-17 13:30:00
1697635800,434.19000244140625,435.17999267578125,429.0899963378906,430.2099914550781,415.9256286621094,93559800,2023-10-18 13:30:00
1697722200,430.95001220703125,432.82000732421875,425.7300109863281,426.42999267578125,412.27117919921875,121323000,2023-10-19 13:30:00
1697808600,425.9800109863281,426.5400085449219,421.0799865722656,421.19000244140625,407.2051696777344,123919900,2023-10-20 13:30:00
1698067800,419.6099853515625,424.45001220703125,417.79998779296875,420.4599914550781,406.4993591308594,92035100,2023-10-23 13:30:00
1698154200,422.6499938964844,424.82000732421875,420.739990234375,423.6300048828125,409.56414794921875,78564200,2023-10-24 13:30:00
1698240600,421.8900146484375,421.9200134277344,417.0199890136719,417.54998779296875,403.68603515625,94223200,2023-10-25 13:30:00
1698327000,416.45001220703125,417.3299865722656,411.6000061035156,412.54998779296875,398.85205078125,115156800,2023-10-26 13:30:00
1698413400,414.19000244140625,414.6000061035156,409.2099914550781,410.67999267578125,397.0440673828125,107367700,2023-10-27 13:30:00
1698672600,413.55999755859375,416.67999267578125,412.2200012207031,415.5899963378906,401.7911376953125,86562700,2023-10-30 13:30:00
1698759000,416.17999267578125,418.5299987792969,414.2099914550781,418.20001220703125,404.314453125,79665200,2023-10-31 13:30:00
1698845400,419.20001220703125,423.5,418.6499938964844,422.6600036621094,408.62640380859375,98068100,2023-11-01 13:30:00
1698931800,426.5799865722656,430.9200134277344,426.55999755859375,430.760009765625,416.4574279785156,94938900,2023-11-02 13:30:00
1699018200,433.1400146484375,436.2900085449219,433.010009765625,434.69000244140625,420.2569274902344,100167800,2023-11-03 13:30:00
1699281000,435.4700012207031,436.1499938964844,433.67999267578125,435.69000244140625,421.2237243652344,67831700,2023-11-06 14:30:00
1699367400,435.69000244140625,437.5899963378906,434.510009765625,436.92999267578125,422.4225158691406,64256100,2023-11-07 14:30:00
1699453800,437.54998779296875,438.0899963378906,434.8699951171875,437.25,422.7319641113281,61746000,2023-11-08 14:30:00
1699540200,438.42999267578125,438.4700012207031,433.3999938964844,433.8399963378906,419.43511962890625,83174400,2023-11-09 14:30:00
1699626600,435.9800109863281,440.92999267578125,433.8299865722656,440.6099853515625,425.9803466796875,89462200,2023-11-10 14:30:00
1699885800,439.2300109863281,441.3299865722656,438.4200134277344,440.19000244140625,425.5743713378906,52236100,2023-11-13 14:30:00
1699972200,446.32000732421875,450.05999755859375,446.0899963378906,448.7300109863281,433.83074951171875,97176900,2023-11-14 14:30:00
1700058600,450.1099853515625,451.3800048828125,448.79998779296875,449.67999267578125,434.7491760253906,77327600,2023-11-15 14:30:00
1700145000,449.2200012207031,450.55999755859375,448.1199951171875,450.2300109863281,435.2809143066406,66665800,2023-11-16 14:30:00
1700231400,450.239990234375,451.4200134277344,449.2900085449219,450.7900085449219,435.82232666015625,83133200,2023-11-17 14:30:00
1700490600,450.5299987792969,455.1300048828125,450.5199890136719,454.260009765625,439.1771545410156,69936200,2023-11-20 14:30:00
1700577000,453.17999267578125,454.1300048828125,451.9599914550781,453.2699890136719,438.22003173828125,49244600,2023-11-21 14:30:00
1700663400,454.9800109863281,456.3800048828125,453.8900146484375,455.0199890136719,439.911865234375,59394900,2023-11-22 14:30:00
1700836200,455.07000732421875,455.5,454.7300109863281,455.29998779296875,440.1825866699219,29737400,2023-11-24 14:30:00
1701095400,454.6499938964844,455.489990234375,454.0799865722656,454.4800109863281,439.38983154296875,50506000,2023-11-27 14:30:00
1701181800,454.0799865722656,456.2699890136719,453.5,454.92999267578125,439.82489013671875,62115000,2023-11-28 14:30:00
1701268200,457.1499938964844,458.32000732421875,454.20001220703125,454.6099853515625,439.5155029296875,63146000,2023-11-29 14:30:00
1701354600,455.4800109863281,456.760009765625,453.3399963378906,456.3999938964844,441.2460632324219,79752700,2023-11-30 14:30:00
1701441000,455.7699890136719,459.6499938964844,455.1600036621094,459.1000061035156,443.8564147949219,89183400,2023-12-01 14:30:00
1701700200,455.6000061035156,459.1199951171875,454.3399963378906,456.69000244140625,441.5264587402344,72430900,2023-12-04 14:30:00
1701786600,455.260009765625,457.5899963378906,454.8699951171875,456.6000061035156,441.43939208984375,69793500,2023-12-05 14:30:00
1701873000,458.80999755859375,458.8399963378906,454.30999755859375,454.760009765625,439.66058349609375,69124700,2023-12-06 14:30:00
1701959400,456.9100036621094,458.8999938964844,456.2900085449219,458.2300109863281,443.01531982421875,66995400,2023-12-07 14:30:00
1702045800,457.4599914550781,460.75,457.2099914550781,460.20001220703125,444.919921875,83194400,2023-12-08 14:30:00
1702305000,459.69000244140625,462.1700134277344,459.4700012207031,461.989990234375,446.65045166015625,65002200,2023-12-11 14:30:00
1702391400,461.6300048828125,464.20001220703125,460.6000061035156,464.1000061035156,448.6903991699219,68327600,2023-12-12 14:30:00
1702477800,464.489990234375,470.760009765625,464.1199951171875,470.5,454.8779602050781,93278000,2023-12-13 14:30:00
1702564200,472.5,473.7300109863281,469.25,472.010009765625,456.3377990722656,119026000,2023-12-14 14:30:00
1702650600,469.489990234375,470.70001220703125,467.42999267578125,469.3299865722656,455.58642578125,141553700,2023-12-15 14:30:00
1702909800,470.9800109863281,472.9800109863281,469.8900146484375,471.9700012207031,458.149169921875,70375300,2023-12-18 14:30:00
1702996200,472.5299987792969,474.9200134277344,472.45001220703125,474.8399963378906,460.9351501464844,55761800,2023-12-19 14:30:00
1703082600,473.9599914550781,475.8999938964844,467.82000732421875,468.260009765625,454.5477294921875,102921000,2023-12-20 14:30:00
1703169000,471.3299865722656,472.9800109863281,468.8399963378906,472.70001220703125,458.85772705078125,86667500,2023-12-21 14:30:00
1703255400,473.8599853515625,475.3800048828125,471.70001220703125,473.6499938964844,459.7799377441406,67160400,2023-12-22 14:30:00
1703601000,474.07000732421875,476.5799865722656,473.989990234375,475.6499938964844,461.72137451171875,55387000,2023-12-26 14:30:00
1703687400,475.44000244140625,476.6600036621094,474.8900146484375,476.510009765625,462.55621337890625,68000300,2023-12-27 14:30:00
1703773800,476.8800048828125,477.54998779296875,476.260009765625,476.69000244140625,462.73095703125,77158100,2023-12-28 14:30:00
1703860200,476.489990234375,477.0299987792969,473.29998779296875,475.30999755859375,461.3913269042969,122283100,2023-12-29 14:30:00
1704205800,472.1600036621094,473.6700134277344,470.489990234375,472.6499938964844,458.8092041015625,123623700,2024-01-02 14:30:00
1704292200,470.42999267578125,471.19000244140625,468.1700134277344,468.7900085449219,455.06231689453125,103585900,2024-01-03 14:30:00
1704378600,468.29998779296875,470.9599914550781,467.04998779296875,467.2799987792969,453.596435546875,84232200,2024-01-04 14:30:00
1704465000,467.489990234375,470.44000244140625,466.42999267578125,467.9200134277344,454.2177429199219,86118900,2024-01-05 14:30:00
1704724200,468.42999267578125,474.75,468.29998779296875,474.6000061035156,460.7020568847656,74879100,2024-01-08 14:30:00
1704810600,471.8699951171875,474.92999267578125,471.3500061035156,473.8800048828125,460.0032043457031,65931400,2024-01-09 14:30:00
1704897000,474.1600036621094,477.45001220703125,473.8699951171875,476.55999755859375,462.604736328125,67310600,2024-01-10 14:30:00
1704983400,477.5899963378906,478.1199951171875,472.260009765625,476.3500061035156,462.4008483886719,77940700,2024-01-11 14:30:00
1705069800,477.8399963378906,478.6000061035156,475.2300109863281,476.67999267578125,462.72125244140625,58026400,2024-01-12 14:30:00
1705415400,475.260009765625,476.6099853515625,473.05999755859375,474.92999267578125,461.0224609375,85014900,2024-01-16 14:30:00
1705501800,471.82000732421875,472.7900085449219,469.8699951171875,472.2900085449219,458.4598083496094,68843900,2024-01-17 14:30:00
1705588200,474.010009765625,477.05999755859375,472.4200134277344,476.489990234375,462.5367736816406,91856200,2024-01-18 14:30:00
1705674600,477.6499938964844,482.7200012207031,476.5400085449219,482.42999267578125,468.30279541015625,110834500,2024-01-19 14:30:00
1705933800,484.010009765625,485.2200012207031,482.7799987792969,483.45001220703125,469.29296875,75844900,2024-01-22 14:30:00
1706020200,484.010009765625,485.1099853515625,482.8900146484375,484.8599853515625,470.6617126464844,49945300,2024-01-23 14:30:00
1706106600,487.80999755859375,488.7699890136719,484.8800048828125,485.3900146484375,471.1761474609375,81765000,2024-01-24 14:30:00
1706193000,487.5799865722656,488.30999755859375,485.3900146484375,488.0299987792969,473.7388610839844,72525000,2024-01-25 14:30:00
1706279400,487.5899963378906,489.1199951171875,486.5400085449219,487.4100036621094,473.1369934082031,76641600,2024-01-26 14:30:00
1706538600,487.7300109863281,491.4200134277344,487.1700134277344,491.2699890136719,476.8840026855469,61322800,2024-01-29 14:30:00
1706625000,490.55999755859375,491.6199951171875,490.1099853515625,490.8900146484375,476.51507568359375,58618400,2024-01-30 14:30:00
1706711400,488.6199951171875,489.0799865722656,482.8599853515625,482.8800048828125,468.7396545410156,126011100,2024-01-31 14:30:00
1706797800,484.6300048828125,489.2300109863281,483.79998779296875,489.20001220703125,474.8746337890625,91891600,2024-02-01 14:30:00
1706884200,489.6499938964844,496.04998779296875,489.29998779296875,494.3500061035156,479.873779296875,99228200,2024-02-02 14:30:00
1707143400,493.70001220703125,494.3800048828125,490.2300109863281,492.54998779296875,478.12646484375,75757100,2024-02-05 14:30:00
1707229800,493.5199890136719,494.32000732421875,492.04998779296875,493.9800109863281,479.51458740234375,55918600,2024-02-06 14:30:00
1707316200,496.2900085449219,498.5299987792969,495.3599853515625,498.1000061035156,483.5140075683594,70556500,2024-02-07 14:30:00
1707402600,498.1000061035156,498.7099914550781,497.260009765625,498.32000732421875,483.7275390625,52343600,2024-02-08 14:30:00
1707489000,498.8399963378906,501.6499938964844,498.489990234375,501.20001220703125,486.523193359375,63979400,2024-02-09 14:30:00
1707748200,501.1700134277344,503.5,500.239990234375,500.9800109863281,486.30963134765625,56502300,2024-02-12 14:30:00
1707834600,494.5299987792969,497.0899963378906,490.7200012207031,494.0799865722656,479.61163330078125,113099200,2024-02-13 14:30:00
1707921000,496.7900085449219,499.07000732421875,494.3999938964844,498.57000732421875,483.97015380859375,68387800,2024-02-14 14:30:00
1708007400,499.2900085449219,502.20001220703125,498.79998779296875,502.010009765625,487.3094482421875,61683000,2024-02-15 14:30:00
1708093800,501.70001220703125,502.8699951171875,498.75,499.510009765625,484.88275146484375,75532900,2024-02-16 14:30:00
1708439400,497.7200012207031,498.4100036621094,494.45001220703125,496.760009765625,482.21319580078125,71736700,2024-02-20 14:30:00
1708525800,495.4200134277344,497.3699951171875,493.55999755859375,497.2099914550781,482.64996337890625,59293400,2024-02-21 14:30:00
1708612200,504.010009765625,508.489990234375,503.0199890136719,507.5,492.6387023925781,76402500,2024-02-22 14:30:00
1708698600,509.2699890136719,510.1300048828125,507.1000061035156,507.8500061035156,492.9784240722656,61321800,2024-02-23 14:30:00
1708957800,508.29998779296875,508.75,505.8599853515625,505.989990234375,491.17291259765625,50386700,2024-02-26 14:30:00
1709044200,506.70001220703125,507.1600036621094,504.75,506.92999267578125,492.0854187011719,48854500,2024-02-27 14:30:00
1709130600,505.3299865722656,506.8599853515625,504.9599914550781,506.260009765625,491.43499755859375,56506600,2024-02-28 14:30:00
1709217000,508.07000732421875,509.739990234375,505.3500061035156,508.0799865722656,493.20172119140625,83924800,2024-02-29 14:30:00
1709303400,508.9800109863281,513.2899780273438,508.55999755859375,512.8499755859375,497.83197021484375,76844800,2024-03-01 14:30:00
1709562600,512.030029296875,514.2000122070312,512.0,512.2999877929688,497.2981262207031,49799300,2024-03-04 14:30:00
1709649000,510.239990234375,510.70001220703125,504.9100036621094,507.17999267578125,492.32806396484375,72855600,2024-03-05 14:30:00
1709735400,510.54998779296875,512.0700073242188,508.4200134277344,509.75,494.8227844238281,68382400,2024-03-06 14:30:00
1709821800,513.1400146484375,515.8900146484375,509.80999755859375,514.8099975585938,499.7345886230469,58652100,2024-03-07 14:30:00
1709908200,515.4600219726562,518.219970703125,511.1300048828125,511.7200012207031,496.735107421875,86532500,2024-03-08 14:30:00
1710163800,510.4800109863281,511.8800048828125,508.5,511.2799987792969,496.3080139160156,62557200,2024-03-11 13:30:00
1710250200,513.4500122070312,517.3800048828125,510.8599853515625,516.780029296875,501.64697265625,73114400,2024-03-12 13:30:00
1710336600,517.1099853515625,517.2899780273438,514.489990234375,515.969970703125,500.860595703125,55104100,2024-03-13 13:30:00
1710423000,516.969970703125,517.1300048828125,511.82000732421875,514.9500122070312,499.8705139160156,110171800,2024-03-14 13:30:00
1710509400,510.2099914550781,511.70001220703125,508.1199951171875,509.8299865722656,496.4380798339844,107646300,2024-03-15 13:30:00
1710768600,514.0,515.47998046875,512.4400024414062,512.8599853515625,499.3885192871094,88893300,2024-03-18 13:30:00
1710855000,512.1500244140625,516.0,511.1199951171875,515.7100219726562,502.1636657714844,60755300,2024-03-19 13:30:00
1710941400,515.77001953125,520.6199951171875,515.0800170898438,520.47998046875,506.8083801269531,69594600,2024-03-20 13:30:00
1711027800,523.3900146484375,524.1099853515625,521.9099731445312,522.2000122070312,508.4831237792969,60256100,2024-03-21 13:30:00
1711114200,522.1099853515625,522.6099853515625,520.969970703125,521.2100219726562,507.5191345214844,79070800,2024-03-22 13:30:00
1711373400,519.7999877929688,520.9500122070312,519.6099853515625,519.77001953125,506.11712646484375,48512100,2024-03-25 13:30:00
1711459800,521.22998046875,521.5800170898438,518.4000244140625,518.8099975585938,505.1822204589844,65463700,2024-03-26 13:30:00
1711546200,521.7100219726562,523.2100219726562,519.489990234375,523.1699829101562,509.4277648925781,82999800,2024-03-27 13:30:00
1711632600,523.2100219726562,524.6099853515625,522.780029296875,523.0700073242188,509.330322265625,96294900,2024-03-28 13:30:00
1711978200,523.8300170898438,524.3800048828125,520.969970703125,522.1599731445312,508.4441833496094,62477500,2024-04-01 13:30:00
1712064600,518.239990234375,518.97998046875,516.47998046875,518.8400268554688,505.2115173339844,74230300,2024-04-02 13:30:00
1712151000,517.719970703125,520.9500122070312,517.6699829101562,519.4099731445312,505.7664794921875,59155800,2024-04-03 13:30:00
1712237400,523.52001953125,523.8699951171875,512.760009765625,513.0700073242188,499.593017578125,96858100,2024-04-04 13:30:00
1712323800,514.4600219726562,520.4400024414062,514.010009765625,518.4299926757812,504.8121643066406,74546500,2024-04-05 13:30:00
1712583000,519.1500244140625,520.1799926757812,517.8900146484375,518.719970703125,505.0945739746094,48401800,2024-04-08 13:30:00
1712669400,520.5,520.75,514.3499755859375,519.3200073242188,505.67889404296875,68049200,2024-04-09 13:30:00
1712755800,513.47998046875,516.1599731445312,512.0900268554688,514.1199951171875,500.6153869628906,82652800,2024-04-10 13:30:00
1712842200,515.6799926757812,519.47998046875,512.0800170898438,518.0,504.3935241699219,70099000,2024-04-11 13:30:00
1712928600,514.3699951171875,515.8200073242188,509.0799865722656,510.8500061035156,497.4313659667969,92561100,2024-04-12 13:30:00
1713187800,515.1300048828125,515.2999877929688,503.5799865722656,504.45001220703125,491.1994934082031,92101400,2024-04-15 13:30:00
1713274200,504.94000244140625,506.5,502.2099914550781,503.5299987792969,490.3035888671875,73484000,2024-04-16 13:30:00
1713360600,506.04998779296875,506.2200012207031,499.1199951171875,500.54998779296875,487.4018859863281,75910300,2024-04-17 13:30:00
1713447000,501.9800109863281,504.1300048828125,498.55999755859375,499.5199890136719,486.39898681640625,74548100,2024-04-18 13:30:00
1713533400,499.44000244140625,500.4599914550781,493.8599853515625,495.1600036621094,482.1535339355469,102212600,2024-04-19 13:30:00
1713792600,497.8299865722656,502.3800048828125,495.42999267578125,499.7200012207031,486.59375,67961000,2024-04-22 13:30:00
1713879000,501.7799987792969,506.0899963378906,499.5299987792969,505.6499938964844,492.3679504394531,64633600,2024-04-23 13:30:00
1713965400,506.55999755859375,507.3699951171875,503.1300048828125,505.4100036621094,492.1342468261719,55928100,2024-04-24 13:30:00
1714051800,499.17999267578125,504.2699890136719,497.489990234375,503.489990234375,490.2646484375,69122400,2024-04-25 13:30:00
1714138200,506.3500061035156,509.8800048828125,505.70001220703125,508.260009765625,494.9093933105469,64306100,2024-04-26 13:30:00
1714397400,510.0899963378906,510.75,507.25,510.05999755859375,496.662109375,46415400,2024-04-29 13:30:00
1714483800,508.55999755859375,509.55999755859375,501.9800109863281,501.9800109863281,488.7943420410156,77483600,2024-04-30 13:30:00
1714570200,501.3800048828125,508.19000244140625,499.8699951171875,500.3500061035156,487.2071533203125,80242800,2024-05-01 13:30:00
1714656600,504.1499938964844,505.8900146484375,499.54998779296875,505.0299987792969,491.76422119140625,62550200,2024-05-02 13:30:00
1714743000,511.1600036621094,512.5499877929688,508.55999755859375,511.2900085449219,497.85980224609375,72756700,2024-05-03 13:30:00
1715002200,513.75,516.6099853515625,513.2999877929688,516.5700073242188,503.0010681152344,47264700,2024-05-06 13:30:00
1715088600,517.5599975585938,518.5700073242188,516.4500122070312,517.1400146484375,503.5561218261719,52561300,2024-05-07 13:30:00
1715175000,515.260009765625,517.739990234375,515.1400146484375,517.1900024414062,503.6047668457031,42047200,2024-05-08 13:30:00
1715261400,517.3800048828125,520.2100219726562,516.7100219726562,520.1699829101562,506.50653076171875,43643700,2024-05-09 13:30:00
1715347800,521.8099975585938,522.6400146484375,519.5900268554688,520.8400268554688,507.1589660644531,52233200,2024-05-10 13:30:00
1715607000,522.5599975585938,522.6699829101562,519.739990234375,520.9099731445312,507.22711181640625,36716400,2024-05-13 13:30:00
1715693400,521.1099853515625,523.8300170898438,520.5599975585938,523.2999877929688,509.5543212890625,57535900,2024-05-14 13:30:00
1715779800,525.8300170898438,530.0800170898438,525.1799926757812,529.780029296875,515.8641357421875,59504900,2024-05-15 13:30:00
1715866200,529.8800048828125,531.52001953125,528.5399780273438,528.6900024414062,514.802734375,50244800,2024-05-16 13:30:00
1715952600,528.8099975585938,529.52001953125,527.3200073242188,529.4500122070312,515.5427856445312,59187600,2024-05-17 13:30:00
1716211800,529.5700073242188,531.5599975585938,529.1699829101562,530.0599975585938,516.1366577148438,37764200,2024-05-20 13:30:00
1716298200,529.280029296875,531.52001953125,529.0700073242188,531.3599853515625,517.4026489257812,33437000,2024-05-21 13:30:00
1716384600,530.6500244140625,531.3800048828125,527.5999755859375,529.8300170898438,515.912841796875,48390000,2024-05-22 13:30:00
1716471000,532.9600219726562,533.0700073242188,524.719970703125,525.9600219726562,512.1444702148438,57211200,2024-05-23 13:30:00
1716557400,527.8499755859375,530.27001953125,526.8800048828125,529.4400024414062,515.5330200195312,41291100,2024-05-24 13:30:00
1716903000,530.27001953125,530.510009765625,527.1099853515625,529.8099975585938,515.8933715820312,36269600,2024-05-28 13:30:00
1716989400,525.6799926757812,527.3099975585938,525.3699951171875,526.0999755859375,512.2807006835938,45190300,2024-05-29 13:30:00
1717075800,524.52001953125,525.2000122070312,521.3300170898438,522.6099853515625,508.8824462890625,46377600,2024-05-30 13:30:00
1717162200,523.5900268554688,527.5,518.3599853515625,527.3699951171875,513.5174560546875,90785800,2024-05-31 13:30:00
1717421400,529.02001953125,529.3099975585938,522.5999755859375,527.7999877929688,513.93603515625,46835700,2024-06-03 13:30:00
1717507800,526.4600219726562,529.1500244140625,524.9600219726562,528.3900146484375,514.5106201171875,34632700,2024-06-04 13:30:00
1717594200,530.77001953125,534.6900024414062,528.72998046875,534.6699829101562,520.6256103515625,47610400,2024-06-05 13:30:00
1717680600,534.97998046875,535.4199829101562,532.6799926757812,534.6599731445312,520.6159057617188,30808500,2024-06-06 13:30:00
1717767000,533.6599731445312,536.8900146484375,532.5399780273438,534.010009765625,519.9829711914062,43224500,2024-06-07 13:30:00
1718026200,533.1799926757812,535.989990234375,532.5700073242188,535.6599731445312,521.589599609375,35686100,2024-06-10 13:30:00
1718112600,534.0700073242188,537.010009765625,532.0499877929688,536.9500122070312,522.845703125,36383400,2024-06-11 13:30:00
1718199000,541.6300048828125,544.1199951171875,540.2999877929688,541.3599853515625,527.139892578125,63251300,2024-06-12 13:30:00
1718285400,543.1500244140625,543.3300170898438,539.5900268554688,542.4500122070312,528.2012939453125,44760900,2024-06-13 13:30:00
1718371800,540.8800048828125,542.8099975585938,539.8499755859375,542.780029296875,528.5226440429688,40089900,2024-06-14 13:30:00
1718631000,542.0800170898438,548.530029296875,541.6099853515625,547.0999755859375,532.7291259765625,55839500,2024-06-17 13:30:00
1718717400,547.1599731445312,548.6199951171875,546.72998046875,548.489990234375,534.0826416015625,41376400,2024-06-18 13:30:00
1718890200,549.4400024414062,550.1199951171875,545.1799926757812,547.0,532.6317749023438,70328200,2024-06-20 13:30:00
1718976600,544.4000244140625,545.6500244140625,543.02001953125,544.510009765625,531.9176635742188,64338600,2024-06-21 13:30:00
1719235800,544.3300170898438,546.9500122070312,542.6199951171875,542.739990234375,530.1886596679688,45528700,2024-06-24 13:30:00
1719322200,543.989990234375,545.2000122070312,542.4400024414062,544.8300170898438,532.2303466796875,37936200,2024-06-25 13:30:00
1719408600,543.6900024414062,546.239990234375,543.030029296875,545.510009765625,532.89453125,38550600,2024-06-26 13:30:00
1719495000,545.3699951171875,546.9600219726562,544.6099853515625,546.3699951171875,533.7347412109375,35041500,2024-06-27 13:30:00
1719581400,547.1599731445312,550.280029296875,542.9500122070312,544.219970703125,531.6343994140625,76144500,2024-06-28 13:30:00
1719840600,545.6300048828125,545.8800048828125,542.52001953125,545.3400268554688,532.728515625,40297800,2024-07-01 13:30:00
1719927000,543.7000122070312,549.010009765625,543.6500244140625,549.010009765625,536.3136596679688,40434800,2024-07-02 13:30:00
1720013400,548.6900024414062,551.8300170898438,548.6500244140625,551.4600219726562,538.70703125,32789900,2024-07-03 13:30:00
1720186200,551.77001953125,555.0499877929688,551.1199951171875,554.6400146484375,541.8134765625,41488400,2024-07-05 13:30:00
1720445400,555.4400024414062,556.25,554.1900024414062,555.280029296875,542.4385986328125,36110500,2024-07-08 13:30:00
1720531800,556.260009765625,557.1799926757812,555.52001953125,555.8200073242188,542.9661254882812,27289700,2024-07-09 13:30:00
1720618200,557.0700073242188,561.6699829101562,556.77001953125,561.3200073242188,548.3388671875,38701200,2024-07-10 13:30:00
1720704600,561.4400024414062,562.3300170898438,555.8300170898438,556.47998046875,543.6109008789062,53054200,2024-07-11 13:30:00
1720791000,557.6300048828125,563.6699829101562,557.1500244140625,559.989990234375,547.0397338867188,53084400,2024-07-12 13:30:00
1721050200,562.030029296875,564.8400268554688,559.6300048828125,561.530029296875,548.5440673828125,40584300,2024-07-15 13:30:00
1721136600,562.8699951171875,565.1599731445312,562.0999755859375,564.8599853515625,551.7969360351562,36475300,2024-07-16 13:30:00
1721223000,558.7999877929688,560.510009765625,556.6099853515625,556.9400024414062,544.0602416992188,57119000,2024-07-17 13:30:00
1721309400,558.510009765625,559.52001953125,550.4299926757812,552.6599731445312,539.879150390625,56270400,2024-07-18 13:30:00
1721395800,552.4199829101562,554.0800170898438,547.9099731445312,548.989990234375,536.2940673828125,65509100,2024-07-19 13:30:00
1721655000,553.0,555.27001953125,551.02001953125,554.6500244140625,541.8232421875,43346700,2024-07-22 13:30:00
1721741400,554.5399780273438,556.739990234375,553.280029296875,553.780029296875,540.9733276367188,34439600,2024-07-23 13:30:00
1721827800,548.8599853515625,549.1699829101562,540.2899780273438,541.22998046875,528.7135620117188,74515300,2024-07-24 13:30:00
1721914200,541.3499755859375,547.4600219726562,537.4500122070312,538.4099731445312,525.9586791992188,61158300,2024-07-25 13:30:00
1722000600,542.280029296875,547.1900024414062,541.489990234375,544.4400024414062,531.8492431640625,53763800,2024-07-26 13:30:00
1722259800,546.02001953125,547.0499877929688,542.719970703125,544.760009765625,532.161865234375,39515800,2024-07-29 13:30:00
1722346200,546.260009765625,547.3400268554688,538.52001953125,542.0,529.4658203125,46853600,2024-07-30 13:30:00
1722432600,548.97998046875,553.5,547.5800170898438,550.8099975585938,538.072021484375,65663400,2024-07-31 13:30:00
1722519000,552.5700073242188,554.8699951171875,539.4299926757812,543.010009765625,530.4524536132812,76428700,2024-08-01 13:30:00
1722605400,535.75,536.989990234375,528.5999755859375,532.9000244140625,520.5762329101562,82789100,2024-08-02 13:30:00
1722864600,511.6400146484375,523.5800170898438,510.2699890136719,517.3800048828125,505.4151306152344,146267400,2024-08-05 13:30:00
1722951000,519.219970703125,529.75,517.8699951171875,522.1500244140625,510.0748596191406,84826300,2024-08-06 13:30:00
1723037400,528.469970703125,531.5900268554688,518.0499877929688,518.6599731445312,506.66546630859375,70698300,2024-08-07 13:30:00
1723123800,523.9099731445312,531.2899780273438,521.8400268554688,530.6500244140625,518.3782348632812,63276600,2024-08-08 13:30:00
1723210200,529.8099975585938,534.510009765625,528.5599975585938,532.989990234375,520.6640625,45619600,2024-08-09 13:30:00
1723469400,534.2100219726562,535.72998046875,530.9500122070312,533.27001953125,520.9376831054688,42542100,2024-08-12 13:30:00
1723555800,536.530029296875,542.280029296875,536.280029296875,542.0399780273438,529.5048828125,52333100,2024-08-13 13:30:00
1723642200,542.8499755859375,544.9600219726562,540.1199951171875,543.75,531.17529296875,42446900,2024-08-14 13:30:00
1723728600,549.5,553.3599853515625,548.8800048828125,553.0700073242188,540.2797241210938,60846800,2024-08-15 13:30:00
1723815000,551.4199829101562,555.02001953125,551.260009765625,554.3099975585938,541.4910278320312,44430700,2024-08-16 13:30:00
1724074200,554.72998046875,559.6099853515625,553.8599853515625,559.6099853515625,546.66845703125,39121800,2024-08-19 13:30:00
1724160600,559.1500244140625,560.8400268554688,557.3300170898438,558.7000122070312,545.779541015625,33732300,2024-08-20 13:30:00
1724247000,559.77001953125,562.1099853515625,554.72998046875,560.6199951171875,547.6551513671875,41514600,2024-08-21 13:30:00
1724333400,562.5599975585938,563.1799926757812,554.97998046875,556.219970703125,543.3568725585938,56121500,2024-08-22 13:30:00
1724419800,559.530029296875,563.0900268554688,557.2899780273438,562.1300048828125,549.1302490234375,50639400,2024-08-23 13:30:00
1724679000,563.1799926757812,563.9099731445312,559.0499877929688,560.7899780273438,547.8212280273438,35788600,2024-08-26 13:30:00
1724765400,559.489990234375,562.0599975585938,558.3200073242188,561.5599975585938,548.5734252929688,32693900,2024-08-27 13:30:00
1724851800,561.2100219726562,561.6500244140625,555.0399780273438,558.2999877929688,545.3887939453125,41066000,2024-08-28 13:30:00
1724938200,560.3099975585938,563.6799926757812,557.1799926757812,558.3499755859375,545.4376220703125,38715200,2024-08-29 13:30:00
1725024600,560.77001953125,564.2000122070312,557.1400146484375,563.6799926757812,550.6443481445312,62700100,2024-08-30 13:30:00
1725370200,560.469970703125,560.8099975585938,549.510009765625,552.0800170898438,539.3126831054688,60600100,2024-09-03 13:30:00
1725456600,550.2000122070312,554.4299926757812,549.4600219726562,550.9500122070312,538.208740234375,47224900,2024-09-04 13:30:00
1725543000,550.8900146484375,553.7999877929688,547.0999755859375,549.6099853515625,536.8997802734375,44264300,2024-09-05 13:30:00
1725629400,549.9400024414062,551.5999755859375,539.4400024414062,540.3599853515625,527.8636474609375,68493800,2024-09-06 13:30:00
1725888600,544.6500244140625,547.7100219726562,542.6799926757812,546.4099731445312,533.7737426757812,40445800,2024-09-09 13:30:00
1725975000,548.3599853515625,549.1500244140625,543.3800048828125,548.7899780273438,536.0986938476562,36394600,2024-09-10 13:30:00
1726061400,548.7000122070312,555.3599853515625,539.9600219726562,554.4199829101562,541.5985107421875,75248600,2024-09-11 13:30:00
1726147800,555.010009765625,559.4000244140625,552.739990234375,559.0900268554688,546.1605224609375,51819600,2024-09-12 13:30:00
1726234200,559.7100219726562,563.030029296875,559.4500122070312,562.010009765625,549.0130004882812,39310500,2024-09-13 13:30:00
1726493400,561.739990234375,563.1099853515625,559.9000244140625,562.8400268554688,549.8237915039062,36656100,2024-09-16 13:30:00
1726579800,565.0999755859375,566.5800170898438,560.7899780273438,563.0700073242188,550.0485229492188,49321000,2024-09-17 13:30:00
1726666200,563.739990234375,568.6900024414062,560.8300170898438,561.4000244140625,548.4171752929688,59044900,2024-09-18 13:30:00
1726752600,571.010009765625,572.8800048828125,568.0800170898438,570.97998046875,557.7755126953125,75315500,2024-09-19 13:30:00
1726839000,567.8400268554688,569.3099975585938,565.1699829101562,568.25,556.8113403320312,77503100,2024-09-20 13:30:00
1727098200,569.3400268554688,570.3300170898438,568.0999755859375,569.6699829101562,558.2027587890625,44116900,2024-09-23 13:30:00
1727184600,570.47998046875,571.3599853515625,567.5999755859375,571.2999877929688,559.7999267578125,46805700,2024-09-24 13:30:00
1727271000,571.1400146484375,571.8900146484375,568.9099731445312,570.0399780273438,558.565185546875,38428600,2024-09-25 13:30:00
1727357400,574.3800048828125,574.7100219726562,569.9000244140625,572.2999877929688,560.77978515625,48336000,2024-09-26 13:30:00
1727443800,573.3900146484375,574.219970703125,570.4199829101562,571.469970703125,559.9664916992188,42100900,2024-09-27 13:30:00
1727703000,570.4199829101562,574.3800048828125,568.0800170898438,573.760009765625,562.21044921875,63557400,2024-09-30 13:30:00
1727789400,573.4000244140625,574.0599975585938,566.0,568.6199951171875,557.173828125,72668800,2024-10-01 13:30:00
1727875800,567.7100219726562,569.9000244140625,565.27001953125,568.8599853515625,557.4090576171875,38097800,2024-10-02 13:30:00
1727962200,567.3599853515625,569.7999877929688,565.489990234375,567.8200073242188,556.3899536132812,40846500,2024-10-03 13:30:00
1728048600,572.3499755859375,573.3599853515625,568.0999755859375,572.97998046875,561.4461059570312,42939100,2024-10-04 13:30:00
1728307800,571.2999877929688,571.9600219726562,566.6300048828125,567.7999877929688,556.370361328125,49964700,2024-10-07 13:30:00
1728394200,570.4199829101562,573.780029296875,569.530029296875,573.1699829101562,561.63232421875,37398700,2024-10-08 13:30:00
1728480600,573.1599731445312,577.7100219726562,572.5499877929688,577.1400146484375,565.5224609375,37912200,2024-10-09 13:30:00
1728567000,575.77001953125,577.5800170898438,574.489990234375,576.1300048828125,564.5327758789062,44138100,2024-10-10 13:30:00
1728653400,576.0499877929688,580.3300170898438,575.9099731445312,579.5800170898438,567.9132690429688,42268000,2024-10-11 13:30:00
1728912600,581.219970703125,585.27001953125,580.72998046875,584.3200073242188,572.5579223632812,36217200,2024-10-14 13:30:00
1728999000,584.5900268554688,584.9000244140625,578.5399780273438,579.780029296875,568.1092529296875,54203600,2024-10-15 13:30:00
1729085400,579.780029296875,582.8300170898438,578.9600219726562,582.2999877929688,570.5784912109375,30725400,2024-10-16 13:30:00
1729171800,585.9099731445312,586.1199951171875,582.1599731445312,582.3499755859375,570.62744140625,34393700,2024-10-17 13:30:00
1729258200,584.0700073242188,585.3900146484375,582.5800170898438,584.5900268554688,572.8223876953125,37416800,2024-10-18 13:30:00
1729517400,583.8499755859375,584.8499755859375,580.5999755859375,583.6300048828125,571.8817138671875,36439000,2024-10-21 13:30:00
1729603800,581.0499877929688,584.5,580.3800048828125,583.3200073242188,571.5780029296875,34183800,2024-10-22 13:30:00
1729690200,581.260009765625,581.7100219726562,574.4199829101562,577.989990234375,566.3552856445312,49314600,2024-10-23 13:30:00
1729776600,579.97998046875,580.0599975585938,576.5700073242188,579.239990234375,567.5801391601562,34979900,2024-10-24 13:30:00
1729863000,581.510009765625,584.4600219726562,578.0800170898438,579.0399780273438,567.3840942382812,47268200,2024-10-25 13:30:00
1730122200,582.5800170898438,582.7100219726562,580.52001953125,580.8300170898438,569.13818359375,30174700,2024-10-28 13:30:00
1730208600,579.8499755859375,582.9099731445312,578.4299926757812,581.77001953125,570.0592651367188,42899700,2024-10-29 13:30:00
1730295000,581.2899780273438,583.3200073242188,579.2899780273438,580.010009765625,568.3346557617188,41435800,2024-10-30 13:30:00
1730381400,575.5599975585938,575.6300048828125,568.4400024414062,568.6400146484375,557.1934814453125,60182500,2024-10-31 13:30:00
1730467800,571.3200073242188,575.5499877929688,570.6199951171875,571.0399780273438,559.5451049804688,45667500,2024-11-01 13:30:00
1730730600,571.1799926757812,572.5,567.8900146484375,569.8099975585938,558.3399658203125,38217000,2024-11-04 14:30:00
1730817000,570.739990234375,576.739990234375,570.52001953125,576.7000122070312,565.09130859375,39478300,2024-11-05 14:30:00
1730903400,589.2000122070312,591.9299926757812,585.3900146484375,591.0399780273438,579.1426391601562,68182000,2024-11-06 14:30:00
1730989800,593.0800170898438,596.6500244140625,593.0,595.6099853515625,583.62060546875,47233200,2024-11-07 14:30:00
1731076200,596.1699829101562,599.6400146484375,596.1699829101562,598.1900024414062,586.1486206054688,46444900,2024-11-08 14:30:00
1731335400,599.8099975585938,600.1699829101562,597.0,598.760009765625,586.7071533203125,37586800,2024-11-11 14:30:00
1731421800,598.6799926757812,599.2899780273438,594.3699951171875,596.9000244140625,584.8847045898438,43006100,2024-11-12 14:30:00
1731508200,597.3699951171875,599.22998046875,594.9600219726562,597.1900024414062,585.1688232421875,47388600,2024-11-13 14:30:00
1731594600,597.3200073242188,597.8099975585938,592.6500244140625,593.3499755859375,581.4060668945312,38904100,2024-11-14 14:30:00
1731681000,589.719970703125,590.2000122070312,583.8599853515625,585.75,573.9591064453125,75988800,2024-11-15 14:30:00
1731940200,586.219970703125,589.489990234375,585.3400268554688,588.1500244140625,576.3107299804688,37001700,2024-11-18 14:30:00
1732026600,584.7100219726562,591.0399780273438,584.030029296875,590.2999877929688,578.4176025390625,49412000,2024-11-19 14:30:00
1732113000,590.3800048828125,590.7899780273438,584.6300048828125,590.5,578.6134643554688,50032600,2024-11-20 14:30:00
1732199400,593.4000244140625,595.1199951171875,587.4500122070312,593.6699829101562,581.7195434570312,46750300,2024-11-21 14:30:00
1732285800,593.6599731445312,596.1500244140625,593.1500244140625,595.510009765625,583.5225830078125,38226400,2024-11-22 14:30:00
1732545000,599.52001953125,600.8599853515625,595.2000122070312,597.530029296875,585.5020141601562,42441400,2024-11-25 14:30:00
1732631400,598.7999877929688,601.3300170898438,598.0700073242188,600.6500244140625,588.55908203125,45621300,2024-11-26 14:30:00
1732717800,600.4600219726562,600.8499755859375,597.280029296875,598.8300170898438,586.7758178710938,34000200,2024-11-27 14:30:00
1732890600,599.6599731445312,603.3499755859375,599.3800048828125,602.5499877929688,590.4208984375,30177400,2024-11-29 14:30:00
1733149800,602.969970703125,604.3200073242188,602.469970703125,603.6300048828125,591.4790649414062,31746000,2024-12-02 14:30:00
1733236200,603.3900146484375,604.1599731445312,602.3400268554688,603.9099731445312,591.7535400390625,26906600,2024-12-03 14:30:00
1733322600,605.6300048828125,607.9099731445312,604.9500122070312,607.6599731445312,595.4280395507812,42787600,2024-12-04 14:30:00
1733409000,607.6599731445312,608.47998046875,606.2999877929688,606.6599731445312,594.4481201171875,28762200,2024-12-05 14:30:00
1733495400,607.4400024414062,609.0700073242188,607.02001953125,607.8099975585938,595.5751342773438,31241500,2024-12-06 14:30:00
1733754600,607.6900024414062,607.8599853515625,604.0800170898438,604.6799926757812,592.508056640625,34742700,2024-12-09 14:30:00
1733841000,605.3699951171875,605.7999877929688,602.1300048828125,602.7999877929688,590.6658935546875,37234500,2024-12-10 14:30:00
1733927400,605.780029296875,608.4299926757812,605.5,607.4600219726562,595.2320556640625,28677700,2024-12-11 14:30:00
1734013800,606.5800170898438,607.1599731445312,604.3300170898438,604.3300170898438,592.1650390625,31543800,2024-12-12 14:30:00
1734100200,606.4000244140625,607.1300048828125,602.8099975585938,604.2100219726562,592.0474853515625,35904700,2024-12-13 14:30:00
1734359400,606.0,607.780029296875,605.2100219726562,606.7899780273438,594.5755615234375,43695200,2024-12-16 14:30:00
1734445800,604.1900024414062,605.1699829101562,602.8900146484375,604.2899780273438,592.1259155273438,55773500,2024-12-17 14:30:00
1734532200,603.97998046875,606.4099731445312,585.8900146484375,586.280029296875,574.478515625,108248700,2024-12-18 14:30:00
1734618600,591.3599853515625,593.0,585.8499755859375,586.0999755859375,574.302001953125,85919500,2024-12-19 14:30:00
1734705000,581.77001953125,595.75,580.9099731445312,591.1500244140625,581.199951171875,125716700,2024-12-20 14:30:00
1734964200,590.8900146484375,595.2999877929688,587.6599731445312,594.6900024414062,584.680419921875,57635800,2024-12-23 14:30:00
1735050600,596.0599975585938,601.3400268554688,595.469970703125,601.2999877929688,591.1791381835938,33160100,2024-12-24 14:30:00
1735223400,599.5,602.47998046875,598.0800170898438,601.3400268554688,591.218505859375,41219100,2024-12-26 14:30:00
1735309800,597.5399780273438,597.780029296875,590.760009765625,595.010009765625,584.9949951171875,64969300,2024-12-27 14:30:00
1735569000,587.8900146484375,591.739990234375,584.4099731445312,588.219970703125,578.3193359375,56578800,2024-12-30 14:30:00
1735655400,589.9099731445312,590.6400146484375,584.4199829101562,586.0800170898438,576.21533203125,57052700,2024-12-31 14:30:00
1735828200,589.3900146484375,591.1300048828125,580.5,584.6400146484375,574.7994995117188,50204000,2025-01-02 14:30:00
1735914600,587.530029296875,592.5999755859375,586.4299926757812,591.9500122070312,581.9864501953125,37888500,2025-01-03 14:30:00
1736173800,596.27001953125,599.7000122070312,593.5999755859375,595.3599853515625,585.3390502929688,47679400,2025-01-06 14:30:00
1736260200,597.4199829101562,597.75,586.780029296875,588.6300048828125,578.7223510742188,60393100,2025-01-07 14:30:00
1736346600,588.7000122070312,590.5800170898438,585.2000122070312,589.489990234375,579.56787109375,47304700,2025-01-08 14:30:00
1736519400,585.8800048828125,585.9500122070312,578.5499877929688,580.489990234375,570.7193603515625,73105000,2025-01-10 14:30:00
1736778600,575.77001953125,581.75,575.3499755859375,581.3900146484375,571.604248046875,47910100,2025-01-13 14:30:00
1736865000,584.3599853515625,585.0,578.3499755859375,582.1900024414062,572.3906860351562,48420600,2025-01-14 14:30:00
1736951400,590.3300170898438,593.9400024414062,589.2000122070312,592.780029296875,582.802490234375,56900200,2025-01-15 14:30:00
1737037800,594.1699829101562,594.3499755859375,590.9299926757812,591.6400146484375,581.6817016601562,43319700,2025-01-16 14:30:00
1737124200,596.9600219726562,599.3599853515625,595.6099853515625,597.5800170898438,587.5217895507812,58070600,2025-01-17 14:30:00
1737469800,600.6699829101562,603.0599975585938,598.6699829101562,603.0499877929688,592.8995971679688,42532900,2025-01-21 14:30:00
1737556200,605.9199829101562,607.8200073242188,605.3599853515625,606.4400024414062,596.2327270507812,48196000,2025-01-22 14:30:00
1737642600,605.7999877929688,609.75,605.52001953125,609.75,599.4869384765625,41152100,2025-01-23 14:30:00
1737729000,609.8099975585938,610.780029296875,606.7999877929688,607.969970703125,597.73681640625,34604700,2025-01-24 14:30:00
1737988200,594.8099975585938,599.6900024414062,594.6400146484375,599.3699951171875,589.2815551757812,70361100,2025-01-27 14:30:00
1738074600,600.6199951171875,605.3699951171875,597.25,604.52001953125,594.3449096679688,44433300,2025-01-28 14:30:00
1738161000,603.719970703125,604.1300048828125,599.219970703125,601.8099975585938,591.6805419921875,37177400,2025-01-29 14:30:00
1738247400,603.9600219726562,606.5999755859375,600.719970703125,605.0399780273438,594.8561401367188,39281300,2025-01-30 14:30:00
1738333800,607.5,609.9600219726562,601.0499877929688,601.8200073242188,591.6903686523438,66566900,2025-01-31 14:30:00
1738593000,592.6699829101562,600.2899780273438,590.489990234375,597.77001953125,587.7085571289062,65857200,2025-02-03 14:30:00
1738679400,597.8300170898438,602.2999877929688,597.280029296875,601.780029296875,591.6510620117188,33457800,2025-02-04 14:30:00
1738765800,600.6400146484375,604.3699951171875,598.5800170898438,604.219970703125,594.0499877929688,30653100,2025-02-05 14:30:00
1738852200,605.989990234375,606.4500122070312,602.6300048828125,606.3200073242188,596.1146240234375,35771500,2025-02-06 14:30:00
1738938600,606.8900146484375,608.1300048828125,600.0499877929688,600.77001953125,590.6580200195312,50788500,2025-02-07 14:30:00
1739197800,604.030029296875,605.5,602.739990234375,604.8499755859375,594.66943359375,26048700,2025-02-10 14:30:00
1739284200,602.5499877929688,605.8599853515625,602.4299926757812,605.3099975585938,595.1216430664062,30056700,2025-02-11 14:30:00
1739370600,599.2000122070312,604.5499877929688,598.510009765625,603.3599853515625,593.2044067382812,45076100,2025-02-12 14:30:00
1739457000,604.47998046875,609.9400024414062,603.2000122070312,609.72998046875,599.46728515625,40921300,2025-02-13 14:30:00
1739543400,609.9400024414062,610.989990234375,609.0700073242188,609.7000122070312,599.437744140625,26910400,2025-02-14 14:30:00
1739889000,610.8800048828125,611.489990234375,608.3800048828125,611.489990234375,601.1976318359375,26749000,2025-02-18 14:30:00
1739975400,610.0800170898438,613.22998046875,609.5599975585938,612.9299926757812,602.6134033203125,31011100,2025-02-19 14:30:00
1740061800,611.5399780273438,611.6799926757812,607.02001953125,610.3800048828125,600.1063232421875,36554000,2025-02-20 14:30:00
1740148200,610.1599731445312,610.2999877929688,599.469970703125,599.9400024414062,589.8419799804688,76519800,2025-02-21 14:30:00
1740407400,602.02001953125,603.030029296875,596.489990234375,597.2100219726562,587.157958984375,50737200,2025-02-24 14:30:00
1740493800,597.1500244140625,597.8900146484375,589.5599975585938,594.239990234375,584.2379760742188,58266500,2025-02-25 14:30:00
1740580200,595.9299926757812,599.5800170898438,591.8599853515625,594.5399780273438,584.5328979492188,43321600,2025-02-26 14:30:00
1740666600,596.8499755859375,598.02001953125,584.6500244140625,585.0499877929688,575.2025756835938,74196700,2025-02-27 14:30:00
1740753000,585.5599975585938,594.719970703125,582.4400024414062,594.1799926757812,584.1788940429688,88744100,2025-02-28 14:30:00
1741012200,596.1799926757812,597.3400268554688,579.9000244140625,583.77001953125,573.9441528320312,74249200,2025-03-03 14:30:00
1741098600,579.7100219726562,585.3900146484375,572.25,576.8599853515625,567.150390625,109648200,2025-03-04 14:30:00
1741185000,576.6900024414062,584.8800048828125,573.0800170898438,583.0599975585938,573.2461547851562,71230500,2025-03-05 14:30:00
1741271400,575.47998046875,580.1699829101562,570.1199951171875,572.7100219726562,563.0703125,80094900,2025-03-06 14:30:00
1741357800,570.9000244140625,577.3900146484375,565.6300048828125,575.9199829101562,566.2262573242188,81158800,2025-03-07 14:30:00
1741613400,567.5900268554688,569.5399780273438,555.5900268554688,560.5800170898438,551.14453125,99326600,2025-03-10 13:30:00
1741699800,559.4000244140625,564.02001953125,552.02001953125,555.9199829101562,546.5629272460938,88102100,2025-03-11 13:30:00
1741786200,562.1699829101562,563.1099853515625,553.6900024414062,558.8699951171875,549.4632568359375,69588200,2025-03-12 13:30:00
1741872600,558.489990234375,559.1099853515625,549.6799926757812,551.4199829101562,542.138671875,74079400,2025-03-13 13:30:00
1741959000,556.1099853515625,563.8300170898438,551.489990234375,562.8099975585938,553.3369750976562,62660300,2025-03-14 13:30:00
1742218200,562.7899780273438,569.7100219726562,562.3499755859375,567.1500244140625,557.6038818359375,49008700,2025-03-17 13:30:00
1742304600,564.7999877929688,565.02001953125,559.0599975585938,561.02001953125,551.5770263671875,66041400,2025-03-18 13:30:00
1742391000,562.8300170898438,570.9500122070312,561.6300048828125,567.1300048828125,557.584228515625,66556000,2025-03-19 13:30:00
1742477400,563.3300170898438,570.5700073242188,562.5999755859375,565.489990234375,555.9718627929688,62958200,2025-03-20 13:30:00
1742563800,559.280029296875,564.8900146484375,558.030029296875,563.97998046875,556.1552734375,83763000,2025-03-21 13:30:00
1742823000,570.7999877929688,575.1500244140625,570.2000122070312,574.0800170898438,566.1151733398438,58766800,2025-03-24 13:30:00
1742909400,575.2999877929688,576.4099731445312,573.6900024414062,575.4600219726562,567.4759521484375,38355700,2025-03-25 13:30:00
1742995800,575.1900024414062,576.3300170898438,567.1900024414062,568.5900268554688,560.7012939453125,51848300,2025-03-26 13:30:00
1743082200,567.1799926757812,570.9000244140625,564.9400024414062,567.0800170898438,559.2122192382812,42164200,2025-03-27 13:30:00
1743168600,565.530029296875,566.27001953125,555.0700073242188,555.6599731445312,547.95068359375,71662700,2025-03-28 13:30:00
1743427800,549.8300170898438,560.7100219726562,546.8699951171875,559.3900146484375,551.6289672851562,95328200,2025-03-31 13:30:00
1743514200,557.4500122070312,562.9400024414062,553.6799926757812,560.969970703125,553.18701171875,54609600,2025-04-01 13:30:00
1743600600,555.0499877929688,567.4199829101562,554.8099975585938,564.52001953125,556.6878051757812,76014500,2025-04-02 13:30:00
1743687000,545.1099853515625,547.969970703125,536.7000122070312,536.7000122070312,529.2537841796875,125986000,2025-04-03 13:30:00
1743773400,523.6699829101562,525.8699951171875,505.05999755859375,505.2799987792969,498.2696838378906,217965100,2025-04-04 13:30:00
1744032600,489.19000244140625,523.1699829101562,481.79998779296875,504.3800048828125,497.3822021484375,256611400,2025-04-07 13:30:00
1744119000,521.8599853515625,524.97998046875,489.1600036621094,496.4800109863281,489.591796875,165816600,2025-04-08 13:30:00
1744205400,493.44000244140625,548.6199951171875,493.04998779296875,548.6199951171875,541.0084228515625,241867300,2025-04-09 13:30:00
1744291800,532.1699829101562,533.5,509.32000732421875,524.5800170898438,517.3019409179688,162331200,2025-04-10 13:30:00
1744378200,523.010009765625,536.4299926757812,520.0700073242188,533.9400024414062,526.5321044921875,97866300,2025-04-11 13:30:00
1744637400,544.0499877929688,544.280029296875,533.8599853515625,539.1199951171875,531.64013671875,68034000,2025-04-14 13:30:00
1744723800,539.6699829101562,543.22998046875,536.8099975585938,537.6099853515625,530.1511840820312,56892900,2025-04-15 13:30:00
1744810200,531.6799926757812,537.8900146484375,520.2899780273438,525.6599731445312,518.3668823242188,83484800,2025-04-16 13:30:00
1744896600,527.6400146484375,531.1699829101562,523.9099731445312,526.4099731445312,519.1065063476562,79868100,2025-04-17 13:30:00
1745242200,521.1599731445312,521.7000122070312,508.4599914550781,513.8800048828125,506.7503356933594,69368100,2025-04-21 13:30:00
1745328600,520.1400146484375,529.2999877929688,519.1900024414062,527.25,519.9349365234375,75948100,2025-04-22 13:30:00
1745415000,540.4299926757812,545.4299926757812,533.8800048828125,535.4199829101562,527.9915161132812,90590700,2025-04-23 13:30:00
1745501400,536.719970703125,547.4299926757812,535.4500122070312,546.6900024414062,539.1051635742188,64150400,2025-04-24 13:30:00
1745587800,546.6500244140625,551.0499877929688,543.6900024414062,550.6400146484375,543.0003662109375,61119600,2025-04-25 13:30:00
1745847000,551.3900146484375,553.5499877929688,545.02001953125,550.8499755859375,543.2074584960938,47613800,2025-04-28 13:30:00
1745933400,548.9099731445312,555.4500122070312,548.5499877929688,554.3200073242188,546.6292114257812,47775100,2025-04-29 13:30:00
1746019800,547.5700073242188,556.52001953125,541.52001953125,554.5399780273438,546.8462524414062,93101500,2025-04-30 13:30:00
1746106200,560.3699951171875,564.0700073242188,557.8599853515625,558.469970703125,550.7217407226562,63186100,2025-05-01 13:30:00
1746192600,564.72998046875,568.3800048828125,562.3800048828125,566.760009765625,558.896728515625,60717300,2025-05-02 13:30:00
1746451800,562.5700073242188,566.6500244140625,561.7000122070312,563.510009765625,555.6917724609375,38659200,2025-05-05 13:30:00
1746538200,557.9299926757812,563.3499755859375,556.9600219726562,558.7999877929688,551.0471801757812,48264700,2025-05-06 13:30:00
1746624600,560.1500244140625,563.8200073242188,556.0399780273438,561.1500244140625,553.364501953125,55588000,2025-05-07 13:30:00
1746711000,565.239990234375,570.3099975585938,561.7000122070312,565.0599975585938,557.2202758789062,65130800,2025-05-08 13:30:00
1746797400,566.47998046875,567.5,562.760009765625,564.3400268554688,556.5103149414062,37603400,2025-05-09 13:30:00
1747056600,581.469970703125,583.0,577.0399780273438,582.989990234375,574.9014892578125,78993600,2025-05-12 13:30:00
1747143000,583.4099731445312,589.0800170898438,582.8400268554688,586.8400268554688,578.6981201171875,67947200,2025-05-13 13:30:00
1747229400,587.8099975585938,588.97998046875,585.5399780273438,587.5900268554688,579.4376220703125,66283500,2025-05-14 13:30:00
1747315800,585.5599975585938,590.969970703125,585.0999755859375,590.4600219726562,582.2678833007812,71268100,2025-05-15 13:30:00
1747402200,591.25,594.5,589.280029296875,594.2000122070312,585.9559936523438,76052100,2025-05-16 13:30:00
1747661400,588.0999755859375,595.5399780273438,588.0999755859375,594.8499755859375,586.5969848632812,68168500,2025-05-19 13:30:00
1747747800,593.0900268554688,594.0499877929688,589.5999755859375,592.8499755859375,584.6246948242188,60614500,2025-05-20 13:30:00
1747834200,588.4400024414062,592.5800170898438,581.8200073242188,582.8599853515625,574.7733154296875,95197700,2025-05-21 13:30:00
1747920600,582.6599731445312,586.6199951171875,581.4099731445312,583.0900268554688,575.0001831054688,70860400,2025-05-22 13:30:00
1748007000,575.97998046875,581.8099975585938,575.5999755859375,579.1099853515625,571.0753173828125,76029000,2025-05-23 13:30:00
1748352600,586.0700073242188,591.3099975585938,578.4299926757812,591.1500244140625,582.9483032226562,72588500,2025-05-27 13:30:00
1748439000,591.5599975585938,592.77001953125,586.989990234375,587.72998046875,579.5757446289062,68445500,2025-05-28 13:30:00
1748525400,593.0599975585938,593.2000122070312,586.0700073242188,590.0499877929688,581.863525390625,69973300,2025-05-29 13:30:00
1748611800,588.9299926757812,591.1300048828125,583.239990234375,589.3900146484375,581.2127685546875,90601200,2025-05-30 13:30:00
1748871000,587.760009765625,592.7899780273438,585.0599975585938,592.7100219726562,584.4866943359375,61630500,2025-06-02 13:30:00
1748957400,592.3400268554688,597.0800170898438,591.8499755859375,596.0900268554688,587.8197631835938,63606200,2025-06-03 13:30:00
1749043800,596.9600219726562,597.9500122070312,595.489990234375,595.9299926757812,587.6619873046875,57314200,2025-06-04 13:30:00
1749130200,597.6300048828125,599.0,591.0499877929688,593.0499877929688,584.8218994140625,92278700,2025-06-05 13:30:00
1749216600,598.6599731445312,600.8300170898438,596.8599853515625,599.1400146484375,590.8274536132812,66588700,2025-06-06 13:30:00
1749475800,599.719970703125,601.25,598.489990234375,599.6799926757812,591.3599243164062,53016400,2025-06-09 13:30:00
1749562200,600.219970703125,603.469970703125,599.0900268554688,603.0800170898438,594.7128295898438,66247000,2025-06-10 13:30:00
1749648600,604.1900024414062,605.0599975585938,599.27001953125,601.3599853515625,593.0166625976562,73658200,2025-06-11 13:30:00
1749735000,600.010009765625,603.75,599.52001953125,603.75,595.3734130859375,64129000,2025-06-12 13:30:00
1749821400,598.5,601.8499755859375,595.47998046875,597.0,588.7171630859375,89506000,2025-06-13 13:30:00
1750080600,600.4000244140625,604.4500122070312,600.219970703125,602.6799926757812,594.318359375,79984100,2025-06-16 13:30:00
1750167000,600.2100219726562,601.75,596.760009765625,597.530029296875,589.2398071289062,82209400,2025-06-17 13:30:00
1750253400,598.4400024414062,601.219970703125,596.469970703125,597.4400024414062,589.1510009765625,76605000,2025-06-18 13:30:00
1750426200,598.3800048828125,599.4600219726562,592.8599853515625,594.280029296875,587.7673950195312,94051400,2025-06-20 13:30:00
1750685400,595.0399780273438,600.5399780273438,591.8900146484375,600.1500244140625,593.5730590820312,87426000,2025-06-23 13:30:00
1750771800,604.3300170898438,607.8499755859375,603.4099731445312,606.780029296875,600.13037109375,67735300,2025-06-24 13:30:00
1750858200,607.9099731445312,608.6099853515625,605.5399780273438,607.1199951171875,600.4666748046875,62114800,2025-06-25 13:30:00
1750944600,608.989990234375,612.3099975585938,608.3699951171875,611.8699951171875,605.1646728515625,78548400,2025-06-26 13:30:00
1751031000,612.8800048828125,616.3900146484375,610.8300170898438,614.9099731445312,608.1713256835938,86258400,2025-06-27 13:30:00
1751290200,617.3800048828125,619.219970703125,615.0399780273438,617.8499755859375,611.0791015625,92502500,2025-06-30 13:30:00
1751376600,616.3599853515625,618.8300170898438,615.52001953125,617.6500244140625,610.8812866210938,70030100,2025-07-01 13:30:00
1751463000,617.239990234375,620.489990234375,616.6099853515625,620.4500122070312,613.6505737304688,66510400,2025-07-02 13:30:00
1751549400,622.4500122070312,626.280029296875,622.4299926757812,625.3400268554688,618.4869995117188,51065800,2025-07-03 13:30:00
1751895000,623.3599853515625,624.030029296875,617.8699951171875,620.6799926757812,613.8781127929688,74814500,2025-07-07 13:30:00
1751981400,621.3499755859375,622.1099853515625,619.52001953125,620.3400268554688,613.5418090820312,59024600,2025-07-08 13:30:00
1752067800,622.77001953125,624.719970703125,620.9099731445312,624.0599975585938,617.2210083007812,66113300,2025-07-09 13:30:00
1752154200,624.2000122070312,626.8699951171875,623.010009765625,625.8200073242188,618.9617309570312,57529000,2025-07-10 13:30:00
1752240600,622.739990234375,624.8599853515625,621.530029296875,623.6199951171875,616.7858276367188,63670200,2025-07-11 13:30:00
1752499800,623.1599731445312,625.1599731445312,621.7999877929688,624.8099975585938,617.9627075195312,51898500,2025-07-14 13:30:00
1752586200,627.52001953125,627.8599853515625,622.0599975585938,622.1400146484375,615.3220825195312,74317300,2025-07-15 13:30:00
1752672600,623.739990234375,624.72998046875,618.0499877929688,624.219970703125,617.3792114257812,88987500,2025-07-16 13:30:00
1752759000,624.4000244140625,628.4000244140625,624.1799926757812,628.0399780273438,621.1573486328125,68885700,2025-07-17 13:30:00
1752845400,629.2999877929688,629.469970703125,626.4600219726562,627.5800170898438,620.7024536132812,65621600,2025-07-18 13:30:00
1753104600,628.77001953125,631.5399780273438,628.3400268554688,628.77001953125,621.87939453125,63375000,2025-07-21 13:30:00
1753191000,629.0999755859375,629.72998046875,626.1900024414062,628.8599853515625,621.9683837890625,60046300,2025-07-22 13:30:00
1753277400,631.5499877929688,634.2100219726562,629.72998046875,634.2100219726562,627.2598266601562,70511000,2025-07-23 13:30:00
1753363800,634.5999755859375,636.1500244140625,633.989990234375,634.4199829101562,627.4674682617188,71307100,2025-07-24 13:30:00
1753450200,635.0900268554688,637.5800170898438,634.8400268554688,637.0999755859375,630.1180419921875,56865400,2025-07-25 13:30:00
1753709400,637.47998046875,638.0399780273438,635.5399780273438,636.9400024414062,629.9598388671875,54917100,2025-07-28 13:30:00
1753795800,638.3499755859375,638.6699829101562,634.3400268554688,635.260009765625,628.2982788085938,60556300,2025-07-29 13:30:00
1753882200,635.9199829101562,637.6799926757812,631.5399780273438,634.4600219726562,627.507080078125,80418900,2025-07-30 13:30:00
1753968600,639.4600219726562,639.8499755859375,630.77001953125,632.0800170898438,625.1531372070312,103385200,2025-07-31 13:30:00
1754055000,626.2999877929688,626.3400268554688,619.2899780273438,621.719970703125,614.9066162109375,140103600,2025-08-01 13:30:00
1754314200,625.6699829101562,631.219970703125,625.5800170898438,631.1699829101562,624.2530517578125,73218000,2025-08-04 13:30:00
1754400600,631.7899780273438,632.6099853515625,627.0399780273438,627.969970703125,621.088134765625,68051400,2025-08-05 13:30:00
1754487000,629.0499877929688,633.4400024414062,628.1300048828125,632.780029296875,625.845458984375,64357500,2025-08-06 13:30:00
1754573400,636.239990234375,636.97998046875,629.1099853515625,632.25,625.3212280273438,74205800,2025-08-07 13:30:00
1754659800,634.0599975585938,637.6500244140625,633.739990234375,637.1799926757812,630.197265625,64051600,2025-08-08 13:30:00
1754919000,637.4600219726562,638.9500122070312,634.6599731445312,635.9199829101562,628.9510498046875,58742300,2025-08-11 13:30:00
1755005400,638.2899780273438,642.8499755859375,636.7899780273438,642.6900024414062,635.6469116210938,64730800,2025-08-12 13:30:00
1755091800,644.9099731445312,646.1900024414062,642.6799926757812,644.8900146484375,637.82275390625,60092800,2025-08-13 13:30:00
1755178200,642.7899780273438,645.6199951171875,642.3400268554688,644.9500122070312,637.8821411132812,59327500,2025-08-14 13:30:00
1755264600,645.989990234375,646.0900268554688,642.52001953125,643.4400024414062,636.388671875,68592500,2025-08-15 13:30:00
1755523800,642.8599853515625,644.0,642.1799926757812,643.2999877929688,636.2501220703125,43804900,2025-08-18 13:30:00
1755610200,643.1199951171875,644.1099853515625,638.47998046875,639.8099975585938,632.7984008789062,69750700,2025-08-19 13:30:00
1755696600,639.4000244140625,639.6599731445312,632.9500122070312,638.1099853515625,631.1170043945312,88890300,2025-08-20 13:30:00
1755783000,636.280029296875,637.969970703125,633.8099975585938,635.5499877929688,628.5850830078125,54805800,2025-08-21 13:30:00
1755869400,637.760009765625,646.5,637.25,645.3099975585938,638.2381591796875,84083200,2025-08-22 13:30:00
1756128600,644.0399780273438,645.2899780273438,642.3499755859375,642.469970703125,635.42919921875,51274300,2025-08-25 13:30:00
1756215000,642.2000122070312,645.510009765625,641.5700073242188,645.1599731445312,638.0897827148438,51581600,2025-08-26 13:30:00
1756301400,644.5700073242188,647.3699951171875,644.4199829101562,646.6300048828125,639.5436401367188,48341100,2025-08-27 13:30:00
1756387800,647.239990234375,649.47998046875,645.3400268554688,648.9199829101562,641.8085327148438,61519500,2025-08-28 13:30:00
1756474200,647.469970703125,647.8400268554688,643.1400146484375,645.0499877929688,637.98095703125,74522200,2025-08-29 13:30:00
1756819800,637.5,640.489990234375,634.9199829101562,640.27001953125,633.2533569335938,81983500,2025-09-02 13:30:00
1756906200,642.6699829101562,644.2100219726562,640.4600219726562,643.739990234375,636.6853637695312,70820900,2025-09-03 13:30:00
1756992600,644.4199829101562,649.1500244140625,643.510009765625,649.1199951171875,642.00634765625,65219200,2025-09-04 13:30:00
1757079000,651.47998046875,652.2100219726562,643.3300170898438,647.239990234375,640.14697265625,85178900,2025-09-05 13:30:00
1757338200,648.6199951171875,649.8400268554688,647.22998046875,648.8300170898438,641.7195434570312,63133100,2025-09-08 13:30:00
1757424600,648.969970703125,650.8599853515625,647.219970703125,650.3300170898438,643.203125,66133900,2025-09-09 13:30:00
1757511000,653.6199951171875,654.5499877929688,650.6300048828125,652.2100219726562,645.0625610351562,78034500,2025-09-10 13:30:00
1757597400,654.1799926757812,658.3300170898438,653.5900268554688,657.6300048828125,650.4231567382812,69934400,2025-09-11 13:30:00
1757683800,657.5999755859375,659.1099853515625,656.9000244140625,657.4099731445312,650.2054443359375,72780100,2025-09-12 13:30:00
1757943000,659.6400146484375,661.0399780273438,659.3400268554688,660.9099731445312,653.6671142578125,63772400,2025-09-15 13:30:00
1758029400,661.469970703125,661.780029296875,659.2100219726562,660.0,652.76708984375,61169000,2025-09-16 13:30:00
1758115800,660.010009765625,661.719970703125,654.2999877929688,659.1799926757812,651.9561767578125,101952200,2025-09-17 13:30:00
1758202200,661.8900146484375,664.8900146484375,660.27001953125,662.260009765625,655.00244140625,90459200,2025-09-18 13:30:00
1758288600,662.3300170898438,664.5499877929688,660.3699951171875,663.7000122070312,658.2465209960938,97945600,2025-09-19 13:30:00
1758547800,662.2000122070312,667.2899780273438,662.1699829101562,666.8400268554688,661.3607788085938,69452200,2025-09-22 13:30:00
1758634200,666.719970703125,667.3400268554688,661.97998046875,663.2100219726562,657.7606201171875,81708900,2025-09-23 13:30:00
1758720600,664.510009765625,664.6099853515625,659.6699829101562,661.0999755859375,655.6678466796875,68082200,2025-09-24 13:30:00
1758807000,657.9400024414062,659.4099731445312,654.4099731445312,658.0499877929688,652.6429443359375,89622100,2025-09-25 13:30:00
1758893400,659.510009765625,662.3699951171875,657.8800048828125,661.8200073242188,656.3820190429688,69179200,2025-09-26 13:30:00
1759152600,664.3599853515625,665.280029296875,661.8599853515625,663.6799926757812,658.2266845703125,73499000,2025-09-29 13:30:00
1759239000,662.9299926757812,666.6500244140625,661.6099853515625,666.1799926757812,660.7061157226562,86288000,2025-09-30 13:30:00
1759325400,663.1699829101562,669.3699951171875,663.0599975585938,668.4500122070312,662.9574584960938,72545400,2025-10-01 13:30:00
1759411800,670.4500122070312,670.5700073242188,666.780029296875,669.219970703125,663.7210693359375,56896000,2025-10-02 13:30:00
1759498200,669.989990234375,672.6799926757812,668.1599731445312,669.2100219726562,663.7112426757812,70494400,2025-10-03 13:30:00
1759757400,671.6199951171875,672.510009765625,669.4600219726562,671.6099853515625,666.0914916992188,54623300,2025-10-06 13:30:00
1759843800,672.5399780273438,672.989990234375,667.6699829101562,669.1199951171875,663.6219482421875,72020100,2025-10-07 13:30:00
1759930200,670.25,673.2100219726562,669.4199829101562,673.1099853515625,667.5791625976562,60702200,2025-10-08 13:30:00
1760016600,673.530029296875,673.9400024414062,669.2100219726562,671.1599731445312,665.6452026367188,66501900,2025-10-09 13:30:00
1760103000,672.1300048828125,673.9500122070312,652.8400268554688,653.02001953125,647.6542358398438,159422600,2025-10-10 13:30:00
1760362200,660.6500244140625,665.1300048828125,659.77001953125,663.0399780273438,657.5919189453125,79560500,2025-10-13 13:30:00
1760448600,657.1699829101562,665.8300170898438,653.1699829101562,662.22998046875,656.78857421875,88779600,2025-10-14 13:30:00
1760535000,666.8200073242188,670.22998046875,658.9299926757812,665.1699829101562,659.7044067382812,81702600,2025-10-15 13:30:00
1760621400,666.8200073242188,668.7100219726562,657.1099853515625,660.6400146484375,655.2116088867188,110563300,2025-10-16 13:30:00
1760707800,659.5,665.760009765625,658.1400146484375,664.3900146484375,658.9308471679688,96500900,2025-10-17 13:30:00
1760967000,667.3200073242188,672.2100219726562,667.27001953125,671.2999877929688,665.7840576171875,60493400,2025-10-20 13:30:00
1761053400,671.4400024414062,672.989990234375,669.97998046875,671.2899780273438,665.7741088867188,56249000,2025-10-21 13:30:00
1761139800,672.0,672.0,663.2999877929688,667.7999877929688,662.3128051757812,80564000,2025-10-22 13:30:00
1761226200,668.1199951171875,672.7100219726562,667.7999877929688,671.760009765625,666.2402954101562,65604500,2025-10-23 13:30:00
1761312600,676.4600219726562,678.469970703125,675.6500244140625,677.25,671.6851806640625,74356500,2025-10-24 13:30:00
1761571800,682.72998046875,685.5399780273438,682.1199951171875,685.239990234375,679.6094970703125,63339800,2025-10-27 13:30:00
1761658200,687.0499877929688,688.9099731445312,684.8300170898438,687.0599975585938,681.41455078125,61738100,2025-10-28 13:30:00
1761744600,688.719970703125,689.7000122070312,682.8699951171875,687.3900146484375,681.7418823242188,85657100,2025-10-29 13:30:00
1761831000,683.9000244140625,685.9400024414062,679.8300170898438,679.8300170898438,674.2440185546875,76335800,2025-10-30 13:30:00
1761917400,685.0399780273438,685.0800170898438,679.239990234375,682.0599975585938,676.45556640625,87164100,2025-10-31 13:30:00
1762180200,685.6699829101562,685.7999877929688,679.9400024414062,683.3400268554688,677.7251586914062,57315000,2025-11-03 14:30:00
1762266600,676.1099853515625,679.9600219726562,674.5800170898438,675.239990234375,669.6917114257812,78427000,2025-11-04 14:30:00
1762353000,674.97998046875,680.8599853515625,674.1699829101562,677.5800170898438,672.012451171875,74402400,2025-11-05 14:30:00
1762439400,676.469970703125,677.3800048828125,668.719970703125,670.3099975585938,664.8021850585938,85035300,2025-11-06 14:30:00
1762525800,667.9099731445312,671.0800170898438,661.2100219726562,670.969970703125,665.4567260742188,100592400,2025-11-07 14:30:00
1762785000,677.239990234375,682.1799926757812,675.030029296875,681.4400024414062,675.8406982421875,75842900,2025-11-10 14:30:00
1762871400,679.9500122070312,683.5700073242188,678.72998046875,683.0,677.3878784179688,58953400,2025-11-11 14:30:00
1762957800,684.7899780273438,684.9600219726562,680.9500122070312,683.3800048828125,677.7648315429688,62312500,2025-11-12 14:30:00
1763044200,680.5,680.8599853515625,670.52001953125,672.0399780273438,666.5180053710938,103457800,2025-11-13 14:30:00
1763130600,665.3800048828125,675.6599731445312,663.27001953125,671.9299926757812,666.4088745117188,96846700,2025-11-14 14:30:00
1763389800,669.7000122070312,673.7100219726562,662.1699829101562,665.6699829101562,660.2003173828125,90456100,2025-11-17 14:30:00
1763476200,662.0999755859375,665.1199951171875,655.8599853515625,660.0800170898438,654.65625,114467500,2025-11-18 14:30:00
1763562600,660.780029296875,667.3400268554688,658.75,662.6300048828125,657.185302734375,94703000,2025-11-19 14:30:00
1763649000,672.9099731445312,675.5599975585938,651.8900146484375,652.530029296875,647.1683349609375,165293500,2025-11-20 14:30:00
1763735400,655.0499877929688,664.5499877929688,650.8499755859375,659.030029296875,653.6149291992188,123956200,2025-11-21 14:30:00
1763994600,662.6900024414062,670.0599975585938,661.5900268554688,668.72998046875,663.235107421875,80437900,2025-11-24 14:30:00
1764081000,668.6300048828125,676.2100219726562,664.47998046875,675.02001953125,669.4735107421875,81077100,2025-11-25 14:30:00
1764167400,677.6300048828125,681.7000122070312,676.719970703125,679.6799926757812,674.09521484375,71879600,2025-11-26 14:30:00
1764340200,680.8599853515625,683.6699829101562,680.5,683.3900146484375,677.7747192382812,49212000,2025-11-28 14:30:00
1764599400,678.8099975585938,682.989990234375,678.739990234375,680.27001953125,674.6802978515625,61201200,2025-12-01 14:30:00
1764685800,681.9199829101562,683.8200073242188,679.3300170898438,681.530029296875,675.9300537109375,62953800,2025-12-02 14:30:00
1764772200,680.5700073242188,684.9099731445312,679.6900024414062,683.8900146484375,678.2706298828125,57238500,2025-12-03 14:30:00
1764858600,685.2999877929688,685.3699951171875,681.3400268554688,684.3900146484375,678.7664794921875,61970300,2025-12-04 14:30:00
1764945000,685.469970703125,688.3900146484375,684.5800170898438,685.6900024414062,680.0557861328125,79241000,2025-12-05 14:30:00
1765204200,686.5900268554688,686.6400146484375,681.5700073242188,683.6300048828125,678.0127563476562,55231500,2025-12-08 14:30:00
1765290600,683.1500244140625,685.3900146484375,682.5900268554688,683.0399780273438,677.4275512695312,58310100,2025-12-09 14:30:00
1765377000,682.5599975585938,688.969970703125,681.3099975585938,687.5700073242188,681.92041015625,85671300,2025-12-10 14:30:00
1765463400,685.1400146484375,689.25,682.1699829101562,689.1699829101562,683.5072021484375,86173700,2025-12-11 14:30:00
1765549800,688.1699829101562,688.8800048828125,679.1699829101562,681.760009765625,676.1581420898438,113160300,2025-12-12 14:30:00
1765809000,685.739990234375,685.760009765625,679.25,680.72998046875,675.1365356445312,90811000,2025-12-15 14:30:00
1765895400,679.22998046875,681.0800170898438,674.97998046875,678.8699951171875,673.2918701171875,122030600,2025-12-16 14:30:00
1765981800,679.8900146484375,680.4400024414062,671.2000122070312,671.4000244140625,665.8832397460938,110625200,2025-12-17 14:30:00
1766068200,677.5999755859375,680.739990234375,674.9000244140625,676.469970703125,670.9114990234375,108650100,2025-12-18 14:30:00
1766154600,676.5900268554688,681.0900268554688,676.469970703125,680.5900268554688,676.9923095703125,103599500,2025-12-19 14:30:00
1766413800,683.9400024414062,685.3599853515625,680.5900268554688,684.8300170898438,681.2098999023438,69556700,2025-12-22 14:30:00
1766500200,683.9199829101562,688.2000122070312,683.8699951171875,687.9600219726562,684.3233032226562,64840000,2025-12-23 14:30:00
1766586600,687.9500122070312,690.8300170898438,687.7999877929688,690.3800048828125,686.7305297851562,39445600,2025-12-24 14:30:00
1766759400,690.6400146484375,691.6599731445312,689.27001953125,690.3099975585938,686.660888671875,41613300,2025-12-26 14:30:00
1767018600,687.5399780273438,689.2000122070312,686.0700073242188,687.8499755859375,684.2138671875,62559500,2025-12-29 14:30:00
1767105000,687.4500122070312,688.5599975585938,686.5800170898438,687.010009765625,683.3783569335938,47160700,2025-12-30 14:30:00
1767191400,687.1400146484375,687.3599853515625,681.7100219726562,681.9199829101562,678.3152465820312,74144800,2025-12-31 14:30:00
1767364200,685.7100219726562,686.8699951171875,679.8200073242188,683.1699829101562,679.55859375,89377200,2026-01-02 14:30:00
1767623400,686.5399780273438,689.4299926757812,686.3800048828125,687.719970703125,684.0845336914062,71927200,2026-01-05 14:30:00
1767709800,687.9299926757812,692.3200073242188,687.780029296875,691.8099975585938,688.1529541015625,69273800,2026-01-06 14:30:00
1767796200,692.1900024414062,693.9600219726562,689.3200073242188,689.5800170898438,685.9347534179688,75588300,2026-01-07 14:30:00
1767882600,688.8200073242188,690.6199951171875,687.489990234375,689.510009765625,685.8651123046875,64019200,2026-01-08 14:30:00
1767969000,690.6300048828125,695.3099975585938,689.1799926757812,694.0700073242188,690.4010009765625,80125500,2026-01-09 14:30:00
1768228200,690.6799926757812,696.0900268554688,690.6300048828125,695.1599731445312,691.4852294921875,63976000,2026-01-12 14:30:00
1768314600,695.489990234375,696.0900268554688,691.3499755859375,693.77001953125,690.1026000976562,78309700,2026-01-13 14:30:00
1768401000,691.0,691.719970703125,686.0399780273438,690.3599853515625,686.7106323242188,94676700,2026-01-14 14:30:00
1768487400,694.5700073242188,695.4500122070312,691.25,692.239990234375,688.5806884765625,77862000,2026-01-15 14:30:00
1768573800,693.6599731445312,694.25,690.0999755859375,691.6599731445312,688.0037231445312,79289200,2026-01-16 14:30:00
1768919400,681.489990234375,684.77001953125,676.5700073242188,677.5800170898438,673.9981689453125,111623300,2026-01-20 14:30:00
1769005800,679.6500244140625,688.739990234375,678.1300048828125,685.4000244140625,681.77685546875,127844500,2026-01-21 14:30:00
1769092200,689.8499755859375,691.1300048828125,686.9199829101562,688.97998046875,685.3379516601562,77112200,2026-01-22 14:30:00
1769178600,688.1500244140625,690.9600219726562,687.1599731445312,689.22998046875,685.5865478515625,63059600,2026-01-23 14:30:00
1769437800,690.489990234375,694.1300048828125,689.9199829101562,692.72998046875,689.0680541992188,60473800,2026-01-26 14:30:00
1769524200,694.1799926757812,696.530029296875,693.5700073242188,695.489990234375,691.8134765625,55506100,2026-01-27 14:30:00
1769610600,697.0499877929688,697.8400268554688,693.9400024414062,695.4199829101562,691.7438354492188,61172200,2026-01-28 14:30:00
1769697000,696.3900146484375,697.0599975585938,684.8300170898438,694.0399780273438,690.3711547851562,97486200,2026-01-29 14:30:00
1769783400,691.7899780273438,694.2100219726562,687.1199951171875,691.969970703125,688.3120727539062,101835100,2026-01-30 14:30:00
1770042600,689.5800170898438,696.9299926757812,689.4199829101562,695.4099731445312,691.7339477539062,79286500,2026-02-02 14:30:00
1770129000,696.2100219726562,696.9600219726562,684.030029296875,689.530029296875,685.885009765625,107904600,2026-02-03 14:30:00
1770215400,690.3499755859375,691.4500122070312,681.760009765625,686.1900024414062,682.5626831054688,105204600,2026-02-04 14:30:00
1770301800,680.9400024414062,683.6900024414062,675.7899780273438,677.6199951171875,674.0379638671875,113610800,2026-02-05 14:30:00
1770388200,681.4600219726562,692.3099975585938,680.8499755859375,690.6199951171875,686.96923828125,89127600,2026-02-06 14:30:00
1770647400,689.4199829101562,695.8699951171875,688.3400268554688,693.9500122070312,690.2816772460938,73885200,2026-02-09 14:30:00
1770733800,694.9500122070312,696.5399780273438,691.6599731445312,692.1199951171875,688.4613037109375,65185700,2026-02-10 14:30:00
1770820200,696.3900146484375,697.1400146484375,689.1799926757812,691.9600219726562,688.3021850585938,76353900,2026-02-11 14:30:00
1770906600,694.239990234375,695.3499755859375,680.3699951171875,681.27001953125,677.668701171875,118829000,2026-02-12 14:30:00
1770993000,681.6900024414062,686.280029296875,677.52001953125,681.75,678.1461181640625,96267500,2026-02-13 14:30:00
1771338600,680.1400146484375,684.9400024414062,675.780029296875,682.8499755859375,679.2402954101562,81354700,2026-02-17 14:30:00
1771425000,684.02001953125,689.1500244140625,682.8300170898438,686.2899780273438,682.662109375,73570300,2026-02-18 14:30:00
1771511400,683.8400268554688,686.1799926757812,681.5499877929688,684.47998046875,680.8616333007812,58649400,2026-02-19 14:30:00
1771597800,682.3200073242188,690.0599975585938,681.72998046875,689.4299926757812,685.7855834960938,100034000,2026-02-20 14:30:00
1771857000,687.8300170898438,690.0,680.3699951171875,682.3900146484375,678.7827758789062,90558100,2026-02-23 14:30:00
1771943400,681.9000244140625,688.3499755859375,680.0,687.3499755859375,683.7164916992188,73798700,2026-02-24 14:30:00
1772029800,690.1799926757812,693.6799926757812,690.0999755859375,693.1500244140625,689.4859008789062,56369500,2026-02-25 14:30:00
1772116200,693.280029296875,693.2999877929688,684.3499755859375,689.2999877929688,685.6561889648438,71671000,2026-02-26 14:30:00
1772202600,683.0900268554688,686.8599853515625,681.6400146484375,685.989990234375,682.3637084960938,83308900,2026-02-27 14:30:00
1772461800,678.7000122070312,688.6199951171875,678.02001953125,686.3800048828125,682.751708984375,87477200,2026-03-02 14:30:00
1772548200,675.0599975585938,682.6099853515625,669.6599731445312,680.3300170898438,676.7337036132812,105003100,2026-03-03 14:30:00
1772634600,681.6300048828125,687.0900268554688,679.6199951171875,685.1300048828125,681.5082397460938,79182200,2026-03-04 14:30:00
1772721000,682.0800170898438,685.530029296875,675.6099853515625,681.3099975585938,677.70849609375,106606500,2026-03-05 14:30:00
1772807400,673.4099731445312,676.1099853515625,669.760009765625,672.3800048828125,668.82568359375,100687000,2026-03-06 14:30:00
1773063000,666.3900146484375,679.9199829101562,662.3900146484375,678.27001953125,674.6845703125,102667700,2026-03-09 13:30:00
1773149400,677.719970703125,683.3599853515625,674.760009765625,677.1799926757812,673.6002807617188,81505300,2026-03-10 13:30:00
1773235800,677.5800170898438,680.0800170898438,673.3400268554688,676.3300170898438,672.7548217773438,68441700,2026-03-11 13:30:00
1773322200,671.1599731445312,671.6500244140625,665.8699951171875,666.0599975585938,662.5390625,108882200,2026-03-12 13:30:00
1773408600,669.27001953125,672.3400268554688,661.3599853515625,662.2899780273438,658.7890014648438,97200200,2026-03-13 13:30:00
1773667800,668.3800048828125,672.0700073242188,667.1199951171875,669.030029296875,665.493408203125,82023100,2026-03-16 13:30:00
1773754200,672.3900146484375,674.4400024414062,669.7000122070312,670.7899780273438,667.2440185546875,87128000,2026-03-17 13:30:00
1773840600,668.3599853515625,669.719970703125,661.1900024414062,661.4299926757812,657.9335327148438,82062600,2026-03-18 13:30:00
1773927000,656.969970703125,662.97998046875,655.1699829101562,659.7999877929688,656.3121948242188,111272500,2026-03-19 13:30:00
1774013400,656.510009765625,656.6900024414062,644.719970703125,648.5700073242188,646.9034423828125,163617500,2026-03-20 13:30:00
1774272600,658.0700073242188,662.6199951171875,653.9400024414062,655.3800048828125,653.6959228515625,134802700,2026-03-23 13:30:00
1774359000,651.3200073242188,657.030029296875,649.8800048828125,653.1799926757812,651.5015869140625,96457500,2026-03-24 13:30:00
1774445400,658.6699829101562,660.8900146484375,654.239990234375,656.8200073242188,655.1322021484375,90653800,2026-03-25 13:30:00
1774531800,652.0599975585938,654.8499755859375,644.8200073242188,645.0900268554688,643.432373046875,96494400,2026-03-26 13:30:00
1774618200,642.5,642.6599731445312,633.1099853515625,634.0900268554688,632.4606323242188,103649400,2026-03-27 13:30:00
1774877400,640.1099853515625,640.3699951171875,629.280029296875,631.969970703125,630.3460693359375,99275900,2026-03-30 13:30:00
1774963800,638.9400024414062,651.5399780273438,637.97998046875,650.3400268554688,648.6688842773438,152534100,2026-03-31 13:30:00
1775050200,653.9000244140625,658.52001953125,653.0,655.239990234375,653.5562744140625,97841500,2026-04-01 13:30:00
1775136600,646.4199829101562,658.2000122070312,645.1099853515625,655.8300170898438,654.144775390625,68358700,2026-04-02 13:30:00
1775482200,655.8599853515625,659.719970703125,655.52001953125,658.9299926757812,657.23681640625,39105800,2026-04-06 13:30:00
1775568600,656.6500244140625,659.6099853515625,651.0599975585938,659.219970703125,657.5260009765625,69980400,2026-04-07 13:30:00
1775655000,676.3900146484375,677.0800170898438,671.4600219726562,676.010009765625,674.27294921875,93606100,2026-04-08 13:30:00
1775741400,674.8400268554688,681.1599731445312,673.77001953125,679.9099731445312,678.162841796875,57134400,2026-04-09 13:30:00
1775827800,681.3200073242188,682.030029296875,678.4500122070312,679.4600219726562,677.7140502929688,42253500,2026-04-10 13:30:00
1776087000,677.4099731445312,686.2999877929688,676.5800170898438,686.0999755859375,684.3369750976562,54185800,2026-04-13 13:30:00
1776173400,687.6900024414062,694.5800170898438,687.6599731445312,694.4600219726562,692.675537109375,63480500,2026-04-14 13:30:00
1776259800,695.260009765625,700.280029296875,694.2000122070312,699.9400024414062,698.1414184570312,58240400,2026-04-15 13:30:00
1776346200,701.0599975585938,702.780029296875,698.530029296875,701.6599731445312,699.8569946289062,49972400,2026-04-16 13:30:00
1776432600,706.1400146484375,712.3900146484375,705.760009765625,710.1400146484375,708.3152465820312,70661900,2026-04-17 13:30:00
1776691800,708.780029296875,709.9099731445312,706.1400146484375,708.719970703125,706.8988037109375,43546800,2026-04-20 13:30:00
1776778200,710.280029296875,711.280029296875,702.6400146484375,704.0800170898438,702.2708129882812,58941400,2026-04-21 13:30:00
1776864600,709.1500244140625,711.4500122070312,708.219970703125,711.2100219726562,709.3825073242188,42518500,2026-04-22 13:30:00
1776951000,709.5,712.3599853515625,702.280029296875,708.4500122070312,706.6295776367188,56174000,2026-04-23 13:30:00
1777037400,710.75,714.469970703125,709.010009765625,713.9400024414062,712.10546875,45182000,2026-04-24 13:30:00
1777296600,713.1699829101562,715.6300048828125,712.2999877929688,715.1699829101562,713.332275390625,33135900,2026-04-27 13:30:00
1777383000,711.8200073242188,712.8800048828125,709.25,711.6900024414062,709.8612060546875,43117400,2026-04-28 13:30:00
1777469400,711.0,712.2000122070312,708.3699951171875,711.5800170898438,709.7515258789062,41859200,2026-04-29 13:30:00
1777555800,714.6300048828125,719.7899780273438,710.4500122070312,718.6599731445312,716.8132934570312,67240900,2026-04-30 13:30:00
1777642200,721.25,724.8699951171875,720.469970703125,720.6500244140625,718.7982177734375,43049800,2026-05-01 13:30:00
1777901400,720.0700073242188,722.1199951171875,714.989990234375,718.010009765625,716.1649780273438,51950600,2026-05-04 13:30:00
1777987800,721.77001953125,725.0399780273438,721.489990234375,723.77001953125,721.9102172851562,36933200,2026-05-05 13:30:00
1778074200,728.1599731445312,734.5900268554688,727.8200073242188,733.8300170898438,731.9443359375,53288900,2026-05-06 13:30:00
1778160600,735.0499877929688,736.1300048828125,729.75,731.5800170898438,729.7001342773438,51724600,2026-05-07 13:30:00
1778247000,734.9299926757812,738.0800170898438,734.5700073242188,737.6199951171875,735.724609375,47227100,2026-05-08 13:30:00
1778506200,736.4500122070312,740.7899780273438,736.4500122070312,739.2999877929688,737.4002685546875,44024000,2026-05-11 13:30:00
1778592600,736.8900146484375,738.8400268554688,731.8300170898438,738.1799926757812,736.2831420898438,54185300,2026-05-12 13:30:00
1778679000,738.469970703125,743.9099731445312,735.469970703125,742.3099975585938,740.4025268554688,44200200,2026-05-13 13:30:00
1778765400,743.6500244140625,749.530029296875,743.5599975585938,748.1699829101562,746.2474975585938,45307600,2026-05-14 13:30:00
1778851800,741.7899780273438,743.4600219726562,737.9600219726562,739.1699829101562,737.2706298828125,60410800,2026-05-15 13:30:00
1779111000,739.8300170898438,741.4199829101562,733.3900146484375,738.6500244140625,736.751953125,47843900,2026-05-18 13:30:00
1779197400,734.780029296875,737.6500244140625,731.530029296875,733.72998046875,731.8446044921875,54255900,2026-05-19 13:30:00
1779283800,735.7100219726562,741.8699951171875,733.8900146484375,741.25,739.3452758789062,45768000,2026-05-20 13:30:00
1779370200,738.6400146484375,744.8699951171875,737.030029296875,742.719970703125,740.8114624023438,43332200,2026-05-21 13:30:00
1779456600,746.239990234375,748.9400024414062,744.47998046875,745.6400146484375,743.7239990234375,41762000,2026-05-22 13:30:00
1779802200,750.010009765625,752.1300048828125,748.3699951171875,750.5900268554688,748.6613159179688,41123600,2026-05-26 13:30:00
1779888600,750.8800048828125,751.3800048828125,748.219970703125,750.4600219726562,748.5316162109375,42106300,2026-05-27 13:30:00
1779975000,750.25,755.1500244140625,749.22998046875,754.5999755859375,752.6609497070312,41562600,2026-05-28 13:30:00
1780061400,755.9000244140625,758.0800170898438,754.6900024414062,756.47998046875,754.5361328125,55075700,2026-05-29 13:30:00
1780320600,755.3599853515625,760.280029296875,754.6900024414062,758.5399780273438,756.5908203125,43634900,2026-06-01 13:30:00
1780407000,757.030029296875,760.4000244140625,756.75,759.5700073242188,757.6182250976562,31581900,2026-06-02 13:30:00
1780493400,758.1500244140625,758.7999877929688,753.5700073242188,754.239990234375,752.3018798828125,51402500,2026-06-03 13:30:00
1780579800,752.0999755859375,758.3099975585938,751.469970703125,757.0900268554688,755.1445922851562,49923000,2026-06-04 13:30:00
1780666200,752.3099975585938,752.8200073242188,735.530029296875,737.5499877929688,735.65478515625,93989400,2026-06-05 13:30:00
1780925400,743.3599853515625,745.3400268554688,738.1900024414062,739.219970703125,737.3204345703125,49319100,2026-06-08 13:30:00
1781011800,743.6300048828125,746.9000244140625,722.5900268554688,737.0499877929688,735.1560668945312,87683500,2026-06-09 13:30:00
1781098200,733.3900146484375,738.3800048828125,725.3300170898438,725.4299926757812,723.56591796875,60341300,2026-06-10 13:30:00
1781184600,728.760009765625,740.0,724.4099731445312,737.760009765625,735.8642578125,86330500,2026-06-11 13:30:00
1781271000,740.7100219726562,744.4400024414062,735.030029296875,741.75,739.843994140625,57079500,2026-06-12 13:30:00
1781530200,751.8499755859375,756.6799926757812,751.760009765625,754.8300170898438,752.890380859375,60176400,2026-06-15 13:30:00
1781616600,754.5499877929688,755.4400024414062,749.8800048828125,750.3300170898438,748.4019775390625,67093100,2026-06-16 13:30:00
1781703000,751.2899780273438,752.1500244140625,739.219970703125,740.9600219726562,739.0560302734375,85945200,2026-06-17 13:30:00
1781789400,747.760009765625,748.22998046875,743.8599853515625,746.739990234375,746.739990234375,80875700,2026-06-18 13:30:00
1782135000,747.7000122070312,750.1799926757812,743.1300048828125,744.3900146484375,744.3900146484375,46628100,2026-06-22 13:30:00
1782221400,733.8099975585938,739.6300048828125,732.2999877929688,733.5800170898438,733.5800170898438,66846800,2026-06-23 13:30:00
1782307800,735.1699829101562,739.9500122070312,730.8400268554688,733.239990234375,733.239990234375,57439500,2026-06-24 13:30:00
1782394200,738.9099731445312,739.3699951171875,729.5999755859375,734.2999877929688,734.2999877929688,53934400,2026-06-25 13:30:00
1782480600,728.9500122070312,736.530029296875,716.5800170898438,728.989990234375,728.989990234375,71034000,2026-06-26 13:30:00
1782739800,736.530029296875,741.5599975585938,732.0900268554688,741.0,741.0,58035200,2026-06-29 13:30:00
1782826200,741.2899780273438,748.02001953125,740.8900146484375,746.77001953125,746.77001953125,55626000,2026-06-30 13:30:00
1782912600,745.0,749.4400024414062,742.3800048828125,745.760009765625,745.760009765625,47100900,2026-07-01 13:30:00
1782999000,747.4000244140625,751.3099975585938,740.030029296875,744.780029296875,744.780029296875,57447800,2026-07-02 13:30:00
1783344600,748.739990234375,752.4099731445312,747.4099731445312,751.280029296875,751.280029296875,50673300,2026-07-06 13:30:00
1783431000,750.219970703125,750.9600219726562,745.2100219726562,747.7100219726562,747.7100219726562,43721500,2026-07-07 13:30:00
1783517400,743.1599731445312,746.1500244140625,739.510009765625,745.4000244140625,745.4000244140625,43767400,2026-07-08 13:30:00
1783603800,747.3499755859375,751.969970703125,745.5900268554688,751.7100219726562,751.7100219726562,41441700,2026-07-09 13:30:00
1783690200,752.0499877929688,755.4199829101562,748.0999755859375,754.9500122070312,754.9500122070312,42191300,2026-07-10 13:30:00
1783949400,752.469970703125,753.9099731445312,748.0,749.1699829101562,749.1699829101562,44013600,2026-07-13 13:30:00
1784035800,750.9099731445312,753.3400268554688,748.6599731445312,751.8300170898438,751.8300170898438,35143100,2026-07-14 13:30:00
1784122200,754.239990234375,755.5800170898438,750.2000122070312,754.8099975585938,754.8099975585938,43844800,2026-07-15 13:30:00
1784208600,752.760009765625,754.5700073242188,747.8800048828125,750.719970703125,750.719970703125,46409800,2026-07-16 13:30:00
1784295000,742.0800170898438,747.2899780273438,740.7999877929688,743.2899780273438,743.2899780273438,62651000,2026-07-17 13:30:00
1784554200,747.0599975585938,748.72998046875,741.510009765625,742.0900268554688,742.0900268554688,50422300,2026-07-20 13:30:00
1784640600,746.2899780273438,749.0399780273438,744.1799926757812,748.280029296875,748.280029296875,34324300,2026-07-21 13:30:00
1784727000,746.6199951171875,750.02001953125,746.3699951171875,747.4099731445312,747.4099731445312,32836200,2026-07-22 13:30:00
1784813400,739.3699951171875,742.5599975585938,735.2100219726562,738.1799926757812,738.1799926757812,55437300,2026-07-23 13:30:00
1784899800,738.510009765625,743.719970703125,737.2899780273438,738.9299926757812,738.9299926757812,44782000,2026-07-24 13:30:00
1785159000,744.9099731445312,745.530029296875,735.8699951171875,739.0900268554688,739.0900268554688,41461200,2026-07-27 13:30:00
1785245400,739.1900024414062,742.7899780273438,735.97998046875,740.8599853515625,740.8599853515625,47322200,2026-07-28 13:30:00
1785331800,739.969970703125,742.6799926757812,729.0999755859375,729.4600219726562,729.4600219726562,70697200,2026-07-29 13:30:00
1785418200,736.0499877929688,742.4500122070312,734.5900268554688,741.6900024414062,741.6900024414062,66811300,2026-07-30 13:30:00
1785504600,744.6799926757812,748.9000244140625,737.6799926757812,747.030029296875,747.030029296875,62445900,2026-07-31 13:30:00
1785763800,749.4400024414062,758.5800170898438,748.7999877929688,757.6699829101562,757.6699829101562,59927500,2026-08-03 13:30:00
1785850200,760.6300048828125,773.4099731445312,760.52001953125,771.3300170898438,771.3300170898438,69154800,2026-08-04 13:30:00
1785936600,775.8499755859375,776.8499755859375,769.510009765625,769.7899780273438,769.7899780273438,44689100,2026-08-05 13:30:00
1786023000,770.2100219726562,771.8200073242188,767.4600219726562,768.5599975585938,768.5599975585938,38416900,2026-08-06 13:30:00
1786109400,771.02001953125,773.9199829101562,769.6099853515625,773.260009765625,773.260009765625,43586300,2026-08-07 13:30:00
1786368600,772.5999755859375,775.0499877929688,771.6199951171875,773.030029296875,773.030029296875,39249500,2026-08-10 13:30:00
1786455000,774.530029296875,774.6099853515625,769.2000122070312,770.5599975585938,770.5599975585938,36740600,2026-08-11 13:30:00
1786541400,774.7100219726562,774.9000244140625,771.280029296875,772.489990234375,772.489990234375,33179100,2026-08-12 13:30:00
1786627800,774.8699951171875,779.3699951171875,774.1099853515625,777.8800048828125,777.8800048828125,35634500,2026-08-13 13:30:00
1786714200,778.5399780273438,778.7999877929688,775.4299926757812,776.3400268554688,776.3400268554688,31367900,2026-08-14 13:30:00
1786973400,776.1799926757812,776.780029296875,772.510009765625,772.6699829101562,772.6699829101562,34356600,2026-08-17 13:30:00
1787059800,768.7000122070312,769.5,766.9199829101562,767.4500122070312,767.4500122070312,43920900,2026-08-18 13:30:00
1787146200,770.3599853515625,772.469970703125,768.0999755859375,769.0599975585938,769.0599975585938,40306000,2026-08-19 13:30:00
1787232600,765.9600219726562,768.1500244140625,762.0399780273438,762.5999755859375,762.5999755859375,45520300,2026-08-20 13:30:00
1787319000,766.0499877929688,767.8499755859375,764.1699829101562,765.719970703125,765.719970703125,39188700,2026-08-21 13:30:00
1787578200,764.780029296875,765.219970703125,762.0800170898438,763.469970703125,763.469970703125,32430900,2026-08-24 13:30:00
1787664600,766.1599731445312,766.780029296875,763.0499877929688,765.9099731445312,765.9099731445312,27422300,2026-08-25 13:30:00
1787751000,764.72998046875,767.3499755859375,763.9299926757812,766.0800170898438,766.0800170898438,28751600,2026-08-26 13:30:00
1787837400,768.5,772.3599853515625,767.1599731445312,771.0999755859375,771.0999755859375,34557100,2026-08-27 13:30:00
1787923800,771.760009765625,775.2999877929688,768.3099975585938,769.3499755859375,769.3499755859375,36744300,2026-08-28 13:30:00
1788183000,767.3300170898438,768.0,764.719970703125,767.0499877929688,767.0499877929688,38810800,2026-08-31 13:30:00
1788269400,762.010009765625,764.6699829101562,759.47998046875,761.780029296875,761.780029296875,41126300,2026-09-01 13:30:00
1788355800,762.4500122070312,766.4299926757812,761.72998046875,765.1599731445312,765.1599731445312,29566200,2026-09-02 13:30:00
1788442200,767.9000244140625,774.030029296875,767.4500122070312,773.1699829101562,773.1699829101562,43531600,2026-09-03 13:30:00
1788528600,772.010009765625,772.8699951171875,769.0,770.1900024414062,770.1900024414062,34054200,2026-09-04 13:30:00
1788874200,769.0700073242188,769.7000122070312,765.1400146484375,765.9600219726562,765.9600219726562,44746100,2026-09-08 13:30:00
1788960600,764.0800170898438,764.469970703125,760.9400024414062,762.4000244140625,762.4000244140625,32812400,2026-09-09 13:30:00
1789047000,758.030029296875,760.1099853515625,756.6400146484375,757.8300170898438,757.8300170898438,42740400,2026-09-10 13:30:00
1789133400,764.719970703125,766.3800048828125,763.5999755859375,764.2899780273438,764.2899780273438,45512700,2026-09-11 13:30:00
1789392600,759.0,763.52001953125,757.9299926757812,760.8800048828125,760.8800048828125,43992400,2026-09-14 13:30:00
1789479000,760.1199951171875,760.3499755859375,756.1500244140625,757.3900146484375,757.3900146484375,46195000,2026-09-15 13:30:00
1789565400,759.5,761.6500244140625,749.5999755859375,751.655029296875,751.655029296875,39553888,2026-09-16 13:30:00
